Title,Summary,Predicted Bias,Stance
Elizabeth Cheney blasted by older sister over gay-marriage stance,"Mary Cheney, one of ex-Vice President Dick Cheney’s two daughters, has taken to Facebook to blast her older sibling, Elizabeth, for her stance on same-sex marriage. Mary Cheney, openly lesbian and married to Heather Poe since 2012, reportedly posted to her personal page on the social media site: “For the record, I love my sister, but she is dead wrong on the issue of marriage”",right,left
Elizabeth Cheney blasted by older sister over gay-marriage stance,"Mary Cheney, one of ex-Vice President Dick Cheney’s two daughters, has taken to Facebook to blast her older sibling, Elizabeth, for her stance on same-sex marriage. Mary Cheney, openly lesbian and married to Heather Poe since 2012, reportedly posted to her personal page on the social media site: “For the record, I love my sister, but she is dead wrong on the issue of marriage”",right,left
Elizabeth Cheney blasted by older sister over gay-marriage stance,"Mary Cheney, one of ex-Vice President Dick Cheney’s two daughters, has taken to Facebook to blast her older sibling, Elizabeth, for her stance on same-sex marriage. Mary Cheney, openly lesbian and married to Heather Poe since 2012, reportedly posted to her personal page: “For the record, I love my sister, but she is dead wrong on the issue of marriage.”",right,left
Elizabeth Cheney blasted by older sister over gay-marriage stance,"Mary Cheney, one of ex-Vice President Dick Cheney's two daughters, has taken to Facebook to blast her older sibling, Elizabeth, for the latter's stance on same-sex marriage. Mary Cheney, openly lesbian and married to Heather Poe since 2012, reportedly posted to her personal page on the social media site: “For the record, I love my sister, but she is dead wrong on the issue of marriage”",right,right
Elizabeth Cheney blasted by older sister over gay-marriage stance,"Mary Cheney, one of ex-Vice President Dick Cheney’s two daughters, has taken to Facebook to blast her older sibling, Elizabeth, for her stance on same-sex marriage. Mary Cheney, openly lesbian and married to Heather Poe since 2012, reportedly posted to her personal page on the social media site: “For the record, I love my sister, but she is dead wrong on the issue of marriage”",right,right
Elizabeth Cheney blasted by older sister over gay-marriage stance,"Mary Cheney, one of ex-Vice President Dick Cheney’s two daughters, has taken to Facebook to blast her older sibling, Elizabeth. Mary Cheney, openly lesbian and married to Heather Poe since 2012, reportedly posted to her personal page on the social media site: “For the record, I love my sister, but she is dead wrong on the issue of marriage.”",right,right
Elizabeth Cheney blasted by older sister over gay-marriage stance,"Mary Cheney, one of ex-Vice President Dick Cheney’s two daughters, has taken to Facebook to blast her older sibling, Elizabeth, for her stance on same-sex marriage. Mary Cheney, openly lesbian and married to Heather Poe since 2012, reportedly posted to her personal page on the social media site: “For the record, I love my sister, but she is dead wrong on the issue of marriage.”",right,center
Elizabeth Cheney blasted by older sister over gay-marriage stance,"Mary Cheney, one of ex-Vice President Dick Cheney’s two daughters, has taken to Facebook to blast her older sibling, Elizabeth, for her stance on same-sex marriage. Mary Cheney, openly lesbian and married to Heather Poe since 2012, reportedly posted to her personal page on the social media site: “For the record, I love my sister, but she is dead wrong on the issue of marriage”",right,center
Elizabeth Cheney blasted by older sister over gay-marriage stance,"Mary Cheney, one of ex-Vice President Dick Cheney’s two daughters, has taken to Facebook to blast her older sibling, Elizabeth. Mary Cheney, openly lesbian and married to Heather Poe since 2012, reportedly posted to her personal page on the social media site: “For the record, I love my sister, but she is dead wrong on the issue of marriage.”",right,center
Mary Cheney: Sister Is 'Dead Wrong' On Gay Marriage,"Mary Cheney, daughter of former Vice President Dick Cheney, criticizes her sister's stance on same-sex marriage in Facebook post. ""I am strongly pro-life and I am not pro-gay marriage,"" she said.",right,left
Mary Cheney: Sister Is 'Dead Wrong' On Gay Marriage,"Mary Cheney, daughter of former Vice President Dick Cheney, criticizes her sister's stance on same-sex marriage. ""I am strongly pro-life and I am not pro-gay marriage,"" she said.",right,left
Mary Cheney: Sister Is 'Dead Wrong' On Gay Marriage,"Mary Cheney, daughter of former Vice President Dick Cheney, criticizes her sister's stance on same-sex marriage in Facebook post. ""I am strongly pro-life and I am not pro-gay marriage,"" she says.",right,left
Mary Cheney: Sister Is 'Dead Wrong' On Gay Marriage,"Mary Cheney, daughter of former Vice President Dick Cheney, criticizes her sister's stance on same-sex marriage. ""I am strongly pro-life and I am not pro-gay marriage,"" she said.",right,right
Mary Cheney: Sister Is 'Dead Wrong' On Gay Marriage,"Mary Cheney, daughter of former Vice President Dick Cheney, criticizes her sister's stance on same-sex marriage. ""I am strongly pro-life and I am not pro-gay marriage,"" she said in a statement.",right,right
Mary Cheney: Sister Is 'Dead Wrong' On Gay Marriage,"Mary Cheney, daughter of former Vice President Dick Cheney, criticizes her sister's stance on same-sex marriage. ""I am strongly pro-life and I am not pro-gay marriage,"" she says.",right,right
Mary Cheney: Sister Is 'Dead Wrong' On Gay Marriage,"Mary Cheney, sister of U.S. Senate candidate Liz Cheney, criticized her sister's opposition to same-sex marriage. Mary Cheney is openly gay and married her partner, Heather Poe, in Washington, DC last year.",left,center
Mary Cheney: Sister Is 'Dead Wrong' On Gay Marriage,"Mary Cheney, sister of U.S. Senate candidate Liz Cheney, criticizes her sister's stance on same-sex marriage. ""I am strongly pro-life and I am not pro-gay marriage,"" she said.",right,center
Mary Cheney: Sister Is 'Dead Wrong' On Gay Marriage,"Mary Cheney, sister of U.S. Senate candidate Liz Cheney, criticizes her sister's stance on same-sex marriage. ""I am strongly pro-life and I am not pro-gay marriage,"" she says.",right,center
"IRS official who refused to testify facing more scrutiny over scandal, past","Lois Lerner is under the protection of her lawyers and the Fifth Amendment. Members of Congress are calling her evasive, and question why she didn't reveal the program sooner. Her history at the Federal Elections Commission is coming under scrutiny.",center,left
"IRS official who refused to testify facing more scrutiny over scandal, past",Lois Lerner is under the protection of her lawyers and the Fifth Amendment. Members of Congress are calling her evasive and question why she didn't reveal the program sooner. Her history at the Federal Elections Commission is also coming under scrutiny.,center,left
"IRS official who refused to testify facing more scrutiny over scandal, past",Lois Lerner is under the protection of her lawyers and the Fifth Amendment. Members of Congress are calling her evasive and question why she didn't reveal the program sooner. Her history at the Federal Elections Commission is coming under scrutiny.,center,left
"IRS official who refused to testify facing more scrutiny over scandal, past","Lois Lerner is under the protection of her lawyers and the Fifth Amendment. Members of Congress are calling her evasive, and question why she didn't reveal the program sooner. Her history at the Federal Elections Commission is coming under scrutiny.",center,right
"IRS official who refused to testify facing more scrutiny over scandal, past","Lois Lerner is under the protection of her lawyers and the Fifth Amendment. Members of Congress are calling her evasive, and question why she didn't reveal the program sooner. Her history at the Federal Elections Commission is also under scrutiny.",center,right
"IRS official who refused to testify facing more scrutiny over scandal, past",Lois Lerner is under the protection of her lawyers and the Fifth Amendment. Members of Congress are calling her evasive. Her history at the Federal Elections Commission is also coming under scrutiny.,center,right
"IRS official who refused to testify facing more scrutiny over scandal, past",Lois Lerner is under the protection of her lawyers and the Fifth Amendment. Lerner touched off the public controversy when she apologized for the IRS' practice of targeting conservative organizations for additional scrutiny.,right,center
"IRS official who refused to testify facing more scrutiny over scandal, past",Lois Lerner is under the protection of her lawyers and the Fifth Amendment. She touched off the public controversy when she apologized for the IRS' practice of targeting conservative organizations for additional scrutiny.,right,center
"IRS official who refused to testify facing more scrutiny over scandal, past",Lois Lerner is under the protection of her lawyers and the Fifth Amendment. She touched off the public controversy when she apologized for the IRS' practice of targeting conservative organizations.,right,center
White House Plays Down Data Program,"The Obama administration is trying to marshal new evidence in defense of its collection of private Internet and telephone data. Obama administration officials have held 13 classified hearings and briefings for members of Congress since 2009. Congress has been briefed 13 times on the programs since 2009, the administration says.",center,left
White House Plays Down Data Program,The Obama administration is trying to marshal new evidence in defense of its collection of private Internet and telephone data. Obama administration officials have held 13 classified hearings and briefings for members of Congress since 2009.,center,left
White House Plays Down Data Program,The Obama administration is trying to marshal new evidence in defense of its collection of private Internet and telephone data. The director of national intelligence conceded for the first time that the Prism program existed.,center,left
White House Plays Down Data Program,The Obama administration tried Saturday to marshal new evidence in defense of its collection of private Internet and telephone data. The director of national intelligence conceded for the first time that the Prism program existed. Congress has been briefed 13 times on the programs since 2009.,center,right
White House Plays Down Data Program,"The Obama administration tried Saturday to marshal new evidence in defense of its collection of private Internet and telephone data. The director of national intelligence conceded for the first time that the Prism program existed. He insisted it was ""not an undisclosed collection or data mining program""",left,right
White House Plays Down Data Program,The Obama administration tried Saturday to marshal new evidence in defense of its collection of private Internet and telephone data. The director of national intelligence conceded for the first time that the Prism program existed.,center,right
White House Plays Down Data Program,"The Obama administration is trying to marshal new evidence in defense of its collection of private Internet and telephone data. The director of national intelligence conceded for the first time that the Prism program existed. But he insisted it was ""not an undisclosed collection or data mining program""",right,center
White House Plays Down Data Program,The Obama administration is trying to marshal new evidence in defense of its collection of private Internet and telephone data. Obama administration officials have held 13 classified hearings and briefings for members of Congress since 2009.,center,center
White House Plays Down Data Program,The Obama administration is trying to marshal new evidence in defense of its collection of private Internet and telephone data. The director of national intelligence conceded for the first time that the Prism program existed.,center,center
N.R.A. Details Plan for Armed School Guards,"The National Rifle Association task force released a 225-page report on Tuesday. The report called for armed police officers, security guards or staff members in every American school. It also urged states to loosen gun restrictions to allow trained teachers and administrators to carry weapons.",center,left
N.R.A. Details Plan for Armed School Guards,The National Rifle Association task force released a 225-page report on Tuesday. The report urged states to loosen gun restrictions to allow trained teachers and administrators to carry weapons. The recommendations drew immediate criticism from gun control advocates and many Democrats.,center,left
N.R.A. Details Plan for Armed School Guards,"The National Rifle Association task force released a 225-page report on Tuesday. The report called for armed police officers, security guards or staff members in every American school. The recommendations drew immediate criticism from gun control advocates and many Democrats.",center,left
N.R.A. Details Plan for Armed School Guards,"The National Rifle Association released a 225-page report on Tuesday. The report called for armed police officers, security guards or staff members in every American school. The recommendations drew immediate criticism from gun control advocates and many Democrats.",center,right
N.R.A. Details Plan for Armed School Guards,"The National Rifle Association released a 225-page report on Tuesday. The report called for armed police officers, security guards or staff members in every American school. It also urged states to loosen gun restrictions to allow trained teachers and administrators.",center,right
N.R.A. Details Plan for Armed School Guards,"The National Rifle Association released a 225-page report on Tuesday. The report called for armed police officers, security guards or staff members in every American school. The recommendations drew immediate criticism from gun control advocates.",center,right
N.R.A. Details Plan for Armed School Guards,"National Rifle Association task force calls for armed police officers, security guards or staff members in every American school. Report urges states to loosen gun restrictions to allow trained teachers and administrators to carry weapons. Recommendations drew immediate criticism from gun control advocates and many Democrats.",center,center
N.R.A. Details Plan for Armed School Guards,"National Rifle Association task force calls for armed police officers, security guards or staff members in every American school. Report urges states to loosen gun restrictions to allow trained teachers and administrators to carry weapons.",center,center
N.R.A. Details Plan for Armed School Guards,"National Rifle Association task force calls for armed police officers, security guards or staff members in every American school. Report also urges states to loosen gun restrictions to allow trained teachers and administrators to carry weapons.",center,center
NRA urges states to allow more armed officers in schools,NRA calls for state legislatures to allow more school personnel to carry weapons on school grounds. Former Arkansas Rep. Asa Hutchinson led the NRA's review in the wake of the Newtown mass shooting. He appeared to ease off slightly on the call for armed officers in every school.,center,left
NRA urges states to allow more armed officers in schools,"NRA calls for state legislatures to allow more school personnel to carry weapons on school grounds. Former Arkansas Rep. Asa Hutchinson, who led the review, appeared to ease off slightly on the call for armed officers in every school.",right,left
NRA urges states to allow more armed officers in schools,NRA urges states to allow more armed officers in schools. NRA CEO Wayne LaPierre in December called for armed officers to be installed in every school in the country.,center,left
NRA urges states to allow more armed officers in schools,NRA calls for state legislatures to allow more school personnel to carry weapons on school grounds. Former Arkansas Rep. Asa Hutchinson led the NRA's review in the wake of the Newtown mass shooting. He appeared to ease off slightly on the call for armed officers in every school.,center,right
NRA urges states to allow more armed officers in schools,"NRA calls for state legislatures to allow more school personnel to carry weapons on school grounds. Former Arkansas Rep. Asa Hutchinson led the NRA's review. He said it's ""important"" for every school to have at least one armed officer.",center,right
NRA urges states to allow more armed officers in schools,NRA calls for state legislatures to allow more school personnel to carry weapons on school grounds. Former Arkansas Rep. Asa Hutchinson led the NRA's review. He appeared to ease off slightly on the call for armed officers in every school.,center,right
NRA urges states to allow more armed officers in schools,NRA calls for state legislatures to allow more school personnel to carry weapons on school grounds. NRA CEO Wayne LaPierre in December called for armed officers to be installed in every school in the country. The review comes as Congress and a number of state legislatures pursue gun control legislation.,center,center
NRA urges states to allow more armed officers in schools,NRA calls for state legislatures to allow more school personnel to carry weapons on school grounds. NRA CEO Wayne LaPierre in December called for armed officers to be installed in every school in the country. Former Arkansas Rep. Asa Hutchinson led the NRA's review.,center,center
NRA urges states to allow more armed officers in schools,NRA calls for state legislatures to allow more school personnel to carry weapons on school grounds. NRA CEO Wayne LaPierre in December called for armed officers to be installed in every school in the country.,center,center
Mo Cowan Senate: Deval Patrick Names Former Chief Of Staff To Replace John Kerry,"William ""Mo"" Cowan will hold the seat in an interim capacity until an election in June. Cowan, 43, is a former chief of staff and former legal counsel to Patrick. Patrick has consistently said that the pick to succeed Kerry should not run in the general election.",left,left
Mo Cowan Senate: Deval Patrick Names Former Chief Of Staff To Replace John Kerry,"William ""Mo"" Cowan will hold the seat in an interim capacity until an election in June. Cowan, 43, is a former chief of staff and former legal counsel to Patrick. Patrick has consistently said the pick to succeed Kerry should not run in the general election.",left,left
Mo Cowan Senate: Deval Patrick Names Former Chief Of Staff To Replace John Kerry,"William ""Mo"" Cowan will hold the seat in an interim capacity until an election in June. Cowan, 43, is a former chief of staff and former legal counsel to Patrick. He will become the second black senator from Massachusetts, after Edward Brooke.",left,left
Mo Cowan Senate: Deval Patrick Names Former Chief Of Staff To Replace John Kerry,"William ""Mo"" Cowan will hold the seat in an interim capacity until an election in June. Cowan, 43, is a former chief of staff and former legal counsel to Gov. Deval Patrick. Patrick has consistently said that the pick to succeed Kerry should not run in the general election slated for June 25.",left,right
Mo Cowan Senate: Deval Patrick Names Former Chief Of Staff To Replace John Kerry,"William ""Mo"" Cowan will hold the seat in an interim capacity until an election in June. Cowan, 43, is a former chief of staff and former legal counsel to Gov. Deval Patrick. Patrick has consistently said that the pick to succeed Kerry should not run in the general election slated for June 25.",left,right
Mo Cowan Senate: Deval Patrick Names Former Chief Of Staff To Replace John Kerry,"William ""Mo"" Cowan will hold the seat in an interim capacity until an election in June. Cowan, 43, is a former chief of staff and former legal counsel to Gov. Deval Patrick. Patrick has consistently said that the pick to succeed Kerry should not run in the general election.",left,right
Mo Cowan Senate: Deval Patrick Names Former Chief Of Staff To Replace John Kerry,"William ""Mo"" Cowan will hold the seat in an interim capacity until an election in June. Cowan, 43, is a former chief of staff and former legal counsel to Gov. Deval Patrick. Patrick has consistently said that the pick to succeed Kerry should not run in the general election.",left,center
Mo Cowan Senate: Deval Patrick Names Former Chief Of Staff To Replace John Kerry,"William ""Mo"" Cowan will hold the seat in an interim capacity until an election in June. Cowan, 43, is a former chief of staff and former legal counsel to Gov. Deval Patrick. The late Sen. Ted Kennedy requested that the interim pick not run in the general election.",center,center
Mo Cowan Senate: Deval Patrick Names Former Chief Of Staff To Replace John Kerry,"William ""Mo"" Cowan will hold the seat in an interim capacity until an election in June. Cowan, 43, is a former chief of staff and former legal counsel to Gov. Deval Patrick. He will become the second black senator from Massachusetts, after Edward Brooke.",left,center
William Cowan Named Interim Senator in Massachusetts,"William Cowan, 43, will become Massachusetts’ first black senator since Edward Brooke, a Republican, held the seat from 1966 to 1978. Cowan said he would not seek the permanent office or use the appointment as a springboard later.",center,left
William Cowan Named Interim Senator in Massachusetts,"William Cowan, 43, will become Massachusetts’ first black senator since Edward Brooke, a Republican, held the seat from 1966 to 1978. Cowan says he will not seek the permanent office or use the appointment as a springboard later.",center,left
William Cowan Named Interim Senator in Massachusetts,"William Cowan, 43, will become Massachusetts’ first black senator since Edward Brooke, a Republican, held the seat from 1966 to 1978. Cowan says he will not seek the permanent office or use the appointment as a springboard.",center,left
William Cowan Named Interim Senator in Massachusetts,"William Cowan, 43, will become Massachusetts’ first black senator since Edward Brooke, a Republican, held the seat from 1966 to 1978. Cowan says he will not seek the permanent office or use the appointment as a springboard later. “This is going to be a very short political career,” he vowed.",center,right
William Cowan Named Interim Senator in Massachusetts,"William Cowan, 43, will become Massachusetts’ first black senator since Edward Brooke, a Republican, held the seat from 1966 to 1978. Cowan says he will not seek the permanent office or use the appointment as a springboard later. “This is going to be a very short political career,’ he vowed.",center,right
William Cowan Named Interim Senator in Massachusetts,"William Cowan, 43, will become Massachusetts’ first black senator since Edward Brooke, a Republican, held the seat from 1966 to 1978. Cowan says he will not seek the permanent office or use the appointment as a springboard later. ‘This is going to be a very short political career,’ he vowed.",center,right
William Cowan Named Interim Senator in Massachusetts,"William Cowan, 43, will become Massachusetts’ first black senator since Edward Brooke, a Republican, held the seat from 1966 to 1978. Cowan is a longtime friend and former aide to Gov. Deval Patrick, the state’s first black governor. He is a former partner in the politically connected law firm of Mintz Levin.",center,center
William Cowan Named Interim Senator in Massachusetts,"William Cowan, 43, will become Massachusetts’ first black senator since Edward Brooke, a Republican, held the seat from 1966 to 1978. Cowan is a longtime friend and former aide to Gov. Deval Patrick, the state’s first black governor.",center,center
William Cowan Named Interim Senator in Massachusetts,"William Cowan, 43, will become Massachusetts’ first black senator since Edward Brooke, a Republican, held the seat from 1966 to 1978. Cowan is a longtime friend and former aide to Gov. Deval Patrick.",center,center
Gay Marriages Get Recognition From the I.R.S.,All same-sex couples who are legally married will be recognized as such for federal tax purposes. It is the broadest federal rule change to come out of the landmark Supreme Court decision in June. But the decision could have ramifications for many gay couples’ tax liabilities.,center,left
Gay Marriages Get Recognition From the I.R.S.,All same-sex couples who are legally married will be recognized as such for federal tax purposes. It is the broadest federal rule change to come out of the landmark Supreme Court decision in June. But the ruling creates complications for gay couples who live in 37 states that do not recognize their marriages.,center,left
Gay Marriages Get Recognition From the I.R.S.,All same-sex couples who are legally married will be recognized as such for federal tax purposes. It is the broadest federal rule change to come out of the landmark Supreme Court decision in June. But the decision could have ramifications for many gay couples' tax liabilities.,center,left
Gay Marriages Get Recognition From the I.R.S.,All same-sex couples who are legally married will be recognized as such for federal tax purposes. It is the broadest federal rule change to come out of the landmark Supreme Court decision in June. But the decision could have ramifications for many gay couples’ tax liabilities.,center,right
Gay Marriages Get Recognition From the I.R.S.,All same-sex couples who are legally married will be recognized as such for federal tax purposes. It is the broadest federal rule change to come out of the landmark Supreme Court decision in June. But the decision could have ramifications for many gay couples' tax liabilities.,center,right
Gay Marriages Get Recognition From the I.R.S.,All same-sex couples who are legally married will be recognized as such for federal tax purposes. It is the broadest federal rule change to come out of the landmark Supreme Court decision in June. The ruling applies to legal marriages made in the United States or foreign countries.,center,right
Gay Marriages Get Recognition From the I.R.S.,All same-sex couples who are legally married will be recognized as such for federal tax purposes. It is the broadest federal rule change to come out of the landmark Supreme Court decision in June. But the ruling creates complications for gay couples who live in any of the 37 states that do not recognize their marriages.,center,center
Gay Marriages Get Recognition From the I.R.S.,All same-sex couples who are legally married will be recognized as such for federal tax purposes. It is the broadest federal rule change to come out of the landmark Supreme Court decision in June. The ruling applies to legal marriages made in the United States or foreign countries. But it does not extend to civil unions or domestic partnerships.,center,center
Gay Marriages Get Recognition From the I.R.S.,All same-sex couples who are legally married will be recognized as such for federal tax purposes. It is the broadest federal rule change to come out of the landmark Supreme Court decision in June. The ruling applies to legal marriages made in the United States or foreign countries.,center,center
Same-Sex Married Couples To Get Federal Tax Recognition Regardless Of State,"U.S. Department of the Treasury will recognize same-sex marriages. Same-sex married couples in states that don't recognize their marriages will be treated equally. The policy only applies to married couples, and not those in domestic partnerships.",center,left
Same-Sex Married Couples To Get Federal Tax Recognition Regardless Of State,"U.S. Department of the Treasury will recognize same-sex marriages. Same-sex married couples in states that don't recognize their marriages will be treated equally. The policy only applies to married couples, not those in domestic partnerships.",center,left
Same-Sex Married Couples To Get Federal Tax Recognition Regardless Of State,U.S. Department of the Treasury will recognize same-sex marriages. Same-sex married couples in states that don't recognize their marriages will be treated equally. The policy only applies to married couples.,center,left
Same-Sex Married Couples To Get Federal Tax Recognition Regardless Of State,"The U.S. Treasury will recognize same-sex marriages even if they live in a state that doesn't. The move follows the Supreme Court's ruling to overturn the Defense of Marriage Act. The policy only applies to married couples, and not those in domestic partnerships.",center,right
Same-Sex Married Couples To Get Federal Tax Recognition Regardless Of State,"The U.S. Treasury will recognize same-sex marriages even if they don't live in the same state. The move follows the Supreme Court's ruling to overturn the Defense of Marriage Act. The policy only applies to married couples, and not those in domestic partnerships.",center,right
Same-Sex Married Couples To Get Federal Tax Recognition Regardless Of State,The U.S. Treasury will recognize same-sex marriages even if they live in a state that doesn't. The move follows the Supreme Court's ruling to overturn the Defense of Marriage Act.,center,right
Same-Sex Married Couples To Get Federal Tax Recognition Regardless Of State,"The U.S. Treasury will recognize same-sex marriages even if they live in a state that doesn't recognize them. The move follows the Supreme Court's decision to overturn the Defense of Marriage Act. The policy only applies to married couples, and not those in domestic partnerships.",center,center
Same-Sex Married Couples To Get Federal Tax Recognition Regardless Of State,"The U.S. Treasury will recognize same-sex marriages even if they live in a state that doesn't recognize them. The move follows the Supreme Court's ruling to overturn the Defense of Marriage Act. The policy only applies to married couples, and not those in domestic partnerships.",center,center
Same-Sex Married Couples To Get Federal Tax Recognition Regardless Of State,The U.S. Treasury will recognize same-sex marriages even if they live in a state that doesn't recognize them. The move follows the Supreme Court's decision to overturn the Defense of Marriage Act.,center,center
"Obama urges new restrictions on assault weapons, magazines as part of gun control plan","Obama calls for tougher assault weapons ban, 10-round limit on magazines. He also calls for criminal background checks for nearly all gun sales. The plan is already earning a mixed response from lawmakers. Gun-rights groups say the effort is misguided.",right,left
"Obama urges new restrictions on assault weapons, magazines as part of gun control plan","Obama calls for tougher assault weapons ban, 10-round limit on magazines. He also calls for criminal background checks for nearly all gun sales. The plan is already earning a mixed response from lawmakers.",center,left
"Obama urges new restrictions on assault weapons, magazines as part of gun control plan","Obama calls for tougher assault weapons ban, 10-round limit on magazines. He also calls for criminal background checks for nearly all gun sales. The plan includes 23 steps he took without congressional action.",center,left
"Obama urges new restrictions on assault weapons, magazines as part of gun control plan","Obama calls for tougher assault weapons ban, 10-round limit on magazines. President also calls for criminal background checks for nearly all gun sales. Plan is already earning a mixed response from lawmakers. House Speaker John Boehner declines to weigh in on the president's proposals.",right,right
"Obama urges new restrictions on assault weapons, magazines as part of gun control plan","Obama calls for tougher assault weapons ban, 10-round limit on magazines. President also calls for criminal background checks for nearly all gun sales. President signs nearly two-dozen executive actions without congressional action. House Speaker John Boehner declines to weigh in on the proposals.",center,right
"Obama urges new restrictions on assault weapons, magazines as part of gun control plan","Obama calls for tougher assault weapons ban, 10-round limit on magazines. President also calls for criminal background checks for nearly all gun sales. Plan is already earning a mixed response from lawmakers. House Speaker John Boehner declines to weigh in on the proposals.",right,right
"Obama urges new restrictions on assault weapons, magazines as part of gun control plan","Obama calls for tougher assault weapons ban, 10-round limit on magazines. President also wants criminal background checks for nearly all gun sales. President signs nearly two-dozen executive actions. Gun-rights groups say effort to impose more gun control measures is misguided.",center,center
"Obama urges new restrictions on assault weapons, magazines as part of gun control plan","Obama calls for tougher assault weapons ban, 10-round limit on magazines. President also wants criminal background checks for nearly all gun sales. President signs nearly two-dozen executive actions without congressional action. House Speaker John Boehner declines to weigh in on the proposals.",center,center
"Obama urges new restrictions on assault weapons, magazines as part of gun control plan","Obama calls for tougher assault weapons ban, 10-round limit on magazines. President also wants criminal background checks for nearly all gun sales. President signs nearly two-dozen executive actions without congressional action.",center,center
"Obama Gun Control Proposals Unveiled, Marking Biggest Legislative Effort In A Generation","Obama proposes reinstating assault weapons ban, eliminating armor-piercing bullets. Obama also calls on Congress to allocate resources to help schools. Proposals come at end of month-long review process spearheaded by Biden. NRA has already signaled it will try to block the administration's effort.",center,left
"Obama Gun Control Proposals Unveiled, Marking Biggest Legislative Effort In A Generation","Obama proposes reinstating assault weapons ban, eliminating armor-piercing bullets. Obama also calls on Congress to allocate resources to help schools. Proposals come after month-long review process spearheaded by Vice President Biden.",center,left
"Obama Gun Control Proposals Unveiled, Marking Biggest Legislative Effort In A Generation","Obama proposes reinstating assault weapons ban, eliminating armor-piercing bullets. Obama also calls on Congress to allocate resources to help schools. Proposals come at end of month-long review process spearheaded by VP Biden.",right,left
"Obama Gun Control Proposals Unveiled, Marking Biggest Legislative Effort In A Generation",President Barack Obama unveils sweeping gun control proposals. The proposal would reinstate the assault weapons ban. It would also reinstate a 10-round limit on ammunition magazines. The package would also provide mental health services in schools.,center,right
"Obama Gun Control Proposals Unveiled, Marking Biggest Legislative Effort In A Generation",President Barack Obama unveils sweeping gun control proposals. The proposal would reinstate the assault weapons ban. It would also reinstate a 10-round limit on ammunition magazines. It also would provide mental health services in schools.,center,right
"Obama Gun Control Proposals Unveiled, Marking Biggest Legislative Effort In A Generation",President Barack Obama unveils sweeping gun control proposals. The proposal is broken down into four key subsections. The NRA has already signaled that it will try to block the administration's effort.,center,right
"Obama Gun Control Proposals Unveiled, Marking Biggest Legislative Effort In A Generation","President Barack Obama unveils most sweeping effort at gun control policy reform in a generation. Obama recommends reinstating assault weapons ban, restoring 10-round limit on ammunition magazines. President also proposes providing mental health services in schools, allocating funds to hire more police officers. The cost of the package, senior officials estimated, would be roughly $500 million.",center,center
"Obama Gun Control Proposals Unveiled, Marking Biggest Legislative Effort In A Generation","President Barack Obama unveils most sweeping effort at gun control policy reform in a generation. Obama recommends reinstating assault weapons ban, restoring a 10-round limit on ammunition magazines. Plan also calls for providing mental health services in schools, allocating funds to hire more police officers. NRA has already signaled that it will try to block the administration's effort.",center,center
"Obama Gun Control Proposals Unveiled, Marking Biggest Legislative Effort In A Generation","President Barack Obama unveils most sweeping effort at gun control policy reform in a generation. Obama recommends reinstating assault weapons ban, restoring a 10-round limit on ammunition magazines. Plan also calls for providing mental health services in schools, allocating funds to hire more police officers.",center,center
Jackson Jr. Pleads Guilty,"Former Rep. Jesse Jackson Jr. pleads guilty to conspiracy. Wife, Sandra Jackson, is expected to plead guilty to filing false tax returns. He was accused of spending $750,000 in campaign funds on personal items for himself and his wife.",center,left
Jackson Jr. Pleads Guilty,"Former Rep. Jesse Jackson Jr. pleads guilty to conspiracy. Wife, Sandra Jackson, is expected to plead guilty to filing false tax returns. He was accused of spending $750,000 in campaign funds on personal items.",center,left
Jackson Jr. Pleads Guilty,"Former Rep. Jesse Jackson Jr. pleads guilty to conspiracy. Wife, Sandra Jackson, is expected to plead guilty to filing false tax returns. He was accused of spending $750,000 in campaign funds on personal items for himself.",center,left
Jackson Jr. Pleads Guilty,"Former Rep. Jesse Jackson Jr. pleads guilty to conspiracy. Wife, Sandra Jackson, is expected to plead guilty to filing false tax returns. Jackson was accused of spending $750,000 in campaign funds on personal items.",center,right
Jackson Jr. Pleads Guilty,"Former Rep. Jesse Jackson Jr. pleads guilty to conspiracy. Wife, Sandra Jackson, is expected to plead guilty to filing false tax returns. Jackson says he was clearheaded and had not been under treatment for alcohol or drug abuse.",right,right
Jackson Jr. Pleads Guilty,"Former Rep. Jesse Jackson Jr. pleads guilty to conspiracy. Wife, Sandra Jackson, is expected to plead guilty to filing false tax returns. Jackson was accused of spending $750,000 in campaign funds on personal items for himself.",center,right
Jackson Jr. Pleads Guilty,"Former Rep. Jesse Jackson Jr. pleads guilty to conspiracy. Wife, Sandra Jackson, expected to plead guilty to filing false tax returns. Jackson said he was clearheaded and had not been under treatment for alcohol or drug abuse.",center,center
Jackson Jr. Pleads Guilty,"Former Rep. Jesse Jackson Jr. pleads guilty to conspiracy. Wife, Sandra Jackson, expected to plead guilty to filing false tax returns. Ex-congressman accused of spending $750,000 in campaign funds on personal items.",center,center
Jackson Jr. Pleads Guilty,"Former Rep. Jesse Jackson Jr. pleads guilty to conspiracy. Wife, Sandra Jackson, expected to plead guilty to filing false tax returns. Ex-Rep. Jackson resigned from Congress last year amid a federal investigation.",right,center
E-Mails Show Jostling Over Benghazi ‘Talking Points’,"The 100 pages of e-mails showed a disagreement between David H. Petraeus, then the director of the C.I.A., and his deputy, Michael J. Morell. The White House released the e-mail to reporters after Republicans seized on snippets of the correspondence.",left,left
E-Mails Show Jostling Over Benghazi ‘Talking Points’,"The 100 pages of e-mails showed a disagreement between David H. Petraeus, then the director of the C.I.A., and his deputy, Michael J. Morell. The White House released the emails after Republicans seized on snippets of the correspondence.",left,left
E-Mails Show Jostling Over Benghazi ‘Talking Points’,"The 100 pages of e-mails showed a disagreement between David H. Petraeus, then the director of the C.I.A., and his deputy, Michael J. Morell.",left,left
E-Mails Show Jostling Over Benghazi ‘Talking Points’,"E-mails released by the White House reveal a fierce internal jostling over the government’s official talking points in the aftermath of the attack in Benghazi. The 100 pages of e-mails showed a disagreement between David H. Petraeus, then the director of the C.I.A., and his deputy, Michael J. Morell.",left,right
E-Mails Show Jostling Over Benghazi ‘Talking Points’,"E-mails released by the White House reveal a fierce internal jostling over the government’s official talking points in the aftermath of the attack in Benghazi, Libya. The 100 pages of e-mails showed a disagreement between David H. Petraeus, then the director of the C.I.A., and his deputy.",center,right
E-Mails Show Jostling Over Benghazi ‘Talking Points’,"E-mails released by the White House reveal a fierce internal jostling over the government’s official talking points in the aftermath of the attack in Benghazi. The 100 pages of e-mails showed a disagreement between David H. Petraeus, then the director of the C.I.A., and his deputy.",left,right
E-Mails Show Jostling Over Benghazi ‘Talking Points’,"100 pages of e-mails show a disagreement between David H. Petraeus and his deputy, Michael J. Morell. The talking points were used by Susan E. Rice, the ambassador to the United Nations, in television appearances.",left,center
E-Mails Show Jostling Over Benghazi ‘Talking Points’,"100 pages of e-mails show a disagreement between David H. Petraeus and his deputy, Michael J. Morell. The talking points were used by Susan E. Rice, the ambassador to the United Nations.",left,center
E-Mails Show Jostling Over Benghazi ‘Talking Points’,"100 pages of e-mails show a disagreement between David H. Petraeus and his deputy, Michael J. Morell. The talking points were used by Susan E. Rice, the ambassador to the U.N.",center,center
Clinton Benghazi Hearings Show Classified Report Could Not Determine Causes Of Attacks,"Clinton cites classified version of review by State Department Accountability Review Board. Review found that it was impossible to say what exactly motivated the attackers, Clinton says. The question of what motivated the Benghazi attacks has often been viewed as a duality.",right,left
Clinton Benghazi Hearings Show Classified Report Could Not Determine Causes Of Attacks,"Clinton cites classified version of review by State Department Accountability Review Board. Review found that it was impossible to say what exactly motivated the attackers, Clinton says. The question of what motivated the Benghazi attacks has been viewed as a duality.",right,left
Clinton Benghazi Hearings Show Classified Report Could Not Determine Causes Of Attacks,"Clinton cites classified version of review by State Department Accountability Review Board. Review found that it was impossible to say what exactly motivated the attackers, Clinton says. The question of what motivated the Benghazi attacks has often been viewed as duality.",right,left
Clinton Benghazi Hearings Show Classified Report Could Not Determine Causes Of Attacks,"Clinton: ""Key questions surrounding the identity, actions and motivations of the perpetrators remain to be determined"" Clinton cites classified version of review by State Department Accountability Review Board. The question of what motivated the Benghazi attacks has been viewed as a duality.",left,right
Clinton Benghazi Hearings Show Classified Report Could Not Determine Causes Of Attacks,"Clinton: ""Key questions surrounding the identity, actions and motivations of the perpetrators remain to be determined"" Clinton cites classified version of review by a State Department Accountability Review Board. The review found that it was impossible to say what exactly motivated the attackers.",left,right
Clinton Benghazi Hearings Show Classified Report Could Not Determine Causes Of Attacks,"Clinton: ""Key questions surrounding the identity, actions and motivations of the perpetrators remain to be determined"" Clinton cites classified version of review by State Department Accountability Review Board. The review found it was impossible to say what exactly motivated the attackers.",left,right
Clinton Benghazi Hearings Show Classified Report Could Not Determine Causes Of Attacks,"Clinton cites classified version of review by State Department Accountability Review Board. ""Key questions surrounding the identity, actions and motivations of the perpetrators remain to be determined,"" she says. Attackers' motivation is the subject of an ongoing FBI investigation.",right,center
Clinton Benghazi Hearings Show Classified Report Could Not Determine Causes Of Attacks,"Clinton cites classified version of review by State Department Accountability Review Board. ""Key questions surrounding the identity, actions and motivations of the perpetrators remain to be determined,"" she says. Attackers' motivation is subject of an ongoing FBI investigation.",right,center
Clinton Benghazi Hearings Show Classified Report Could Not Determine Causes Of Attacks,"Clinton cites classified version of review by State Department Accountability Review Board. ""Key questions surrounding the identity, actions and motivations of the perpetrators remain to be determined,"" she says.",right,center
"Facing Congress, Clinton Defends Her Actions Before and After Libya Attack","Hillary Clinton says she is determined to leave the State Department and our country safer, stronger and more secure. Mrs. Clinton jousted with Republican lawmakers over who deserved blame for the security problems at the compound.",right,left
"Facing Congress, Clinton Defends Her Actions Before and After Libya Attack","Hillary Clinton says she is determined to leave the State Department and our country safer, stronger and more secure. Mrs. Clinton jousted with Republican lawmakers over who deserved blame for security problems at the compound.",right,left
"Facing Congress, Clinton Defends Her Actions Before and After Libya Attack","Hillary Clinton says she is determined to leave the State Department and our country safer, stronger and more secure. Mrs. Clinton jousted with Republican lawmakers over who deserved blame for the security problems.",right,left
"Facing Congress, Clinton Defends Her Actions Before and After Libya Attack",Hillary Rodham Clinton faces questions about her handling of the Benghazi attack. The attack on the U.S. diplomatic compound in Libya killed four Americans. Mrs. Clinton's appearance before Congress had been postponed since December because of illness.,right,right
"Facing Congress, Clinton Defends Her Actions Before and After Libya Attack",Hillary Rodham Clinton faces questions about her handling of the Benghazi attack. The attack on the U.S. diplomatic compound in Libya killed four Americans. Mrs. Clinton says she accepted responsibility for security lapses but not the blame.,right,right
"Facing Congress, Clinton Defends Her Actions Before and After Libya Attack",Hillary Rodham Clinton faces questions about her handling of the Benghazi attack. The attack on the U.S. diplomatic compound in Libya killed four Americans. Mrs. Clinton says she accepts responsibility for security lapses but not the blame.,right,right
"Facing Congress, Clinton Defends Her Actions Before and After Libya Attack","Hillary Clinton testifies before Senate and House committees. She says she accepts responsibility for security lapses in Benghazi, Libya. But she says security requests pertaining to Benghazi were handled by security professionals.",right,center
"Facing Congress, Clinton Defends Her Actions Before and After Libya Attack","Hillary Clinton testifies before Senate and House committees. She says she accepts responsibility for security lapses in Benghazi, Libya. But she says security requests pertaining to Benghazi were handled by the department.",right,center
"Facing Congress, Clinton Defends Her Actions Before and After Libya Attack","Hillary Clinton testifies before Senate and House committees. She says she accepts responsibility for security lapses in Benghazi, but not the blame.",right,center
"NRA School Safety Report Recommends Arming Teachers, Loosening Gun Laws","NRA commissioned report in wake of Sandy Hook Elementary School shooting. Former Rep. Asa Hutchinson (R-Ark.) led 12-person task force that produced report. Report recommended that schools designate willing staff to be armed and trained. NRA calls report ""a cruel hoax that will fail to keep our children and schools safe""",center,left
"NRA School Safety Report Recommends Arming Teachers, Loosening Gun Laws","NRA commissioned report in wake of Sandy Hook Elementary School shooting. Former Rep. Asa Hutchinson (R-Ark.) led 12-person task force that produced report. Report recommended that schools designate willing staff to be armed and trained. NRA calls the report ""a cruel hoax that will fail to keep our children and schools safe""",center,left
"NRA School Safety Report Recommends Arming Teachers, Loosening Gun Laws","NRA commissioned report in wake of Sandy Hook Elementary School shooting. Former Rep. Asa Hutchinson (R-Ark.) led 12-person task force that produced report. Report recommends properly trained armed employees provide ""an important layer of security"" NRA calls report ""a cruel hoax that will fail to keep our children and schools safe""",center,left
"NRA School Safety Report Recommends Arming Teachers, Loosening Gun Laws","Former Rep. Asa Hutchinson released a report on school safety funded by the National Rifle Association. The report was commissioned in the wake of the Sandy Hook Elementary School shooting. It recommended properly trained armed employees to provide ""an important layer of security in schools"" NRA calls the report ""a cruel hoax that will fail to keep our children and schools safe""",center,right
"NRA School Safety Report Recommends Arming Teachers, Loosening Gun Laws","Former Rep. Asa Hutchinson released a report on school safety funded by the National Rifle Association. The report was commissioned in the wake of the Sandy Hook Elementary School shooting. It recommended properly trained armed employees to provide ""an important layer of security in schools"" NRA calls report ""a cruel hoax that will fail to keep our children and schools safe""",left,right
"NRA School Safety Report Recommends Arming Teachers, Loosening Gun Laws","Former Rep. Asa Hutchinson released a report on school safety funded by the National Rifle Association. The report was commissioned in the wake of the Sandy Hook Elementary School shooting. It recommended properly trained armed employees to provide ""an important layer of security in schools"" The NRA said it needs ""time to digest"" the findings, but commended Hutchinson for contributions.",center,right
"NRA School Safety Report Recommends Arming Teachers, Loosening Gun Laws","Former Rep. Asa Hutchinson releases a report on school safety funded by the National Rifle Association. The report was commissioned in the wake of the Sandy Hook Elementary School shooting. The NRA says it needs ""time to digest"" the findings, but commended Hutchinson and his team for contributions.",center,center
"NRA School Safety Report Recommends Arming Teachers, Loosening Gun Laws","Former Rep. Asa Hutchinson releases a report on school safety funded by the National Rifle Association. The report was commissioned in the wake of the Sandy Hook Elementary School shooting. The NRA says it needs ""time to digest"" the findings, but commends Hutchinson and his team for contributions.",center,center
"NRA School Safety Report Recommends Arming Teachers, Loosening Gun Laws","Former Rep. Asa Hutchinson releases a report on school safety funded by the National Rifle Association. The report was commissioned in the wake of the Sandy Hook Elementary School shooting. The NRA says it needs ""time to digest"" the findings, but commends Hutchinson and his team.",center,center
Massachusetts Gov. Deval Patrick  picks former staffer to fill Kerry's Senate seat,"William ""Mo"" Cowan is a former chief of staff to Massachusetts Gov. Deval Patrick. Cowan also served as Patrick’s chief legal counsel. The appointment marks the first time in Senate history that two black senators have served at same time.",left,left
Massachusetts Gov. Deval Patrick  picks former staffer to fill Kerry's Senate seat,"William ""Mo"" Cowan is a former chief of staff to Massachusetts Gov. Deval Patrick. Cowan joins South Carolina Republican Sen. Tim Scott as the chamber’s two black senators.",center,left
Massachusetts Gov. Deval Patrick  picks former staffer to fill Kerry's Senate seat,"William ""Mo"" Cowan is a former chief of staff to Massachusetts Gov. Deval Patrick. Cowan also served as Patrick’s chief legal counsel.",left,left
Massachusetts Gov. Deval Patrick  picks former staffer to fill Kerry's Senate seat,"Gov. Deval Patrick picked former Chief of Staff William ""Mo"" Cowan, who also served as Patrick’s chief legal counsel. Cowan joined the Patrick administration in 2009 and reportedly quit earlier this month to join private practice.",right,right
Massachusetts Gov. Deval Patrick  picks former staffer to fill Kerry's Senate seat,"Gov. Deval Patrick picked former Chief of Staff William ""Mo"" Cowan, who also served as Patrick’s chief legal counsel. Cowan joined the Patrick administration in 2009 and reportedly quit earlier this month.",right,right
Massachusetts Gov. Deval Patrick  picks former staffer to fill Kerry's Senate seat,"Gov. Deval Patrick picked former Chief of Staff William ""Mo"" Cowan to fill Sen. John Kerry's open seat until a special election in June. Cowan joined the Patrick administration in 2009 and reportedly quit earlier this month.",right,right
Massachusetts Gov. Deval Patrick  picks former staffer to fill Kerry's Senate seat,"William ""Mo"" Cowan will fill Sen. John Kerry's open seat until a special election in June. Cowan joined the Patrick administration in 2009 and reportedly quit earlier this month to join private practice.",left,center
Massachusetts Gov. Deval Patrick  picks former staffer to fill Kerry's Senate seat,"William ""Mo"" Cowan will fill Sen. John Kerry's open seat until a special election in June. Cowan joined the Patrick administration in 2009 and reportedly quit earlier this month.",left,center
Massachusetts Gov. Deval Patrick  picks former staffer to fill Kerry's Senate seat,"William ""Mo"" Cowan will fill Sen. John Kerry's open seat until a special election in June. Cowan also served as Patrick’s chief legal counsel.",left,center
Mary Cheney Criticizes Her Sister on Same-Sex Marriage,"Mary Cheney, the younger sister of Liz Cheney, sharply criticized her sister’s stance on same-sex marriage. Mary Cheney urged her own Facebook friends to share the message on Friday evening.",left,left
Mary Cheney Criticizes Her Sister on Same-Sex Marriage,"Mary Cheney, the younger sister of Liz Cheney, sharply criticized her sister’s stance on same-sex marriage. Mary Cheney urged her own Facebook friends to share the message.",left,left
Mary Cheney Criticizes Her Sister on Same-Sex Marriage,"Mary Cheney, the younger sister of Wyoming Senate candidate Liz Cheney, sharply criticized her sister’s stance on same-sex marriage. Mary Cheney urged her own Facebook friends to share the message.",center,left
Mary Cheney Criticizes Her Sister on Same-Sex Marriage,"Mary Cheney, the younger sister of Liz Cheney, sharply criticized her sister’s stance on same-sex marriage. Mary Cheney urged her own Facebook friends to share the message on Friday evening.",left,right
Mary Cheney Criticizes Her Sister on Same-Sex Marriage,"Mary Cheney, the younger sister of Liz Cheney, sharply criticized her sister’s stance on same-sex marriage. Mary Cheney urged her own Facebook friends to share the message.",left,right
Mary Cheney Criticizes Her Sister on Same-Sex Marriage,"Mary Cheney, the younger sister of Liz Cheney, sharply criticized her sister’s stance on same-sex marriage. Mary Cheney is gay and married her longtime partner last year.",left,right
Mary Cheney Criticizes Her Sister on Same-Sex Marriage,"Mary Cheney, the younger sister of Liz Cheney, sharply criticized her sister’s stance on same-sex marriage. Mary Cheney urged her own Facebook friends to share the message on Friday evening.",left,center
Mary Cheney Criticizes Her Sister on Same-Sex Marriage,"Mary Cheney, the younger sister of Liz Cheney, sharply criticized her sister’s stance on same-sex marriage. Mary Cheney urged her own Facebook friends to share the message.",left,center
Mary Cheney Criticizes Her Sister on Same-Sex Marriage,"Mary Cheney, the younger sister of Liz Cheney, sharply criticized her sister’s stance on same-sex marriage. Mary Cheney is gay and married her longtime partner last year.",left,center
"Lois Lerner, IRS Scandal Figure, Will Invoke Fifth Amendment At Oversight Hearing","Lois Lerner, the director of the IRS exempt organizations unit, plans to plead the Fifth during her expected testimony before the House Oversight and Government Reform Committee on Wednesday. The hearing would have been Lerner's first public appearance, and first under oath, since she apologized for the IRS' inappropriate targeting of conservative groups at a May 10 meeting.",center,left
"Lois Lerner, IRS Scandal Figure, Will Invoke Fifth Amendment At Oversight Hearing","Lois Lerner, the director of the IRS exempt organizations unit, plans to plead the Fifth during her expected testimony before the House Oversight and Government Reform Committee on Wednesday. The hearing would have been Lerner's first public appearance, and first under oath, since she apologized for the IRS' inappropriate targeting of conservative groups.",center,left
"Lois Lerner, IRS Scandal Figure, Will Invoke Fifth Amendment At Oversight Hearing","Lois Lerner, the director of the IRS exempt organizations unit, plans to plead the Fifth during her expected testimony before the House Oversight and Government Reform Committee on Wednesday. The hearing would have been Lerner's first public appearance, and first under oath, since she apologized for the IRS' inappropriate targeting of conservative groups in May.",center,left
"Lois Lerner, IRS Scandal Figure, Will Invoke Fifth Amendment At Oversight Hearing","Lois Lerner, the director of the exempt organizations unit at the Internal Revenue Service, plans to invoke the Fifth Amendment during her expected testimony on Wednesday. She announced her plans to plead the Fifth in a letter from her lawyer, William Taylor III, to the House Oversight and Government Reform Committee. The letter from Taylor states that her testimony would ""have no purpose other than to embarrass or burden her""",center,right
"Lois Lerner, IRS Scandal Figure, Will Invoke Fifth Amendment At Oversight Hearing","Lois Lerner, the director of the exempt organizations unit at the Internal Revenue Service, plans to invoke the Fifth Amendment during her expected testimony on Wednesday. She announced her plans to plead the Fifth in a letter from her lawyer, William Taylor III, to the House Oversight and Government Reform Committee. Taylor has asked the committee that she be excused from testifying.",center,right
"Lois Lerner, IRS Scandal Figure, Will Invoke Fifth Amendment At Oversight Hearing","Lois Lerner, the director of the exempt organizations unit at the Internal Revenue Service, plans to invoke the Fifth Amendment during her expected testimony on Wednesday. The hearing would have been Lerner's first public appearance since she apologized for the IRS' inappropriate targeting of conservative groups.",center,right
"Lois Lerner, IRS Scandal Figure, Will Invoke Fifth Amendment At Oversight Hearing","Lois Lerner, the director of the IRS exempt organizations unit, plans to plead the Fifth during her expected testimony before the House Oversight and Government Reform Committee on Wednesday. The hearing would have been Lerner's first public appearance, and first under oath, since she apologized for the IRS' inappropriate targeting of conservative groups at a May 10 meeting.",center,center
"Lois Lerner, IRS Scandal Figure, Will Invoke Fifth Amendment At Oversight Hearing","Lois Lerner, the director of the IRS exempt organizations unit, plans to plead the Fifth during her expected testimony before the House Oversight and Government Reform Committee on Wednesday. The hearing would have been Lerner's first public appearance, and first under oath, since she apologized for the IRS' inappropriate targeting of conservative groups.",center,center
"Lois Lerner, IRS Scandal Figure, Will Invoke Fifth Amendment At Oversight Hearing","Lois Lerner, the director of the IRS exempt organizations unit, plans to plead the Fifth during her expected testimony before the House Oversight and Government Reform Committee on Wednesday. The hearing would have been her first public appearance since she apologized for the IRS' inappropriate targeting of conservative groups at a May 10 American Bar Association meeting.",center,center
I.R.S. Official Invokes 5th Amendment at Hearing,"Lois Lerner, the Internal Revenue Service official who first disclosed that the agency had targeted conservative groups for special scrutiny, invoked her Fifth Amendment right against self-incrimination. She sternly told her questioners that accusations that she had misled Congress in previous testimony were false.",center,left
I.R.S. Official Invokes 5th Amendment at Hearing,"Lois Lerner, the Internal Revenue Service official who first disclosed that the agency had targeted conservative groups for special scrutiny, invoked her Fifth Amendment right against self-incrimination. She sternly told her questioners that accusations that she had misled Congress were false.",center,left
I.R.S. Official Invokes 5th Amendment at Hearing,"Lois Lerner, the Internal Revenue Service official who first disclosed that the agency had targeted conservative groups for special scrutiny, invoked her Fifth Amendment right against self-incrimination.",center,left
I.R.S. Official Invokes 5th Amendment at Hearing,"Lois Lerner, the I.R.S. official who first disclosed that the agency had targeted conservative groups for special scrutiny, invoked her Fifth Amendment right against self-incrimination. She sternly told her questioners that accusations that she had misled Congress were false.",left,right
I.R.S. Official Invokes 5th Amendment at Hearing,"Lois Lerner, the I.R.S. official who first disclosed that the agency had targeted conservative groups for special scrutiny, invoked her Fifth Amendment right against self-incrimination and declined to testify.",left,right
I.R.S. Official Invokes 5th Amendment at Hearing,"Lois Lerner, the I.R.S. official who first disclosed that the agency had targeted conservative groups for special scrutiny, invoked her Fifth Amendment right against self-incrimination.",left,right
I.R.S. Official Invokes 5th Amendment at Hearing,Lois Lerner invoked her Fifth Amendment right against self-incrimination. She refused to testify at a House hearing on the agency’s actions. Republicans and Democrats pressed ahead with one point on which they agree.,center,center
I.R.S. Official Invokes 5th Amendment at Hearing,Lois Lerner invoked her Fifth Amendment right against self-incrimination. She refused to testify at a House hearing on the agency’s actions.,center,center
I.R.S. Official Invokes 5th Amendment at Hearing,Lois Lerner invoked her Fifth Amendment right against self-incrimination. She declined to testify at a House hearing on the agency’s actions.,center,center
"Obama Defends NSA Programs, Says Congress Knew About Surveillance","President Obama: Congress was fully briefed and programs are limited in scope. Obama portrayed the programs as a trade-off between security and civil liberties. ""I welcome this debate and I think it's healthy for our democracy,"" he said.",center,left
"Obama Defends NSA Programs, Says Congress Knew About Surveillance",President Obama: Congress was fully briefed and programs are limited in scope. Obama portrayed the programs as a trade-off between security and civil liberties. He also expressed his displeasure that the domestic spying programs' existence was leaked to the press.,center,left
"Obama Defends NSA Programs, Says Congress Knew About Surveillance","President Obama: Congress was fully briefed and programs are limited in scope. Obama portrayed the programs as a trade-off between security and civil liberties. ""I welcome this debate and I think it's healthy for our democracy,"" Obama said.",center,left
"Obama Defends NSA Programs, Says Congress Knew About Surveillance","President Obama says Congress was fully briefed on NSA spying programs. Obama portrayed the programs as a trade-off between security and civil liberties. ""I welcome this debate and I think it's healthy for our democracy,"" he said.",right,right
"Obama Defends NSA Programs, Says Congress Knew About Surveillance",President Obama says Congress was fully briefed on NSA spying programs. Obama portrayed the programs as a trade-off between security and civil liberties. The president's full-throated defense of the programs is unlikely to quell outrage.,right,right
"Obama Defends NSA Programs, Says Congress Knew About Surveillance","President Obama says Congress was fully briefed on NSA spying programs. Obama portrayed the programs as a trade-off between security and civil liberties. ""I welcome this debate and I think it's healthy for our democracy""",right,right
"Obama Defends NSA Programs, Says Congress Knew About Surveillance","President Obama says programs are limited in scope. Obama: ""They may identify potential leads with respect to folks who might engage in terrorism"" Obama portrayed programs as a trade-off between security and civil liberties.",left,center
"Obama Defends NSA Programs, Says Congress Knew About Surveillance","President Obama says programs are limited in scope. Obama: ""I welcome this debate and I think it's healthy for our democracy"" News outlets revealed this week that vast spying programs began under Bush.",left,center
"Obama Defends NSA Programs, Says Congress Knew About Surveillance","President Obama says programs are limited in scope. Obama: ""They may identify potential leads with respect to folks who might engage in terrorism""",center,center
Obama administration defends 2nd mass surveillance project,Leaked documents revealed two secret National Security Agency intelligence-gathering programs. Director of National Intelligence James Clapper decries the leak of the materials. A former NSA official told Fox News the FBI and NSA have been tapping into leading U.S. Internet companies.,right,left
Obama administration defends 2nd mass surveillance project,Leaked documents revealed two secret National Security Agency intelligence-gathering programs. Director of National Intelligence James Clapper decries the leak of the materials. A former NSA official said the FBI and NSA have been tapping into leading U.S. Internet companies.,right,left
Obama administration defends 2nd mass surveillance project,Leaked documents revealed two secret National Security Agency intelligence-gathering programs. Director of National Intelligence James Clapper decries the leak of the materials. A former NSA official says the FBI and NSA have been tapping into leading U.S. Internet companies.,right,left
Obama administration defends 2nd mass surveillance project,"A former senior NSA official confirmed to Fox News that the program was started in 2007 by the FBI and NSA. The classified program is code-named PRISM, the Washington Post reported. Microsoft, Yahoo, Google, Facebook, PalTalk, AOL, Skype, YouTube and Apple participate knowingly in the program.",right,right
Obama administration defends 2nd mass surveillance project,"A former senior NSA official confirmed to Fox News that the program was started in 2007 by the FBI and NSA. The classified program is code-named PRISM, the Washington Post reported. Microsoft, Yahoo, Google, Facebook, PalTalk, AOL, Skype, YouTube and Apple reportedly participate.",right,right
Obama administration defends 2nd mass surveillance project,"A former senior NSA official confirmed to Fox News that the program was started in 2007 by the FBI and NSA. The classified program is code-named PRISM, the Washington Post reported. Microsoft, Yahoo, Google, Facebook, PalTalk, AOL, Skype, YouTube and Apple participate knowingly, the Post reports.",right,right
Obama administration defends 2nd mass surveillance project,"Leaked documents reveal two secret National Security Agency intelligence-gathering programs. Director of National Intelligence James Clapper decries the leak of the materials. He calls the program that allows the NSA to collect communications data from Internet companies ""reprehensible"" A former senior NSA official confirmed to Fox News the program was started in 2007.",right,center
Obama administration defends 2nd mass surveillance project,"Leaked documents reveal two secret National Security Agency intelligence-gathering programs. Director of National Intelligence James Clapper decries the leak of the materials. He calls the disclosure of the program that allows the NSA to collect communications data from Internet companies ""reprehensible""",center,center
Obama administration defends 2nd mass surveillance project,"Leaked documents reveal two secret National Security Agency intelligence-gathering programs. Director of National Intelligence James Clapper decries the leak of the materials. He calls the program that allows the NSA to collect communications data from Internet companies ""reprehensible""",center,center
"Republicans challenge Clinton claims on budget cuts, Benghazi cable","Republicans question Hillary Clinton's statements on budget cuts, Benghazi cable. They also question her insistence she never saw urgent cables warning of an attack. The questions come as the Senate Foreign Relations Committee begins its confirmation hearing for John Kerry.",right,left
"Republicans challenge Clinton claims on budget cuts, Benghazi cable","Republicans question Hillary Clinton's statements on budget cuts, Benghazi cable. They also question Clinton's insistence she never saw urgent cables warning of an attack. The questions come as the Senate Foreign Relations Committee begins its confirmation hearing.",right,left
"Republicans challenge Clinton claims on budget cuts, Benghazi cable","Republicans question Hillary Clinton's statements on budget cuts, Benghazi cable. They also question her insistence she never saw urgent cables warning of an attack. The questions come as the Senate Foreign Relations Committee begins its confirmation hearing.",right,left
"Republicans challenge Clinton claims on budget cuts, Benghazi cable",Republicans challenge statements made by Secretary of State Hillary Clinton. They say complaints about a lack of funding are bogus. They also question the secretary's insistence she never saw urgent cables warning about an attack.,center,right
"Republicans challenge Clinton claims on budget cuts, Benghazi cable","Republicans challenge statements made by Secretary of State Hillary Clinton. They say complaints about a lack of funding are bogus. Clinton says budget issues are a ""bipartisan problem""",center,right
"Republicans challenge Clinton claims on budget cuts, Benghazi cable",Republicans challenge statements made by Secretary of State Hillary Clinton. They say complaints about a lack of funding are bogus. They also question the secretary's insistence she never saw an urgent cable.,center,right
"Republicans challenge Clinton claims on budget cuts, Benghazi cable",Republicans question Secretary of State Hillary Clinton's statements on Benghazi. They also question her insistence she never saw urgent cables warning of an attack. The questions come as the Senate Foreign Relations Committee begins its confirmation hearing for John Kerry.,right,center
"Republicans challenge Clinton claims on budget cuts, Benghazi cable",Republicans question Secretary of State Hillary Clinton's statements on Benghazi. They also question her insistence she never saw urgent cables warning of an attack. The questions come as the Senate Foreign Relations Committee begins its confirmation hearing.,right,center
"Republicans challenge Clinton claims on budget cuts, Benghazi cable","Republicans question Secretary of State Hillary Clinton's statements on Benghazi. They also question her insistence that she never saw an urgent cable warning of an attack. Clinton says budget issues are a ""bipartisan problem""",center,center
Benghazi emails underscore State Department’s concern over failure to act on warnings,"Draft ""talking points"" depict efforts by State Department spokeswoman Victoria Nuland in the days after the attack to strip out references to prior attacks. A review of now-public State Department records as well as a classified State Department cable, first reviewed and reported by Fox News, shows a steady stream of documented warnings.",right,left
Benghazi emails underscore State Department’s concern over failure to act on warnings,"Draft ""talking points"" depict efforts by State Department spokeswoman Victoria Nuland to strip out references to prior attacks in Benghazi. A review of now-public State Department records as well as a classified State Department cable, first reviewed and reported by Fox News, shows a steady stream of documented warnings to Washington.",right,left
Benghazi emails underscore State Department’s concern over failure to act on warnings,"Draft ""talking points"" depict efforts by State Department spokeswoman Victoria Nuland to strip out references to prior attacks in Benghazi. A review of now-public State Department records as well as a classified State Department cable, first reviewed and reported by Fox News, shows a steady stream of documented warnings.",right,left
Benghazi emails underscore State Department’s concern over failure to act on warnings,"Draft ""talking points"" depicted efforts by State Department spokeswoman Victoria Nuland to strip out references to prior attacks in Benghazi. A review of now-public State Department records as well as a classified State Department cable, first reviewed and reported by Fox News, shows a steady stream of documented warnings to Washington.",right,right
Benghazi emails underscore State Department’s concern over failure to act on warnings,"Draft ""talking points"" depicted efforts by State Department spokeswoman Victoria Nuland to strip out references to prior attacks in Benghazi. A review of now-public State Department records as well as a classified State Department cable, first reviewed and reported by Fox News, shows a steady stream of documented warnings.",right,right
Benghazi emails underscore State Department’s concern over failure to act on warnings,"Draft ""talking points"" depicted efforts by State Department spokeswoman Victoria Nuland to strip out references to prior attacks in Benghazi. A review of now-public State Department records as well as a classified State Department cable, first reviewed and reported by Fox News, shows a steady stream of warnings to Washington.",right,right
Benghazi emails underscore State Department’s concern over failure to act on warnings,"Draft ""talking points"" depicted efforts by State Department spokeswoman Victoria Nuland to strip out references to prior attacks in Benghazi. A review of now-public State Department records as well as a classified State Department cable, first reviewed and reported by Fox News, shows a steady stream of documented warnings to Washington from intelligence and State security officials.",right,center
Benghazi emails underscore State Department’s concern over failure to act on warnings,"Draft ""talking points"" depicted efforts by State Department spokeswoman Victoria Nuland to strip out references to prior attacks in Benghazi. A review of now-public State Department records as well as a classified State Department cable, first reviewed and reported by Fox News, shows a steady stream of documented warnings to Washington.",right,center
Benghazi emails underscore State Department’s concern over failure to act on warnings,"Draft ""talking points"" depicted efforts by State Department spokeswoman Victoria Nuland to strip out references to prior attacks in Benghazi. A review of now-public State Department records as well as a classified State Department cable, first reviewed and reported by Fox News, shows a steady stream of documented warnings.",right,center
White House Releases Benghazi Emails,"White House releases full set of emails surrounding development of talking points describing Benghazi attack. GOP lawmakers have accused White House, State Department of trying to alter talking points for political reasons. Officials say CIA, not just State, drove many of the changes to the talking points that were ultimately used by Susan Rice.",right,left
White House Releases Benghazi Emails,"White House releases full set of emails surrounding development of talking points describing Benghazi attack. GOP lawmakers have accused White House, State Department of trying to alter talking points for political reasons. Officials say CIA, not just State Department, drove many of the changes to the talking points.",right,left
White House Releases Benghazi Emails,"White House releases full set of emails surrounding development of talking points describing Benghazi attack. GOP lawmakers have accused White House, State Department of trying to alter talking points for political reasons. Officials say CIA, not just State Department, drove many of the changes to talking points.",right,left
White House Releases Benghazi Emails,"White House releases 100 pages of emails about Benghazi talking points. Officials say CIA, not just State Department, drove many of the changes. Republicans have accused White House, State Department of political cover-up.",right,right
White House Releases Benghazi Emails,"White House releases 100 pages of emails about Benghazi talking points. Officials say CIA, not just State Department, drove many of the changes. Republicans have accused White House of a political cover-up.",right,right
White House Releases Benghazi Emails,"White House releases 100 pages of emails about Benghazi talking points. Officials say CIA, not just State Department, drove many of the changes. Republicans have accused White House of political cover-up.",right,right
White House Releases Benghazi Emails,"White House releases full set of emails surrounding development of Benghazi talking points. Emails show that a number of government agencies, not just the State Department, drove many of the changes. CIA recently conducted an internal review of how and why the talking points were changed.",right,center
White House Releases Benghazi Emails,"White House releases full set of emails surrounding development of Benghazi talking points. Emails show that a number of government agencies, not just the State Department, drove many of the changes. CIA recently conducted internal review of how and why the talking points were changed.",right,center
White House Releases Benghazi Emails,"White House releases full set of emails surrounding development of Benghazi talking points. Emails show that a number of government agencies, not just the State Department, drove many of the changes. CIA recently conducted an internal review of how and why talking points were changed.",right,center
Jackson pleads guilty over illegal campaign spending spree,"Former Rep. Jesse Jackson Jr. pleads guilty in federal court to charges that he spent $750,000 in campaign cash on personal items. Sentencing has been set for June 28. Jackson resigned from Congress in November amid the investigation and health issues. He faces up to five years in prison.",center,left
Jackson pleads guilty over illegal campaign spending spree,"Former Rep. Jesse Jackson Jr. pleads guilty in federal court to charges that he spent $750,000 in campaign cash on personal items. Sentencing has been set for June 28. Jackson resigned from Congress in November amid the investigation and health issues.",center,left
Jackson pleads guilty over illegal campaign spending spree,"Former Rep. Jesse Jackson Jr. pleads guilty to charges he spent campaign cash on personal items. He faces up to five years in prison, but guidelines recommend slightly less. Sentencing has been set for June 28.",center,left
Jackson pleads guilty over illegal campaign spending spree,Former Rep. Jesse Jackson Jr. pleads guilty to conspiracy charge. Ex-congressman faces up to five years in prison. Sentencing set for June 28. Jackson resigned from Congress in November amid investigation and health issues.,center,right
Jackson pleads guilty over illegal campaign spending spree,Former Rep. Jesse Jackson Jr. pleads guilty to conspiracy charge. Ex-congressman faces up to five years in prison. Sentencing set for June 28. Jackson resigned from Congress in November amid the investigation.,center,right
Jackson pleads guilty over illegal campaign spending spree,Former Rep. Jesse Jackson Jr. pleads guilty to conspiracy charge. Ex-congressman faces up to five years in prison. Sentencing set for June 28. Jackson resigned in November amid investigation and health issues.,center,right
Jackson pleads guilty over illegal campaign spending spree,"Former Rep. Jesse Jackson Jr. pleads guilty to a conspiracy charge. Jackson faces up to five years in prison, but guidelines recommend slightly less. Sentencing has been set for June 28. Jackson resigned from Congress in November amid the investigation.",center,center
Jackson pleads guilty over illegal campaign spending spree,"Former Rep. Jesse Jackson Jr. pleads guilty to a conspiracy charge. Jackson faces up to five years in prison, but guidelines recommend slightly less. Sentencing has been set for June 28.",center,center
Jackson pleads guilty over illegal campaign spending spree,"Former Rep. Jesse Jackson Jr. pleads guilty to a conspiracy charge. Jackson faces up to five years in prison, but guidelines recommend slightly less. Sentencing set for June 28.",center,center
Jesse Jackson Jr. Pleads Guilty in Campaign Money Case,"Jesse L. Jackson Jr. pleads guilty to one felony fraud count in connection with his use of $750,000 in campaign money. Mr. Jackson used the money to pay for living expenses and buy items like stuffed animals and elk heads.",center,left
Jesse Jackson Jr. Pleads Guilty in Campaign Money Case,"Jesse L. Jackson Jr. pleads guilty to one felony fraud count in connection with his use of $750,000 in campaign money. Mr. Jackson used the money to pay for living expenses and buy items like stuffed animals.",center,left
Jesse Jackson Jr. Pleads Guilty in Campaign Money Case,"Jesse L. Jackson Jr. pleads guilty to one felony fraud count in connection with his use of $750,000 in campaign money. The former Democratic representative from Illinois is scheduled to be sentenced on June 28.",center,left
Jesse Jackson Jr. Pleads Guilty in Campaign Money Case,"Jesse L. Jackson Jr. pleaded guilty to one felony fraud count in connection with his use of $750,000 in campaign money. Mr. Jackson used the money to pay for living expenses and buy items like stuffed animals, elk heads and fur capes.",center,right
Jesse Jackson Jr. Pleads Guilty in Campaign Money Case,"Jesse L. Jackson Jr. pleaded guilty to one felony fraud count in connection with his use of $750,000 in campaign money. Mr. Jackson used the money to pay for living expenses and buy items like stuffed animals and elk heads.",center,right
Jesse Jackson Jr. Pleads Guilty in Campaign Money Case,"Jesse L. Jackson Jr. pleaded guilty to one felony fraud count in connection with his use of $750,000 in campaign money. Mr. Jackson used the money to pay for living expenses and buy items like stuffed animals.",center,right
Jesse Jackson Jr. Pleads Guilty in Campaign Money Case,"Jesse L. Jackson Jr. pleads guilty to one felony fraud count. He used $750,000 in campaign money to pay for living expenses and buy items like stuffed animals, elk heads and fur capes. Prosecutors recommend that Mr. Jackson receive a sentence of 46 to 57 months.",center,center
Jesse Jackson Jr. Pleads Guilty in Campaign Money Case,"Jesse L. Jackson Jr. pleads guilty to one felony fraud count in connection with his use of $750,000 in campaign money. Prosecutors recommend that Mr. Jackson receive a sentence of 46 to 57 months in prison.",center,center
Jesse Jackson Jr. Pleads Guilty in Campaign Money Case,"Jesse L. Jackson Jr. pleads guilty to one felony fraud count. He used $750,000 in campaign money to pay for living expenses and buy items like stuffed animals, elk heads and fur capes.",center,center
IRS extends tax benefits to married gay couples,"The ruling allows same-sex couples to file joint tax returns. The ruling applies to all couples, not just those who are legally married.",center,left
IRS extends tax benefits to married gay couples,"The ruling allows same-sex couples to file joint tax returns. The ruling will apply to all couples, not just those who are married.",center,left
IRS extends tax benefits to married gay couples,"The ruling allows same-sex couples to file joint tax returns. The ruling applies to all couples, not just those who are married.",center,left
IRS extends tax benefits to married gay couples,U.S. Supreme Court rules that same-sex couples can file joint tax returns. The ruling applies to all couples regardless of whether they are married or not.,center,right
IRS extends tax benefits to married gay couples,U.S. Supreme Court rules that same-sex couples can file joint tax returns. The ruling applies to all couples regardless of whether they are married.,center,right
IRS extends tax benefits to married gay couples,U.S. Supreme Court rules that same-sex couples can file joint tax returns. The ruling applies to all couples regardless of their legal status.,center,right
IRS extends tax benefits to married gay couples,Same-sex couples will be allowed to file joint tax returns. The move comes after the Supreme Court overturned the Defense of Marriage Act.,center,center
IRS extends tax benefits to married gay couples,Same-sex couples will be able to file joint tax returns. The decision comes after the Supreme Court overturned the Defense of Marriage Act.,center,center
IRS extends tax benefits to married gay couples,Same-sex couples will be able to file joint tax returns. The decision was made by the U.S. Supreme Court.,center,center
Obama Poised to Back Comprehensive Plan to Curb Gun Violence,President Obama will embrace a comprehensive plan to reduce gun violence this week. Plan will call for major legislation to expand background checks for gun purchases. Obama will also promise to act on his own to reduceGun violence wherever possible. A Republican congressman threatened to file articles of impeachment.,right,left
Obama Poised to Back Comprehensive Plan to Curb Gun Violence,President Obama will embrace a comprehensive plan to reduce gun violence this week. Plan will call for major legislation to expand background checks for gun purchases. Obama will also promise to act on his own to reduceGun violence wherever possible.,right,left
Obama Poised to Back Comprehensive Plan to Curb Gun Violence,President Obama will embrace a comprehensive plan to reduce gun violence. Plan will call for major legislation to expand background checks for gun purchases. But Obama will also promise to act on his own to reduceGun violence wherever possible.,right,left
Obama Poised to Back Comprehensive Plan to Curb Gun Violence,"President Obama could use a public event as soon as Wednesday to signal his intention to engage in the biggest Congressional fight over guns in nearly two decades. Given the difficulty of pushing new rules through a bitterly divided Congress, Mr. Obama will also promise to act on his own to reduce gun violence.",center,right
Obama Poised to Back Comprehensive Plan to Curb Gun Violence,"President Obama could use a public event as soon as Wednesday to signal his intention to engage in the biggest Congressional fight over guns in nearly two decades. Given the difficulty of pushing new rules through a bitterly divided Congress, Mr. Obama will also promise to act on his own.",center,right
Obama Poised to Back Comprehensive Plan to Curb Gun Violence,President Obama could use a public event as soon as Wednesday to signal his intention to engage in the biggest Congressional fight over guns in nearly two decades. Mr. Obama will also promise to act on his own to reduce gun violence wherever possible.,right,right
Obama Poised to Back Comprehensive Plan to Curb Gun Violence,President Obama to announce comprehensive plan to reduce gun violence this week. Plan will call for major legislation to expand background checks for gun purchases. But Obama will also promise to act on his own to reduce guns wherever possible. Actions the president could take include imposing limits on guns imported from overseas.,center,center
Obama Poised to Back Comprehensive Plan to Curb Gun Violence,President Obama to announce comprehensive plan to reduce gun violence this week. Plan will call for major legislation to expand background checks for gun purchases. But Obama will also promise to act on his own to reduceGun violence wherever possible.,right,center
Obama Poised to Back Comprehensive Plan to Curb Gun Violence,President Obama to announce comprehensive plan to reduce gun violence this week. Plan will call for major legislation to expand background checks for gun purchases. Obama will also promise to act on his own to reduce violence wherever possible.,right,center
"Federal prosecutors plan to file charges against Rep. Grimm, attorney says","The decision follows a two-year FBI investigation. ""We are disappointed by the government's decision, but hardly surprised,"" Grimm's office says.",center,left
"Federal prosecutors plan to file charges against Rep. Grimm, attorney says","The decision follows a two-year FBI investigation. ""We are disappointed by the government's decision, but hardly surprised,"" says Grimm's spokesman.",right,left
"Federal prosecutors plan to file charges against Rep. Grimm, attorney says","The decision follows a two-year FBI investigation. ""We are disappointed by the government's decision, but hardly surprised,"" says Grimm's attorney.",right,left
"Federal prosecutors plan to file charges against Rep. Grimm, attorney says","The decision follows a two-year FBI investigation into Grimm's campaign history. ""We are disappointed by the government's decision, but hardly surprised,"" Grimm's spokesman says. The House Ethics Committee announced in November that Grimm was under investigation.",center,right
"Federal prosecutors plan to file charges against Rep. Grimm, attorney says","The decision follows a two-year FBI investigation into Grimm's campaign history. ""We are disappointed by the government's decision, but hardly surprised,"" says Grimm's attorney. The House Ethics Committee announced in November that Grimm was under investigation.",center,right
"Federal prosecutors plan to file charges against Rep. Grimm, attorney says","The decision follows a two-year FBI investigation into Grimm's campaign history. ""We are disappointed by the government's decision, but hardly surprised,"" Grimm's spokesman says.",center,right
"Federal prosecutors plan to file charges against Rep. Grimm, attorney says","The decision follows a two-year FBI investigation. The House Ethics Committee announced in November that Grimm was under investigation. Grimm has acknowledged receiving $250,000 to $300,000 in contributions.",center,center
"Federal prosecutors plan to file charges against Rep. Grimm, attorney says",The decision follows a two-year FBI investigation. The House Ethics Committee announced in November that Grimm was under investigation. Grimm has denied knowledge of any improprieties.,center,center
"Federal prosecutors plan to file charges against Rep. Grimm, attorney says","The decision follows a two-year FBI investigation. ""We are disappointed by the government's decision,"" Grimm's office says.",center,center
Top House Republican Hints At Immigration Principles,House Majority Whip Kevin McCarthy (R-Calif.) said he would support allowing undocumented immigrants to stay in the U.S. But he stopped short of calling for a path to citizenship.,center,left
Top House Republican Hints At Immigration Principles,House Majority Whip Kevin McCarthy (R-Calif.) says he would support allowing undocumented immigrants to stay in the U.S. But he stopped short of calling for a path to citizenship.,center,left
Top House Republican Hints At Immigration Principles,House Majority Whip Kevin McCarthy (R-Calif.) said he would support allowing undocumented immigrants to stay in the U.S. He stopped short of calling for a path to citizenship.,center,left
Top House Republican Hints At Immigration Principles,House Majority Whip Kevin McCarthy (R-Calif.) said he would support allowing undocumented immigrants to stay in the U.S. But he stopped short of calling for a path to citizenship. McCarthy has been a longtime target of immigration activists.,center,right
Top House Republican Hints At Immigration Principles,House Majority Whip Kevin McCarthy (R-Calif.) said he would support allowing undocumented immigrants to stay in the U.S. But he stopped short of calling for a path to citizenship.,center,right
Top House Republican Hints At Immigration Principles,House Majority Whip Kevin McCarthy (R-Calif.) said he would support allowing undocumented immigrants to stay in the U.S. But McCarthy stopped short of calling for a path to citizenship.,center,right
Top House Republican Hints At Immigration Principles,House Majority Whip Kevin McCarthy (R-Calif.) said he would support allowing undocumented immigrants to stay in the U.S. But he stopped short of calling for a path to citizenship. McCarthy has previously been more open to immigration reform than many of his House Republican colleagues.,center,center
Top House Republican Hints At Immigration Principles,House Majority Whip Kevin McCarthy (R-Calif.) said he would support allowing undocumented immigrants to stay in the U.S. But he stopped short of calling for a path to citizenship. McCarthy has been a longtime target of immigration activists.,center,center
Top House Republican Hints At Immigration Principles,House Majority Whip Kevin McCarthy (R-Calif.) said he would support allowing undocumented immigrants to stay in the U.S. But he stopped short of calling for a path to citizenship.,center,center
"G.O.P. Aide Quits After Ridiculing Obama’s Daughters, Sasha and Malia","Elizabeth Lauten, 31, wrote an open letter to Sasha and Malia Obama on her Facebook page. She said they should “try showing a little class” and “dress like you deserve respect, not a spot at a bar” A flood of angry responses quickly followed.",left,left
"G.O.P. Aide Quits After Ridiculing Obama’s Daughters, Sasha and Malia","Elizabeth Lauten, 31, wrote an open letter to Sasha and Malia Obama on her Facebook page. She said they should “try showing a little class” and “dress like you deserve respect, not a spot at a bar” A flood of angry responses quickly followed on the Internet.",left,left
"G.O.P. Aide Quits After Ridiculing Obama’s Daughters, Sasha and Malia","Elizabeth Lauten, 31, wrote an open letter to Sasha and Malia Obama on her Facebook page. She said they should “try showing a little class” and “dress like you deserve respect, not a spot at a bar” A flood of angry responses quickly followed on Twitter.",left,left
"G.O.P. Aide Quits After Ridiculing Obama’s Daughters, Sasha and Malia","Elizabeth Lauten, 31, wrote an open letter to Sasha and Malia Obama on her Facebook page. She said they should “try showing a little class” and “dress like you deserve respect, not a spot at a bar” The aide resigned as communications director to Representative Stephen Fincher.",left,right
"G.O.P. Aide Quits After Ridiculing Obama’s Daughters, Sasha and Malia","Elizabeth Lauten, 31, wrote an open letter to Sasha and Malia Obama on her Facebook page. She said they should “try showing a little class” and “dress like you deserve respect, not a spot at a bar” The aide, who has more than 14,000 followers on Twitter, later resigned.",center,right
"G.O.P. Aide Quits After Ridiculing Obama’s Daughters, Sasha and Malia","Elizabeth Lauten, 31, wrote an open letter to Sasha and Malia Obama on her Facebook page. She said they should “try showing a little class” and “dress like you deserve respect, not a spot at a bar” The aide, who has more than 14,000 followers on Twitter, resigned Monday.",center,right
"G.O.P. Aide Quits After Ridiculing Obama’s Daughters, Sasha and Malia","Elizabeth Lauten, 31, wrote an open letter to Sasha and Malia Obama on her Facebook page. She said they should “try showing a little class” and “dress like you deserve respect, not a spot at a bar” She later posted an apology for her “hurtful” words.",left,center
"G.O.P. Aide Quits After Ridiculing Obama’s Daughters, Sasha and Malia","Elizabeth Lauten, 31, wrote an open letter to Sasha and Malia Obama on her Facebook page. She said they should “try showing a little class” and “dress like you deserve respect, not a spot at a bar” She later posted an apology for her “hurtful’ words.",center,center
"G.O.P. Aide Quits After Ridiculing Obama’s Daughters, Sasha and Malia","Elizabeth Lauten, 31, wrote an open letter to Sasha and Malia Obama on her Facebook page. She said they should “try showing a little class” and “dress like you deserve respect, not a spot at a bar” Her views were widely circulated and eventually posted on Twitter by a reporter.",left,center
Aide to GOP lawmaker apologizes for Facebook post ripping Obama daughters,"Elizabeth Lauten wrote in a now-deleted Facebook post Friday that Malia and Sasha Obama, aged 16 and 13 respectively, should ""try showing a little class"" The communications pro also took a shot at President Obama and the first lady, writing ""your mother and father don’t respect their positions very much, or the nation for that matter""",right,left
Aide to GOP lawmaker apologizes for Facebook post ripping Obama daughters,"Elizabeth Lauten wrote in a now-deleted Facebook post Friday that Malia and Sasha Obama, aged 16 and 13 respectively, should ""try showing a little class"" The communications pro also took a shot at President Obama and the first lady, writing ""I’m guessing you’re coming up a little short in the 'good role model' department""",right,left
Aide to GOP lawmaker apologizes for Facebook post ripping Obama daughters,"Elizabeth Lauten wrote in a now-deleted Facebook post Friday that Malia and Sasha Obama, aged 16 and 13 respectively, should ""try showing a little class"" The communications pro also took a shot at President Obama and the first lady, writing ""your mother and father don’t respect their positions very much""",right,left
Aide to GOP lawmaker apologizes for Facebook post ripping Obama daughters,"Elizabeth Lauten wrote in a now-deleted Facebook post Friday that Malia and Sasha Obama, aged 16 and 13 respectively, should ""try showing a little class"" The communications pro also took a shot at President Obama and the first lady, writing ""your mother and father don’t respect their positions very much, or the nation for that matter"" The girls accompanied their father to Wednesday's ceremony, in which he pardoned two turkeys named Mac and Cheese.",right,right
Aide to GOP lawmaker apologizes for Facebook post ripping Obama daughters,"Elizabeth Lauten wrote in a now-deleted Facebook post Friday that Malia and Sasha Obama, aged 16 and 13 respectively, should ""try showing a little class"" The communications pro also took a shot at President Obama and the first lady, writing ""your mother and father don’t respect their positions very much, or the nation for that matter"" The girls accompanied their dad to Wednesday's ceremony, in which he pardoned two turkeys named Mac and Cheese.",right,right
Aide to GOP lawmaker apologizes for Facebook post ripping Obama daughters,"Elizabeth Lauten wrote in a now-deleted Facebook post Friday that Malia and Sasha Obama, aged 16 and 13 respectively, should ""try showing a little class"" The communications pro also took a shot at President Obama and the first lady, writing ""your mother and father don’t respect their positions very much, or the nation for that matter""",right,right
Aide to GOP lawmaker apologizes for Facebook post ripping Obama daughters,"Elizabeth Lauten wrote in a now-deleted Facebook post Friday that Malia and Sasha Obama, aged 16 and 13 respectively, should ""try showing a little class"" The communications pro also took a shot at President Obama and the first lady, writing ""your mother and father don’t respect their positions very much, or the nation for that matter""",right,center
Aide to GOP lawmaker apologizes for Facebook post ripping Obama daughters,"Elizabeth Lauten wrote in a now-deleted Facebook post Friday that Malia and Sasha Obama, aged 16 and 13 respectively, should ""try showing a little class"" The communications pro also took a shot at President Obama and the first lady, writing ""your mother and father don’t respect their positions very much, or the nation for that matter”",right,center
Aide to GOP lawmaker apologizes for Facebook post ripping Obama daughters,"Elizabeth Lauten wrote in a now-deleted Facebook post Friday that Malia and Sasha Obama, aged 16 and 13 respectively, should ""try showing a little class"" The communications pro also took a shot at President Obama and the first lady, writing ""your mother and father don’t respect their positions very much, or the nation""",right,center
Colorado's top cop defends pot law after challenges from neighboring states ,"Nebraska and Oklahoma say Colorado's pot law violates federal law. Colorado's attorney general says the lawsuit is without merit. Colorado has raised more than $60 million in taxes, licenses and fees from marijuana.",center,left
Colorado's top cop defends pot law after challenges from neighboring states ,"Nebraska and Oklahoma say Colorado's pot law violates federal law. Colorado's attorney general says the lawsuit is without merit. Colorado has raised more than $60 million in taxes, licenses and fees from pot.",center,left
Colorado's top cop defends pot law after challenges from neighboring states ,"Nebraska and Oklahoma say Colorado's pot law violates federal law. Colorado's attorney general says the lawsuit is without merit. Colorado has raised more than $60 million in taxes, licenses and fees.",center,left
Colorado's top cop defends pot law after challenges from neighboring states ,"Nebraska and Oklahoma want the U.S. Supreme Court to declare Colorado's marijuana law unconstitutional. The two states say the measure runs afoul of federal law and violates the Constitution's supremacy clause. Colorado has raised more than $60 million in taxes, licenses and fees from marijuana.",center,right
Colorado's top cop defends pot law after challenges from neighboring states ,"Nebraska and Oklahoma want the U.S. Supreme Court to declare Colorado's pot law unconstitutional. The two states say the drug is freely flowing into neighboring states. Colorado has raised more than $60 million in taxes, licenses and fees from medical and recreational marijuana.",center,right
Colorado's top cop defends pot law after challenges from neighboring states ,Nebraska and Oklahoma want the U.S. Supreme Court to declare Colorado's marijuana law unconstitutional. The two states say the measure runs afoul of federal law and violates the Constitution's supremacy clause. Colorado's top law enforcement official promises to vigorously defend the law.,center,right
Colorado's top cop defends pot law after challenges from neighboring states ,"Nebraska and Oklahoma say Colorado marijuana flows into their states. The two states filed a lawsuit seeking a court order to prevent Colorado from enforcing the measure. Colorado has raised more than $60 million in taxes, licenses and fees.",right,center
Colorado's top cop defends pot law after challenges from neighboring states ,Nebraska and Oklahoma say Colorado marijuana flows into their states. The two states filed a lawsuit seeking a court order to prevent Colorado from enforcing the measure. Colorado's top law enforcement official promises to vigorously defend the law.,right,center
Colorado's top cop defends pot law after challenges from neighboring states ,"Nebraska and Oklahoma say Colorado marijuana flows into their states. Colorado has raised more than $60 million in taxes, licenses and fees from medical and recreational marijuana.",center,center
"Eric Cantor Defeated by David Brat, Tea Party Challenger, in G.O.P. Primary Upset","Eric Cantor, the House majority leader, was soundly defeated on Tuesday by a Tea Party-backed economics professor. David Brat, a professor at Randolph-Macon College in Ashland, Va., toppled Mr. Cantor for being insufficiently conservative.",center,left
"Eric Cantor Defeated by David Brat, Tea Party Challenger, in G.O.P. Primary Upset","Eric Cantor, the House majority leader, was soundly defeated on Tuesday by a Tea Party-backed economics professor. David Brat, a professor at Randolph-Macon College in Ashland, Va., toppled Mr. Cantor for being soft on immigration.",center,left
"Eric Cantor Defeated by David Brat, Tea Party Challenger, in G.O.P. Primary Upset","Eric Cantor, the House majority leader, was soundly defeated on Tuesday by a Tea Party-backed economics professor. David Brat, a professor at Randolph-Macon College in Ashland, Va., toppled Mr. Cantor.",left,left
"Eric Cantor Defeated by David Brat, Tea Party Challenger, in G.O.P. Primary Upset","David Brat, a professor at Randolph-Macon College in Ashland, Va., toppled Mr. Cantor. Brat repeatedly criticized him for being soft on immigration and contending that he supported what critics call amnesty.",right,right
"Eric Cantor Defeated by David Brat, Tea Party Challenger, in G.O.P. Primary Upset","David Brat, a professor at Randolph-Macon College in Ashland, Va., toppled Mr. Cantor. Brat repeatedly criticized him for being soft on immigration and contending that he supported amnesty.",right,right
"Eric Cantor Defeated by David Brat, Tea Party Challenger, in G.O.P. Primary Upset","David Brat, a professor at Randolph-Macon College in Ashland, Va., toppled Mr. Cantor. Mr. Brat said that his candidacy had resonated with voters.",left,right
"Eric Cantor Defeated by David Brat, Tea Party Challenger, in G.O.P. Primary Upset","David Brat, a professor at Randolph-Macon College in Ashland, Va., toppled Mr. Cantor. Mr. Brat repeatedly criticized him for being soft on immigration and contending that he supported what critics call amnesty.",center,center
"Eric Cantor Defeated by David Brat, Tea Party Challenger, in G.O.P. Primary Upset","David Brat, a professor at Randolph-Macon College in Ashland, Va., toppled Mr. Cantor. Brat repeatedly criticized him for being soft on immigration and contending that he supported what critics call amnesty.",right,center
"Eric Cantor Defeated by David Brat, Tea Party Challenger, in G.O.P. Primary Upset","David Brat, a professor at Randolph-Macon College in Ashland, Va., toppled Mr. Cantor. Mr. Brat repeatedly criticized him for being soft on immigration.",left,center
U.S. Attorney Subpoenas Christie’s Campaign and New Jersey G.O.P.,Federal prosecutors in New Jersey have issued grand jury subpoenas to Gov. Chris Christie’s re-election campaign and the state Republican Party. The subpoenas are part of a preliminary inquiry into accusations that aides to Mr. Christie shut down access lanes to the George Washington Bridge as political retribution.,center,left
U.S. Attorney Subpoenas Christie’s Campaign and New Jersey G.O.P.,Federal prosecutors in New Jersey have issued grand jury subpoenas to Gov. Chris Christie’s re-election campaign and the state Republican Party. The subpoenas are part of a preliminary inquiry into accusations that aides to Mr. Christie shut down access lanes to the George Washington Bridge as political retribution.,center,left
U.S. Attorney Subpoenas Christie’s Campaign and New Jersey G.O.P.,Federal prosecutors in New Jersey have issued grand jury subpoenas to Gov. Chris Christie's re-election campaign and the state Republican Party. The subpoenas are part of a preliminary inquiry into accusations that aides to Mr. Christie shut down access lanes to the George Washington Bridge as political retribution.,center,left
U.S. Attorney Subpoenas Christie’s Campaign and New Jersey G.O.P.,Federal prosecutors in New Jersey have issued grand jury subpoenas to Gov. Chris Christie’s re-election campaign and the state Republican Party. It is part of a preliminary inquiry into accusations that aides to Mr. Christie shut down access lanes to the George Washington Bridge as political retribution.,center,right
U.S. Attorney Subpoenas Christie’s Campaign and New Jersey G.O.P.,Federal prosecutors in New Jersey have issued grand jury subpoenas to Gov. Chris Christie’s re-election campaign and the state Republican Party. The subpoenas are part of a preliminary inquiry into accusations that aides to Christie shut down access lanes to the George Washington Bridge as political retribution.,center,right
U.S. Attorney Subpoenas Christie’s Campaign and New Jersey G.O.P.,Federal prosecutors in New Jersey have issued grand jury subpoenas to Gov. Chris Christie’s re-election campaign and the state Republican Party.,center,right
U.S. Attorney Subpoenas Christie’s Campaign and New Jersey G.O.P.,Prosecutors in New Jersey have issued grand jury subpoenas to Gov. Chris Christie's re-election campaign and the state Republican Party. The subpoenas are part of a preliminary inquiry into accusations that aides to Mr. Christie shut down access lanes to the George Washington Bridge as political retribution.,center,center
U.S. Attorney Subpoenas Christie’s Campaign and New Jersey G.O.P.,Prosecutors in New Jersey have issued grand jury subpoenas to Gov. Chris Christie’s re-election campaign and the state Republican Party. They are part of a preliminary inquiry into accusations that aides to Mr. Christie shut down access lanes to the George Washington Bridge as political retribution.,center,center
U.S. Attorney Subpoenas Christie’s Campaign and New Jersey G.O.P.,Prosecutors in New Jersey have issued grand jury subpoenas to Gov. Chris Christie’s re-election campaign and the state Republican Party.,center,center
nan,"Rep. Raúl R. Labrador, a Republican of Idaho, jumped into the race for House majority leader on Friday. Labrador is offering himself as the more conservative alternative who could pull the House rightward.",left,left
nan,"Rep. Raúl R. Labrador, a Republican of Idaho, jumped into the race for House majority leader on Friday. Labrador is a former immigration lawyer elected in the Tea Party wave of 2010.",center,left
nan,"Rep. Raúl R. Labrador, a Republican of Idaho, jumped into the race for House majority leader on Friday. Labrador is offering himself as the more conservative alternative.",left,left
nan,"Rep. Raúl R. Labrador, a Republican of Idaho, jumped into the race for House majority leader on Friday. Labrador is offering himself as the more conservative alternative who could pull the House rightward.",left,right
nan,"Rep. Raúl R. Labrador, a Republican of Idaho, jumped into the race for House majority leader on Friday. Mr. Labrador is offering himself as the more conservative alternative.",left,right
nan,"Rep. Raúl R. Labrador, a Republican of Idaho, jumped into the race for House majority leader on Friday. Mr. Labrador has barely served two terms in Congress.",center,right
nan,"Rep. Raúl R. Labrador, a Republican of Idaho, jumped into the race for House majority leader. Labrador is a former immigration lawyer elected in the Tea Party wave of 2010.",center,center
nan,"Rep. Raúl R. Labrador, a Republican of Idaho, jumped into the race for House majority leader. Labrador is offering himself as the more conservative alternative who could pull the House rightward.",left,center
nan,"Rep. Raúl R. Labrador, a Republican of Idaho, jumped into the race for House majority leader. Labrador is offering himself as the more conservative alternative.",left,center
Raul Labrador To Run for House Majority Leader,"Raul Labrador, a two-term Republican congressman from Idaho, will run for the No. 2 job in the House of Representatives. Labrador will challenge House Majority Whip Kevin McCarthy (R-Calif.) for the position of House majority leader.",left,left
Raul Labrador To Run for House Majority Leader,"Raul Labrador, a two-term Republican congressman from Idaho, will run for the No. 2 job in the House. The former immigration attorney stepped forward to run after a number of other conservative House Republicans declined to.",center,left
Raul Labrador To Run for House Majority Leader,"Raul Labrador, a two-term Republican congressman from Idaho, will run for the No. 2 job in the House. The former immigration attorney stepped forward after a number of other conservative House Republicans declined to.",center,left
Raul Labrador To Run for House Majority Leader,"Raul Labrador, a two-term Republican congressman from Idaho, said Friday he would run for the No. 2 job in the House of Representatives. Labrador will challenge House Majority Whip Kevin McCarthy for the position of House majority leader. McCarthy, 49, began gathering commitments from other House Republicans on Wednesday.",center,right
Raul Labrador To Run for House Majority Leader,"Raul Labrador, a two-term Republican congressman from Idaho, said Friday he would run for the No. 2 job in the House. Labrador, 46, is a Mormon father of five, tea party congressman and Puerto Rican-born only child of a single mother.",center,right
Raul Labrador To Run for House Majority Leader,"Raul Labrador, a two-term Republican congressman from Idaho, said Friday he would run for the No. 2 job in the House of Representatives. Labrador will challenge House Majority Whip Kevin McCarthy (R-Calif.) for the position of House majority leader.",center,right
Raul Labrador To Run for House Majority Leader,"Raul Labrador, a 46-year-old Mormon father of five, will challenge House Majority Whip Kevin McCarthy. McCarthy, 49, began gathering commitments from other House Republicans on Wednesday. The election is Thursday -- leaving little time for Labrador to build momentum and peel off votes from McCarthy.",center,center
Raul Labrador To Run for House Majority Leader,"Raul Labrador, a 46-year-old Mormon father of five, will challenge House Majority Whip Kevin McCarthy. McCarthy, 49, began gathering commitments from other House Republicans on Wednesday, the day after then-Majority Leader Eric Cantor (R-Va.) suffered a stunning loss.",center,center
Raul Labrador To Run for House Majority Leader,"Raul Labrador, a 46-year-old Mormon father of five, will challenge House Majority Whip Kevin McCarthy. McCarthy, 49, began gathering commitments from other House Republicans on Wednesday. The election is Thursday -- leaving little time for Labrador to build momentum and peel off votes.",center,center
Democratic Senate Candidate Faces Harsh Criticism Over Farmer Comments,Rep. Bruce Braley (D-Iowa) is running to succeed retiring Sen. Tom Harkin. Braley made the comments at a January fundraiser in Texas. The Iowa Republican Party and a number of Braley's potential Republican opponents condemned his remarks.,left,left
Democratic Senate Candidate Faces Harsh Criticism Over Farmer Comments,Rep. Bruce Braley (D-Iowa) is running to succeed retiring Sen. Tom Harkin. Braley made the comments at a January fundraiser in Texas. The Iowa Republican Party and a number of Braley's potential GOP opponents condemned his remarks.,left,left
Democratic Senate Candidate Faces Harsh Criticism Over Farmer Comments,Rep. Bruce Braley (D-Iowa) is running to succeed retiring Sen. Tom Harkin. Braley made the comments at a January fundraiser in Texas.,left,left
Democratic Senate Candidate Faces Harsh Criticism Over Farmer Comments,Rep. Bruce Braley (D-Iowa) is running to succeed retiring Sen. Tom Harkin. Braley made the comments at a January fundraiser in Texas. He apologized to Grassley in person.,left,right
Democratic Senate Candidate Faces Harsh Criticism Over Farmer Comments,Rep. Bruce Braley (D-Iowa) is running to succeed retiring Sen. Tom Harkin. Braley made the comments at a January fundraiser in Texas.,left,right
Democratic Senate Candidate Faces Harsh Criticism Over Farmer Comments,Rep. Bruce Braley (D-Iowa) is running to succeed retiring Sen. Tom Harkin. Braley made the comments at a January fundraiser in Texas.,left,right
Democratic Senate Candidate Faces Harsh Criticism Over Farmer Comments,Rep. Bruce Braley (D-Iowa) made the comments at a January fundraiser. Braley is running to succeed retiring Sen. Tom Harkin.,left,center
Democratic Senate Candidate Faces Harsh Criticism Over Farmer Comments,Rep. Bruce Braley (D-Iowa) made the comments at a January fundraiser. Braley is running to succeed retiring Sen. Tom Harkin (D) in the Senate.,left,center
Democratic Senate Candidate Faces Harsh Criticism Over Farmer Comments,Rep. Bruce Braley (D-Iowa) made the comments at a January fundraiser. Braley is running to succeed retiring Sen. Tom Harkin (D),left,center
Eric Holder Hears From The People Of Ferguson Face To Face,"Attorney General Eric Holder says he understands ""the mistrust"" between some residents and the police. Holder: ""I am the attorney general of the United States, but I am also a black man"" Holder: The issues raised by Michael Brown's death have simmered ""beneath the surface"" in more communities than just Ferguson.",left,left
Eric Holder Hears From The People Of Ferguson Face To Face,"Attorney General Eric Holder says he understands ""the mistrust"" between some residents and the police. Holder: ""I am the attorney general of the United States, but I am also a black man"" Holder: The issues raised by Michael Brown's death have simmered “beneath the surface in more communities than just Ferguson.",left,left
Eric Holder Hears From The People Of Ferguson Face To Face,"Attorney General Eric Holder says he understands ""the mistrust"" between some residents and the police. Holder: ""I am the attorney general of the United States, but I am also a black man"" Holder: The issues raised by Michael Brown's death have simmered “beneath the surface in more communities than just Ferguson""",left,left
Eric Holder Hears From The People Of Ferguson Face To Face,"Attorney General Eric Holder met with students at St. Louis Community College–Florissant Valley. Holder told the students he understands ""the mistrust"" between some residents and the police. Holder also met with community members at Drake's Place restaurant in Ferguson.",right,right
Eric Holder Hears From The People Of Ferguson Face To Face,"Attorney General Eric Holder met with students at St. Louis Community College–Florissant Valley. Holder told the students he understands ""the mistrust"" between some residents and the police. Holder also met with residents at Drake's Place restaurant in Ferguson.",right,right
Eric Holder Hears From The People Of Ferguson Face To Face,"Attorney General Eric Holder met with students at St. Louis Community College–Florissant Valley. Holder told the students he understands ""the mistrust"" between some residents and the police. Holder also met with other community members at Drake's Place restaurant.",right,right
Eric Holder Hears From The People Of Ferguson Face To Face,"Attorney General Eric Holder says he understands ""the mistrust"" between some residents and police. Holder: ""I am the attorney general of the United States, but I am also a black man"" Holder: Issues raised by Michael Brown's death have simmered ""beneath the surface"" in more communities than just Ferguson.",left,center
Eric Holder Hears From The People Of Ferguson Face To Face,"Attorney General Eric Holder says he understands ""the mistrust"" between some residents and police. Holder: ""I am the attorney general of the United States, but I am also a black man"" The issues raised by Michael Brown's death have simmered ""beneath the surface"" in more communities than just Ferguson.",center,center
Eric Holder Hears From The People Of Ferguson Face To Face,"Attorney General Eric Holder says he understands ""the mistrust"" between some residents and police. Holder: ""I am the attorney general of the United States, but I am also a black man"" The issues raised by Michael Brown's death have simmered “beneath the surface in more communities than just Ferguson.",center,center
Prominent Republicans call for Ariz. Gov. Jan Brewer to veto bill allowing denial of service to gays,Gov. Jan Brewer has not said how she'll act on the controversial bill. The bill would allow businesses to deny service to gays. Mitt Romney is the latest prominent voice to urge Brewer to veto the bill.,left,left
Prominent Republicans call for Ariz. Gov. Jan Brewer to veto bill allowing denial of service to gays,Gov. Jan Brewer has not said how she'll act on the controversial bill. The bill would allow businesses to deny service to gays. Mitt Romney is the latest prominent voice urging Brewer to veto the bill.,left,left
Prominent Republicans call for Ariz. Gov. Jan Brewer to veto bill allowing denial of service to gays,Gov. Jan Brewer has not said how she'll act on the controversial bill. The bill would allow businesses to deny service to gays. Mitt Romney is the latest prominent voice to call for a veto.,left,left
Prominent Republicans call for Ariz. Gov. Jan Brewer to veto bill allowing denial of service to gays,The Arizona Legislature passed a bill last week allowing businesses whose owners cite sincerely held religious beliefs to deny service to gays. Former GOP presidential nominee Mitt Romney was the latest prominent voice to weigh in and urge Brewer to veto the bill. Brewer will likely spend the next day or more pondering Senate Bill 1062.,right,right
Prominent Republicans call for Ariz. Gov. Jan Brewer to veto bill allowing denial of service to gays,The Arizona Legislature passed a bill last week allowing businesses whose owners cite sincerely held religious beliefs to deny service to gays. Former GOP presidential nominee Mitt Romney was the latest prominent voice to urge Brewer to veto the bill. Brewer will likely spend the next day or more pondering Senate Bill 1062.,right,right
Prominent Republicans call for Ariz. Gov. Jan Brewer to veto bill allowing denial of service to gays,The Arizona Legislature passed a bill last week allowing businesses whose owners cite sincerely held religious beliefs to deny service to gays. The legislation has caused a national uproar. Former GOP presidential nominee Mitt Romney was the latest prominent voice to weigh in and urge Brewer to veto the bill.,right,right
Prominent Republicans call for Ariz. Gov. Jan Brewer to veto bill allowing denial of service to gays,Gov. Jan Brewer is expected to sign or veto Senate Bill 1062. Bill would allow businesses to deny service to gays if they cite sincerely held religious beliefs. Mitt Romney is the latest prominent voice to urge Brewer to veto the bill. The bill has caused a national uproar.,right,center
Prominent Republicans call for Ariz. Gov. Jan Brewer to veto bill allowing denial of service to gays,Gov. Jan Brewer is expected to sign or veto Senate Bill 1062. Bill would allow businesses to deny service to gays if they cite sincerely held religious beliefs. Mitt Romney is the latest prominent voice to urge Brewer to veto the bill.,right,center
Prominent Republicans call for Ariz. Gov. Jan Brewer to veto bill allowing denial of service to gays,Gov. Jan Brewer is expected to sign or veto Senate Bill 1062. Bill would allow businesses to deny service to gays if they cite sincerely held religious beliefs. Mitt Romney is the latest prominent voice calling for Brewer to veto the bill.,right,center
GOP Staffer Apologizes For Lecturing Obama Daughters To 'Show A Little Class',"Elizabeth Lauten, the communications director for Rep. Stephen Fincher (R-Tenn.), wrote that the two teenagers should ""try showing a little class"" The First Daughters join President Obama at the ceremony every year, where they can hardly contain their disdain for the lame dad jokes that predictably follow.",left,left
GOP Staffer Apologizes For Lecturing Obama Daughters To 'Show A Little Class',"Elizabeth Lauten, the communications director for Rep. Stephen Fincher (R-Tenn.), wrote that the two teenagers should ""try showing a little class"" Malia even declined her father's offer to pet one of the pardoned turkeys with a nonchalant, ""Nah""",left,left
GOP Staffer Apologizes For Lecturing Obama Daughters To 'Show A Little Class',"Elizabeth Lauten, the communications director for Rep. Stephen Fincher (R-Tenn.), wrote that the two teenagers should ""try showing a little class"" The First Daughters join President Obama at the ceremony every year, where they can hardly contain their disdain for the lame dad jokes.",left,left
GOP Staffer Apologizes For Lecturing Obama Daughters To 'Show A Little Class',"Elizabeth Lauten, the communications director for Rep. Stephen Fincher (R-Tenn.), wrote that the two teenagers should ""try showing a little class"" The First Daughters join President Obama at the ceremony every year, where they can hardly contain their disdain.",left,right
GOP Staffer Apologizes For Lecturing Obama Daughters To 'Show A Little Class',"Elizabeth Lauten, the communications director for Rep. Stephen Fincher (R-Tenn.), wrote that the two teenagers should ""try showing a little class"" The First Daughters join President Obama at the ceremony every year.",left,right
GOP Staffer Apologizes For Lecturing Obama Daughters To 'Show A Little Class',"Elizabeth Lauten, the communications director for Rep. Stephen Fincher (R-Tenn.), wrote that the two teenagers should ""try showing a little class"" The First Daughters join President Obama at the annual turkey pardon ceremony every year.",left,right
GOP Staffer Apologizes For Lecturing Obama Daughters To 'Show A Little Class',"Elizabeth Lauten, the communications director for Rep. Stephen Fincher (R-Tenn.), wrote that the two teenagers should ""try showing a little class"" The First Daughters join President Obama at the ceremony every year, where they can hardly contain their disdain for the lame dad jokes.",left,center
GOP Staffer Apologizes For Lecturing Obama Daughters To 'Show A Little Class',"Elizabeth Lauten, the communications director for Rep. Stephen Fincher (R-Tenn.), wrote that the two teenagers should ""try showing a little class"" The First Daughters join President Obama at the ceremony every year, where they can hardly contain their disdain.",left,center
GOP Staffer Apologizes For Lecturing Obama Daughters To 'Show A Little Class',"Elizabeth Lauten, the communications director for Rep. Stephen Fincher (R-Tenn.), wrote that the two teenagers should ""try showing a little class"" The First Daughters join President Obama at the ceremony every year.",left,center
Nebraska and Oklahoma Sue Colorado Over Marijuana Law,"Nebraska and Oklahoma accuse Colorado of leaving huge holes in marijuana rules that allowed the plant to flow out of state. Colorado’s attorney general, John Suthers, a Republican, said the challenge from Nebraska and Oklahoma was “without merit”",center,left
Nebraska and Oklahoma Sue Colorado Over Marijuana Law,"Nebraska and Oklahoma accuse Colorado of leaving huge holes in marijuana rules that allowed the plant to flow out of state. Colorado’s attorney general, John Suthers, a Republican, said the challenge from Nebraska and Oklahoma was “without merit.”",center,left
Nebraska and Oklahoma Sue Colorado Over Marijuana Law,Nebraska and Oklahoma accuse Colorado of leaving huge holes in marijuana rules that allowed the plant to flow out of state. The suit does not specifically seek to overturn the portion of Amendment 64 that made marijuana legal for personal use and possession.,center,left
Nebraska and Oklahoma Sue Colorado Over Marijuana Law,"Nebraska and Oklahoma accuse Colorado of leaving huge holes in marijuana rules that allowed the plant to flow out of state. Colorado’s attorney general, John Suthers, said in a statement that the challenge from Nebraska and Oklahoma was “without merit”",left,right
Nebraska and Oklahoma Sue Colorado Over Marijuana Law,"Nebraska and Oklahoma accuse Colorado of leaving huge holes in marijuana rules that allowed the plant to flow out of state. Colorado’s attorney general, John Suthers, a Republican, said the challenge from Nebraska and Oklahoma was “without merit”",center,right
Nebraska and Oklahoma Sue Colorado Over Marijuana Law,"Nebraska and Oklahoma accuse Colorado of leaving huge holes in marijuana rules that allowed the plant to flow out of state. Colorado’s attorney general, John Suthers, said in a statement that the challenge from Nebraska and Oklahoma was “without merit’",left,right
Nebraska and Oklahoma Sue Colorado Over Marijuana Law,The lawsuit was brought by attorneys general in Nebraska and Oklahoma. It asks the United States Supreme Court to strike down key parts of a 2012 voter-approved measure that legalized marijuana in Colorado for adult use. Some sheriffs and police officers in rural counties bordering Colorado have complained that they have seen more marijuana entering their towns.,center,center
Nebraska and Oklahoma Sue Colorado Over Marijuana Law,The lawsuit was brought by attorneys general in Nebraska and Oklahoma. It asks the United States Supreme Court to strike down key parts of a 2012 voter-approved measure that legalized marijuana in Colorado for adult use.,center,center
Nebraska and Oklahoma Sue Colorado Over Marijuana Law,The lawsuit was brought by attorneys general in Nebraska and Oklahoma. It asks the U.S. Supreme Court to strike down key parts of a 2012 voter-approved measure that legalized marijuana in Colorado for adult use.,center,center
"Nebraska, Oklahoma File Federal Suit Against Colorado Over Marijuana Legalization",Nebraska and Oklahoma filed a federal lawsuit in the U.S. Supreme Court Thursday. The states say Colorado's legalization of recreational marijuana is unconstitutional. Colorado's attorney general says he intends to defend the state's marijuana laws.,center,left
"Nebraska, Oklahoma File Federal Suit Against Colorado Over Marijuana Legalization",Nebraska and Oklahoma filed a federal lawsuit in the U.S. Supreme Court Thursday. The states say Colorado's legalization of recreational marijuana is unconstitutional. Colorado's attorney general says he will defend the state's marijuana laws.,center,left
"Nebraska, Oklahoma File Federal Suit Against Colorado Over Marijuana Legalization","Nebraska and Oklahoma filed a federal lawsuit in the U.S. Supreme Court Thursday. The states say Colorado's legalization of recreational marijuana is unconstitutional. Colorado's attorney general says the suit is ""without merit""",center,left
"Nebraska, Oklahoma File Federal Suit Against Colorado Over Marijuana Legalization",Nebraska and Oklahoma filed a federal lawsuit in the U.S. Supreme Court Thursday. The states claim Colorado's legalization of recreational marijuana is unconstitutional under federal law. Colorado's attorney general says he intends to defend the state's marijuana laws.,center,right
"Nebraska, Oklahoma File Federal Suit Against Colorado Over Marijuana Legalization",Nebraska and Oklahoma filed a federal lawsuit in the U.S. Supreme Court Thursday. They claim Colorado's legalization of recreational marijuana is unconstitutional under federal law. Colorado's attorney general says he intends to defend the state's marijuana laws.,center,right
"Nebraska, Oklahoma File Federal Suit Against Colorado Over Marijuana Legalization",Nebraska and Oklahoma filed a federal lawsuit in the U.S. Supreme Court Thursday. The states say Colorado's legalization of recreational marijuana is unconstitutional. Colorado's attorney general says he intends to defend the state's marijuana laws.,center,right
"Nebraska, Oklahoma File Federal Suit Against Colorado Over Marijuana Legalization",Nebraska and Oklahoma filed a federal lawsuit in the U.S. Supreme Court Thursday. They claim Colorado's legalization of recreational marijuana is unconstitutional under federal law. Colorado's attorney general says he intends to defend the state's marijuana laws.,center,center
"Nebraska, Oklahoma File Federal Suit Against Colorado Over Marijuana Legalization",Nebraska and Oklahoma filed a federal lawsuit in the U.S. Supreme Court Thursday. They claim that Colorado's legalization of recreational marijuana is unconstitutional under federal law. Colorado's attorney general says he intends to defend the state's marijuana laws.,center,center
"Nebraska, Oklahoma File Federal Suit Against Colorado Over Marijuana Legalization",Nebraska and Oklahoma filed a federal lawsuit in the U.S. Supreme Court Thursday. They claim Colorado's legalization of recreational marijuana is unconstitutional under federal law. Colorado's attorney general says he will defend the state's marijuana laws.,center,center
Third-Highest Ranking Republican In U.S. House Calls For Legalizing Undocumented Immigrants,"Majority Whip Kevin McCarthy says he agrees with giving undocumented immigrants a chance to legalize their status. McCarthy made his comments in an interview with KBFX-TV in Bakersfield, Calif. McCarthy is the third-ranking Republican in the House of Representatives.",right,left
Third-Highest Ranking Republican In U.S. House Calls For Legalizing Undocumented Immigrants,"Majority Whip Kevin McCarthy says he agrees with giving undocumented immigrants a chance to legalize their status. McCarthy made his comments in an interview with KBFX-TV in Bakersfield, Calif. McCarthy is the third-ranking Republican in the House.",right,left
Third-Highest Ranking Republican In U.S. House Calls For Legalizing Undocumented Immigrants,"Majority Whip Kevin McCarthy says he agrees with giving undocumented immigrants a chance to legalize their status. McCarthy made his comments in an interview with KBFX-TV in Bakersfield, Calif.",right,left
Third-Highest Ranking Republican In U.S. House Calls For Legalizing Undocumented Immigrants,"McCarthy: “The principles aren’t written yet, but in my personal belief, I think it’ll go with legal status that will allow you to work and pay taxes.” House Republican immigration principles reportedly will cover how the U.S. border should be protected, how immigration laws should be enforced inside the United States.",center,right
Third-Highest Ranking Republican In U.S. House Calls For Legalizing Undocumented Immigrants,"McCarthy: “The principles aren’t written yet, but in my personal belief, I think it’ll go with legal status that will allow you to work and pay taxes.” House Republican immigration principles reportedly will cover how the U.S. border should be protected, and how immigration laws should be enforced inside the United States.",center,right
Third-Highest Ranking Republican In U.S. House Calls For Legalizing Undocumented Immigrants,"McCarthy: “The principles aren’t written yet, but in my personal belief, I think it’ll go with legal status that will allow you to work and pay taxes.” House Republican immigration principles reportedly will cover how the U.S. border should be protected.",center,right
Third-Highest Ranking Republican In U.S. House Calls For Legalizing Undocumented Immigrants,"Majority Whip Kevin McCarthy said he agrees with giving undocumented immigrants a chance to legalize their status. McCarthy made his comments in an interview with KBFX-TV in Bakersfield, Calif. His fellow GOP lawmakers are expected to unveil any day a set of “immigration principles’ that reportedly call for a path to legal status for undocumented immigrants.",right,center
Third-Highest Ranking Republican In U.S. House Calls For Legalizing Undocumented Immigrants,"Majority Whip Kevin McCarthy said he agrees with giving undocumented immigrants a chance to legalize their status. McCarthy made his comments in an interview with KBFX-TV in Bakersfield, Calif. His fellow GOP lawmakers are expected to unveil any day a set of “immigration principles” that reportedly call for a path to legal status for undocumented immigrants.",right,center
Third-Highest Ranking Republican In U.S. House Calls For Legalizing Undocumented Immigrants,"Majority Whip Kevin McCarthy said he agrees with giving undocumented immigrants a chance to legalize their status. McCarthy made his comments in an interview with KBFX-TV in Bakersfield, Calif. His fellow GOP lawmakers are expected to unveil a set of “immigration principles’ that reportedly call for a path to legal status for undocumented immigrants.",right,center
House Republicans to Offer Broad Immigration Plan,"Speaker John A. Boehner of Ohio and other Republican leaders are expected to release a one-page statement of immigration principles this week. The document is expected to call for border security and enforcement measures, as well as providing a path to legal status for many of the 11 million undocumented immigrants.",left,left
House Republicans to Offer Broad Immigration Plan,"Speaker John A. Boehner of Ohio and other Republican leaders are expected to release a one-page statement of immigration principles this week. The document is expected to call for border security and enforcement measures, as well as providing a path to legal status for many of the 11 million undocumented immigrants.",left,left
House Republicans to Offer Broad Immigration Plan,"Speaker John A. Boehner of Ohio and other Republican leaders are expected to release a one-page statement of immigration principles this week. The document is expected to call for border security and enforcement measures, as well as providing a path to legal status — but not citizenship.",center,left
House Republicans to Offer Broad Immigration Plan,"House Republicans are preparing to unveil their own broad template for overhauling the nation’s immigration system this week. The document is expected to call for border security and enforcement measures, as well as providing a path to legal status for many of the 11 million undocumented immigrants.",center,right
House Republicans to Offer Broad Immigration Plan,"House Republicans are preparing to unveil their own broad template for overhauling the nation’s immigration system this week. The document is expected to call for border security and enforcement measures, as well as providing a path to legal status — but not citizenship.",center,right
House Republicans to Offer Broad Immigration Plan,"House Republicans are preparing to unveil their own broad template for overhauling the nation’s immigration system this week. The document is expected to call for border security and enforcement measures, as well as providing a path to legal status.",center,right
House Republicans to Offer Broad Immigration Plan,"Speaker John A. Boehner and other Republican leaders are expected to release a one-page statement of immigration principles this week. The document is expected to call for border security and enforcement measures, as well as providing a path to legal status.",center,center
House Republicans to Offer Broad Immigration Plan,Speaker John A. Boehner of Ohio and other Republican leaders are expected to release a one-page statement of immigration principles this week. The document is expected to call for border security and enforcement measures.,left,center
House Republicans to Offer Broad Immigration Plan,Speaker John A. Boehner and other Republican leaders are expected to release a one-page statement of immigration principles this week. The document is expected to call for border security and enforcement measures.,center,center
"Indictment Expected for Grimm, Staten Island Congressman","Rep. Michael G. Grimm, a former F.B.I. agent and Marine, was expected to be indicted on federal fraud charges. The charges were expected to include mail fraud and wire fraud, and to focus largely on his conduct in connection with a health food restaurant he owned.",left,left
"Indictment Expected for Grimm, Staten Island Congressman","Rep. Michael G. Grimm, a former F.B.I. agent and Marine, was expected to be indicted on federal fraud charges after a lengthy corruption investigation. The charges were expected to include mail fraud and wire fraud, and to focus largely on his conduct in connection with a health food restaurant.",center,left
"Indictment Expected for Grimm, Staten Island Congressman","Rep. Michael G. Grimm, a former F.B.I. agent and Marine, was expected to be indicted on federal fraud charges. The charges were expected to include mail fraud and wire fraud, and to focus largely on his conduct in connection with a health food restaurant.",center,left
"Indictment Expected for Grimm, Staten Island Congressman","Rep. Michael G. Grimm, a former F.B.I. agent and Marine, was expected to be indicted on federal fraud charges after a lengthy corruption investigation. The charges against Mr. Grimm were expected to include mail fraud and wire fraud, and to focus largely on his conduct in connection with a health food restaurant he owned.",center,right
"Indictment Expected for Grimm, Staten Island Congressman","Rep. Michael G. Grimm, a former F.B.I. agent and Marine, was expected to be indicted on federal fraud charges after a lengthy corruption investigation. The charges were expected to include mail fraud and wire fraud, and to focus largely on his conduct in connection with a health food restaurant he owned.",center,right
"Indictment Expected for Grimm, Staten Island Congressman","Rep. Michael G. Grimm, a former F.B.I. agent and Marine, was expected to be indicted on federal fraud charges after a lengthy corruption investigation. The charges against Mr. Grimm were expected to include mail fraud and wire fraud.",center,right
"Indictment Expected for Grimm, Staten Island Congressman","Rep. Michael G. Grimm, a former F.B.I. agent and Marine, was expected to be indicted on federal fraud charges. The charges were expected to include mail fraud and wire fraud, and to focus on his conduct in connection with a health food restaurant he owned.",left,center
"Indictment Expected for Grimm, Staten Island Congressman","Rep. Michael G. Grimm, a former F.B.I. agent and Marine, was expected to be indicted on federal fraud charges. The charges were expected to include mail fraud and wire fraud, and to focus largely on his conduct in connection with a health food restaurant.",center,center
"Indictment Expected for Grimm, Staten Island Congressman","Rep. Michael G. Grimm, a former F.B.I. agent and Marine, was expected to be indicted on federal fraud charges. The charges were expected to include mail fraud and wire fraud.",center,center
GOP Congressman Expected To Be Indicted,"Rep. Michael Grimm (R-N.Y.) is expected to be indicted by the U.S. attorney for the Eastern District of New York. Grimm's lawyer: ""We are disappointed by the government’s decision, but hardly surprised"" Grimm was in the news in January after he physically threatened a reporter in the Capitol.",center,left
GOP Congressman Expected To Be Indicted,"Rep. Michael Grimm (R-N.Y.) is expected to be indicted by the U.S. attorney for the Eastern District of New York. Grimm's lawyer: ""We are disappointed by the government’s decision, but hardly surprised"" The charges against Grimm ""will include mail fraud and wire fraud,"" the New York Times reports.",center,left
GOP Congressman Expected To Be Indicted,"Rep. Michael Grimm (R-N.Y.) is expected to be indicted by the U.S. attorney for the Eastern District of New York. Grimm's lawyer: ""We are disappointed by the government’s decision, but hardly surprised"" The charges against Grimm ""will include mail fraud and wire fraud,"" the New York Times reported.",center,left
GOP Congressman Expected To Be Indicted,"Rep. Michael Grimm (R-N.Y.) is expected to be indicted by the U.S. attorney for the Eastern District of New York. Grimm's lawyer, William McGinley, said in a statement that the Justice Department ""has disclosed its intent to file criminal charges"" The charges against Grimm ""will include mail fraud and wire fraud,"" the New York Times reports.",center,right
GOP Congressman Expected To Be Indicted,"Rep. Michael Grimm (R-N.Y.) is expected to be indicted by the U.S. attorney for the Eastern District of New York. Grimm's lawyer, William McGinley, said in a statement that the Justice Department ""has disclosed its intent to file criminal charges"" The charges against Grimm ""will include mail fraud and wire fraud,"" the New York Times reported.",center,right
GOP Congressman Expected To Be Indicted,"Rep. Michael Grimm (R-N.Y.) is expected to be indicted by the U.S. attorney for the Eastern District of New York. Grimm's lawyer, William McGinley, said in a statement that the Justice Department ""has disclosed its intent to file criminal charges"" Grimm was in the news in January after he physically threatened a reporter in the Capitol.",center,right
GOP Congressman Expected To Be Indicted,"Rep. Michael Grimm (R-N.Y.) is expected to be indicted by the U.S. attorney for the Eastern District of New York. Grimm's lawyer, William McGinley, said in a statement that the Justice Department ""has disclosed its intent to file criminal charges"" The charges against Grimm ""will include mail fraud and wire fraud,"" the New York Times reports. Grimm is likely to turn himself in once the indictment is unsealed.",center,center
GOP Congressman Expected To Be Indicted,"Rep. Michael Grimm (R-N.Y.) is expected to be indicted by the U.S. attorney for the Eastern District of New York. Grimm's lawyer, William McGinley, said in a statement that the Justice Department ""has disclosed its intent to file criminal charges"" The charges against Grimm ""will include mail fraud and wire fraud,"" the New York Times reports.",center,center
GOP Congressman Expected To Be Indicted,"Rep. Michael Grimm (R-N.Y.) is expected to be indicted by the U.S. attorney for the Eastern District of New York. Grimm's lawyer, William McGinley, said in a statement that the Justice Department ""has disclosed its intent to file criminal charges"" The charges against Grimm ""will include mail fraud and wire fraud,"" the New York Times reported.",center,center
Representative Apologizes for Criticizing Iowa Senator,"Iowa Rep. Bruce Braley apologized to Senator Charles E. Grassley and “anyone I may have offended” after video emerged of him warning that “a farmer from Iowa who never went to law school, never practiced law’",right,left
Representative Apologizes for Criticizing Iowa Senator,Iowa Rep. Bruce Braley apologized to Senator Charles E. Grassley and “anyone I may have offended” after video emerged. Mr. Braley was explaining why he should go to the Senate instead of his Republican opponent.,right,left
Representative Apologizes for Criticizing Iowa Senator,Iowa Rep. Bruce Braley apologized to Senator Charles E. Grassley and “anyone I may have offended’,right,left
Representative Apologizes for Criticizing Iowa Senator,"Bruce Braley, an Iowa Democrat running for Senate, apologized to Senator Charles E. Grassley. Mr. Braley is not running against Mr. Grassley, who plans to seek a seventh term in 2016. As the ranking Republican on the Judiciary Committee, he could assume the chairmanship.",center,right
Representative Apologizes for Criticizing Iowa Senator,"Bruce Braley, an Iowa Democrat running for Senate, apologized to Senator Charles E. Grassley. Mr. Braley is not running against Mr. Grassley, who plans to seek a seventh term in 2016.",center,right
Representative Apologizes for Criticizing Iowa Senator,"Bruce Braley, an Iowa Democrat running for Senate, apologized to Senator Charles E. Grassley. Mr. Braley is not running against Mr. Grassley, who plans to seek a seventh term.",center,right
Representative Apologizes for Criticizing Iowa Senator,"Iowa Rep. Bruce Braley apologized to Senator Charles E. Grassley and “anyone I may have offended” Mr. Braley is not running against Mr. Grassley, who plans to seek a seventh term in 2016.",center,center
Representative Apologizes for Criticizing Iowa Senator,"Iowa Rep. Bruce Braley apologized to Senator Charles E. Grassley, Republican of Iowa. Mr. Braley was explaining why he should go to the Senate instead of his Republican opponent. Iowa ranks second in the country in total farm sales.",center,center
Representative Apologizes for Criticizing Iowa Senator,"Iowa Rep. Bruce Braley apologized to Senator Charles E. Grassley, Republican of Iowa. Mr. Braley was explaining why he should go to the Senate instead of his Republican opponent. Though their numbers are declining, farmers are still a powerful force.",left,center
Dem running for Senate in Iowa mocks Grassley as farmer 'who never went to law school',"Iowa Democratic Rep. Bruce Braley is under fire after a video surfaced Tuesday of him mocking Sen. Chuck Grassley, R-Iowa. The video, which was posted online by the conservative super PAC America Rising, apparently shows Braley speaking to a group of lawyers at a fundraiser.",right,left
Dem running for Senate in Iowa mocks Grassley as farmer 'who never went to law school',"Iowa Democratic Rep. Bruce Braley is under fire after a video surfaced Tuesday of him mocking Sen. Chuck Grassley, R-Iowa. The video apparently shows Braley speaking to a group of lawyers at a fundraiser in Texas.",right,left
Dem running for Senate in Iowa mocks Grassley as farmer 'who never went to law school',"Iowa Democratic Rep. Bruce Braley is under fire after a video surfaced Tuesday of him mocking Sen. Chuck Grassley, R-Iowa. Braley apologized for the remarks in a written statement after the video was released.",right,left
Dem running for Senate in Iowa mocks Grassley as farmer 'who never went to law school',"Iowa Democratic Rep. Bruce Braley is under fire after a video surfaced Tuesday of him mocking Sen. Chuck Grassley, R-Iowa. Braley apologized for the remarks in a written statement after the video was released.",right,right
Dem running for Senate in Iowa mocks Grassley as farmer 'who never went to law school',"Iowa Democratic Rep. Bruce Braley is under fire after a video surfaced Tuesday of him mocking Sen. Chuck Grassley, R-Iowa. The video apparently shows Braley speaking to a group of lawyers at a fundraiser in Texas.",right,right
Dem running for Senate in Iowa mocks Grassley as farmer 'who never went to law school',"Iowa Democratic Rep. Bruce Braley is under fire after a video surfaced of him mocking Sen. Chuck Grassley, R-Iowa. Braley apologized for the remarks in a written statement after the video was released.",right,right
Dem running for Senate in Iowa mocks Grassley as farmer 'who never went to law school',"Iowa Democratic Rep. Bruce Braley is under fire after a video surfaced Tuesday of him mocking Sen. Chuck Grassley, R-Iowa. The video, which was posted online by the conservative super PAC America Rising, apparently shows Braley speaking to a group of lawyers at a fundraiser.",right,center
Dem running for Senate in Iowa mocks Grassley as farmer 'who never went to law school',"Iowa Democratic Rep. Bruce Braley is under fire after a video surfaced Tuesday of him mocking Sen. Chuck Grassley, R-Iowa. Braley apologized for the remarks in a written statement after the video was released.",right,center
Dem running for Senate in Iowa mocks Grassley as farmer 'who never went to law school',"Iowa Democratic Rep. Bruce Braley is under fire after a video surfaced Tuesday of him mocking Sen. Chuck Grassley, R-Iowa. The video apparently shows Braley speaking to a group of lawyers at a fundraiser in Texas.",right,center
Holder says he understands mistrust of police as Ferguson protests dwindle,"Holder made the comments during a meeting with about 50 community leaders. He also described how he was stopped twice on the New Jersey Turnpike and accused of speeding. Holder met with federal officials investigating the case, as well as Brown's parents.",center,left
Holder says he understands mistrust of police as Ferguson protests dwindle,Holder made the comments during a meeting with about 50 community leaders. He also described how he was stopped twice on the New Jersey Turnpike and accused of speeding. Holder met with federal officials investigating the case.,center,left
Holder says he understands mistrust of police as Ferguson protests dwindle,"Holder made the comments during a meeting with about 50 community leaders. Holder: ""I am the attorney general of the United States. But I am also a black man""",right,left
Holder says he understands mistrust of police as Ferguson protests dwindle,Attorney General Eric Holder says he understands why many black Americans distrust the police. Holder made the comments during a meeting with about 50 community leaders. Ferguson has endured more than a week of unrest since the death of 18-year-old Michael Brown.,right,right
Holder says he understands mistrust of police as Ferguson protests dwindle,Attorney General Eric Holder says he understands why many black Americans distrust the police. Holder made the comments during a meeting with about 50 community leaders. Ferguson has endured more than a week of unrest since the August 9 death of Michael Brown.,right,right
Holder says he understands mistrust of police as Ferguson protests dwindle,"Attorney General Eric Holder says he understands why many black Americans distrust the police. Holder made the comments during a meeting with about 50 community leaders. Ferguson has endured more than a week of unrest since the August 9 death of Michael Brown, 18.",right,right
Holder says he understands mistrust of police as Ferguson protests dwindle,"Holder: ""I am the attorney general of the United States. But I am also a black man"" He made the comments during a meeting with about 50 community leaders. Holder met with federal officials investigating the case, as well as Brown's parents.",left,center
Holder says he understands mistrust of police as Ferguson protests dwindle,"Holder: ""I am the attorney general of the United States. But I am also a black man"" Holder made the comments during a meeting with about 50 community leaders. Holder also described how he was stopped twice on the New Jersey Turnpike.",left,center
Holder says he understands mistrust of police as Ferguson protests dwindle,"Holder: ""I am the attorney general of the United States. But I am also a black man"" He made the comments during a meeting with about 50 community leaders. Holder met with federal officials investigating the case, as well as Michael Brown's parents.",left,center
"As Tension Eases on Ferguson's Streets, Focus Turns to Investigation",Attorney General Eric H. Holder Jr. arrived in St. Louis on Wednesday. Local law enforcement officials said they were hopeful that they had turned a corner in calming the restive community.,left,left
"As Tension Eases on Ferguson's Streets, Focus Turns to Investigation",Attorney General Eric H. Holder Jr. arrived in St. Louis on Wednesday. Local law enforcement officials said they were hopeful that they had turned a corner in calming the community.,left,left
"As Tension Eases on Ferguson's Streets, Focus Turns to Investigation",Attorney General Eric H. Holder Jr. arrived in St. Louis on Wednesday. Local law enforcement officials said they were hopeful that they had turned a corner.,left,left
"As Tension Eases on Ferguson's Streets, Focus Turns to Investigation",Attorney General Eric H. Holder Jr. arrived in St. Louis on Wednesday. Local law enforcement officials said they were hopeful that they had turned a corner in calming the restive community.,left,right
"As Tension Eases on Ferguson's Streets, Focus Turns to Investigation",Attorney General Eric H. Holder Jr. arrived in St. Louis on Wednesday. Local law enforcement officials said they were hopeful that they had turned a corner in calming the community.,left,right
"As Tension Eases on Ferguson's Streets, Focus Turns to Investigation",Attorney General Eric H. Holder Jr. arrived in St. Louis on Wednesday. Local law enforcement officials said they were hopeful that they had turned a corner.,left,right
"As Tension Eases on Ferguson's Streets, Focus Turns to Investigation",Attorney General Eric H. Holder Jr. met with community leaders and federal investigators. He said he understood the desire of residents for an ‘independent’ inquiry. A grand jury has been convened and was scheduled to meet Wednesday.,left,center
"As Tension Eases on Ferguson's Streets, Focus Turns to Investigation",Attorney General Eric H. Holder Jr. met with community leaders and federal investigators. He said he understood the desire of residents for an “independent’ inquiry. A grand jury has been convened and was scheduled to meet Wednesday.,left,center
"As Tension Eases on Ferguson's Streets, Focus Turns to Investigation",Attorney General Eric H. Holder Jr. met with community leaders and federal investigators. He said he understood the desire of residents for an ‘independent’ inquiry.,left,center
Governor of Arizona Is Pressed to Veto Bill,"Gov. Jan Brewer, a Republican, faced pressure from many corners to veto the measure. An executive from Apple Inc. called Ms. Brewer to urge her to reject it. The bill’s remaining supporters took to the airwaves and the Internet to defend it.",left,left
Governor of Arizona Is Pressed to Veto Bill,"Gov. Jan Brewer, a Republican, faced pressure from many corners to veto the measure. An executive from Apple Inc. called Ms. Brewer to urge her to reject it. The bill's remaining supporters took to the airwaves and the Internet to defend it.",center,left
Governor of Arizona Is Pressed to Veto Bill,"Gov. Jan Brewer, a Republican, faced pressure from many corners to veto the measure. An executive from Apple Inc. called Ms. Brewer to urge her to reject it. Three Republican state senators said the bill was “causing our state immeasurable harm”",left,left
Governor of Arizona Is Pressed to Veto Bill,Arizona Gov. Jan Brewer faced pressure from many corners to veto the measure. The bill would grant business owners the right to invoke religion to refuse service to gays and others. The religion bill comes as Arizona prepares to host the Super Bowl next year.,right,right
Governor of Arizona Is Pressed to Veto Bill,Arizona Gov. Jan Brewer faced pressure from many corners to veto the measure. The measure would grant business owners the right to invoke religion to refuse service to gays and others. An executive from Apple Inc. called Ms Brewer to urge her to reject it.,right,right
Governor of Arizona Is Pressed to Veto Bill,Arizona Gov. Jan Brewer faced pressure from many corners to veto the measure. The bill would grant business owners the right to invoke religion to refuse service to gays and others.,right,right
Governor of Arizona Is Pressed to Veto Bill,Arizona Gov. Jan Brewer faced pressure from many corners to veto the measure. An executive from Apple Inc. called Ms. Brewer to urge her to reject it. The bill’s remaining supporters took to the airwaves and the Internet to defend it.,center,center
Governor of Arizona Is Pressed to Veto Bill,Arizona Gov. Jan Brewer faced pressure from many corners to veto the measure. An executive from Apple Inc. called Ms. Brewer to urge her to reject it. The bill's remaining supporters took to the airwaves and the Internet to defend it.,center,center
Governor of Arizona Is Pressed to Veto Bill,Arizona Gov. Jan Brewer faced pressure from many corners to veto the measure. An executive from Apple Inc. called Ms. Brewer to urge her to reject it. Three Republican state senators said the bill was “causing our state immeasurable harm”,left,center
Jan Brewer Announces Veto Of Arizona Anti-Gay Bill,"Arizona Gov. Jan Brewer said the bill had ""the potential to create more problems than it purports to solve"" The bill would have allowed businesses to legally refuse service to anyone on ""religious freedom"" grounds. The state legislature passed the bill, known as SB 1062, last week.",left,left
Jan Brewer Announces Veto Of Arizona Anti-Gay Bill,"Arizona Gov. Jan Brewer said the bill had ""the potential to create more problems than it purports to solve"" The state legislature passed the bill, known as SB 1062, last week. It has come under intense criticism from activists, lawmakers and business interests.",left,left
Jan Brewer Announces Veto Of Arizona Anti-Gay Bill,"Arizona Gov. Jan Brewer said the bill had ""the potential to create more problems than it purports to solve"" The state legislature passed the bill, known as SB 1062, last week. It has come under intense criticism from activists, lawmakers and business interests both in Arizona and nationally.",left,left
Jan Brewer Announces Veto Of Arizona Anti-Gay Bill,"Arizona Gov. Jan Brewer said the bill had ""the potential to create more problems than it purports to solve"" Brewer: ""I have not heard one example where business owners' religious liberty has been violated"" The state legislature passed the bill, known as SB 1062, last week.",left,right
Jan Brewer Announces Veto Of Arizona Anti-Gay Bill,"Arizona Gov. Jan Brewer said the bill had ""the potential to create more problems than it purports to solve"" The state legislature passed the bill, known as SB 1062, last week. It has come under intense criticism from activists, lawmakers and business interests.",left,right
Jan Brewer Announces Veto Of Arizona Anti-Gay Bill,"Arizona Gov. Jan Brewer said the bill had ""the potential to create more problems than it purports to solve"" The state legislature passed the bill, known as SB 1062, last week. It has come under intense criticism from activists, lawmakers and business interests both in Arizona and nationally.",left,right
Jan Brewer Announces Veto Of Arizona Anti-Gay Bill,"Arizona Gov. Jan Brewer says the bill had ""the potential to create more problems than it purports to solve"" The state legislature passed the bill, known as SB 1062, last week. The state's two Republican senators, Jeff Flake and John McCain, called on Brewer to veto it.",center,center
Jan Brewer Announces Veto Of Arizona Anti-Gay Bill,"Arizona Gov. Jan Brewer says the bill had ""the potential to create more problems than it purports to solve"" The state legislature passed the bill, known as SB 1062, last week. The state's two Republican senators, Jeff Flake and John McCain, called on Brewer to veto it.",center,center
Jan Brewer Announces Veto Of Arizona Anti-Gay Bill,"Arizona Gov. Jan Brewer says the bill had ""the potential to create more problems than it purports to solve"" The state legislature passed the bill, known as SB 1062, last week. It has come under intense criticism from activists, lawmakers and business interests.",right,center
GOP Smackdown: Rep. Labrador Enters The Race For House Majority Leadership,"Rep. Raul Labrador is the first Latino, first Mormon and first Idaho lawmaker to be House majority leader. Labrador would be the Tea Party alternative to Rep. Kevin McCarthy, who is favored by establishment Republicans.",right,left
GOP Smackdown: Rep. Labrador Enters The Race For House Majority Leadership,"Rep. Raul Labrador is the first Latino, first Mormon and first Idaho lawmaker to be House majority leader. Labrador would be the Tea Party alternative to McCarthy, who is favored by establishment Republicans.",right,left
GOP Smackdown: Rep. Labrador Enters The Race For House Majority Leadership,"Rep. Raul Labrador, R-Idaho, is the first Latino, first Mormon and first Idaho lawmaker to be House majority leader.",right,left
GOP Smackdown: Rep. Labrador Enters The Race For House Majority Leadership,"Rep. Raul Labrador, R-Idaho, is the first Latino, first Mormon and first Idaho lawmaker to be House majority leader. Labrador would be the Tea Party alternative to McCarthy, who is the whip and is favored by establishment Republicans.",right,right
GOP Smackdown: Rep. Labrador Enters The Race For House Majority Leadership,"Rep. Raul Labrador, R-Idaho, is the first Latino, first Mormon and first Idaho lawmaker to be House majority leader. Labrador would be the Tea Party alternative to Rep. Kevin McCarthy, who is favored by establishment Republicans.",right,right
GOP Smackdown: Rep. Labrador Enters The Race For House Majority Leadership,"Rep. Raul Labrador, R-Idaho, is the first Latino, first Mormon and first Idaho lawmaker to be House majority leader. Labrador would be the Tea Party alternative to McCarthy, who is favored by establishment Republicans.",right,right
GOP Smackdown: Rep. Labrador Enters The Race For House Majority Leadership,"Rep. Raul Labrador, R-Idaho, is the first Latino, first Mormon and first Idaho lawmaker to be House majority leader. Labrador would be the Tea Party alternative to McCarthy, who is the whip and is favored by establishment Republicans.",right,center
GOP Smackdown: Rep. Labrador Enters The Race For House Majority Leadership,"Rep. Raul Labrador, R-Idaho, is the first Latino, first Mormon and first Idaho lawmaker to be House majority leader. Labrador would be the Tea Party alternative to Rep. Kevin McCarthy, who is favored by establishment Republicans.",right,center
GOP Smackdown: Rep. Labrador Enters The Race For House Majority Leadership,"Rep. Raul Labrador, R-Idaho, is the first Latino, first Mormon and first Idaho lawmaker to be House majority leader. Labrador would be the Tea Party alternative to McCarthy, who is favored by establishment Republicans.",right,center
Who is Dave Brat?,"Brat raised just over $200,000 for his campaign, while Cantor spent more than $1 million in April and May alone to try to beat back his challenge. Brat offset the cash disadvantage with endorsements from conservative activists like radio host Laura Ingraham and with help from local Tea Party activists angry at Cantor.",center,left
Who is Dave Brat?,"Brat raised just over $200,000 for his campaign, while Cantor spent more than $1 million in April and May alone to try to beat back his challenge. Brat offset the cash disadvantage with endorsements from conservative activists like radio host Laura Ingraham and with help from local Tea Party activists.",center,left
Who is Dave Brat?,"Brat raised just over $200,000 for his campaign, while Cantor spent more than $1 million in April and May alone. Brat offset the cash disadvantage with endorsements from conservative activists like radio host Laura Ingraham and with help from local Tea Party activists angry at Cantor.",center,left
Who is Dave Brat?,"Brat raised just over $200,000 for his campaign, while Cantor spent more than $1 million in April and May alone to try to beat back his challenge. Brat offset the cash disadvantage with endorsements from conservative activists like radio host Laura Ingraham and with help from local Tea Party activists.",center,right
Who is Dave Brat?,"Brat raised just over $200,000 for his campaign, while Cantor spent more than $1 million in April and May alone to try to beat back his challenge. Brat offset the cash disadvantage with endorsements from conservative activists like radio host Laura Ingraham and with help from local Tea Party activists.",center,right
Who is Dave Brat?,"Brat raised just over $200,000 for his campaign, while Cantor spent more than $1 million in April and May alone. Brat offset the cash disadvantage with endorsements from conservative activists like radio host Laura Ingraham and with help from local Tea Party activists angry at Cantor.",center,right
Who is Dave Brat?,"Brat raised just over $200,000 for his campaign, while Cantor spent more than $1 million in April and May alone. Brat offset the cash disadvantage with endorsements from conservative activists like radio host Laura Ingraham and with help from local Tea Party activists angry at Cantor.",center,center
Who is Dave Brat?,"Brat raised just over $200,000 for his campaign, while Cantor spent more than $1 million in April and May. Brat offset the cash disadvantage with endorsements from conservative activists like radio host Laura Ingraham and with help from local Tea Party activists angry at Cantor.",center,center
Who is Dave Brat?,"Brat raised just over $200,000 for his campaign, while Cantor spent more than $1 million in April and May alone. Brat offset the cash disadvantage with endorsements from conservative activists like radio host Laura Ingraham and with help from local Tea Party activists.",center,center
Man Who Defeated Cantor Calls His Big Win 'A Miracle',Dave Brat won the Republican nomination for the U.S. House of Representatives with 56 percent of the vote. Brat attributed his victory to God and to grassroots efforts. He shied away from explicitly identifying as a tea party candidate.,center,left
Man Who Defeated Cantor Calls His Big Win 'A Miracle',"Dave Brat won the Republican nomination for the U.S. House of Representatives with 56 percent of the vote. Brat attributed his victory to God and grassroots efforts, calling the win a ""miracle""",right,left
Man Who Defeated Cantor Calls His Big Win 'A Miracle',Dave Brat won the Republican nomination for the U.S. House of Representatives with 56 percent of the vote. Brat attributed his victory to God and to grassroots efforts.,center,left
Man Who Defeated Cantor Calls His Big Win 'A Miracle',"Dave Brat, a college professor, beat Eric Cantor with 56 percent of the vote. Brat shied away from explicitly identifying as a tea party candidate. He ran on Republican principles.",center,right
Man Who Defeated Cantor Calls His Big Win 'A Miracle',"Dave Brat, a college professor, beat Eric Cantor with 56 percent of the vote. Brat shied away from explicitly identifying as a tea party candidate.",center,right
Man Who Defeated Cantor Calls His Big Win 'A Miracle',"Dave Brat, a college professor, beat Eric Cantor with 56 percent of the vote. Brat attributed his victory to God and to grassroots efforts.",center,right
Man Who Defeated Cantor Calls His Big Win 'A Miracle',"Dave Brat, a college professor, beat Eric Cantor with 56 percent of the vote. Brat attributed his victory to God and to grassroots efforts. He shied away from explicitly identifying as a tea party candidate.",center,center
Man Who Defeated Cantor Calls His Big Win 'A Miracle',"Dave Brat, a college professor, beat Eric Cantor with 56 percent of the vote. Brat attributed his victory to God and to grassroots efforts, calling the win a ""miracle""",center,center
Man Who Defeated Cantor Calls His Big Win 'A Miracle',"Dave Brat, a college professor, beat Eric Cantor with 56 percent of the vote. Brat attributed his victory to God and to grassroots efforts.",center,center
"Federal prosecutors subpoena Christie's campaign, NJ GOP committee",Federal prosecutors have subpoenaed New Jersey Gov. Chris Christie's campaign and a state Republican Party committee. The subpoenas relate to the closure of traffic lanes near the George Washington Bridge last year. A state legislative committee has also issued subpoenas.,center,left
"Federal prosecutors subpoena Christie's campaign, NJ GOP committee",Federal prosecutors have subpoenaed New Jersey Gov. Chris Christie's campaign and a state Republican party committee. The subpoenas relate to the closure of traffic lanes near the George Washington Bridge last year.,center,left
"Federal prosecutors subpoena Christie's campaign, NJ GOP committee",Federal prosecutors have subpoenaed New Jersey Gov. Chris Christie's campaign and a state Republican Party committee. The subpoenas relate to the closure of traffic lanes near the George Washington Bridge.,center,left
"Federal prosecutors subpoena Christie's campaign, NJ GOP committee",Federal prosecutors have subpoenaed New Jersey Gov. Chris Christie's campaign and a state Republican Party committee. The subpoenas relate to the closure of traffic lanes near the George Washington Bridge last year. A state legislative committee investigating the traffic jams has also issued subpoenas to the two organizations.,center,right
"Federal prosecutors subpoena Christie's campaign, NJ GOP committee",The subpoenas relate to the closure of traffic lanes near the George Washington Bridge last year. Emails and text messages suggest it may have been a message to the town's Democratic mayor for not endorsing Christie.,center,right
"Federal prosecutors subpoena Christie's campaign, NJ GOP committee",Federal prosecutors have subpoenaed New Jersey Gov. Chris Christie's campaign and a state Republican Party committee. The subpoenas relate to the closure of traffic lanes near the George Washington Bridge last year.,center,right
"Federal prosecutors subpoena Christie's campaign, NJ GOP committee",Federal prosecutors have subpoenaed New Jersey Gov. Chris Christie's campaign and a state Republican Party committee. The subpoenas relate to the closure of traffic lanes near the George Washington Bridge last year. Emails and text messages suggest it may have been a message to the town's Democratic mayor.,center,center
"Federal prosecutors subpoena Christie's campaign, NJ GOP committee","Federal prosecutors have subpoenaed New Jersey Gov. Chris Christie's campaign and a state Republican Party committee. The subpoenas relate to the closure of traffic lanes near the George Washington Bridge last year. The traffic lanes were closed for four days in September, creating traffic gridlock in Fort Lee.",center,center
"Federal prosecutors subpoena Christie's campaign, NJ GOP committee",Federal prosecutors have subpoenaed New Jersey Gov. Chris Christie's campaign and a state Republican Party committee. The subpoenas relate to the closure of traffic lanes near the George Washington Bridge last year.,center,center
U.S. Attorney Subpoenas Chris Christie Campaign Documents,"U.S. Attorney’s office in New Jersey has subpoenaed documents from the reelection campaign of New Jersey Gov. Chris Christie. The Christie administration closed down two of the three George Washington Bridge access lanes in September. The closures, which lasted for four days, caused massive traffic jams.",center,left
U.S. Attorney Subpoenas Chris Christie Campaign Documents,"U.S. Attorney’s office in New Jersey has subpoenaed documents from the reelection campaign of New Jersey Gov. Chris Christie. Christie administration closed down two of the three George Washington Bridge access lanes in September. The closures, which lasted for four days, caused massive traffic jams.",center,left
U.S. Attorney Subpoenas Chris Christie Campaign Documents,"U.S. Attorney’s office in New Jersey has subpoenaed documents from the reelection campaign of New Jersey Gov. Chris Christie. Christie administration closed down two of the three George Washington Bridge access lanes in Fort Lee, N.J., in what appeared to be a political retribution scheme.",center,left
U.S. Attorney Subpoenas Chris Christie Campaign Documents,"The U.S. Attorney's office in New Jersey has subpoenaed documents from Gov. Chris Christie's campaign. The Christie administration closed down two of the three George Washington Bridge access lanes. The closures, which lasted for four days, caused massive traffic jams. Christie has maintained that he had no involvement in, or knowledge of the plan.",center,right
U.S. Attorney Subpoenas Chris Christie Campaign Documents,"The U.S. Attorney's office in New Jersey has subpoenaed documents from Gov. Chris Christie's campaign. The Christie administration closed down two of the three George Washington Bridge access lanes. The closures, which lasted for four days, caused massive traffic jams. The FBI and the Department of Housing and Urban Development are looking into separate controversies.",center,right
U.S. Attorney Subpoenas Chris Christie Campaign Documents,"The U.S. Attorney's office in New Jersey has subpoenaed documents from Gov. Chris Christie's campaign. The Christie administration closed down two of the three George Washington Bridge access lanes. The closures, which lasted for four days, caused massive traffic jams. The New Jersey state legislature is also investigating the lane closures.",center,right
U.S. Attorney Subpoenas Chris Christie Campaign Documents,"The U.S. Attorney’s office in New Jersey has subpoenaed documents from the reelection campaign. The Christie administration closed down two of the three George Washington Bridge access lanes in September. The closures, which lasted for four days, caused massive traffic jams.",center,center
U.S. Attorney Subpoenas Chris Christie Campaign Documents,The U.S. Attorney’s office in New Jersey has subpoenaed documents from Gov. Chris Christie's campaign. The subpoenas focus on the closure of lanes on the George Washington Bridge.,center,center
U.S. Attorney Subpoenas Chris Christie Campaign Documents,The U.S. Attorney’s office in New Jersey has subpoenaed documents from the reelection campaign. The Christie administration closed down two of the three George Washington Bridge access lanes in September.,left,center
Clintons Report Earnings of $139 Million in Seven Years,"Hillary Clinton released her most recent tax returns on Friday, showing she and former President Bill Clinton earned $139 million in adjusted gross income from 2007 to 2014. She also released a list of paid speeches showing that she had earned nearly $10 million in speaking fees in 2013, the year she left the State Department. Mrs. Clinton highlighted the millions of dollars she said she and her husband had paid in taxes and given to charity.",right,left
Clintons Report Earnings of $139 Million in Seven Years,"Hillary Clinton released her most recent tax returns on Friday, showing she and former President Bill Clinton earned $139 million in adjusted gross income from 2007 to 2014. She also released a list of paid speeches showing that she had earned nearly $10 million in speaking fees in 2013, the year she left the State Department. The Clintons have grown immensely better off in the 15 years since they left the White House.",right,left
Clintons Report Earnings of $139 Million in Seven Years,"Hillary Clinton released her most recent tax returns on Friday, showing she and former President Bill Clinton earned $139 million in adjusted gross income from 2007 to 2014. She also released a list of paid speeches showing that she had earned nearly $10 million in speaking fees in 2013, the year she left the State Department.",right,left
Clintons Report Earnings of $139 Million in Seven Years,"Hillary Rodham Clinton released her most recent eight years of tax returns, showing that she and former President Bill Clinton earned $139 million in adjusted gross income from 2007 to 2014. She also released a list of paid speeches showing thatshe had earned nearly $10 million in speaking fees in 2013, the year she left the State Department.",right,right
Clintons Report Earnings of $139 Million in Seven Years,"Hillary Rodham Clinton released her most recent eight years of tax returns, showing that she and former President Bill Clinton earned $139 million in adjusted gross income from 2007 to 2014. Mrs. Clinton also released a list of paid speeches showing she had earned nearly $10 million in speaking fees in 2013, the year she left the State Department.",right,right
Clintons Report Earnings of $139 Million in Seven Years,"Hillary Rodham Clinton released her most recent eight years of tax returns, showing that she and former President Bill Clinton earned $139 million in adjusted gross income from 2007 to 2014. She also released a list of paid speeches showing thatshe had earned nearly $10 million in speaking fees in 2013.",right,right
Clintons Report Earnings of $139 Million in Seven Years,"Hillary Rodham Clinton released her most recent eight years of tax returns, showing that she and former President Bill Clinton earned $139 million in adjusted gross income from 2007 to 2014. She also released a list of paid speeches showing thatshe had earned nearly $10 million in speaking fees in 2013, the year she left the State Department.",right,center
Clintons Report Earnings of $139 Million in Seven Years,"Hillary Rodham Clinton released her most recent eight years of tax returns, showing that she and former President Bill Clinton earned $139 million in adjusted gross income from 2007 to 2014. She also released a list of paid speeches showing thatshe had earned nearly $10 million in speaking fees in 2013.",right,center
Clintons Report Earnings of $139 Million in Seven Years,"Hillary Rodham Clinton released her most recent eight years of tax returns, showing that she and former President Bill Clinton earned $139 million in adjusted gross income from 2007 to 2014. Mrs. Clinton also released a list of paid speeches showing she had earned nearly $10 million in speaking fees in 2013.",right,center
"Clinton camp releases candidate's clean bill of health, tax returns",Hillary Clinton's doctor says she is in “excellent physical condition and fit to serve as president of the United States.” Clinton’s camp is touting the fact she is the first 2016 candidate to release any kind of health information. The release comes on the same day the State Department released thousands of emails.,right,left
"Clinton camp releases candidate's clean bill of health, tax returns",Hillary Clinton's doctor says she is in “excellent physical condition and fit to serve as president of the United States.” Clinton’s camp is touting the fact she is the first 2016 candidate to release any kind of health information.,right,left
"Clinton camp releases candidate's clean bill of health, tax returns",Hillary Clinton's doctor says she is in “excellent physical condition and fit to serve as president of the United States.” Clinton's camp is touting the fact she is the first 2016 candidate to release any kind of health information.,right,left
"Clinton camp releases candidate's clean bill of health, tax returns",Hillary Clinton's doctor says she is in “excellent physical condition and fit to serve as president of the United States” Clinton's camp is touting the fact she is the first 2016 candidate to release any kind of health information. The Clintons have paid $43 million in federal taxes since 2007.,right,right
"Clinton camp releases candidate's clean bill of health, tax returns",Hillary Clinton's doctor says she is in “excellent physical condition and fit to serve as president of the United States” Clinton's camp is touting the fact she is the first 2016 candidate to release any kind of health information.,right,right
"Clinton camp releases candidate's clean bill of health, tax returns",Hillary Clinton's doctor says she is in “excellent physical condition and fit to serve as president of the United States” Clinton's camp is touting the fact she is the first 2016 candidate to release any health information.,right,right
"Clinton camp releases candidate's clean bill of health, tax returns","The Clintons have paid $43 million in federal taxes since 2007. They also donated $15 million to charity, and paid an additional $13.6 million in state taxes. Clinton’s camp is touting the fact she is the first 2016 candidate to release any health information.",right,center
"Clinton camp releases candidate's clean bill of health, tax returns","The Clintons have paid $43 million in federal taxes since 2007. They also donated $15 million to charity, and paid an additional $13.6 million in state taxes. Clinton has seasonal pollen allergies and listed ""deep vein thrombosis"" in her medical history.",center,center
"Clinton camp releases candidate's clean bill of health, tax returns","The Clintons have paid $43 million in federal taxes since 2007. They also donated $15 million to charity, and paid an additional $13.6 million in state taxes. The release comes on the same day the State Department released thousands of emails.",center,center
Arkansas Governor’s Son Thrust Into Spotlight Over Religious Exception Bill,"Seth Hutchinson, 31, wrote to his father, Gov. Asa Hutchinson, warning that the proposal could damage Arkansas’s reputation and economy. The Hutchinson family is long one of the most influential families in Arkansas. Seth Hutchinson says he and his father disagree on political issues.",center,left
Arkansas Governor’s Son Thrust Into Spotlight Over Religious Exception Bill,"Seth Hutchinson, 31, wrote to his father, Gov. Asa Hutchinson, warning that the bill could damage Arkansas’s reputation and economy. The Hutchinson family is long one of the most influential families in Arkansas. Seth Hutchinson says he and his father disagree on political issues.",center,left
Arkansas Governor’s Son Thrust Into Spotlight Over Religious Exception Bill,"Seth Hutchinson, 31, wrote to his father, Gov. Asa Hutchinson, warning that the proposal could damage Arkansas’s reputation and economy. The Hutchinson family is long one of the most influential families in Arkansas.",left,left
Arkansas Governor’s Son Thrust Into Spotlight Over Religious Exception Bill,"Seth Hutchinson, 31, is an organizer for the Texas State Employees Union. He wrote to his father and warned that the proposal could damage Arkansas’s reputation and economy.",left,right
Arkansas Governor’s Son Thrust Into Spotlight Over Religious Exception Bill,"Seth Hutchinson, 31, is an organizer for the Texas State Employees Union. He has not always been what he described as the family’s political “black sheep”",left,right
Arkansas Governor’s Son Thrust Into Spotlight Over Religious Exception Bill,"Seth Hutchinson, 31, is an organizer for the Texas State Employees Union. He has not always been what he described as the family’s political ‘black sheep’",left,right
Arkansas Governor’s Son Thrust Into Spotlight Over Religious Exception Bill,"Seth Hutchinson, 31, has not always been what he described as the family’s political “black sheep.” “I love my dad, and we have a good, close relationship,” Seth Hutchinson said on Wednesday.",left,center
Arkansas Governor’s Son Thrust Into Spotlight Over Religious Exception Bill,"Seth Hutchinson, 31, has not always been what he described as the family’s political “black sheep.” “I love my dad, and we have a good, close relationship,” Seth Hutchinson said.",left,center
Arkansas Governor’s Son Thrust Into Spotlight Over Religious Exception Bill,"Seth Hutchinson, 31, has not always been what he described as the family’s political “black sheep.” He grew frustrated when he saw older workers enduring financial hardships in low-paying jobs.",center,center
Arkansas Gov. Signs Amended Religious Freedom Bill,Arkansas Gov. Asa Hutchinson (R) signed a revised version of the state's Religious Freedom Reformation Act on Thursday. Hutchinson had refused to sign an earlier version over concerns about discrimination against LGBT individuals.,center,left
Arkansas Gov. Signs Amended Religious Freedom Bill,"Arkansas Gov. Asa Hutchinson (R) signed a revised version of the state's Religious Freedom Reformation Act on Thursday. Hutchinson had refused to sign an earlier version, citing concerns about discrimination against LGBT individuals.",center,left
Arkansas Gov. Signs Amended Religious Freedom Bill,Arkansas Gov. Asa Hutchinson (R) signed a revised version of the state's Religious Freedom Reformation Act on Thursday. Hutchinson had refused to sign an earlier version over concerns about discrimination against LGBT people.,center,left
Arkansas Gov. Signs Amended Religious Freedom Bill,"Arkansas Gov. Asa Hutchinson signed a revised version of the state's Religious Freedom Reformation Act on Thursday. Hutchinson had refused to sign an earlier version over concerns about discrimination against lesbian, gay, bisexual and transgender individuals.",center,right
Arkansas Gov. Signs Amended Religious Freedom Bill,Arkansas Gov. Asa Hutchinson signed a revised version of the state's Religious Freedom Reformation Act on Thursday. Hutchinson had refused to sign an earlier version over concerns about discrimination against LGBT individuals.,center,right
Arkansas Gov. Signs Amended Religious Freedom Bill,Arkansas Gov. Asa Hutchinson signed a revised version of the state's Religious Freedom Reformation Act on Thursday. Hutchinson had refused to sign an earlier version over concerns about discrimination against LGBT people.,center,right
Arkansas Gov. Signs Amended Religious Freedom Bill,"Arkansas Gov. Asa Hutchinson (R) signed a revised version of the state's Religious Freedom Reformation Act on Thursday. Hutchinson had refused to sign an earlier version over concerns about discrimination against lesbian, gay, bisexual and transgender individuals.",center,center
Arkansas Gov. Signs Amended Religious Freedom Bill,Arkansas Gov. Asa Hutchinson (R) signed a revised version of the state's Religious Freedom Reformation Act on Thursday. Hutchinson had refused to sign an earlier version over concerns about discrimination against LGBT individuals.,center,center
Arkansas Gov. Signs Amended Religious Freedom Bill,"Arkansas Gov. Asa Hutchinson (R) signed a revised version of the state's Religious Freedom Reformation Act on Thursday. Hutchinson had refused to sign an earlier version, citing concerns about discrimination against LGBT individuals.",center,center
Benghazi Panel Wants To Interview Clinton About Emails,The House Select Committee on Benghazi sent a formal interview request to Hillary Clinton’s lawyer. Rep. Trey Gowdy (R-S.C.) said the committee is not interested in emails relating to personal or private matters. The committee will focus solely on those pertaining to “Libya and Benghazi during the relevant time periods.,center,left
Benghazi Panel Wants To Interview Clinton About Emails,The House Select Committee on Benghazi sent a formal interview request to Hillary Clinton's lawyer. Rep. Trey Gowdy (R-S.C.) said the committee is not interested in emails relating to personal or private matters. The committee will focus on those pertaining to “Libya and Benghazi during the relevant time periods.,right,left
Benghazi Panel Wants To Interview Clinton About Emails,The House Select Committee on Benghazi sent a formal interview request to Hillary Clinton’s lawyer. Rep. Trey Gowdy (R-S.C.) said the committee is not interested in emails relating to personal or private matters.,center,left
Benghazi Panel Wants To Interview Clinton About Emails,"Rep. Trey Gowdy (R-S.C.) says the committee is not interested in emails relating to personal or private matters. The committee will focus on those pertaining to “Libya and Benghazi during the relevant time periods,” Gowdy says. The request comes after reports revealed Clinton used a private email address.",right,right
Benghazi Panel Wants To Interview Clinton About Emails,"Rep. Trey Gowdy (R-S.C.) says the committee is not interested in emails relating to personal or private matters. The committee will focus solely on those pertaining to “Libya and Benghazi during the relevant time periods,” Gowdy says. Gowdy set a May 1 deadline for the interview.",center,right
Benghazi Panel Wants To Interview Clinton About Emails,"Rep. Trey Gowdy (R-S.C.) says the committee is not interested in emails relating to personal or private matters. The committee will focus solely on those pertaining to “Libya and Benghazi during the relevant time periods,” Gowdy says.",center,right
Benghazi Panel Wants To Interview Clinton About Emails,The House Select Committee on Benghazi sent a formal interview request to Hillary Clinton’s lawyer. The request comes after reports revealed Clinton used a private email address and a server. Rep. Trey Gowdy said the committee is not interested in emails relating to personal or private matters.,right,center
Benghazi Panel Wants To Interview Clinton About Emails,The House Select Committee on Benghazi sent a formal interview request to Hillary Clinton’s lawyer. The request comes after reports revealed Clinton used a private email address and a server. Rep. Trey Gowdy said the committee is not interested in emails relating to personal matters.,right,center
Benghazi Panel Wants To Interview Clinton About Emails,The House Select Committee on Benghazi sent a formal interview request to Hillary Clinton’s lawyer. Rep. Trey Gowdy said the committee is not interested in emails relating to personal or private matters. The committee set a May 1 deadline for the interview.,right,center
House Panel Seeks Private Talk With Hillary Clinton About Email,"Rep. Trey Gowdy says Mrs. Clinton’s “email arrangement with herself is highly unusual, if not unprecedented.” The emails were on a server at her home in Chappaqua, N.Y. Some Republicans are growing frustrated with Reince Priebus.",right,left
House Panel Seeks Private Talk With Hillary Clinton About Email,"Rep. Trey Gowdy says Mrs. Clinton’s “email arrangement with herself is highly unusual, if not unprecedented.” The emails were on a server at her home in Chappaqua, N.Y.",right,left
House Panel Seeks Private Talk With Hillary Clinton About Email,"Rep. Trey Gowdy says Mrs. Clinton’s “email arrangement with herself is highly unusual, if not unprecedented.”",right,left
House Panel Seeks Private Talk With Hillary Clinton About Email,"The emails were on a server at her home in Chappaqua, N.Y. Mr. Gowdy had asked Mrs. Clinton to turn over that server to a neutral third party.",center,right
House Panel Seeks Private Talk With Hillary Clinton About Email,"The emails were on a server at her home in Chappaqua, N.Y. Rep. Gowdy had asked Mrs. Clinton to turn over that server to a neutral third party.",right,right
House Panel Seeks Private Talk With Hillary Clinton About Email,"The emails were on a server at her home in Chappaqua, N.Y. Rep. Trey Gowdy had asked Mrs. Clinton to turn over that server.",right,right
House Panel Seeks Private Talk With Hillary Clinton About Email,"Rep. Trey Gowdy says Mrs. Clinton’s “email arrangement with herself is highly unusual, if not unprecedented.” The emails were on a server at her home in Chappaqua, N.Y. Some Republicans are growing frustrated with Reince Priebus, the Republican National Committee chairman.",right,center
House Panel Seeks Private Talk With Hillary Clinton About Email,"Rep. Trey Gowdy says Mrs. Clinton’s “email arrangement with herself is highly unusual, if not unprecedented.” The emails were on a server at her home in Chappaqua, N.Y. Some Republicans are growing frustrated with Reince Priebus.",right,center
House Panel Seeks Private Talk With Hillary Clinton About Email,"Rep. Trey Gowdy says Mrs. Clinton’s “email arrangement with herself is highly unusual, if not unprecedented.” The emails were on a server at her home in Chappaqua, N.Y.",right,center
"In first foreign policy speech, candidate Rubio pushes stronger U.S. leadership","Sen. Marco Rubio said if elected, he would prioritize a strong military, take aggressive steps to fight nations that undermine global commerce and ensure that U.S. is a world moral leader. The Florida Republican said that the United States was losing its place as a world military and moral power.",right,left
"In first foreign policy speech, candidate Rubio pushes stronger U.S. leadership","Sen. Marco Rubio said if elected, he would prioritize a strong military, take aggressive steps to fight nations that undermine global commerce and ensure that the U.S. is a world moral leader. The Florida Republican said that the United States was losing its place as a world military and moral power.",right,left
"In first foreign policy speech, candidate Rubio pushes stronger U.S. leadership","Sen. Marco Rubio said if elected, he would prioritize a strong military, take aggressive steps to fight nations that undermine global commerce and ensure that U.S. is a world moral leader. The Florida Republican delivered his speech at the Council on Foreign Relations in Manhattan on Wednesday.",right,left
"In first foreign policy speech, candidate Rubio pushes stronger U.S. leadership","Sen. Marco Rubio said the U.S. was losing its place as a world military and moral power. The Florida Republican delivered his speech at the Council on Foreign Relations in Manhattan on Wednesday. Rubio said Obama ""wasted no time stripping parts from the engine of American strength""",right,right
"In first foreign policy speech, candidate Rubio pushes stronger U.S. leadership",Sen. Marco Rubio said the U.S. was losing its place as a world military and moral power. The Florida Republican delivered his speech at the Council on Foreign Relations in Manhattan.,right,right
"In first foreign policy speech, candidate Rubio pushes stronger U.S. leadership",Sen. Marco Rubio said the U.S. was losing its place as a world military and moral power. The Florida Republican delivered his speech at the Council on Foreign Relations in Manhattan on Wednesday.,right,right
"In first foreign policy speech, candidate Rubio pushes stronger U.S. leadership","Rubio says if elected, he would prioritize a strong military, take aggressive steps to fight nations that undermine global commerce and ensure that U.S. is a world moral leader. Florida Republican delivered his speech at the Council on Foreign Relations in Manhattan on Wednesday.",right,center
"In first foreign policy speech, candidate Rubio pushes stronger U.S. leadership","Rubio says if elected, he would prioritize a strong military, take aggressive steps to fight nations that undermine global commerce and ensure that U.S. is a world moral leader. The Florida Republican delivered his speech at the Council on Foreign Relations in Manhattan on Wednesday.",right,center
"In first foreign policy speech, candidate Rubio pushes stronger U.S. leadership","Rubio says if elected, he would prioritize a strong military, take aggressive steps to fight nations that undermine global commerce and ensure that U.S. is a world moral leader. Florida Republican delivered his speech at the Council on Foreign Relations in Manhattan.",right,center
NJ Gov Chris Christie to Throw His Hat in the Ring for White House Run,"New Jersey Gov. Chris Christie expected to become the latest Republican to throw his hat in the ring for 2016. He’ll make the announcement today at 11am from his hometown of Livingston, New Jersey.",right,left
NJ Gov Chris Christie to Throw His Hat in the Ring for White House Run,"New Jersey Gov. Chris Christie expected to become the latest Republican to throw his hat in the ring for 2016. He’ll make the announcement today at 11am from his hometown of Livingston, New Jersey.",right,left
NJ Gov Chris Christie to Throw His Hat in the Ring for White House Run,"New Jersey Gov. Chris Christie expected to become the latest Republican to throw his hat in the ring for 2016. The Governor faces an uphill climb for the nomination with low poll numbers, and a fundraising deficit.",right,left
NJ Gov Chris Christie to Throw His Hat in the Ring for White House Run,"New Jersey Gov Chris Christie expected to become the latest Republican to throw his hat in the ring for 2016. He’ll make the announcement today at 11am from his hometown of Livingston, New Jersey.",right,right
NJ Gov Chris Christie to Throw His Hat in the Ring for White House Run,"New Jersey Gov Chris Christie expected to become the latest Republican to throw his hat in the ring for 2016. He’ll make the announcement today at 11am from his hometown of Livingston, New Jersey.",right,right
NJ Gov Chris Christie to Throw His Hat in the Ring for White House Run,"New Jersey Gov Chris Christie expected to become the latest Republican to throw his hat in the ring for 2016. Christie faces an uphill climb for the nomination with low poll numbers, and a fundraising deficit.",right,right
NJ Gov Chris Christie to Throw His Hat in the Ring for White House Run,"New Jersey Governor Chris Christie expected to become the latest Republican to throw his hat in the ring for 2016. He’ll make the announcement today at 11am from his hometown of Livingston, New Jersey. Christie faces an uphill climb for the nomination with low poll numbers, and a fundraising deficit.",right,center
NJ Gov Chris Christie to Throw His Hat in the Ring for White House Run,"New Jersey Governor Chris Christie expected to become the latest Republican to throw his hat in the ring for 2016. He’ll make the announcement today at 11am from his hometown of Livingston, New Jersey.",right,center
NJ Gov Chris Christie to Throw His Hat in the Ring for White House Run,"New Jersey Gov. Chris Christie expected to become the latest Republican to throw his hat in the ring for 2016. He’ll make the announcement today at 11am from his hometown of Livingston, New Jersey.",right,center
Indiana Governor Says Legislators May Clarify Religious Beliefs Law,Gov. Mike Pence said he would seek legislation to clarify the intent of the law. He said he was taken aback by negative reactions to the state’s Religious Freedom Restoration Act.,center,left
Indiana Governor Says Legislators May Clarify Religious Beliefs Law,Gov. Mike Pence said he would seek legislation to clarify the intent of the law. He said he expected legislation clarifying the law to be introduced in the General Assembly this week.,center,left
Indiana Governor Says Legislators May Clarify Religious Beliefs Law,Gov. Mike Pence said he would seek legislation to clarify the intent of the law. He said he expected legislation clarifying the law to be introduced this week.,center,left
Indiana Governor Says Legislators May Clarify Religious Beliefs Law,"Gov. Mike Pence said he would seek legislation to clarify the intent of the law. The governor, a Republican, signed the Religious Freedom Restoration Act on Thursday.",center,right
Indiana Governor Says Legislators May Clarify Religious Beliefs Law,"Gov. Mike Pence said he would seek legislation to clarify the intent of the law. The governor, a Republican, said he was taken aback by negative reactions.",center,right
Indiana Governor Says Legislators May Clarify Religious Beliefs Law,Gov. Mike Pence said he would seek legislation to clarify the intent of the law. The governor signed the Religious Freedom Restoration Act on Thursday.,center,right
Indiana Governor Says Legislators May Clarify Religious Beliefs Law,Gov. Mike Pence of Indiana said he would seek legislation to clarify the intent of the law. The law aims to protect individuals or companies from being forced to take actions that impose a substantial burden on their religious beliefs.,center,center
Indiana Governor Says Legislators May Clarify Religious Beliefs Law,Gov. Mike Pence said he would seek legislation to clarify the intent of the law. The law aims to protect individuals or companies from being forced to take actions that impose a substantial burden on their religious beliefs.,center,center
Indiana Governor Says Legislators May Clarify Religious Beliefs Law,"Gov. Mike Pence of Indiana said he would seek legislation to clarify the intent of the law. The governor, a Republican, said he was taken aback by negative reactions to the state’s Religious Freedom Restoration Act.",center,center
Mike Huckabee Is Running For President,"Huckabee, 59, is a celebrated figure among evangelical Christians. He was the longest-serving Arkansas governor, from 1996 to 2007. He made national headlines for losing more than 110 pounds from 2003 to 2006.",center,left
Mike Huckabee Is Running For President,"Huckabee, 59, is a celebrated figure among evangelical Christians. He was the longest-serving Arkansas governor, from 1996 to 2007. Last month, he began plotting campaign strategy and hiring staff.",center,left
Mike Huckabee Is Running For President,"Huckabee, 59, is a celebrated figure among evangelical Christians. He was the longest-serving Arkansas governor, from 1996 to 2007.",center,left
Mike Huckabee Is Running For President,"Huckabee, 59, is a celebrated figure among evangelical Christians. He was the longest-serving Arkansas governor, from 1996 to 2007. Last month, he began plotting campaign strategy and hiring staff.",center,right
Mike Huckabee Is Running For President,"Huckabee, 59, is a celebrated figure among evangelical Christians. He was the longest-serving Arkansas governor, from 1996 to 2007. Last month, he began plotting campaign strategy.",center,right
Mike Huckabee Is Running For President,"Huckabee, a Baptist minister, is a celebrated figure among evangelical Christians. He was the longest-serving Arkansas governor, from 1996 to 2007.",center,right
Mike Huckabee Is Running For President,"Huckabee says he would ""conquer Jihadism"" and protect Social Security. Huckabee is a celebrated figure among evangelical Christians. He was the longest-serving Arkansas governor, from 1996 to 2007.",right,center
Mike Huckabee Is Running For President,"Huckabee says he would ""conquer Jihadism"" and protect Social Security. Huckabee is a celebrated figure among evangelical Christians. He was the longest-serving Arkansas governor from 1996 to 2007.",right,center
Mike Huckabee Is Running For President,"Huckabee says he would ""conquer Jihadism"" and protect Social Security. He will likely enlist support from the party's far right wing. He faces competition from Sen. Ted Cruz.",right,center
Obama Aide Calls Netanyahu’s Planned Visit ‘Destructive’ to U.S.-Israel Ties,"Netanyahu’s decision to travel to Washington to deliver the speech has “injected a degree of partisanship,” Ms. Rice says. Her comments are the strongest public rebuke to date by the Obama administration. The episode is a low point in the tense relationship between Mr. Obama and Mr. Netanyahu.",left,left
Obama Aide Calls Netanyahu’s Planned Visit ‘Destructive’ to U.S.-Israel Ties,"Netanyahu’s decision to travel to Washington to deliver the speech has “injected a degree of partisanship,” Ms. Rice says. Her comments mark the strongest public rebuke to date by the Obama administration.",left,left
Obama Aide Calls Netanyahu’s Planned Visit ‘Destructive’ to U.S.-Israel Ties,"Netanyahu’s decision to travel to Washington to deliver the speech has “injected a degree of partisanship,” Ms. Rice says. Her comments are the strongest public rebuke to date by the Obama administration.",left,left
Obama Aide Calls Netanyahu’s Planned Visit ‘Destructive’ to U.S.-Israel Ties,Susan E. Rice: Netanyahu’s decision to travel to Washington to deliver the speech has “injected a degree of partisanship.” Her comments marked the strongest public rebuke to date by the Obama administration. It is also the frankest acknowledgment yet by a top American official of the degree to which the controversy has damaged relations.,left,right
Obama Aide Calls Netanyahu’s Planned Visit ‘Destructive’ to U.S.-Israel Ties,Susan E. Rice: Netanyahu’s decision to travel to Washington to deliver the speech has “injected a degree of partisanship.” Her comments mark the strongest public rebuke to date by the Obama administration. The episode is a low point in the tense relationship between Mr. Obama and Mr. Netanyahu.,left,right
Obama Aide Calls Netanyahu’s Planned Visit ‘Destructive’ to U.S.-Israel Ties,Susan E. Rice: Netanyahu’s decision to travel to Washington to deliver the speech has “injected a degree of partisanship.” Her comments marked the strongest public rebuke to date by the Obama administration.,left,right
Obama Aide Calls Netanyahu’s Planned Visit ‘Destructive’ to U.S.-Israel Ties,"Susan E. Rice, President Obama’s national security adviser, sharply criticized Prime Minister Benjamin Netanyahu. She said his plans to address a joint meeting of Congress next week had hurt his nation's relationship with the U.S.",right,center
Obama Aide Calls Netanyahu’s Planned Visit ‘Destructive’ to U.S.-Israel Ties,"Susan E. Rice, President Obama’s national security adviser, sharply criticized Prime Minister Benjamin Netanyahu. She said his plans to address a joint meeting of Congress next week had hurt his nation's relationship with the United States.",left,center
Obama Aide Calls Netanyahu’s Planned Visit ‘Destructive’ to U.S.-Israel Ties,"Susan E. Rice, President Obama’s national security adviser, sharply criticized Prime Minister Benjamin Netanyahu. Her comments mark the strongest public rebuke to date by the Obama administration.",left,center
"Clinton, advisers have lots to say on key trade legislation, except where candidate stands","Clinton says Obama has an ""amazing opportunity"" to negotiate a better deal. She declined to say whether she supports or opposes the Trans Pacific Partnership. Clinton called the pact the ""gold standard"" of trade agreements as secretary of state.",center,left
"Clinton, advisers have lots to say on key trade legislation, except where candidate stands","Clinton says Obama has an ""amazing opportunity"" to negotiate a better deal. She declined to say whether she supports or opposes the Trans Pacific Partnership. Clinton called the pact the ""gold standard"" of trade agreements while secretary of state.",center,left
"Clinton, advisers have lots to say on key trade legislation, except where candidate stands","Clinton says Obama has an ""amazing opportunity"" to negotiate a better deal. She declined to say whether she supports or opposes the Trans Pacific Partnership. Clinton is campaigning in Iowa after formally launching her campaign in New York City.",right,left
"Clinton, advisers have lots to say on key trade legislation, except where candidate stands",Hillary Clinton says President Obama has an opportunity to negotiate a better deal with Congress. Clinton declines to say whether she supports or opposes the Trans Pacific Partnership. Clinton is campaigning in Iowa after formally launching her presidential campaign.,right,right
"Clinton, advisers have lots to say on key trade legislation, except where candidate stands",Hillary Clinton says President Obama has an opportunity to negotiate a better deal with Congress. Clinton declines to say whether she supports or opposes the Trans Pacific Partnership. Clinton is campaigning in Iowa after formally launching her presidential bid.,right,right
"Clinton, advisers have lots to say on key trade legislation, except where candidate stands",Hillary Clinton says President Obama has an opportunity to negotiate a better deal with Congress. Clinton declines to say whether she supports or opposes the Trans Pacific Partnership. Clinton is campaigning in Iowa after formally launching her campaign.,right,right
"Clinton, advisers have lots to say on key trade legislation, except where candidate stands",Hillary Clinton says President Obama has an opportunity to negotiate a better deal. Clinton declines to say whether she supports or opposes the Trans Pacific Partnership. Clinton is campaigning in Iowa after formally launching her presidential campaign.,center,center
"Clinton, advisers have lots to say on key trade legislation, except where candidate stands",Hillary Clinton says President Obama has an opportunity to negotiate a better deal. Clinton declines to say whether she supports or opposes the Trans Pacific Partnership. Clinton is campaigning in Iowa after formally launching her presidential bid.,right,center
"Clinton, advisers have lots to say on key trade legislation, except where candidate stands",Hillary Clinton says President Obama has an opportunity to negotiate a better deal. Clinton declines to say whether she supports or opposes the Trans Pacific Partnership. Clinton is campaigning in Iowa after formally launching her campaign.,right,center
Hillary Clinton's use of private email address while secretary of state draws scrutiny,"Former Secretary of State Hillary Clinton used a personal email account to exclusively conduct official business during her time at the State Department. The existence of the account was discovered by the House select committee investigating the deadly 2012 attacks on the U.S. Consulate in Benghazi, Libya. Clinton did not even have a government email address during her tenure as America's top diplomat, which lasted from 2009 to 2013. Her aides took no action to preserve her emails on department servers, as required by the Federal Records Act.",right,left
Hillary Clinton's use of private email address while secretary of state draws scrutiny,"Former Secretary of State Hillary Clinton used a personal email account to exclusively conduct official business during her time at the State Department. The existence of the account was discovered by the House select committee investigating the deadly 2012 attacks on the U.S. Consulate in Benghazi, Libya, and was first reported by The New York Times. Clinton did not even have a government email address during her tenure as America's top diplomat, which lasted from 2009 to 2013.",right,left
Hillary Clinton's use of private email address while secretary of state draws scrutiny,"Former Secretary of State Hillary Clinton used a personal email account to exclusively conduct official business during her time at the State Department. The existence of the account was discovered by the House select committee investigating the deadly 2012 attacks on the U.S. Consulate in Benghazi, Libya. Clinton did not even have a government email address during her tenure as America's top diplomat, which lasted from 2009 to 2013.",right,left
Hillary Clinton's use of private email address while secretary of state draws scrutiny,"Hillary Clinton used a personal email account to exclusively conduct official business during her time at the State Department. The existence of the account was discovered by the House select committee investigating the deadly 2012 attacks on the U.S. Consulate in Benghazi, Libya. Clinton did not even have a government email address during her tenure as America's top diplomat, which lasted from 2009 to 2013.",right,right
Hillary Clinton's use of private email address while secretary of state draws scrutiny,"Hillary Clinton used a personal email account to exclusively conduct official business during her time at the State Department. The move raises questions about access to the full archive of her correspondence, as well as the possibility that she violated federal law. The existence of the account was discovered by the House select committee investigating the deadly 2012 attacks on the U.S. Consulate in Benghazi, Libya.",right,right
Hillary Clinton's use of private email address while secretary of state draws scrutiny,"Hillary Clinton used a personal email account to exclusively conduct official business during her time at the State Department. The move raises questions about access to the full archive of her correspondence, as well as the possibility that she violated federal law. The existence of the account was discovered by the House select committee investigating the deadly 2012 attacks on the U.S. Consulate in Benghazi.",right,right
Hillary Clinton's use of private email address while secretary of state draws scrutiny,"Hillary Clinton used a personal email account to exclusively conduct official business during her time at the State Department. Clinton did not even have a government email address during her tenure as America's top diplomat, which lasted from 2009 to 2013. The New York Times reports that her aides took no action to preserve her emails on department servers, as required by the Federal Records Act.",right,center
Hillary Clinton's use of private email address while secretary of state draws scrutiny,"Hillary Clinton used a personal email account to exclusively conduct official business during her time at the State Department. The move raises questions about access to the full archive of her correspondence, as well as the possibility that she violated federal law. Clinton did not even have a government email address during her tenure as America's top diplomat, which lasted from 2009 to 2013.",right,center
Hillary Clinton's use of private email address while secretary of state draws scrutiny,"Hillary Clinton used a personal email account to exclusively conduct official business during her time at the State Department. The move raises questions about access to the full archive of her correspondence, as well as the possibility that she violated federal law. Clinton did not even have a government email address during her tenure as America's top diplomat.",right,center
Hillary Clinton Asks State Department to Vet Emails for Release,"State Department lawyers noticed that among 15,000 documents they examined, there were no emails to or from an official departmental account for Mrs. Clinton. “This all raised the question to us: What else are we missing, and what do we need to comply’ with the request, one official said.",center,left
Hillary Clinton Asks State Department to Vet Emails for Release,"State Department lawyers noticed that among 15,000 documents they examined, there were no emails to or from an official departmental account for Mrs. Clinton. “This all raised the question to us: What else are we missing, and what do we need to comply’ with the request, said one official.",center,left
Hillary Clinton Asks State Department to Vet Emails for Release,"State Department lawyers noticed that among 15,000 documents they examined, there were no emails to or from an official departmental account for Mrs. Clinton. That raised the question: What else are we missing, and what do we need to comply with the request?",center,left
Hillary Clinton Asks State Department to Vet Emails for Release,"State Department lawyers were looking at documents related to the Benghazi attacks. Among the 15,000 documents they examined, there were no emails to or from an official departmental account for Mrs. Clinton. The State Department handed over the Benghazi emails to the House Select Committee on Benghazi.",right,right
Hillary Clinton Asks State Department to Vet Emails for Release,"State Department lawyers were looking at documents related to the Benghazi attacks. Among the 15,000 documents they examined, there were no emails to or from an official departmental account for Mrs. Clinton.",center,right
Hillary Clinton Asks State Department to Vet Emails for Release,"State Department lawyers were looking at documents related to the Benghazi attacks. Among the 15,000 documents they examined, there were no emails to or from an official departmental account for Hillary Clinton.",right,right
Hillary Clinton Asks State Department to Vet Emails for Release,"State Department lawyers noticed that among 15,000 documents they examined, there were no emails to or from an official departmental account for Mrs. Clinton. That raised the question: What else are we missing, and what do we need to comply with the request, one official said.",center,center
Hillary Clinton Asks State Department to Vet Emails for Release,"State Department lawyers noticed that among 15,000 documents they examined, there were no emails to or from an official departmental account for Mrs. Clinton. The review of Benghazi-related documents last summer set off the chain of events leading to the public disclosure this week.",center,center
Hillary Clinton Asks State Department to Vet Emails for Release,"State Department lawyers noticed that among 15,000 documents they examined, there were no emails to or from an official departmental account for Mrs. Clinton. The State Department handed over the Benghazi emails to the House Select Committee on Benghazi.",right,center
Marco Rubio to Outline His Approach to Foreign Policy,"Marco Rubio, Republican of Florida, will outline his own approach to foreign policy. Rubio: First priority will be to “adequately fund’ the nation’s military. The Rubio approach has three main pillars — ensuring American strength; protecting the American economy in a globalized world.",left,left
Marco Rubio to Outline His Approach to Foreign Policy,"Marco Rubio, Republican of Florida, will outline his own approach to foreign policy. Rubio: First priority will be to “adequately fund’ the nation’s military. The Rubio approach has three main pillars: ensuring American strength; protecting the American economy in a globalized world.",left,left
Marco Rubio to Outline His Approach to Foreign Policy,"Marco Rubio, Republican of Florida, will outline his own approach to foreign policy. Rubio: First priority will be to “adequately fund’ the nation’s military. He will promise to use American power “to oppose any violations of international waters’",left,left
Marco Rubio to Outline His Approach to Foreign Policy,"Sen. Marco Rubio will outline his approach to foreign policy in a speech Wednesday. His first priority will be to “adequately fund” the nation’s military, he is expected to say.",center,right
Marco Rubio to Outline His Approach to Foreign Policy,"Sen. Marco Rubio will outline his approach to foreign policy in a speech Wednesday. His first priority will be to “adequately fund’ the nation’s military, he will say.",center,right
Marco Rubio to Outline His Approach to Foreign Policy,Sen. Marco Rubio will outline his approach to foreign policy in a speech Wednesday. His first priority will be to “adequately fund’ the nation’s military.,right,right
Marco Rubio to Outline His Approach to Foreign Policy,"Marco Rubio will outline his approach to foreign policy in a speech Wednesday. Rubio's first priority will be to “adequately fund’ the nation’s military, he is expected to say.",center,center
Marco Rubio to Outline His Approach to Foreign Policy,Marco Rubio will outline his approach to foreign policy in a speech Wednesday. Rubio's first priority will be to “adequately fund” the nation’s military.,right,center
Marco Rubio to Outline His Approach to Foreign Policy,Marco Rubio will outline his approach to foreign policy in a speech Wednesday. Rubio's first priority will be to “adequately fund’ the nation’s military.,right,center
Marco Rubio Lays Out Hawkish Foreign Policy Doctrine Invoking Kennedy,Sen. Marco Rubio says U.S. needs to assert itself more around the world. He says President Barack Obama has not lived up to his promise to make America stronger.,right,left
Marco Rubio Lays Out Hawkish Foreign Policy Doctrine Invoking Kennedy,Sen. Marco Rubio says U.S. needs to assert itself more around the world. He says President Barack Obama has not lived up to his promise to make America great.,right,left
Marco Rubio Lays Out Hawkish Foreign Policy Doctrine Invoking Kennedy,Sen. Marco Rubio says U.S. needs to assert itself more around the world. He says President Barack Obama has not lived up to his promise to the nation.,right,left
Marco Rubio Lays Out Hawkish Foreign Policy Doctrine Invoking Kennedy,"U.S. Sen. Marco Rubio is running for re-election in Florida. In a speech Wednesday, he called for a more assertive foreign policy. He said President Barack Obama has been too hard on his enemies. He also said he would not have supported the Iraq war if he knew it was illegal.",right,right
Marco Rubio Lays Out Hawkish Foreign Policy Doctrine Invoking Kennedy,"U.S. Sen. Marco Rubio is running for re-election in Florida. In a speech Wednesday, he called for a more assertive foreign policy. He said President Barack Obama has been too hard on his enemies. He also said he would not have supported the Iraq War if he knew it was illegal.",right,right
Marco Rubio Lays Out Hawkish Foreign Policy Doctrine Invoking Kennedy,"U.S. Sen. Marco Rubio is running for re-election in Florida. In a speech Wednesday, he called for a more assertive foreign policy. He said President Barack Obama has been too hard on his enemies.",right,right
Marco Rubio Lays Out Hawkish Foreign Policy Doctrine Invoking Kennedy,Ruben Navarrette Jr. said U.S. needs to be more assertive in the world. He said he would not have supported the Iraq war if he knew it was illegal. He also said he wants to see more investment in infrastructure.,center,center
Marco Rubio Lays Out Hawkish Foreign Policy Doctrine Invoking Kennedy,Ruben Navarrette Jr. said U.S. needs to be more assertive in the world. He said he would not have supported the Iraq war if he knew it was illegal. He also said he wants to help Ukraine.,center,center
Marco Rubio Lays Out Hawkish Foreign Policy Doctrine Invoking Kennedy,Ruben Navarrette Jr. said U.S. needs to be more assertive in the world. He said he would not have supported the Iraq war if he knew it was illegal.,left,center
Benghazi committee seeks 'transcribed' interview with Clinton over deleted records,"Rep. Trey Gowdy, R-S.C., sent the request in a letter sent Tuesday to Clinton's lawyer. Gowdy asked that Clinton agree to a ""transcribed"" interview -- and repeated a March 16 request for her to surrender her server so it can be examined by the State Department.",right,left
Benghazi committee seeks 'transcribed' interview with Clinton over deleted records,"Rep. Trey Gowdy, R-S.C., sent the request in a letter sent Tuesday to Clinton's lawyer. Gowdy asked that Clinton agree to a ""transcribed"" interview -- and repeated a March 16 request for her to surrender her server so it can be examined.",right,left
Benghazi committee seeks 'transcribed' interview with Clinton over deleted records,"Rep. Trey Gowdy, R-S.C., sent the request in a letter sent Tuesday to Clinton's lawyer. Gowdy asked that Clinton agree to a ""transcribed"" interview -- and repeated a March 16 request for her to surrender her server.",right,left
Benghazi committee seeks 'transcribed' interview with Clinton over deleted records,"Committee Chairman Rep. Trey Gowdy, R-S.C., made the request in a letter sent Tuesday to Clinton's lawyer. Gowdy asked that Clinton agree to a ""transcribed"" interview -- and repeated a March 16 request for her to surrender her server so it can be examined by the State Department's inspector general.",right,right
Benghazi committee seeks 'transcribed' interview with Clinton over deleted records,"Committee Chairman Rep. Trey Gowdy, R-S.C., made the request in a letter sent Tuesday to Clinton's lawyer. Gowdy asked that Clinton agree to a ""transcribed"" interview -- and repeated a March 16 request for her to surrender her server so it can be examined by the State Department's inspector general.",right,right
Benghazi committee seeks 'transcribed' interview with Clinton over deleted records,"Committee Chairman Rep. Trey Gowdy, R-S.C., made the request in a letter sent Tuesday to Clinton's lawyer. Gowdy asked that Clinton agree to a ""transcribed"" interview -- and repeated a March 16 request for her to surrender her server so it can be examined.",right,right
Benghazi committee seeks 'transcribed' interview with Clinton over deleted records,"Committee Chairman Rep. Trey Gowdy, R-S.C., made the request in a letter sent Tuesday to Clinton's lawyer. Gowdy asked that Clinton agree to a ""transcribed"" interview -- and repeated a March 16 request for her to surrender her server so it can be examined.",right,center
Benghazi committee seeks 'transcribed' interview with Clinton over deleted records,"Committee Chairman Rep. Trey Gowdy, R-S.C., made the request in a letter sent Tuesday to Clinton's lawyer. Gowdy asked that Clinton agree to a ""transcribed"" interview -- and repeated a March 16 request for her to surrender her server.",right,center
Benghazi committee seeks 'transcribed' interview with Clinton over deleted records,"Committee Chairman Rep. Trey Gowdy, R-S.C., made the request in a letter sent Tuesday to Clinton's lawyer. Gowdy asked that Clinton agree to a ""transcribed"" interview and repeated a March 16 request for her to surrender her server.",right,center
Hillary Clinton Releases Tax Returns Going Back To 2007,"Hillary Clinton released her tax returns from 2007 to 2014. The couple earned $140,937,785 from book sales and speaking fees. They paid $43,885,310 in federal taxes and $13,625,777 in local taxes.",right,left
Hillary Clinton Releases Tax Returns Going Back To 2007,"Hillary Clinton released her tax returns from 2007 to 2014. The couple earned $140,937,785 from book sales and speaking fees. The Clintons paid an effective tax rate of 35.7 percent.",right,left
Hillary Clinton Releases Tax Returns Going Back To 2007,"Hillary Clinton released her tax returns from 2007 to 2014. The couple earned $140,937,785 from book sales and speaking fees. They paid an effective tax rate of 35.7 percent.",right,left
Hillary Clinton Releases Tax Returns Going Back To 2007,"Hillary and Bill Clinton released their tax returns from 2007 to 2014. The couple earned $140,937,785 over the eight year span, primarily from book sales and speaking fees. The Clintons paid an effective federal tax rate of 35.7 percent and donated over 10 percent of their income to charity.",right,right
Hillary Clinton Releases Tax Returns Going Back To 2007,"Hillary and Bill Clinton released their tax returns from 2007 to 2014. The couple earned $140,937,785 over the eight year span, primarily from book sales and speaking fees. They paid $43,885,310 in federal taxes and $13,625,777 in state and local taxes.",right,right
Hillary Clinton Releases Tax Returns Going Back To 2007,"Hillary and Bill Clinton released their tax returns from 2007 to 2014. The couple earned $140,937,785 from book sales and speaking fees. They paid $43,885,310 in federal taxes and $13,625,777 in state and local taxes.",right,right
Hillary Clinton Releases Tax Returns Going Back To 2007,"Hillary and Bill Clinton released their tax returns from 2007 to 2014. The Clintons earned $140,937,785 over the eight year span, primarily from book sales and speaking fees. The couple paid $43,885,310 in federal taxes and $13,625,777 in state and local taxes.",right,center
Hillary Clinton Releases Tax Returns Going Back To 2007,"Hillary and Bill Clinton released their tax returns from 2007 to 2014. The Clintons earned $140,937,785 over the eight year span, primarily from book sales and speaking fees. The couple paid $43,885,310 in federal taxes and $13,625,777 in state and local taxes during that time.",right,center
Hillary Clinton Releases Tax Returns Going Back To 2007,"Hillary and Bill Clinton released their tax returns from 2007 to 2014. The Clintons earned $140,937,785 over the eight year span. The couple paid $43,885,310 in federal taxes and $13,625,777 in state and local taxes.",right,center
Arkansas governor seeks changes in religious freedom bill,"Hutchinson had initially said he planned to sign the bill but backed off as his state became the new focal point of a nationwide backlash over such legislation. Indiana for days has faced similar criticism for a related religious freedom bill. Hutchinson said he wants to strike the ""right balance""",center,left
Arkansas governor seeks changes in religious freedom bill,"Hutchinson had initially said he planned to sign the bill but backed off as his state, overnight, became the new focal point of a nationwide backlash over such legislation. Indiana for days has faced similar criticism for a related religious freedom bill.",center,left
Arkansas governor seeks changes in religious freedom bill,Hutchinson had initially said he planned to sign the bill but backed off as his state became the new focal point of a nationwide backlash over such legislation. Indiana for days has faced similar criticism for a related religious freedom bill.,center,left
Arkansas governor seeks changes in religious freedom bill,"Hutchinson had initially said he planned to sign the bill but backed off as his state became the new focal point of a nationwide backlash. Indiana for days has faced similar criticism for a related religious freedom bill. Hutchinson said he wants to strike the ""right balance""",center,right
Arkansas governor seeks changes in religious freedom bill,"Hutchinson had initially said he planned to sign the bill but backed off as his state, overnight, became the new focal point of a nationwide backlash over such legislation. Indiana for days has faced similar criticism for a related religious freedom bill.",center,right
Arkansas governor seeks changes in religious freedom bill,Hutchinson had initially said he planned to sign the bill but backed off as his state became the new focal point of a nationwide backlash over such legislation. Indiana for days has faced similar criticism for a related religious freedom bill.,center,right
Arkansas governor seeks changes in religious freedom bill,Hutchinson says he still supports the intent of the legislation. But he wants changes made so it more closely mirrors a 1993 federal law. Indiana for days has faced similar criticism for a related religious freedom bill.,center,center
Arkansas governor seeks changes in religious freedom bill,Hutchinson says he still supports the intent of the legislation. But he wants changes made so it more closely mirrors a 1993 federal law. The announcement reflects the intense debate in state capitals across the country.,center,center
Arkansas governor seeks changes in religious freedom bill,Hutchinson says he still supports the intent of the legislation. But he wants changes made so it more closely mirrors a 1993 federal law. Indiana has faced similar criticism for a related religious freedom bill.,center,center
John McCain Suggests Hillary Clinton's Use Of Personal Email Was Hypocritical,"McCain: Clinton's use of personal email while secretary of state was hypocritical. In 2007, Clinton criticized the Bush administration for its ""secrecy"" McCain also raised the concern that there's no way of knowing if all of Clinton's emails have been saved.",left,left
John McCain Suggests Hillary Clinton's Use Of Personal Email Was Hypocritical,"McCain: Clinton's use of personal email while secretary of state was hypocritical. In 2007, Clinton criticized the Bush administration for its ""secrecy"" McCain: There's no way of knowing if all of Clinton's emails have been saved.",left,left
John McCain Suggests Hillary Clinton's Use Of Personal Email Was Hypocritical,"McCain: Clinton's use of personal email while secretary of state was hypocritical. In 2007, Clinton criticized the Bush administration for its ""secrecy"" McCain: There's no way to know if all of Clinton's emails have been saved.",left,left
John McCain Suggests Hillary Clinton's Use Of Personal Email Was Hypocritical,"Sen. John McCain (R-Ariz.) suggested Thursday that Hillary Clinton's exclusive use of personal email while serving as secretary of state was hypocritical. ""This is the same individual that just excoriated the Bush administration for supposedly hiding communications within the administration,"" McCain said.",left,right
John McCain Suggests Hillary Clinton's Use Of Personal Email Was Hypocritical,"Sen. John McCain (R-Ariz.) suggested Thursday that Hillary Clinton's exclusive use of personal email while serving as secretary of state was hypocritical. ""This is the same individual that just excoriated the Bush administration for supposedly hiding communications within the administration,"" he said.",left,right
John McCain Suggests Hillary Clinton's Use Of Personal Email Was Hypocritical,Sen. John McCain (R-Ariz.) suggested Thursday that Hillary Clinton's exclusive use of personal email while serving as secretary of state was hypocritical. McCain also raised the concern that there's no way of knowing if all of Clinton's emails have been saved.,center,right
John McCain Suggests Hillary Clinton's Use Of Personal Email Was Hypocritical,"McCain: ""This is the same individual that just excoriated the Bush administration for supposedly hiding communications within the administration"" McCain also raised the concern that there's no way of knowing if all of Clinton's emails have been saved since they were not originally retained by the government.",left,center
John McCain Suggests Hillary Clinton's Use Of Personal Email Was Hypocritical,"McCain: ""This is the same individual that just excoriated the Bush administration for supposedly hiding communications within the administration"" McCain also raised the concern that there's no way of knowing if all of Clinton's emails have been saved.",left,center
John McCain Suggests Hillary Clinton's Use Of Personal Email Was Hypocritical,"McCain: ""This is the same individual that just excoriated the Bush administration for supposedly hiding communications within the administration"" McCain also raised the concern that there's no way of knowing if all of Clinton's emails have been saved, since they were not originally retained.",left,center
Hillary Clinton: Obama Should Listen To Nancy Pelosi On Trade,"Hillary Clinton encouraged President Barack Obama to listen to House Minority Leader Nancy Pelosi on trade. House Democrats rejected Obama's trade agenda Friday by blocking a measure that would have granted him the power to fast-track sweeping, secretive international agreements.",right,left
Hillary Clinton: Obama Should Listen To Nancy Pelosi On Trade,Hillary Clinton encouraged President Barack Obama to listen to House Minority Leader Nancy Pelosi on trade. House Democrats rejected Obama's trade agenda Friday by blocking a measure that would have granted him the power to fast-track sweeping international agreements through Congress.,right,left
Hillary Clinton: Obama Should Listen To Nancy Pelosi On Trade,Hillary Clinton encouraged President Barack Obama to listen to House Minority Leader Nancy Pelosi on trade. House Democrats rejected Obama's trade agenda Friday by blocking a measure that would have granted him the power to fast-track sweeping international agreements.,right,left
Hillary Clinton: Obama Should Listen To Nancy Pelosi On Trade,Hillary Clinton urged President Barack Obama to listen to House Minority Leader Nancy Pelosi on trade. House Democrats rejected Obama's trade agenda Friday by blocking a measure that would have granted him the power to fast-track sweeping international agreements through Congress.,right,right
Hillary Clinton: Obama Should Listen To Nancy Pelosi On Trade,"Hillary Clinton urged President Barack Obama to listen to House Minority Leader Nancy Pelosi on trade. House Democrats rejected Obama's trade agenda Friday by blocking a measure that would have granted him the power to fast-track sweeping, secretive international agreements.",right,right
Hillary Clinton: Obama Should Listen To Nancy Pelosi On Trade,Hillary Clinton urged President Barack Obama to listen to House Minority Leader Nancy Pelosi. Pelosi took to the House floor Friday to oppose trade legislation Obama had personally lobbied for on Capitol Hill. House Democrats rejected Obama's trade agenda in overwhelming numbers.,right,right
Hillary Clinton: Obama Should Listen To Nancy Pelosi On Trade,"Hillary Clinton urged President Barack Obama to listen to House Minority Leader Nancy Pelosi on trade. Clinton said that if the president can't come to terms with Pelosi, there should be no deal.",right,center
Hillary Clinton: Obama Should Listen To Nancy Pelosi On Trade,Hillary Clinton urged President Barack Obama to listen to House Minority Leader Nancy Pelosi on trade. House Democrats rejected Obama's trade agenda in overwhelming numbers on Friday.,right,center
Hillary Clinton: Obama Should Listen To Nancy Pelosi On Trade,Hillary Clinton urged President Barack Obama to listen to House Minority Leader Nancy Pelosi on trade. House Democrats rejected Obama's trade agenda in overwhelming numbers.,right,center
Hillary Clinton Urges Obama to Listen to Democrats on Trade Deal,Hillary Rodham Clinton urged President Obama to listen to congressional Democrats. Mrs. Clinton laid out a far more calibrated position on the deal than many Democrats and Republicans have taken. She declined to take sides on the Friday vote itself but instead allied herself with Democratic critics.,center,left
Hillary Clinton Urges Obama to Listen to Democrats on Trade Deal,Hillary Rodham Clinton urged President Obama to listen to congressional Democrats and make changes to the Trans-Pacific Partnership trade deal. Mrs. Clinton laid out a far more calibrated position on the deal than many Democrats and Republicans have taken.,center,left
Hillary Clinton Urges Obama to Listen to Democrats on Trade Deal,Hillary Rodham Clinton urged President Obama to listen to congressional Democrats and make changes to the Trans-Pacific Partnership trade deal. She laid out a far more calibrated position on the deal than many Democrats and Republicans have taken.,center,left
Hillary Clinton Urges Obama to Listen to Democrats on Trade Deal,"Hillary Clinton lays out a far more calibrated position on the deal than many Democrats and Republicans have taken. She declined to take sides on the Friday vote itself but instead allied herself with Democratic critics of the deal. Mrs. Clinton indicated that if she were president, she would not abandon the 12-nation Pacific trade deal.",center,right
Hillary Clinton Urges Obama to Listen to Democrats on Trade Deal,Hillary Clinton lays out a far more calibrated position on the deal than many Democrats and Republicans have taken. She declined to take sides on the Friday vote itself but instead allied herself with Democratic critics of the deal – without actually opposing it.,center,right
Hillary Clinton Urges Obama to Listen to Democrats on Trade Deal,Hillary Clinton lays out a far more calibrated position on the deal than many Democrats and Republicans have taken. She declined to take sides on the Friday vote itself but instead allied herself with Democratic critics of the deal.,center,right
Hillary Clinton Urges Obama to Listen to Democrats on Trade Deal,Hillary Clinton laid out a far more calibrated position on the deal than many Democrats and Republicans have taken. She declined to take sides on the Friday vote itself but instead allied herself with Democratic critics of the deal – without actually opposing it.,center,center
Hillary Clinton Urges Obama to Listen to Democrats on Trade Deal,Hillary Clinton laid out a far more calibrated position on the deal than many Democrats and Republicans have taken. She declined to take sides on the Friday vote itself but instead allied herself with Democratic critics of the deal.,center,center
Hillary Clinton Urges Obama to Listen to Democrats on Trade Deal,Hillary Clinton laid out a far more calibrated position on the deal than many Democrats and Republicans have taken. She declined to take sides on the Friday vote itself but instead allied herself with Democratic critics.,center,center
"Huckabee announces 2016 White House bid, with focus on economy and security | Fox News","Huckabee, a former Baptist minister, ran for president in 2008, winning eight states including the first-in-the-nation Iowa caucuses before running out of money and exiting the race. Huckabee, who left his job as a Fox News host earlier this year in preparation for a potential 2016 run, was Arkansas governor from 1996 to 2007.",right,left
"Huckabee announces 2016 White House bid, with focus on economy and security | Fox News","Huckabee, a former Baptist minister, ran for president in 2008, winning eight states including the first-in-the-nation Iowa caucuses before running out of money and exiting the race. Huckabee is the third Republican this week to announce a 2016 White House bid, following Fiorina and Carson, a retired neurosurgeon.",right,left
"Huckabee announces 2016 White House bid, with focus on economy and security | Fox News","Huckabee, a former Baptist minister, ran for president in 2008, winning eight states including the first-in-the-nation Iowa caucuses before running out of money and exiting the race. Huckabee is the third Republican this week to announce a 2016 White House bid, following Fiorina and Carson.",right,left
"Huckabee announces 2016 White House bid, with focus on economy and security | Fox News","Huckabee, a former Baptist minister, ran for president in 2008, winning eight states including the first-in-the-nation Iowa caucuses before running out of money and exiting the race. Huckabee has a strong following among the party’s evangelical Christian base but will face stiff competition for that vote from such primary candidates as Dr. Ben Carson and Sen. Ted Cruz.",right,right
"Huckabee announces 2016 White House bid, with focus on economy and security | Fox News","Huckabee, a former Baptist minister, ran for president in 2008, winning eight states including the first-in-the-nation Iowa caucuses before running out of money and exiting the race. Huckabee has a strong following among the party’s evangelical Christian base but this time will face stiff competition from such primary candidates as Dr. Ben Carson and Sen. Ted Cruz.",right,right
"Huckabee announces 2016 White House bid, with focus on economy and security | Fox News","Huckabee, a former Baptist minister, ran for president in 2008, winning eight states including the first-in-the-nation Iowa caucuses before running out of money and exiting the race. Huckabee has a strong following among the party’s evangelical Christian base but will face stiff competition for that vote from such primary candidates as Ben Carson and Ted Cruz.",right,right
"Huckabee announces 2016 White House bid, with focus on economy and security | Fox News","Huckabee, a former Baptist minister, ran for president in 2008, winning eight states including the first-in-the-nation Iowa caucuses before running out of money and exiting the race. Huckabee has a strong following among the party’s evangelical Christian base but this time will face stiff competition for that vote from such primary candidates as Dr. Ben Carson and Sen. Ted Cruz.",right,center
"Huckabee announces 2016 White House bid, with focus on economy and security | Fox News","Huckabee, a former Baptist minister, ran for president in 2008, winning eight states including the first-in-the-nation Iowa caucuses before running out of money and exiting the race. Huckabee has a strong following among the party’s evangelical Christian base but will face stiff competition for that vote from such primary candidates as Dr. Ben Carson and Sen. Ted Cruz.",right,center
"Huckabee announces 2016 White House bid, with focus on economy and security | Fox News","Huckabee, a former Baptist minister, ran for president in 2008, winning eight states including the first-in-the-nation Iowa caucuses before running out of money and exiting the race. Huckabee, who left his job as a Fox News host earlier this year in preparation for a potential 2016 run, was Arkansas governor from 1996 to 2007.",right,center
Mike Huckabee on the Issues,"Mike Huckabee has been outspoken on a range of matters, particularly foreign policy and social issues like same-sex marriage. He warns that radical Islam is a grave threat to the United States.",right,left
Mike Huckabee on the Issues,"Mike Huckabee has been outspoken on a range of matters, particularly foreign policy and social issues like same-sex marriage. He warns that radical Islam is a grave threat to the United States.",right,left
Mike Huckabee on the Issues,"Mike Huckabee has been outspoken on a range of matters, particularly foreign policy and social issues. Here are his stances on important issues.",center,left
Mike Huckabee on the Issues,"Mike Huckabee has been outspoken on a range of matters, particularly foreign policy and social issues like same-sex marriage. Huckabee warns that radical Islam is a grave threat to the United States.",right,right
Mike Huckabee on the Issues,"Mike Huckabee has been outspoken on a range of matters, particularly foreign policy and social issues like same-sex marriage. Huckabee is a strong defender of entitlement programs.",center,right
Mike Huckabee on the Issues,"Mike Huckabee has been outspoken on a range of matters, particularly foreign policy and social issues like same-sex marriage.",center,right
Mike Huckabee on the Issues,"Mike Huckabee has been outspoken on a range of matters, particularly foreign policy and social issues like same-sex marriage. He warns that radical Islam is a grave threat to the United States.",right,center
Mike Huckabee on the Issues,"Mike Huckabee has been outspoken on a range of matters, particularly foreign policy and social issues. Here are his stances on important issues.",center,center
Mike Huckabee on the Issues,"Mike Huckabee has been outspoken on a range of matters, particularly foreign policy and social issues like same-sex marriage.",center,center
"Washington gov, Seattle mayor ban official travel to Indiana in wake of 'religious freedom' law",Washington Gov. Jay Inslee and Seattle Mayor Ed Murray ban government-funded travel to Indiana. The statements are the latest boycott threats to emerge over claims that the law has the potential to discriminate against gays and others.,right,left
"Washington gov, Seattle mayor ban official travel to Indiana in wake of 'religious freedom' law",Washington Gov. Jay Inslee and Seattle Mayor Ed Murray have banned government-funded travel to Indiana. The statements are the latest boycott threats to emerge over claims that the law has the potential to discriminate against gays and others.,right,left
"Washington gov, Seattle mayor ban official travel to Indiana in wake of 'religious freedom' law",Washington Gov. Jay Inslee and Seattle Mayor Ed Murray ban government-funded travel to Indiana. The statements are the latest boycott threats to emerge over claims that the law has the potential to discriminate.,center,left
"Washington gov, Seattle mayor ban official travel to Indiana in wake of 'religious freedom' law","Seattle Mayor Ed Murray bans government-funded travel to Indiana. Gov. Jay Inslee says he finds Indiana's new law ""disturbing"" 15 other states have introduced legislation in 2015 to craft or alter their religious freedom laws.",right,right
"Washington gov, Seattle mayor ban official travel to Indiana in wake of 'religious freedom' law","Seattle Mayor Ed Murray bans government-funded travel to Indiana. Gov. Jay Inslee says he finds Indiana's new law ""disturbing"" 15 other states have introduced legislation in 2015 to alter their religious freedom laws.",right,right
"Washington gov, Seattle mayor ban official travel to Indiana in wake of 'religious freedom' law","Seattle Mayor Ed Murray bans government-funded travel to Indiana. Gov. Jay Inslee says he finds Indiana's new law ""disturbing"" 15 other states have introduced legislation in 2015 to craft or alter religious freedom laws.",right,right
"Washington gov, Seattle mayor ban official travel to Indiana in wake of 'religious freedom' law",Gov. Jay Inslee and Seattle Mayor Ed Murray ban government-funded travel to Indiana. The statements are the latest boycott threats to emerge over claims that the law has the potential to discriminate against gays and others. 15 other states have introduced legislation to craft or alter their religious freedom laws.,center,center
"Washington gov, Seattle mayor ban official travel to Indiana in wake of 'religious freedom' law",Gov. Jay Inslee and Seattle Mayor Ed Murray ban government-funded travel to Indiana. The statements are the latest boycott threats to emerge over claims that the law has the potential to discriminate against gays and others.,right,center
"Washington gov, Seattle mayor ban official travel to Indiana in wake of 'religious freedom' law",Gov. Jay Inslee and Seattle Mayor Ed Murray ban government-funded travel to Indiana. The statements are the latest boycott threats to emerge over claims that the law has the potential to discriminate against gays.,right,center
Washington State To Boycott Indiana Over LGBT Discrimination Law,"Washington Gov. Jay Inslee (D) announced Monday that he would ban state-funded travel to Indiana. The measure has sparked national backlash, with critics warning that the law provides legal justification for discrimination against LGBT individuals. Earlier Monday, Connecticut Gov. Dan Malloy took a similar stand against the Religious Freedom Restoration Act.",center,left
Washington State To Boycott Indiana Over LGBT Discrimination Law,"Washington Gov. Jay Inslee (D) announced Monday that he would ban state-funded travel to Indiana. The measure has sparked national backlash, with critics warning that the law provides legal justification for discrimination against LGBT individuals. Earlier Monday, Connecticut Gov. Dan Malloy took a similar stand.",center,left
Washington State To Boycott Indiana Over LGBT Discrimination Law,"Washington Gov. Jay Inslee (D) announced Monday that he would ban state-funded travel to Indiana. The measure has sparked national backlash, with critics warning that the law provides legal justification for discrimination against LGBT individuals.",center,left
Washington State To Boycott Indiana Over LGBT Discrimination Law,"Washington Gov. Jay Inslee (D) announced Monday that he would ban state-funded travel to Indiana. Earlier Monday, Connecticut Gov. Dan Malloy took a similar stand against the Religious Freedom Restoration Act. The measure has sparked national backlash, with critics warning that the law provides legal justification for discrimination.",center,right
Washington State To Boycott Indiana Over LGBT Discrimination Law,"Washington Gov. Jay Inslee (D) announced Monday that he would ban state-funded travel to Indiana. Earlier Monday, Connecticut Gov. Dan Malloy took a similar stand against the Religious Freedom Restoration Act. The measure could allow businesses to deny service to gay and lesbian individuals for religious reasons.",center,right
Washington State To Boycott Indiana Over LGBT Discrimination Law,"Washington Gov. Jay Inslee (D) announced Monday that he would ban state-funded travel to Indiana. Earlier Monday, Connecticut Gov. Dan Malloy took a similar stand against the Religious Freedom Restoration Act. The measure could allow businesses to deny service to gay and lesbian individuals.",center,right
Washington State To Boycott Indiana Over LGBT Discrimination Law,"Washington Gov. Jay Inslee (D) announced Monday that he would ban state-funded travel to Indiana. The Religious Freedom Restoration Act could allow businesses to deny service to gay and lesbian individuals for religious reasons. Earlier Monday, Connecticut Gov. Dan Malloy took a similar stand.",center,center
Washington State To Boycott Indiana Over LGBT Discrimination Law,Washington Gov. Jay Inslee (D) announced Monday that he would ban state-funded travel to Indiana. The Religious Freedom Restoration Act could allow businesses to deny service to gay and lesbian individuals for religious reasons. The measure has sparked national backlash.,center,center
Washington State To Boycott Indiana Over LGBT Discrimination Law,Washington Gov. Jay Inslee (D) announced Monday that he would ban state-funded travel to Indiana. The Religious Freedom Restoration Act could allow businesses to deny service to gay and lesbian individuals for religious reasons.,center,center
Susan Rice: Netanyahu Visit 'Destructive' To U.S.-Israel Relationship,"Rice: Netanyahu's planned speech will be ""destructive"" to U.S.-Israel relations. Netanyahu was invited to speak in front of a joint session of Congress by House Speaker John Boehner.",right,left
Susan Rice: Netanyahu Visit 'Destructive' To U.S.-Israel Relationship,"Rice: Netanyahu's planned speech in front of Congress will be ""destructive"" to U.S.-Israel relations. Obama has said he will not meet with Netanyahu ahead of his speech.",right,left
Susan Rice: Netanyahu Visit 'Destructive' To U.S.-Israel Relationship,"Rice: Netanyahu's planned speech will be ""destructive"" to U.S.-Israel relations. Obama has said he will not meet with Netanyahu ahead of his speech in March.",right,left
Susan Rice: Netanyahu Visit 'Destructive' To U.S.-Israel Relationship,"Rice: Netanyahu's planned speech will be ""destructive"" to U.S.-Israel relations. Netanyahu invited to speak in front of a joint session of Congress by House Speaker John Boehner. Obama has said he will not meet with Netanyahu ahead of his speech.",right,right
Susan Rice: Netanyahu Visit 'Destructive' To U.S.-Israel Relationship,"Rice: Netanyahu's planned speech in front of Congress will be ""destructive"" to U.S.-Israel relations. Obama has said he will not meet with Netanyahu ahead of his speech in March.",right,right
Susan Rice: Netanyahu Visit 'Destructive' To U.S.-Israel Relationship,"Rice: Netanyahu's planned speech will be ""destructive"" to U.S.-Israel relations. Netanyahu was invited to speak in front of a joint session of Congress by House Speaker John Boehner.",right,right
Susan Rice: Netanyahu Visit 'Destructive' To U.S.-Israel Relationship,"Susan Rice, President Barack Obama's national security adviser, says Netanyahu's planned speech will be ""destructive"" to U.S.-Israel relations. Netanyahu was invited to speak in front of a joint session of Congress by House Speaker John Boehner (R-Ohio)",left,center
Susan Rice: Netanyahu Visit 'Destructive' To U.S.-Israel Relationship,"Susan Rice, President Barack Obama's national security adviser, says Benjamin Netanyahu's planned speech will be ""destructive"" to U.S.-Israel relations. Netanyahu was invited to speak in front of a joint session of Congress by House Speaker John Boehner.",right,center
Susan Rice: Netanyahu Visit 'Destructive' To U.S.-Israel Relationship,"Susan Rice, President Barack Obama's national security adviser, says Netanyahu's planned speech will be ""destructive"" to U.S.-Israel relations. Netanyahu was invited to speak in front of a joint session of Congress by House Speaker John Boehner.",right,center
Susan Rice calls Netanyahu's Capitol Hill speech 'destructive' to US-Israel relations,"National Security Adviser Susan Rice says Israeli Prime Minister Benjamin Netanyahu's upcoming Capitol Hill address will be a ""destructive"" force. Rice's comments are among the Obama administration's toughest on Netanyahu's speech. Netanyahu turned down an invitation to meet privately with leading Senate Democrats during his trip to Washington.",right,left
Susan Rice calls Netanyahu's Capitol Hill speech 'destructive' to US-Israel relations,"National Security Adviser Susan Rice says Israeli Prime Minister Benjamin Netanyahu's upcoming Capitol Hill address will be a ""destructive"" force. Rice's statements were among the Obama administration's toughest on Netanyahu's speech, set for March 3. Netanyahu turned down an invitation to meet privately with leading Senate Democrats.",right,left
Susan Rice calls Netanyahu's Capitol Hill speech 'destructive' to US-Israel relations,"National Security Adviser Susan Rice says Israeli Prime Minister Benjamin Netanyahu's upcoming Capitol Hill address will be a ""destructive"" force. Rice's comments are among the Obama administration's toughest on Netanyahu's speech. Netanyahu turned down an invitation to meet privately with leading Senate Democrats during his trip.",right,left
Susan Rice calls Netanyahu's Capitol Hill speech 'destructive' to US-Israel relations,"National Security Adviser Susan Rice says Benjamin Netanyahu's speech will be a ""destructive"" force in U.S.-Israel relations. Rice's comments come as Netanyahu turns down an invitation to meet privately with leading Senate Democrats during his trip to Washington.",right,right
Susan Rice calls Netanyahu's Capitol Hill speech 'destructive' to US-Israel relations,"National Security Adviser Susan Rice says Benjamin Netanyahu's visit will be a ""destructive"" force in U.S.-Israel relations. Rice's comments come as Netanyahu turns down an invitation to meet privately with leading Senate Democrats during his trip to Washington.",right,right
Susan Rice calls Netanyahu's Capitol Hill speech 'destructive' to US-Israel relations,"National Security Adviser Susan Rice says Benjamin Netanyahu's speech will be a ""destructive"" force in U.S.-Israel relations. Rice's comments come as Netanyahu turns down an invitation to meet privately with leading Senate Democrats.",right,right
Susan Rice calls Netanyahu's Capitol Hill speech 'destructive' to US-Israel relations,"National Security Adviser Susan Rice says Netanyahu's speech will be a ""destructive"" force in U.S.-Israel relations. Rice: ""It's destructive to the fabric of the relationship"" Netanyahu turned down an invitation to meet privately with leading Senate Democrats during his trip to Washington.",right,center
Susan Rice calls Netanyahu's Capitol Hill speech 'destructive' to US-Israel relations,"National Security Adviser Susan Rice says Netanyahu's speech will be a ""destructive"" force in U.S.-Israel relations. Rice: ""It's destructive to the fabric of the relationship"" Netanyahu says he regrets the invitation has been perceived by some to be political or partisan.",right,center
Susan Rice calls Netanyahu's Capitol Hill speech 'destructive' to US-Israel relations,"National Security Adviser Susan Rice says Netanyahu's speech will be a ""destructive"" force in U.S.-Israel relations. Rice: ""It's destructive to the fabric of the relationship"" Netanyahu turned down an invitation to meet privately with leading Senate Democrats during his trip.",right,center
"Chris Christie Announces Run, Pledging ‘Truth’ About Nation’s Woes",Gov. Chris Christie declares an uphill candidacy for president. He portrayed himself as the only candidate in the Republican field who is forthright and forceful enough to run the country.,center,left
"Chris Christie Announces Run, Pledging ‘Truth’ About Nation’s Woes",Gov. Chris Christie declares an uphill candidacy for president on Tuesday. He portrayed himself as the only candidate in the Republican field who is forceful enough to run the country.,center,left
"Chris Christie Announces Run, Pledging ‘Truth’ About Nation’s Woes",Gov. Chris Christie declares an uphill candidacy for president. He portrayed himself as the only candidate in the Republican field who is forceful enough to run the country.,center,left
"Chris Christie Announces Run, Pledging ‘Truth’ About Nation’s Woes","Gov. Chris Christie says he is the only candidate in the Republican field who is forthright and forceful enough to run the country. “I am not running for president of the United States as surrogate for being elected prom king of America,” he said.",right,right
"Chris Christie Announces Run, Pledging ‘Truth’ About Nation’s Woes","Gov. Chris Christie says he is the only candidate in the Republican field who is forthright and forceful enough to run the country. “I am not running for president of the United States as surrogate for being elected prom king of America,” Christie said.",right,right
"Chris Christie Announces Run, Pledging ‘Truth’ About Nation’s Woes","Gov. Chris Christie says he is the only candidate in the Republican field who is forthright and forceful enough to run the country. “We need strength and decision-making and authority back in the Oval Office,” he said.",right,right
"Chris Christie Announces Run, Pledging ‘Truth’ About Nation’s Woes",New Jersey Gov. Chris Christie declares an uphill candidacy for president. Mr. Christie portrayed himself as the only candidate in the Republican field who is forthright and forceful enough to run the country.,center,center
"Chris Christie Announces Run, Pledging ‘Truth’ About Nation’s Woes",New Jersey Gov. Chris Christie declares an uphill candidacy for president on Tuesday. He portrayed himself as the only candidate in the Republican field who is forthright and forceful enough to run the country.,center,center
"Chris Christie Announces Run, Pledging ‘Truth’ About Nation’s Woes",New Jersey Gov. Chris Christie declares an uphill candidacy for president. He portrayed himself as the only candidate in the Republican field who is forthright and forceful enough to run the country.,center,center
Chris Christie Announces He's Running For President In 2016,New Jersey Gov. Chris Christie announced he's running for president in 2016. Christie told supporters of his plans in a phone call Tuesday morning. Christie has served as New Jersey governor since January 2010.,center,left
Chris Christie Announces He's Running For President In 2016,"New Jersey Gov. Chris Christie announced he's running for president in 2016. Christie told supporters of his plans in a phone call Tuesday morning. He made a public announcement Tuesday afternoon at his alma mater, Livingston High School.",center,left
Chris Christie Announces He's Running For President In 2016,New Jersey Gov. Chris Christie announced he's running for president in 2016. Christie told supporters of his plans in a phone call Tuesday morning. Christie has served as New Jersey governor since 2010.,center,left
Chris Christie Announces He's Running For President In 2016,New Jersey Gov. Chris Christie announced he's running for president in 2016. Christie told supporters of his plans in a phone call Tuesday morning. Christie has served as New Jersey governor since January 2010.,center,right
Chris Christie Announces He's Running For President In 2016,New Jersey Gov. Chris Christie announced he's running for president in 2016. Christie told supporters of his plans in a phone call Tuesday morning. Christie has served as New Jersey governor since 2010.,center,right
Chris Christie Announces He's Running For President In 2016,New Jersey Gov. Chris Christie announced he's running for president in 2016. Christie told supporters of his plans in a phone call Tuesday morning. Christie is a tough-talking former federal prosecutor.,center,right
Chris Christie Announces He's Running For President In 2016,New Jersey Gov. Chris Christie announced he's running for president in 2016. Christie told supporters of his plans in a phone call Tuesday morning. Christie led the state during catastrophic damage from Hurricane Sandy in 2012.,center,center
Chris Christie Announces He's Running For President In 2016,New Jersey Gov. Chris Christie announced he's running for president in 2016. Christie told supporters of his plans in a phone call Tuesday morning. Christie has served as New Jersey governor since January 2010.,center,center
Chris Christie Announces He's Running For President In 2016,New Jersey Gov. Chris Christie announced he's running for president in 2016. Christie told supporters of his plans in a phone call Tuesday morning. He made a public announcement Tuesday afternoon at his alma mater.,center,center
"Ryan goes on offense over Medicare, accuses Obama of treating program like 'piggy bank'",Ryan says he thinks Medicare can be a winning issue for their campaign. Democrats say Ryan stands for “ending Medicare as we know it’,right,left
"Ryan goes on offense over Medicare, accuses Obama of treating program like 'piggy bank'",Ryan says he thinks Medicare can be a winning issue for their campaign. Democrats say Ryan stands for “ending Medicare as we know it.”,right,left
"Ryan goes on offense over Medicare, accuses Obama of treating program like 'piggy bank'",Ryan says he thinks Medicare can be a winning issue for their campaign. Obama campaign calls new Romney-Ryan ad 'dishonest and hypocritical',right,left
"Ryan goes on offense over Medicare, accuses Obama of treating program like 'piggy bank'",Ryan says he thinks Medicare can be a winning issue for their campaign. Ryan wants to make changes to Medicare for those retiring a decade from now but leave benefits for current retirees and those retiring soon in place.,right,right
"Ryan goes on offense over Medicare, accuses Obama of treating program like 'piggy bank'",Ryan says he thinks Medicare can be a winning issue for their campaign. Ryan wants to make changes to Medicare for those retiring a decade from now but leave current retirees and those retiring soon in place.,right,right
"Ryan goes on offense over Medicare, accuses Obama of treating program like 'piggy bank'",Ryan says he thinks Medicare can be a winning issue for their campaign. Romney campaign retorted with an ad of its own Tuesday.,right,right
"Ryan goes on offense over Medicare, accuses Obama of treating program like 'piggy bank'","Ryan: ""We're the ones who are offering a plan to save Medicare, to protect Medicare"" New ad says Obama has cut $716 billion from Medicare to pay for ObamaCare. Ryan proposal would give seniors government payments to purchase private plans.",right,center
"Ryan goes on offense over Medicare, accuses Obama of treating program like 'piggy bank'","Ryan: ""We're the ones who are offering a plan to save Medicare, to protect Medicare"" Obama campaign calls new Romney-Ryan ad 'dishonest and hypocritical'",left,center
"Ryan goes on offense over Medicare, accuses Obama of treating program like 'piggy bank'","Ryan: ""We're the ones who are offering a plan to save Medicare, to protect Medicare"" New ad says Obama has cut $716 billion from Medicare to pay for ObamaCare.",left,center
Obama Medicare Attack In 2008 Targeted McCain For Cutting $800 Billion From Program,Romney campaign says Obama cut $700 billion from Medicare to fund Obamacare. Obama campaign says GOP plan would turn Medicare into quasi-voucher program. Money being taken out of the system is mostly derived from limiting the expected rate of growth.,right,left
Obama Medicare Attack In 2008 Targeted McCain For Cutting $800 Billion From Program,Romney campaign says Obama cut $700 billion from Medicare to fund Obamacare. Obama campaign says GOP plan would turn Medicare into quasi-voucher program. Money being taken out of system is mostly derived from limiting the expected rate of growth.,right,left
Obama Medicare Attack In 2008 Targeted McCain For Cutting $800 Billion From Program,Romney campaign says Obama cut $700 billion from Medicare to fund Obamacare. Obama campaign says GOP plan would turn Medicare into quasi-voucher program. Money being taken out of system is mostly derived from limiting expected rate of growth.,right,left
Obama Medicare Attack In 2008 Targeted McCain For Cutting $800 Billion From Program,Romney campaign says Obama stole $700 billion from Medicare to fund Obamacare. Obama campaign says the money is taken from limiting the expected rate of growth in the program. Republicans also used the charge that Obamacare raided Medicare as a primary attack line in 2010.,right,right
Obama Medicare Attack In 2008 Targeted McCain For Cutting $800 Billion From Program,Romney campaign says Obama stole $700 billion from Medicare to fund Obamacare. Obama campaign says the money is taken from limiting the expected rate of growth in the program. Republicans also used the charge that Obamacare raided Medicare as a primary attack line.,right,right
Obama Medicare Attack In 2008 Targeted McCain For Cutting $800 Billion From Program,"Romney campaign says Obama stole $700 billion from Medicare to fund Obamacare. Obama campaign says the money is taken from limiting the expected rate of growth. In 2010, Obama used virtually identical language to beat up on McCain on Medicare.",right,right
Obama Medicare Attack In 2008 Targeted McCain For Cutting $800 Billion From Program,"The most recent back-and-forth concerns which candidate would do more harm to benefits. The money being taken out of the system by the Affordable Care Act is mostly derived from limiting the expected rate of growth in the program. The savings come predominantly from limiting waste, fraud and abuse, mostly in Medicare Advantage.",left,center
Obama Medicare Attack In 2008 Targeted McCain For Cutting $800 Billion From Program,The most recent back-and-forth concerns which candidate would do more harm to benefits. The money being taken out of the system by the Affordable Care Act is mostly derived from limiting the expected rate of growth in the program. Republicans also used the charge that Obamacare raided Medicare as a primary attack line in 2010.,center,center
Obama Medicare Attack In 2008 Targeted McCain For Cutting $800 Billion From Program,The most recent back-and-forth concerns which candidate would do more harm to benefits. The money being taken out of the system by the Affordable Care Act is mostly derived from limiting the expected rate of growth in the program. The Obama campaign is crying foul over this line of criticism.,left,center
Ryan facing Catholic prof complaints over budget comments ahead of Georgetown speech,"Rep. Paul Ryan, R-Wis., is scheduled to speak at Georgetown University on Thursday. A group of nearly 90 professors and administrators sent him a letter saying he's misused Catholic doctrine to support his deficit-reducing budget.",center,left
Ryan facing Catholic prof complaints over budget comments ahead of Georgetown speech,"Rep. Paul Ryan, R-Wis., is scheduled to speak at Georgetown University on Thursday. A group of nearly 90 professors and administrators sent him a letter saying he's misused Catholic doctrine to support his deficit-reducing budget plan.",center,left
Ryan facing Catholic prof complaints over budget comments ahead of Georgetown speech,"Rep. Paul Ryan, R-Wis., is scheduled to speak at Georgetown University on Thursday. A group of nearly 90 professors and administrators sent him a letter saying he's misused Catholic doctrine to support his budget.",center,left
Ryan facing Catholic prof complaints over budget comments ahead of Georgetown speech,"Rep. Paul Ryan, R-Wis., to speak Thursday at Georgetown University. Nearly 90 Georgetown professors and administrators send Ryan a letter. They say he's misused Catholic doctrine to support his deficit-reducing budget plan.",center,right
Ryan facing Catholic prof complaints over budget comments ahead of Georgetown speech,"Rep. Paul Ryan, R-Wis., to speak Thursday at Georgetown University. Nearly 90 Georgetown professors and administrators send Ryan a letter. They say he's misused Catholic doctrine to support his deficit-reducing budget.",center,right
Ryan facing Catholic prof complaints over budget comments ahead of Georgetown speech,"Rep. Paul Ryan, R-Wis., to speak Thursday at Georgetown University. Nearly 90 Georgetown professors and administrators send Ryan a letter. They say he's misused Catholic doctrine to support his deficit-reducing budget plans.",center,right
Ryan facing Catholic prof complaints over budget comments ahead of Georgetown speech,"Rep. Paul Ryan is scheduled to speak Thursday at Georgetown University. A group of nearly 90 professors and administrators sent him a letter saying he's misused Catholic doctrine to support his budget. Ryan, a Catholic, has talked about the doctrine in several interviews.",right,center
Ryan facing Catholic prof complaints over budget comments ahead of Georgetown speech,Rep. Paul Ryan is scheduled to speak Thursday at Georgetown University. A group of nearly 90 professors and administrators sent him a letter saying he's misused Catholic doctrine to support his budget. Ryan has talked about the doctrine in several interviews.,center,center
Ryan facing Catholic prof complaints over budget comments ahead of Georgetown speech,Rep. Paul Ryan is scheduled to speak Thursday at Georgetown University. A group of nearly 90 professors and administrators sent him a letter saying he's misused Catholic doctrine to support his budget.,center,center
Georgetown Faculty Latest to Chide Ryan ,Rep. Paul D. Ryan has been excoriated by some Roman Catholic leaders ever since he claimed this month that his budget plan was inspired by the moral teachings of his Catholic faith. The latest criticism comes in a letter released Tuesday and signed by nearly 90 faculty members and priests at Georgetown.,center,left
Georgetown Faculty Latest to Chide Ryan ,Rep. Paul D. Ryan has been excoriated by some Roman Catholic leaders ever since he claimed his budget plan was inspired by the moral teachings of his Catholic faith. The latest criticism comes in a letter released Tuesday and signed by nearly 90 faculty members and priests at Georgetown.,right,left
Georgetown Faculty Latest to Chide Ryan ,Rep. Paul D. Ryan has been excoriated by some Roman Catholic leaders ever since he claimed this month that his budget plan was inspired by the moral teachings of his Catholic faith.,center,left
Georgetown Faculty Latest to Chide Ryan ,Rep. Paul D. Ryan has been criticized for saying his budget plan is inspired by Catholic moral teachings. Catholic leaders are trying to make it clear that the Catholic church is not an arm of the Republican Party.,center,right
Georgetown Faculty Latest to Chide Ryan ,Rep. Paul D. Ryan has been criticized for saying his budget plan is inspired by Catholic moral teachings. Catholic leaders want to make it clear that the Catholic church is not an arm of the Republican Party.,right,right
Georgetown Faculty Latest to Chide Ryan ,Rep. Paul D. Ryan has been criticized for saying his budget plan is inspired by Catholic moral teachings. Catholic leaders are trying to make it clear that the Catholic church is not an arm of the GOP.,right,right
Georgetown Faculty Latest to Chide Ryan ,"Rep. Paul D. Ryan claimed that his budget plan was inspired by the moral teachings of his Catholic faith. The latest criticism comes in a letter released Tuesday and signed by nearly 90 faculty members and priests at Georgetown, the Jesuit university.",center,center
Georgetown Faculty Latest to Chide Ryan ,Rep. Paul D. Ryan claimed that his budget plan was inspired by the moral teachings of his Catholic faith. Catholic leaders are trying to make it clear that the Catholic church is not an arm of the Republican Party.,center,center
Georgetown Faculty Latest to Chide Ryan ,Rep. Paul D. Ryan claimed that his budget plan was inspired by the moral teachings of his Catholic faith. The latest criticism comes in a letter released Tuesday and signed by nearly 90 faculty members and priests at Georgetown.,center,center
"Romney reaffirms belief in marriage as between man, woman","Mitt Romney says he supports same-sex marriage, but says it's up to the states to make the decision. Romney: ""I believe marriage should be between a man and a woman""",left,left
"Romney reaffirms belief in marriage as between man, woman","Mitt Romney says he supports same-sex marriage, but says it's up to the states to make the decision. Romney: ""I believe marriage is between a man and a woman""",left,left
"Romney reaffirms belief in marriage as between man, woman","Mitt Romney says he supports same-sex marriage, but says it's up to the states to make the decision. Romney: ""I believe marriage is between a man and a woman.""",right,left
"Romney reaffirms belief in marriage as between man, woman",President Obama says he supports same-sex marriage. He says it's up to the states to make the decision. Romney says he has always supported marriage between a man and woman.,right,right
"Romney reaffirms belief in marriage as between man, woman",President Obama says he supports same-sex marriage. He says it's up to the states to make the decision. Romney says he has been a supporter of gay marriage for years.,right,right
"Romney reaffirms belief in marriage as between man, woman",President Obama says he supports same-sex marriage. He says it's up to the states to make the decision.,right,right
"Romney reaffirms belief in marriage as between man, woman",President Obama has said he supports same-sex marriage. He said it's up to the states to decide whether or not to allow it.,center,center
"Romney reaffirms belief in marriage as between man, woman",President Obama has said he supports same-sex marriage. He said it's up to the states to decide whether or not it's legal.,center,center
"Romney reaffirms belief in marriage as between man, woman",President Obama has said he supports same-sex marriage. He said it's up to the states to decide whether or not to recognize it.,center,center
Romney: My 'Preference' Is Marriage Between A Man And A Woman,"Romney said he supports states' rights to make decisions on domestic partnership benefits, including hospital visitation. Romney's comments were far more measured than some other Republicans, who have openly accused the president of disrespecting religion and using the issue for political gain.",right,left
Romney: My 'Preference' Is Marriage Between A Man And A Woman,"Romney said he supports states' rights to make decisions on domestic partnership benefits, including hospital visitation. Romney's comments were far more measured than some other Republicans, who have openly accused the president of disrespecting religion and using the issue for political gain.",right,left
Romney: My 'Preference' Is Marriage Between A Man And A Woman,"Romney said he supports states' rights to make decisions on domestic partnership benefits, including hospital visitation. Romney's comments were far more measured than some other Republicans, who have openly accused the president of disrespecting religion.",right,left
Romney: My 'Preference' Is Marriage Between A Man And A Woman,"Romney said he supports states' rights to make decisions on domestic partnership benefits. Romney's comments were far more measured than some other Republicans, who have openly accused the president of disrespecting religion.",right,right
Romney: My 'Preference' Is Marriage Between A Man And A Woman,"Romney said he supports states' rights to make decisions on domestic partnership benefits, including hospital visitation. President Obama came out in support of same-sex marriage on Wednesday in an interview with ABC.",center,right
Romney: My 'Preference' Is Marriage Between A Man And A Woman,Romney said he supports states' rights to make decisions on domestic partnership benefits. Romney's comments were far more measured than some other Republicans who have openly accused the president of disrespecting religion.,right,right
Romney: My 'Preference' Is Marriage Between A Man And A Woman,"Romney said he supports states' rights to make decisions on domestic partnership benefits, including hospital visitation. Romney's comments were far more measured than some other Republicans, who have openly accused the president of disrespecting religion.",right,center
Romney: My 'Preference' Is Marriage Between A Man And A Woman,"Romney said he supports states' rights to make decisions on domestic partnership benefits, including hospital visitation. The presumptive Republican presidential nominee acknowledged the president's change, but said he'd leave the significance for others to decide.",right,center
Romney: My 'Preference' Is Marriage Between A Man And A Woman,"Romney said he supports states' rights to make decisions on domestic partnership benefits. Romney's comments were far more measured than some other Republicans, who have openly accused the president of disrespecting religion.",right,center
Chick-fil-A Draws Huge Crowds for Appreciation Day,Long lines were seen outside Chick-fil-A restaurants nationwide. Customers documented their visits on social media sites and shared their reasons for eating at the chain. Many said they showed up because they agreed with the position of the company’s president on same-sex marriage.,center,left
Chick-fil-A Draws Huge Crowds for Appreciation Day,Long lines were seen outside Chick-fil-A restaurants nationwide. Many customers documented their visits on social media sites and shared their reasons for eating at the chain.,center,left
Chick-fil-A Draws Huge Crowds for Appreciation Day,Long lines were seen outside Chick-fil-A restaurants nationwide. Customers documented their visits on social media sites and shared their reasons for eating at the chain.,center,left
Chick-fil-A Draws Huge Crowds for Appreciation Day,Long lines were seen outside Chick-fil-A restaurants nationwide. Many customers documented their visits on social media sites and shared their reasons for eating at the chain.,center,right
Chick-fil-A Draws Huge Crowds for Appreciation Day,Long lines were seen outside Chick-fil-A restaurants nationwide. Many customers documented their visits on social media sites.,center,right
Chick-fil-A Draws Huge Crowds for Appreciation Day,Long lines were seen outside Chick-fil-A restaurants nationwide. Many customers documented their visits on social media sites and shared their reasons.,center,right
Chick-fil-A Draws Huge Crowds for Appreciation Day,Long lines were seen outside Chick-fil-A restaurants nationwide. Many customers documented their visits on social media sites and shared their reasons for eating at the chain. Many people used social media to share their disappointment.,center,center
Chick-fil-A Draws Huge Crowds for Appreciation Day,Long lines were seen outside Chick-fil-A restaurants nationwide. Many customers documented their visits on social media sites and shared their reasons for eating at the chain.,center,center
Chick-fil-A Draws Huge Crowds for Appreciation Day,Long lines were seen outside Chick-fil-A restaurants nationwide. Many customers documented their visits on social media sites and shared their reasons for eating at the chain.,center,center
"Chick-fil-A Appreciation Day brings out supporters, protesters","Chick-fil-A CEO Dan Cathy said in an interview that he is a firm backer of traditional marriage. Cathy's comments drew a sharp response from Rev. William Owens of the Coalition of African American Pastors. For most people who Fox News spoke to today, it is about free speech.",center,left
"Chick-fil-A Appreciation Day brings out supporters, protesters",Chick-fil-A CEO Dan Cathy said in an interview that he is a firm backer of traditional marriage. Cathy's comments drew a sharp response from Rev. William Owens of the Coalition of African American Pastors. Dozens of groups and prominent individuals joined in support of the fast-food chain.,center,left
"Chick-fil-A Appreciation Day brings out supporters, protesters",Chick-fil-A CEO Dan Cathy said in an interview that he is a firm backer of traditional marriage. Cathy's comments drew a sharp response from Rev. William Owens of the Coalition of African American Pastors. Dozens of groups and prominent individuals joined in support of the company.,center,left
"Chick-fil-A Appreciation Day brings out supporters, protesters",Chick-fil-A CEO Dan Cathy said in an interview that he is a firm backer of traditional marriage. Cathy's comments drew a sharp response from Rev. William Owens of the Coalition of African American Pastors. Dozens of groups and prominent individuals joined in support of the company.,center,right
"Chick-fil-A Appreciation Day brings out supporters, protesters",Chick-fil-A CEO Dan Cathy said in an interview that he is a firm backer of traditional marriage. Cathy's comments drew a sharp response from Rev. William Owens of the Coalition of African American Pastors. Dozens of groups joined in support of the fast-food chain.,center,right
"Chick-fil-A Appreciation Day brings out supporters, protesters",Chick-fil-A CEO Dan Cathy said in an interview that he is a firm backer of traditional marriage. Cathy's comments drew a sharp response from Rev. William Owens of the Coalition of African American Pastors. Dozens of groups joined in support of the company.,center,right
"Chick-fil-A Appreciation Day brings out supporters, protesters","Chick-fil-A CEO Dan Cathy said in an interview that he is a firm backer of traditional marriage. Critics of Cathy have taken his statements completely out of context. For most people who Fox News spoke to, it is about free speech.",center,center
"Chick-fil-A Appreciation Day brings out supporters, protesters",Chick-fil-A CEO Dan Cathy said in an interview that he is a firm backer of traditional marriage. Critics of Cathy have taken his statements completely out of context. Cathy's comments drew a sharp response from Rev. William Owens.,center,center
"Chick-fil-A Appreciation Day brings out supporters, protesters","Chick-fil-A CEO Dan Cathy said in an interview that he is a firm backer of traditional marriage. Critics of Cathy have taken his statements completely out of context. For most people, it is about free speech.",center,center
Santorum Defends Comments on Obama and Education,Santorum said he was referring not to the president’s faith but to his view of man's relationship to the world. President Obama adviser Robert Gibbs criticized such attacks on “character and faith.”,left,left
Santorum Defends Comments on Obama and Education,Santorum said he was referring not to the president’s faith but to his view of man's relationship to the world. Obama adviser Robert Gibbs criticized such attacks on “character and faith.”,left,left
Santorum Defends Comments on Obama and Education,Santorum said he was referring not to the president’s faith but to his view of man's relationship to the world. President Obama adviser Robert Gibbs criticized such attacks on “character and faith”,left,left
Santorum Defends Comments on Obama and Education,Santorum says he was referring not to the president’s faith but to his view of man's relationship to the world. President Obama adviser Robert Gibbs criticized such attacks on “character and faith.”,right,right
Santorum Defends Comments on Obama and Education,Santorum says he was referring not to the president’s faith but to his view of man's relationship to the world. President Obama adviser criticizes such attacks on “character and faith.”,right,right
Santorum Defends Comments on Obama and Education,Santorum says he was referring not to the president’s faith but to his view of man's relationship to the world. President Obama adviser Robert Gibbs criticized such attacks on “character and faith”,right,right
Santorum Defends Comments on Obama and Education,"Santorum said he was referring not to the president’s faith, but to his view of man's relationship to the world. President Obama adviser Robert Gibbs criticized such attacks on “character and faith.”",left,center
Santorum Defends Comments on Obama and Education,"Santorum said he was referring not to the president’s faith, but to his view of man's relationship to the world. A political adviser to President Obama criticized such attacks on “character and faith”",left,center
Santorum Defends Comments on Obama and Education,"Santorum said he was referring not to the president’s faith, but to his view of man's relationship to the world. Obama adviser Robert Gibbs criticized such attacks on “character and faith.”",left,center
Obama Boehner Fiscal Cliff Meeting: Grasping For Last-Minute Solution,President Barack Obama and House Speaker John Boehner met for nearly an hour on Thursday evening. Neither said much of anything about what was discussed. Boehner has refused to budge from his refusal to consider raising tax rates on top earners.,center,left
Obama Boehner Fiscal Cliff Meeting: Grasping For Last-Minute Solution,President Barack Obama and House Speaker John Boehner met for nearly an hour on Thursday evening. Neither said much of anything about what was discussed. Boehner has refused to budge from his refusal to consider raising tax rates on top earners.,center,left
Obama Boehner Fiscal Cliff Meeting: Grasping For Last-Minute Solution,President Barack Obama and House Speaker John Boehner met for nearly an hour on Thursday evening. Neither said much of anything about what was discussed. Boehner has refused to budge from his refusal to consider raising tax rates.,center,left
Obama Boehner Fiscal Cliff Meeting: Grasping For Last-Minute Solution,President Barack Obama and House Speaker John Boehner met for nearly an hour on Thursday evening. Neither said much of anything about what was discussed. Meeting marks the second time in a week the president and House speaker have met in person.,center,right
Obama Boehner Fiscal Cliff Meeting: Grasping For Last-Minute Solution,President Barack Obama and House Speaker John Boehner met for nearly an hour. Neither said much of anything about what was discussed. Meeting marks the second time in a week the president and House speaker have met in person.,center,right
Obama Boehner Fiscal Cliff Meeting: Grasping For Last-Minute Solution,President Barack Obama and House Speaker John Boehner met for nearly an hour. Neither said much of anything about what was discussed. Meeting marks the second time in a week the president and House speaker have met.,center,right
Obama Boehner Fiscal Cliff Meeting: Grasping For Last-Minute Solution,President Barack Obama and House Speaker John Boehner met for nearly an hour. Boehner has refused to budge from his refusal to consider raising tax rates on top earners. Obama has accused House Republican leadership of being deliberately vague on cuts.,center,center
Obama Boehner Fiscal Cliff Meeting: Grasping For Last-Minute Solution,President Barack Obama and House Speaker John Boehner met for nearly an hour. Boehner has refused to budge from his refusal to consider raising tax rates on top earners. Boehner told lawmakers earlier Thursday not to make plans for Christmas.,right,center
Obama Boehner Fiscal Cliff Meeting: Grasping For Last-Minute Solution,President Barack Obama and House Speaker John Boehner met for nearly an hour. Boehner has refused to budge from his refusal to consider raising tax rates on top earners. The White House has accused House Republican leadership of being deliberately vague.,center,center
Boehner Sees One-in-Three Chance G.O.P. Will Lose House,John A. Boehner of Ohio said on Monday that Republicans had a one-in-three chance of losing control of the House in November. An NBC News/Wall Street Journal poll last week found that voters favored a Democratic-controlled Congress.,left,left
Boehner Sees One-in-Three Chance G.O.P. Will Lose House,"John A. Boehner of Ohio said on Monday that Republicans had a one-in-three chance of losing control of the House in November. “We’ve got a real challenge,” Mr. Boehner said.",left,left
Boehner Sees One-in-Three Chance G.O.P. Will Lose House,John A. Boehner of Ohio said on Monday that Republicans had a one-in-three chance of losing control of the House in November.,left,left
Boehner Sees One-in-Three Chance G.O.P. Will Lose House,Speaker John A. Boehner of Ohio said on Monday that Republicans had a one-in-three chance of losing control of the House in November. An NBC News/Wall Street Journal poll last week found that voters favored a Democratic-controlled Congress.,left,right
Boehner Sees One-in-Three Chance G.O.P. Will Lose House,"Speaker John A. Boehner of Ohio said on Monday that Republicans had a one-in-three chance of losing control of the House in November. “We’ve got a real challenge,” Mr. Boehner said.",left,right
Boehner Sees One-in-Three Chance G.O.P. Will Lose House,Speaker John A. Boehner of Ohio said on Monday that Republicans had a one-in-three chance of losing control of the House in November.,left,right
Boehner Sees One-in-Three Chance G.O.P. Will Lose House,"“I would say that there is a two-in-three chance that we win control of the House again,” he said. “We’ve got a big challenge, and we’re got work to do,’ Mr. Boehner said.",center,center
Boehner Sees One-in-Three Chance G.O.P. Will Lose House,"“I would say that there is a two-in-three chance that we win control of the House again,” he said. “We’ve got a big challenge, and we’re got work to do.”",center,center
Boehner Sees One-in-Three Chance G.O.P. Will Lose House,"“I would say that there is a two-in-three chance that we win control of the House again,” he said. “We’ve got a big challenge, and we've got work to do.”",center,center
"Sparks fly as Biden, Ryan face off in feisty vice presidential debate","Vice President Biden went after the Romney/Ryan ticket with a directness that Obama did not. Each candidate made frequent appeals to the middle class, Biden by pledging to grow the economy.",left,left
"Sparks fly as Biden, Ryan face off in feisty vice presidential debate","Vice President Biden went after the Romney/Ryan ticket with a directness that Obama did not. Ryan accused Obama of ""projecting weakness"" with his foreign policy.",left,left
"Sparks fly as Biden, Ryan face off in feisty vice presidential debate",Vice President Biden went after the Romney/Ryan ticket with a directness that Obama did not. Ryan opened the debate with tough criticism of the Obama administration.,left,left
"Sparks fly as Biden, Ryan face off in feisty vice presidential debate","Vice President Biden went after the Romney/Ryan ticket with a directness that Obama did not. Ryan accused Obama of ""projecting weakness"" with his foreign policy. Biden: ""They got caught with their hand in the cookie jar""",left,right
"Sparks fly as Biden, Ryan face off in feisty vice presidential debate","Vice President Biden went after the Romney/Ryan ticket with a directness that Obama did not. Ryan accused Obama of ""projecting weakness"" with his foreign policy. Biden: ""They got caught with their hand in a cookie jar""",left,right
"Sparks fly as Biden, Ryan face off in feisty vice presidential debate","Vice President Biden went after the Romney/Ryan ticket with a directness that Obama did not. Ryan accused Obama of ""projecting weakness"" with his foreign policy. Biden charged that the Republican ticket would raise costs for future seniors.",left,right
"Sparks fly as Biden, Ryan face off in feisty vice presidential debate","Vice President Biden went after the Romney/Ryan ticket with a directness that President Obama did not. Ryan accused Obama of ""projecting weakness"" with his foreign policy. The debate turned into an uncharacteristically feisty affair.",left,center
"Sparks fly as Biden, Ryan face off in feisty vice presidential debate","Vice President Biden went after the Romney/Ryan ticket with a directness that President Obama did not. Ryan accused Obama of ""projecting weakness"" with his foreign policy, particularly in his response to the terror attack in Libya.",right,center
"Sparks fly as Biden, Ryan face off in feisty vice presidential debate","Vice President Biden went after the Romney/Ryan ticket with a directness that President Obama did not. Ryan accused Obama of ""projecting weakness"" with his foreign policy.",left,center
"With Abortion in the Spotlight, a Challenge for Romney","The vote puts the Republican Party at odds with Mr. Romney, who supports rape and incest exceptions. The vote on the platform is an important part of the GOP's outreach to its conservative base.",center,left
"With Abortion in the Spotlight, a Challenge for Romney","The vote puts the Republican Party at odds with Mr. Romney, who supports rape and incest exceptions. The vote is an important part of the GOP's outreach to its conservative base.",left,left
"With Abortion in the Spotlight, a Challenge for Romney","The vote puts the Republican Party at odds with Mr. Romney, who supports rape and incest exceptions.",left,left
"With Abortion in the Spotlight, a Challenge for Romney","Republican convention delegates to oppose abortion without explicit exceptions for rape and incest. The vote puts the Republican Party at odds with Mitt Romney, who supports rape exceptions. Aides to Mr. Romney declined to say on Tuesday whether he would call on the party to reconsider its position.",center,right
"With Abortion in the Spotlight, a Challenge for Romney","Republican convention delegates to oppose abortion without explicit exceptions for rape and incest. The vote puts the Republican Party at odds with Mitt Romney, who supports rape exceptions. Aides to Mr. Romney declined to say on Tuesday whether he would call on the party to reconsider their position.",center,right
"With Abortion in the Spotlight, a Challenge for Romney","Republican convention delegates to oppose abortion without explicit exceptions for rape and incest. The vote puts the Republican Party at odds with Mitt Romney, who supports rape exceptions. Aides to Mr. Romney declined to say on Tuesday whether he would call on the convention delegates.",center,right
"With Abortion in the Spotlight, a Challenge for Romney","Republican Party delegates voted to oppose abortion without explicit exceptions for rape and incest. The vote puts the Republican Party at odds with Mr. Romney, who supports rape exceptions. Todd Akin, the Republican Senate candidate in Missouri, made controversial comments.",center,center
"With Abortion in the Spotlight, a Challenge for Romney","Republican Party delegates voted to oppose abortion without explicit exceptions for rape and incest. The vote puts the Republican Party at odds with Mr. Romney, who supports rape exceptions. Todd Akin, the Republican Senate candidate in Missouri, made the comments.",center,center
"With Abortion in the Spotlight, a Challenge for Romney","Republican Party delegates voted to oppose abortion without explicit exceptions for rape and incest. The vote puts the Republican Party at odds with Mr. Romney, who supports rape exceptions.",center,center
Netanyahu appears in conservative political ad airing in Florida,"Netanyahu, who has a famously frosty relationship with President Obama, mentions neither Obama nor Mitt Romney. The ad, paid for by nonprofit conservative advocacy group Secure America Now, could have a powerful influence in heavily-Jewish markets, including Miami.",right,left
Netanyahu appears in conservative political ad airing in Florida,"Netanyahu, who has a famously frosty relationship with President Obama, mentions neither Obama nor Mitt Romney. The ad, paid for by nonprofit conservative advocacy group Secure America Now, could have a powerful influence in heavily-Jewish markets.",left,left
Netanyahu appears in conservative political ad airing in Florida,Israeli Prime Minister Benjamin Netanyahu stars in a new ad set to air in the key battleground state of Florida. The ad aims to make Iran a major campaign issue. Netanyahu has a famously frosty relationship with President Obama.,right,left
Netanyahu appears in conservative political ad airing in Florida,"Israeli Prime Minister Benjamin Netanyahu stars in a new ad set to air in the key battleground state of Florida. The ad, paid for by conservative advocacy group Secure America Now, aims to make Iran a major campaign issue. Florida is considered a toss-up in recent polling, and its 29 electoral votes could swing the election.",center,right
Netanyahu appears in conservative political ad airing in Florida,"Israeli Prime Minister Benjamin Netanyahu stars in a new ad set to air in the key battleground state of Florida. The ad, paid for by conservative advocacy group Secure America Now, aims to make Iran a major campaign issue. Netanyahu, who has a famously frosty relationship with President Obama, mentions neither Obama nor Republican challenger Mitt Romney.",right,right
Netanyahu appears in conservative political ad airing in Florida,"Israeli Prime Minister Benjamin Netanyahu stars in a new ad set to air in the key battleground state of Florida. Netanyahu, who has a famously frosty relationship with President Obama, mentions neither Obama nor Republican challenger Mitt Romney. The ad could have a powerful influence in heavily-Jewish markets, including Miami.",right,right
Netanyahu appears in conservative political ad airing in Florida,"Israeli Prime Minister Benjamin Netanyahu stars in a new ad set to air in the key battleground state of Florida. The ad, paid for by conservative advocacy group Secure America Now, aims to make Iran a major campaign issue. Netanyahu, who has a famously frosty relationship with President Obama, mentions neither Obama nor Mitt Romney.",right,center
Netanyahu appears in conservative political ad airing in Florida,"Israeli Prime Minister Benjamin Netanyahu stars in a new ad set to air in the key battleground state of Florida. The ad, paid for by conservative advocacy group Secure America Now, aims to make Iran a major campaign issue. Netanyahu has said he'll steer clear of the American presidential election.",right,center
Netanyahu appears in conservative political ad airing in Florida,"Israeli Prime Minister Benjamin Netanyahu stars in a new ad set to air in the key battleground state of Florida. The ad, paid for by conservative advocacy group Secure America Now, aims to make Iran a major campaign issue. Netanyahu has a famously frosty relationship with President Obama.",right,center
Netanyahu Appears in Conservative Group's Ad ,"The ad will run in areas of Florida with large Jewish populations. The group that produced the ad, Secure America Now, is run by two longtime Republican strategists.",left,left
Netanyahu Appears in Conservative Group's Ad ,The ad will run in areas of Florida with large Jewish populations. The group that produced the ad is run by two longtime Republican strategists.,left,left
Netanyahu Appears in Conservative Group's Ad ,The ad will run in areas of Florida with large Jewish populations. It uses a news clip of Prime Minister Benjamin Netanyahu of Israel.,left,left
Netanyahu Appears in Conservative Group's Ad ,A new ad that will run in areas of Florida with large Jewish populations attempts to stoke anxiety over U.S. policies in the region. The ad uses a news clip of Prime Minister Benjamin Netanyahu of Israel warning of the risks of a nuclear Iran.,center,right
Netanyahu Appears in Conservative Group's Ad ,A new ad that will run in areas of Florida with large Jewish populations attempts to stoke anxiety over American policies in the region. The ad uses a news clip of Prime Minister Benjamin Netanyahu of Israel warning of the risks of a nuclear Iran.,center,right
Netanyahu Appears in Conservative Group's Ad ,"A new ad that will run in areas of Florida with large Jewish populations attempts to stoke anxiety over American policies in the region. The group that produced the ad, Secure America Now, is run by two longtime Republican strategists.",left,right
Netanyahu Appears in Conservative Group's Ad ,A new ad will run in areas of Florida with large Jewish populations. It attempts to stoke anxiety over American policies in the region. The group that produced the ad is run by longtime Republican strategists.,left,center
Netanyahu Appears in Conservative Group's Ad ,A new ad will run in areas of Florida with large Jewish populations. It attempts to stoke anxiety over American policies in the region. The ad uses a news clip of Prime Minister Benjamin Netanyahu of Israel.,center,center
Netanyahu Appears in Conservative Group's Ad ,A new ad will run in areas of Florida with large Jewish populations. It attempts to stoke anxiety over American policies in the region. The ad uses a news clip of Israeli Prime Minister Benjamin Netanyahu.,center,center
Michele Bachmann Chick-Fil-A Visit: GOP Rep Shows Support For Company Amid Controversy,"""Have you gone today?"" Bachmann asks her followers on what became an unofficial ""Chick-fil-A Appreciation Day"" House Minority Leader Nancy Pelosi (D-Calif.) also tweeted her support for the company.",left,left
Michele Bachmann Chick-Fil-A Visit: GOP Rep Shows Support For Company Amid Controversy,"""Have you gone today?"" Bachmann asks her followers on what became an unofficial ""Chick-fil-A Appreciation Day"" House Minority Leader Nancy Pelosi (D-Calif.) also tweeted her support for the restaurant.",left,left
Michele Bachmann Chick-Fil-A Visit: GOP Rep Shows Support For Company Amid Controversy,"""Have you gone today?"" Bachmann asks her followers on what became an unofficial ""Chick-fil-A Appreciation Day"" House Minority Leader Nancy Pelosi (D-Calif.) also tweeted her support.",left,left
Michele Bachmann Chick-Fil-A Visit: GOP Rep Shows Support For Company Amid Controversy,"""Chick-fil-A Appreciation Day"" was held Wednesday. Prominent conservatives showed their support for the fast-food chain.",center,right
Michele Bachmann Chick-Fil-A Visit: GOP Rep Shows Support For Company Amid Controversy,"""Chick-fil-A Appreciation Day"" was held Wednesday. Prominent conservatives showed their support for the fast-food restaurant.",center,right
Michele Bachmann Chick-Fil-A Visit: GOP Rep Shows Support For Company Amid Controversy,"""Chick-fil-A Appreciation Day"" was held Wednesday. Prominent conservatives showed their support for the company.",center,right
Michele Bachmann Chick-Fil-A Visit: GOP Rep Shows Support For Company Amid Controversy,"""Chick-fil-A Day"" is a day of protest against the use of the word ""gay"" by the company. The company has been accused of using the word to promote homosexuality.",center,center
Michele Bachmann Chick-Fil-A Visit: GOP Rep Shows Support For Company Amid Controversy,"""Chick-fil-A Day"" is a day of protest against the use of the word ""gay"" by the gay community.",right,center
Michele Bachmann Chick-Fil-A Visit: GOP Rep Shows Support For Company Amid Controversy,"""Chick-fil-A Day"" is a day of protest against the use of the word ""gay"" by the LGBT community.",left,center
"Romney Reaffirms Opposition to Marriage, or Unions, for Gay Couples","Mitt Romney says he doesn’t favor civil unions if it’s identical to marriage, he says. Nine states now allow civil unions and broad domestic partnerships that most likely fit Mr. Romney's description.",right,left
"Romney Reaffirms Opposition to Marriage, or Unions, for Gay Couples","Mitt Romney says he doesn’t favor civil unions if it’s identical to marriage. “If a civil union is identical tomarriage other than with the name, why,” he said Wednesday.",right,left
"Romney Reaffirms Opposition to Marriage, or Unions, for Gay Couples","Mitt Romney says he doesn’t favor civil unions if it’s identical to marriage. “If a civil union is identical tomarriage other than with the name, why,” he said.",right,left
"Romney Reaffirms Opposition to Marriage, or Unions, for Gay Couples",Mitt Romney says he doesn’t favor civil unions if it’s identical to marriage. Mitt Romney has said that he favors allowing domestic partnerships that bestow certain rights on same-sex couples.,left,right
"Romney Reaffirms Opposition to Marriage, or Unions, for Gay Couples",Mitt Romney says he doesn’t favor civil unions if it’s identical to marriage. Mitt Romney has said he favors allowing domestic partnerships that bestow certain rights on same-sex couples.,left,right
"Romney Reaffirms Opposition to Marriage, or Unions, for Gay Couples",Mitt Romney says he doesn’t favor civil unions if it’s identical to marriage. Mitt Romney has said he favors allowing domestic partnerships that bestow certain rights.,left,right
"Romney Reaffirms Opposition to Marriage, or Unions, for Gay Couples",Mitt Romney says he doesn’t favor civil unions if it’s identical to marriage. Mr. Romney has said he favors allowing domestic partnerships that bestow certain rights.,right,center
"Romney Reaffirms Opposition to Marriage, or Unions, for Gay Couples",Mitt Romney says he doesn’t favor civil unions if it’s identical to marriage. Mr. Romney has said that he favors allowing domestic partnerships.,right,center
"Romney Reaffirms Opposition to Marriage, or Unions, for Gay Couples",Mitt Romney says he doesn’t favor civil unions if it’s identical to marriage. President Obama has publicly embraced same-sex marriage.,left,center
Battle Over Medicare Savings Intensifies Between Obama and Paul Ryan,Paul Ryan's budget assumes same amount of Medicare savings as President Obama's health care law. Obama campaign says Ryan’s budget plan ‘would end Medicare as we know it’ Republicans hit back with a television commercial asserting that the Romney-Ryan Medicare plan was better for older Americans.,right,left
Battle Over Medicare Savings Intensifies Between Obama and Paul Ryan,Paul Ryan's budget assumes same amount of Medicare savings as President Obama's health care law. Obama campaign says Ryan’s budget plan ‘would end Medicare as we know it’ Republicans hit back with a television commercial asserting that the Romney-Ryan Medicare plan is better for older Americans.,right,left
Battle Over Medicare Savings Intensifies Between Obama and Paul Ryan,Paul Ryan's budget assumes same amount of Medicare savings as President Obama's health care law. Obama campaign says Ryan’s budget plan “would end Medicare as we know it’ and shift costs to beneficiaries’,right,left
Battle Over Medicare Savings Intensifies Between Obama and Paul Ryan,Paul D. Ryan's budget assumes same amount of Medicare savings as President Obama's health care law. Obama campaign says Ryan’s budget plan “would end Medicare as we know it” Romney campaign says Mr. Romney would restore money being squeezed out of Medicare.,right,right
Battle Over Medicare Savings Intensifies Between Obama and Paul Ryan,Paul D. Ryan's budget assumes same amount of Medicare savings as President Obama's health care law. Obama campaign says Ryan’s budget plan “would end Medicare as we know it” Romney campaign says Romney would restore the money being squeezed out of Medicare.,center,right
Battle Over Medicare Savings Intensifies Between Obama and Paul Ryan,Paul D. Ryan's budget assumes same amount of Medicare savings as President Obama's health care law. Obama campaign says Ryan’s budget plan “would end Medicare as we know it’,right,right
Battle Over Medicare Savings Intensifies Between Obama and Paul Ryan,Paul Ryan's budget assumes the same amount of Medicare savings as President Obama's health care law. Republicans hit back on Tuesday with a television commercial asserting that the Romney-Ryan Medicare plan was better for older Americans. Democrats hope to deflect such attacks by pointing out that Mr. Ryan’s budget plan includes similar savings.,center,center
Battle Over Medicare Savings Intensifies Between Obama and Paul Ryan,Paul Ryan's budget assumes the same amount of Medicare savings as President Obama's health care law. Republicans hit back on Tuesday with a television commercial asserting that the Romney-Ryan Medicare plan is better for older Americans. Democrats hope to deflect such attacks by pointing out that Mr. Ryan’s budget plan includes similar savings.,center,center
Battle Over Medicare Savings Intensifies Between Obama and Paul Ryan,Paul Ryan's budget assumes the same amount of Medicare savings as President Obama's health care law. Republicans hit back on Tuesday with a television commercial asserting that the Romney-Ryan Medicare plan was better for older Americans.,center,center
Paul Ryan Challenged On Budget By Georgetown Faculty,"The letter was sent to U.S. Rep. Paul Ryan, R-Washington. The letter was part of a larger effort to draw attention to the need to cut spending on social programs.",center,left
Paul Ryan Challenged On Budget By Georgetown Faculty,"The letter was sent to U.S. Rep. Paul Ryan, R-Washington. The letter was part of a larger effort to draw attention to the need to cut spending on social services.",center,left
Paul Ryan Challenged On Budget By Georgetown Faculty,"The letter was sent to U.S. Rep. Paul Ryan, R-Washington. The letter was part of a larger effort to draw attention to the need to cut government spending.",center,left
Paul Ryan Challenged On Budget By Georgetown Faculty,"The letter was sent to U.S. Rep. Paul Ryan, R-Washington. The letter said Ryan's budget was based on a false concept of ""subsidies""",right,right
Paul Ryan Challenged On Budget By Georgetown Faculty,"The letter was sent to U.S. Rep. Paul Ryan, R-Washington. The letter said Ryan's budget was based on a false sense of morality.",right,right
Paul Ryan Challenged On Budget By Georgetown Faculty,"The letter was sent to U.S. Rep. Paul Ryan, R-Washington. The letter said Ryan's budget was based on a false premise.",right,right
Paul Ryan Challenged On Budget By Georgetown Faculty,The letter was sent to U.S. Rep. Paul Ryan in response to his budget proposal. The letter was signed by over a dozen members of the Georgetown University faculty and staff.,right,center
Paul Ryan Challenged On Budget By Georgetown Faculty,The letter was sent to U.S. Rep. Paul Ryan in response to his budget proposal. The letter was signed by over a dozen members of the Georgetown University faculty.,right,center
Paul Ryan Challenged On Budget By Georgetown Faculty,The letter was sent to U.S. Rep. Paul Ryan in response to his budget proposal. The letter was signed by over a dozen members of the Georgetown University community.,right,center
Boehner: '1-in-3 chance' Republicans could lose House in November,"Boehner says Democrats have a ""two-in-three chance"" of winning the House. Democrats would need 25 seats in the House to regain the majority. Republicans hold a 242-190 seat advantage in the Senate.",center,left
Boehner: '1-in-3 chance' Republicans could lose House in November,"Boehner says Democrats have a ""two-in-three chance"" of winning the House. Democrats would need 25 seats in the House to regain the majority. In the Senate, 33 seats are in play this year.",center,left
Boehner: '1-in-3 chance' Republicans could lose House in November,"Boehner says Democrats have a ""two-in-three chance"" of winning the House. Democrats would need 25 seats in the House to regain the majority. Republicans hold a 242-190 advantage in the Senate.",center,left
Boehner: '1-in-3 chance' Republicans could lose House in November,"Boehner: ""We've got a big challenge, and we've got work to do"" Democrats would need 25 seats in the House to regain the majority. In the Senate, 33 seats are in play.",left,right
Boehner: '1-in-3 chance' Republicans could lose House in November,"Boehner: ""We've got a big challenge, and we've got work to do"" Democrats would need 25 seats in the House to regain the majority.",left,right
Boehner: '1-in-3 chance' Republicans could lose House in November,"Boehner: ""We've got a big challenge, and we've got work to do"" Republicans hold a 242-190 seat advantage in the House.",left,right
Boehner: '1-in-3 chance' Republicans could lose House in November,"Boehner: ""We've got a big challenge, and we've got work to do"" Democrats would need 25 seats in the House to regain the majority. 33 Senate seats are in play this year.",left,center
Boehner: '1-in-3 chance' Republicans could lose House in November,"Boehner: ""We've got a big challenge, and we've got work to do"" Republicans hold a 242-190 seat advantage in the House. Democrats would need 25 seats to regain the majority.",left,center
Boehner: '1-in-3 chance' Republicans could lose House in November,"Boehner: ""We've got a big challenge, and we've got work to do"" Democrats would need 25 seats in the House to regain the majority.",left,center
John Boehner: '1 In 3 Chance' Republicans Lose Control Of House,"House Speaker John Boehner (R-Ohio) admitted there's a ""1 in 3"" chance that the Republicans will lose their majority in the House of Representatives. Boehner also dismissed top Obama campaign strategist David Axelrod's comment on Sunday that House Republicans are under a ""reign of terror""",left,left
John Boehner: '1 In 3 Chance' Republicans Lose Control Of House,"House Speaker John Boehner (R-Ohio) admitted there's a ""1 in 3"" chance that the Republicans will lose their majority in the House. Boehner also dismissed top Obama campaign strategist David Axelrod's comment on Sunday that House Republicans are under a ""reign of terror""",left,left
John Boehner: '1 In 3 Chance' Republicans Lose Control Of House,"House Speaker John Boehner (R-Ohio) admitted there's a ""1 in 3"" chance that the Republicans will lose their majority in the House of Representatives. Boehner also dismissed top Obama campaign strategist David Axelrod's comment that House Republicans are under a ""reign of terror""",right,left
John Boehner: '1 In 3 Chance' Republicans Lose Control Of House,"House Speaker John Boehner (R-Ohio) admitted there's a ""1 in 3"" chance that the Republicans will lose their majority in the House of Representatives. Boehner also dismissed top Obama campaign strategist David Axelrod's comment on Sunday that House Republicans are under a ""reign of terror""",left,right
John Boehner: '1 In 3 Chance' Republicans Lose Control Of House,"House Speaker John Boehner (R-Ohio) admitted there's a ""1 in 3"" chance that the Republicans will lose their majority in the House. Boehner also dismissed top Obama campaign strategist David Axelrod's comment on Sunday that House Republicans are under a ""reign of terror""",left,right
John Boehner: '1 In 3 Chance' Republicans Lose Control Of House,"House Speaker John Boehner (R-Ohio) admitted there's a ""1 in 3"" chance that the Republicans will lose their majority in the House of Representatives. Boehner also dismissed top Obama campaign strategist David Axelrod's comment that House Republicans are under a ""reign of terror""",right,right
John Boehner: '1 In 3 Chance' Republicans Lose Control Of House,"House Speaker John Boehner says there's a ""1 in 3"" chance that the Republicans will lose their majority in the House of Representatives. Boehner also dismissed top Obama campaign strategist David Axelrod's comment on Sunday that House Republicans are under a ""reign of terror""",right,center
John Boehner: '1 In 3 Chance' Republicans Lose Control Of House,"House Speaker John Boehner says there's a ""1 in 3"" chance that the Republicans will lose their majority in the House. Boehner also dismissed top Obama campaign strategist David Axelrod's comment on Sunday that House Republicans are under a ""reign of terror""",right,center
John Boehner: '1 In 3 Chance' Republicans Lose Control Of House,"House Speaker John Boehner says there's a ""1 in 3"" chance that the Republicans will lose their majority in the House of Representatives. Boehner also dismissed top Obama campaign strategist David Axelrod's comment that House Republicans are under a ""reign of terror""",right,center
Biden-Ryan Debate: All About Joe,Vice President Joe Biden dominated the only vice presidential debate Thursday night. Biden's sometimes over-the-top performance probably accomplished what he wanted. Two instant surveys of Americans watching the debate showed mixed results.,center,left
Biden-Ryan Debate: All About Joe,Vice President Joe Biden dominated the only vice presidential debate Thursday night. Biden's sometimes over-the-top performance probably accomplished what he appeared intent on doing: rallying the Democratic base.,center,left
Biden-Ryan Debate: All About Joe,Vice President Joe Biden dominated the only vice presidential debate Thursday. Biden appeared intent on rallying the Democratic base after Obama's woeful debate performance last week.,right,left
Biden-Ryan Debate: All About Joe,"Biden's sometimes over-the-top performance probably accomplished what he appeared intent on doing: rallying the Democratic base. Two instant surveys of Americans watching the debate showed mixed results. The night's 90-minute debate, the only one for the two vice presidential candidates, fluctuated between domestic and foreign policy.",left,right
Biden-Ryan Debate: All About Joe,"Biden's sometimes over-the-top performance probably accomplished what he appeared intent on doing: rallying the Democratic base. Two instant surveys of Americans watching the debate showed mixed results. The night's 90-minute debate, the only one for the two vice presidential candidates, fluctuated between domestic and foreign policy questions.",left,right
Biden-Ryan Debate: All About Joe,"Biden's sometimes over-the-top performance probably accomplished what he appeared intent on doing: rallying the Democratic base. Two instant surveys of Americans watching the debate showed mixed results. The night's 90-minute debate, the only one for the two vice presidential candidates, fluctuated between domestic and foreign policy issues.",left,right
Biden-Ryan Debate: All About Joe,"Biden's sometimes over-the-top performance probably accomplished what he appeared intent on doing: rallying the Democratic base. Two instant surveys of Americans watching the debate showed mixed results. The night's 90-minute debate, the only one for the two vice presidential candidates, fluctuated between domestic and foreign policy.",left,center
Biden-Ryan Debate: All About Joe,"Biden's sometimes over-the-top performance probably accomplished what he appeared intent on doing: rallying the Democratic base. Two instant surveys of Americans watching the debate -- one by CBS, one by CNN -- showed mixed results. Biden looked as if he could barely stay in his seat for much of the night.",left,center
Biden-Ryan Debate: All About Joe,"Biden's sometimes over-the-top performance probably accomplished what he appeared intent on doing: rallying the Democratic base. Two instant surveys of Americans watching the debate -- one by CBS, one by CNN -- showed mixed results.",left,center
Biden Takes Off Gloves in Vice-Presidential Debate,"The vice presidential debate on Tuesday was supposed to be a reboot for the Obama campaign after the president’s dismal performance at his debate with the Republican nominee for president, Mitt Romney.",left,left
Biden Takes Off Gloves in Vice-Presidential Debate,"The vice presidential debate on Tuesday was supposed to be a reboot for the Obama campaign after the president’s dismal performance at his debate with the Republican nominee for president, Mitt Romney.",left,left
Biden Takes Off Gloves in Vice-Presidential Debate,The vice presidential debate on Tuesday was supposed to be a reboot for the Obama campaign after the president’s dismal performance at his debate with the Republican nominee for president.,right,left
Biden Takes Off Gloves in Vice-Presidential Debate,"The vice presidential debate on Tuesday was supposed to be a reboot for the Obama campaign. The debate was a sharp and spirited debate, with both candidates delivering some lacerating blows. Martha Raddatz of ABC News was the moderator, and she made a point of speaking forcefully.",left,right
Biden Takes Off Gloves in Vice-Presidential Debate,"The vice presidential debate on Tuesday was supposed to be a reboot for the Obama campaign. The debate was a sharp and spirited debate, with both candidates delivering some lacerating blows.",left,right
Biden Takes Off Gloves in Vice-Presidential Debate,"The vice presidential debate on Tuesday was supposed to be a reboot for the Obama campaign. But it was a sharp and spirited debate, with both candidates delivering some lacerating blows.",left,right
Biden Takes Off Gloves in Vice-Presidential Debate,The vice presidential debate on Tuesday was supposed to be a reboot for the Obama campaign after the president’s dismal performance last week.,right,center
Biden Takes Off Gloves in Vice-Presidential Debate,The vice presidential debate on Tuesday was supposed to be a reboot for the Obama campaign after the president’s dismal performance last week.,right,center
Biden Takes Off Gloves in Vice-Presidential Debate,The vice presidential debate on Tuesday was supposed to be a reboot for the Obama campaign.,right,center
Mitt To Akin: Drop Out,"Mitt Romney joins chorus of Republicans calling for Rep. Todd Akin (R-Mo.) to drop out of the U.S. Senate race. Akin, however, continued his refusal to step down Tuesday in a subsequent interview on Sean Hannity's radio show.",center,left
Mitt To Akin: Drop Out,"Mitt Romney joins chorus of Republicans calling for Rep. Todd Akin (R-Mo.) to drop out of the U.S. Senate race. Akin, however, continued his refusal to step down in a subsequent interview on Sean Hannity's radio show.",center,left
Mitt To Akin: Drop Out,"Mitt Romney joins chorus of Republicans calling for Rep. Todd Akin (R-Mo.) to drop out of the U.S. Senate race in Missouri. Akin: ""Why can't Mitt Romney run his race and I'll run mine?""",left,left
Mitt To Akin: Drop Out,"Mitt Romney joins chorus of Republicans calling for Rep. Todd Akin (R-Mo.) to drop out of the U.S. Senate race in Missouri. Akin, however, continued his refusal to step down Tuesday in a subsequent interview on Sean Hannity's radio show.",center,right
Mitt To Akin: Drop Out,"Mitt Romney joins chorus of Republicans calling for Rep. Todd Akin (R-Mo.) to drop out of the U.S. Senate race in Missouri. Akin, however, continued his refusal to step down in a subsequent interview on Sean Hannity's radio show.",center,right
Mitt To Akin: Drop Out,Mitt Romney joins chorus of Republicans calling for Rep. Todd Akin (R-Mo.) to drop out of the U.S. Senate race in Missouri. Akin continued his refusal to step down Tuesday in a subsequent interview on Sean Hannity's radio show.,center,right
Mitt To Akin: Drop Out,"Mitt Romney joins chorus of Republicans calling for Rep. Todd Akin (R-Mo.) to drop out of the U.S. Senate race in Missouri. Akin, however, continued his refusal to step down Tuesday in a subsequent interview on Sean Hannity's radio show.",center,center
Mitt To Akin: Drop Out,"Mitt Romney joins chorus of Republicans calling for Rep. Todd Akin (R-Mo.) to drop out of the U.S. Senate race in Missouri. Akin, however, continued his refusal to step down in a subsequent interview on Sean Hannity's radio show.",center,center
Mitt To Akin: Drop Out,Mitt Romney joins chorus of Republicans calling for Rep. Todd Akin (R-Mo.) to drop out of the U.S. Senate race in Missouri. Akin prompted outrage with his response to a question about supporting abortion in the case of rape.,center,center
Romney calls on Rep. Akin to drop Senate bid over 'rape' comments,"Romney calls Rep. Todd Akin's comments ""offensive and wrong"" Akin says he's staying in the race, citing a ""tremendous outpouring of support"" from individual donors. The Republican congressman is facing a 5 p.m. deadline to withdraw from the race.",right,left
Romney calls on Rep. Akin to drop Senate bid over 'rape' comments,"Romney calls Rep. Todd Akin's comments ""offensive and wrong"" Akin says he's staying in the race, citing a ""tremendous outpouring of support"" from individual donors. The Republican congressman is facing a 5 p.m. deadline to withdraw from the Senate race.",right,left
Romney calls on Rep. Akin to drop Senate bid over 'rape' comments,"Romney calls Rep. Todd Akin's comments ""offensive and wrong"" Akin says he's staying in the race, citing a ""tremendous outpouring of support"" from individual donors. The Republican congressman is facing a 5 p.m. deadline to withdraw.",right,left
Romney calls on Rep. Akin to drop Senate bid over 'rape' comments,"Mitt Romney says Rep. Todd Akin's comments were ""offensive and wrong"" Five past and present Missouri Republican senators call on Akin to step aside. Akin says he'll stay in the race, citing a ""tremendous outpouring of support"" from donors.",left,right
Romney calls on Rep. Akin to drop Senate bid over 'rape' comments,"Mitt Romney says Rep. Todd Akin's comments were ""offensive and wrong"" Five past and present Missouri Republican senators call on Akin to step aside. Akin says he'll stay in the race, citing a ""tremendous outpouring of support""",left,right
Romney calls on Rep. Akin to drop Senate bid over 'rape' comments,"Mitt Romney says Rep. Todd Akin's comments were ""offensive and wrong"" Five past and present Missouri Republican senators call on Akin to step aside. Akin says he'll stay in the race, citing ""outpouring of support"" from donors.",left,right
Romney calls on Rep. Akin to drop Senate bid over 'rape' comments,"Romney says Rep. Todd Akin's comments were ""offensive and wrong"" Five past and present Missouri Republican senators say Akin's presence does not serve ""the national interest"" Akin says he's staying in the race, citing a ""tremendous outpouring of support""",left,center
Romney calls on Rep. Akin to drop Senate bid over 'rape' comments,"Romney says Rep. Todd Akin's comments were ""offensive and wrong"" Five past and present Missouri GOP senators say Akin's presence does not serve ""the national interest"" Akin says he's staying in the race, citing a ""tremendous outpouring of support""",left,center
Romney calls on Rep. Akin to drop Senate bid over 'rape' comments,"Romney says Rep. Todd Akin's comments were ""offensive and wrong"" Five past and present Missouri Republican senators say Akin's presence does not serve ""the national interest"" Akin says he's staying in the race because of ""an outpouring of support""",left,center
Israel Prime Minister Bibi Netanyahu Used In Conservative Attack Ad Against Obama,The ad features Netanyahu laying out Israel's security concerns about Iran's nuclear program. Republicans have used the ad to knock President Barack Obama’s sometimes frosty relationship with the Israeli prime minister. The GOP also has attacked the president for declining an opportunity to meet with Netanyahu at the United Nations General Assembly.,left,left
Israel Prime Minister Bibi Netanyahu Used In Conservative Attack Ad Against Obama,The ad features Netanyahu laying out Israel's security concerns about Iran's nuclear program. Republicans have used the ad to knock President Barack Obama’s sometimes frosty relationship with the Israeli prime minister. The GOP has attacked the president for declining an opportunity to meet with Netanyahu.,left,left
Israel Prime Minister Bibi Netanyahu Used In Conservative Attack Ad Against Obama,The ad features Netanyahu laying out Israel's security concerns about Iran's nuclear program. Republicans have used the ad to knock President Barack Obama’s sometimes frosty relationship with the Israeli prime minister.,left,left
Israel Prime Minister Bibi Netanyahu Used In Conservative Attack Ad Against Obama,The ad features Netanyahu laying out Israel's security concerns about Iran's nuclear program. Republicans have used the ad to knock President Barack Obama’s sometimes frosty relationship with the Israeli prime minister. The GOP also has attacked the president for declining an opportunity to meet with Netanyahu.,left,right
Israel Prime Minister Bibi Netanyahu Used In Conservative Attack Ad Against Obama,The ad features Netanyahu laying out Israel's security concerns about Iran's nuclear program. Republicans have used the ad to knock President Barack Obama’s sometimes frosty relationship with the Israeli prime minister. The GOP also has attacked the president for declining an opportunity to meet with Netanyahu.,left,right
Israel Prime Minister Bibi Netanyahu Used In Conservative Attack Ad Against Obama,The ad features Netanyahu laying out Israel's security concerns about Iran's nuclear program. Republicans have used the ad to knock President Barack Obama’s sometimes frosty relationship with the Israeli prime minister.,left,right
Israel Prime Minister Bibi Netanyahu Used In Conservative Attack Ad Against Obama,The ad features Netanyahu laying out Israel's security concerns about Iran's nuclear program. Republicans have used the ad to knock President Barack Obama’s sometimes frosty relationship with the Israeli prime minister.,left,center
Israel Prime Minister Bibi Netanyahu Used In Conservative Attack Ad Against Obama,The ad features Netanyahu laying out Israel's security concerns about Iran's nuclear program. Republicans have used the ad to knock President Barack Obama's sometimes frosty relationship with the Israeli prime minister.,left,center
Israel Prime Minister Bibi Netanyahu Used In Conservative Attack Ad Against Obama,The ad features Netanyahu laying out Israel's security concerns about Iran's nuclear program. The GOP has used the ad to knock President Barack Obama's sometimes frosty relationship with the Israeli prime minister.,left,center
Obama and Boehner Talk Deficits at the White House,President Obama and Speaker Boehner met privately at the White House on Sunday. The meeting gave rise to renewed optimism that a deal could be reached before the end of the month.,center,left
Obama and Boehner Talk Deficits at the White House,President Obama and Speaker John Boehner met privately at the White House on Sunday. It was the first one-on-one deficit talks between Mr. Obama and Mr. Boehner since 2011.,center,left
Obama and Boehner Talk Deficits at the White House,President Obama and Speaker John Boehner met privately at the White House on Sunday. It was the first one-on-one deficit talks between the two since the summer of 2011.,center,left
Obama and Boehner Talk Deficits at the White House,President Obama and Speaker John A. Boehner met privately at the White House on Sunday. The meeting was the first face-to-face negotiation between the president and the speaker since a session three weeks ago.,left,right
Obama and Boehner Talk Deficits at the White House,President Obama and Speaker John A. Boehner met privately at the White House on Sunday. The meeting was the first face-to-face negotiation between the president and the speaker since a session three weeks ago.,left,right
Obama and Boehner Talk Deficits at the White House,President Obama and Speaker John A. Boehner met privately at the White House on Sunday. The meeting gave rise to renewed optimism that a deal could be reached before the end of the month.,left,right
Obama and Boehner Talk Deficits at the White House,President Obama and Speaker John A. Boehner met privately at the White House on Sunday. The meeting gave rise to renewed optimism that a deal could be reached before the end of the month.,left,center
Obama and Boehner Talk Deficits at the White House,President Obama and Speaker John A. Boehner met privately at the White House on Sunday. The meeting was the first face-to-face negotiation between the president and the speaker.,left,center
Obama and Boehner Talk Deficits at the White House,President Obama and Speaker John A. Boehner met privately at the White House on Sunday. The White House and Mr. Boehner’s office issued identical statements afterward.,left,center
"Obama, Boehner meet on fiscal crisis for first time in weeks",President Obama and House Speaker John Boehner met Sunday for the first time in weeks. Boehner publicly chided Obama on Friday for the lack of progress to date. A growing number of Republicans are suggesting the party should give Obama what he wants.,right,left
"Obama, Boehner meet on fiscal crisis for first time in weeks",President Obama and House Speaker John Boehner met Sunday for the first time in weeks. Boehner publicly chided Obama on Friday for the lack of progress to date. Lawmakers have three weeks to reach a deal before a potentially crippling set of tax hikes.,center,left
"Obama, Boehner meet on fiscal crisis for first time in weeks",President Obama and House Speaker John Boehner met Sunday for the first time in weeks. Boehner publicly chided Obama on Friday for the lack of progress to date. Boehner is effectively caught between two competing wings of the Republican Party.,center,left
"Obama, Boehner meet on fiscal crisis for first time in weeks",President Obama and House Speaker John Boehner met Sunday for the first time in weeks. Boehner had publicly chided Obama on Friday for the lack of progress to date. Lawmakers have three weeks to reach a deal before a potentially crippling set of tax hikes.,center,right
"Obama, Boehner meet on fiscal crisis for first time in weeks",President Obama and House Speaker John Boehner met Sunday for the first time in weeks. Boehner had publicly chided Obama on Friday for the lack of progress to date. Boehner is effectively caught between two competing wings of the Republican Party.,center,right
"Obama, Boehner meet on fiscal crisis for first time in weeks",President Obama and House Speaker John Boehner met Sunday for the first time in weeks. Boehner had publicly chided Obama on Friday for the lack of progress to date. Boehner is facing some pressure from Republicans to give a little bit more.,right,right
"Obama, Boehner meet on fiscal crisis for first time in weeks",President Obama and House Speaker John Boehner met Sunday for the first time in weeks. Boehner chided Obama on Friday for the lack of progress to date. Boehner is facing some pressure from Republicans to give a little bit more.,right,center
"Obama, Boehner meet on fiscal crisis for first time in weeks",President Obama and House Speaker John Boehner met Sunday for the first time in weeks. Boehner chided Obama on Friday for the lack of progress to date. Boehner is caught between two competing wings of the Republican Party.,right,center
"Obama, Boehner meet on fiscal crisis for first time in weeks",President Obama and House Speaker John Boehner met Sunday for the first time in weeks. Boehner had publicly chided Obama for the lack of progress to date. The speaker is caught between two competing wings of the Republican Party.,right,center
"Santorum Calls For Ending Public Education, Prenatal Testing","Santorum: ""I've repeatedly said I don't question the president's faith"" Obama campaign aide Robert Gibbs calls Santorum's rhetoric ""well over the line"" Santorum: ""We cull the ranks of the disabled in our society""",left,left
"Santorum Calls For Ending Public Education, Prenatal Testing","Santorum: ""I've repeatedly said I don't question the president's faith"" Obama campaign aide Robert Gibbs calls Santorum's rhetoric ""well over the line""",left,left
"Santorum Calls For Ending Public Education, Prenatal Testing","Santorum: ""I've repeatedly said I don't question the president's faith"" Obama campaign aide calls Santorum's rhetoric ""well over the line""",left,left
"Santorum Calls For Ending Public Education, Prenatal Testing","Santorum: ""I've repeatedly said I don't question the president's faith"" President Obama's policies are not ""based on the Bible,"" Santorum says. Obama campaign aide calls Santorum's rhetoric ""well over the line""",left,right
"Santorum Calls For Ending Public Education, Prenatal Testing","Santorum: ""I've repeatedly said I don't question the president's faith"" President Obama's policies are not ""based on the Bible,"" Santorum says. Obama campaign aide calls Santorum's remarks ""well over the line""",left,right
"Santorum Calls For Ending Public Education, Prenatal Testing","Santorum: ""I've repeatedly said I don't question the president's faith"" Obama campaign aide Robert Gibbs calls Santorum's rhetoric ""well over the line""",left,right
"Santorum Calls For Ending Public Education, Prenatal Testing","Santorum: Obama's policies are not ""based on the Bible"" ""I've repeatedly said I don't question the president's faith,"" Santorum tells ""Face the Nation"" Obama campaign aide Robert Gibbs calls Santorum's rhetoric ""well over the line""",left,center
"Santorum Calls For Ending Public Education, Prenatal Testing","Santorum: Obama's policies are not ""based on the Bible"" ""I've repeatedly said I don't question the president's faith,"" Santorum says. Obama campaign aide Robert Gibbs calls Santorum's rhetoric ""well over the line""",left,center
"Santorum Calls For Ending Public Education, Prenatal Testing","Santorum: Obama's policies are not ""based on the Bible"" ""I've repeatedly said I don't question the president's faith,"" Santorum tells ""Face the Nation"" Obama campaign aide calls Santorum's rhetoric ""well over the line""",left,center
"Santorum: 'Phony theology' comment was about energy policy, not Christian faith","Santorum: ""I wasn't suggesting the president's not a Christian. I accept the fact that the president is a Christian"" ""I was talking about the radical environmentalist,"" he said. The president's campaign says the remark is a personal affront.",left,left
"Santorum: 'Phony theology' comment was about energy policy, not Christian faith","Santorum: ""I wasn't suggesting the president's not a Christian. I accept the fact that the president is a Christian"" ""I was talking about the radical environmentalist,"" Santorum said. The president's campaign says the remark is a personal affront.",left,left
"Santorum: 'Phony theology' comment was about energy policy, not Christian faith","Santorum: ""I wasn't suggesting the president's not a Christian. I accept the fact that the president is a Christian"" ""I was talking about the radical environmentalist,"" he said. The president's campaign says the remark is a personal affront to the president.",left,left
"Santorum: 'Phony theology' comment was about energy policy, not Christian faith","Santorum: ""I wasn't suggesting the president's not a Christian"" ""I accept the fact that the president is a Christian,"" Santorum says. The president's campaign says the remark is a personal affront.",left,right
"Santorum: 'Phony theology' comment was about energy policy, not Christian faith","Santorum: ""I wasn't suggesting the president's not a Christian"" ""I accept the fact that the president is a Christian,"" Santorum says. The president's campaign calls the remark a personal affront.",left,right
"Santorum: 'Phony theology' comment was about energy policy, not Christian faith","Santorum: ""I wasn't suggesting the president's not a Christian"" ""I accept the fact that the president is a Christian,"" Santorum says. Obama campaign calls comment ""well over the line""",left,right
"Santorum: 'Phony theology' comment was about energy policy, not Christian faith","Santorum: I wasn't suggesting the president's not a Christian. ""I accept the fact that the president is a Christian,"" he says. The president's campaign says the remark is a personal affront. ""It's time to have a debate on our political positions,"" Gibbs says.",left,center
"Santorum: 'Phony theology' comment was about energy policy, not Christian faith","Santorum: I wasn't suggesting the president's not a Christian. ""I accept the fact that the president is a Christian,"" he says. The president's campaign says the remark is a personal affront.",right,center
"Santorum: 'Phony theology' comment was about energy policy, not Christian faith","Santorum: I wasn't suggesting the president's not a Christian. ""I accept the fact that the president is a Christian,"" Santorum said. The president's campaign says the remark is a personal affront.",right,center
"Kathy Griffin apologizes for photo shoot with bloodied Trump mask, says she 'went too far'",Kathy Griffin says she will take down a photo of her holding a bloodied mask of President Trump. The photo was taken by controversial photographer Tyler Shields. Shields told Fox News that Griffin was hoping to create a bold message.,right,left
"Kathy Griffin apologizes for photo shoot with bloodied Trump mask, says she 'went too far'",Kathy Griffin says she will take down a photo of her holding a bloodied mask of President Trump. The photo was taken by controversial photographer Tyler Shields. Shields told Fox News that the image was meant to serve as art.,right,left
"Kathy Griffin apologizes for photo shoot with bloodied Trump mask, says she 'went too far'",Kathy Griffin says she will take down a photo of her holding a bloodied mask of President Trump. The photo was taken by controversial photographer Tyler Shields. Shields told Fox News the image was meant to serve as art.,right,left
"Kathy Griffin apologizes for photo shoot with bloodied Trump mask, says she 'went too far'","Kathy Griffin admits she ""went too far"" on a photo shoot with photographer Tyler Shields. The photo shows Griffin holding a bloodied mask of President Trump. Griffin said she will take the photo down.",right,right
"Kathy Griffin apologizes for photo shoot with bloodied Trump mask, says she 'went too far'","Kathy Griffin admits she ""went too far"" on a photo shoot with photographer Tyler Shields. The photo shows Griffin holding a bloodied mask of President Trump. Griffin said she will take down the image.",right,right
"Kathy Griffin apologizes for photo shoot with bloodied Trump mask, says she 'went too far'","Kathy Griffin admits she ""went too far"" on a photo shoot with photographer Tyler Shields. The photo shows Griffin holding a bloodied mask of President Trump. Griffin said she will take down the photo.",right,right
"Kathy Griffin apologizes for photo shoot with bloodied Trump mask, says she 'went too far'","Kathy Griffin admits she ""went too far"" on her latest photo shoot with photographer Tyler Shields. Griffin joked with Shields on set they would need to move to Mexico after the photos were released or fear imprisonment. The gory photo was first published in TMZ.",right,center
"Kathy Griffin apologizes for photo shoot with bloodied Trump mask, says she 'went too far'","Kathy Griffin admits she ""went too far"" on her latest photo shoot with photographer Tyler Shields. Griffin joked with Shields on set they would need to move to Mexico after the photos were released or fear imprisonment.",right,center
"Kathy Griffin apologizes for photo shoot with bloodied Trump mask, says she 'went too far'","Kathy Griffin admits she ""went too far"" on her latest photo shoot with photographer Tyler Shields. Griffin joked with Shields on set they would need to move to Mexico after the photos were released.",right,center
"Shooting Brings Rare Comity to the Capital, but Will It Last?","The Capitol's institutional forces joined, for a moment, in a bipartisan rebuttal: Play ball. A day earlier, a gunman had opened fire on members of the Republican congressional baseball team, striking four people.",left,left
"Shooting Brings Rare Comity to the Capital, but Will It Last?","The Capitol's institutional forces joined, for a moment, in a bipartisan rebuttal: Play ball. A day earlier, a gunman had opened fire on members of the Republican congressional baseball team.",left,left
"Shooting Brings Rare Comity to the Capital, but Will It Last?","The Capitol's institutional forces joined, for a moment, in a bipartisan rebuttal: Play ball. A day earlier, on another ball field some seven miles southwest, a gunman had opened fire.",left,left
"Shooting Brings Rare Comity to the Capital, but Will It Last?","On Thursday, the capital's institutional forces joined, for a moment, in a bipartisan rebuttal: Play ball. A day earlier, on another ball field some seven miles southwest, a gunman opened fire on members of the Republican congressional baseball team.",left,right
"Shooting Brings Rare Comity to the Capital, but Will It Last?","On Thursday, the capital's institutional forces joined, for a moment, in a bipartisan rebuttal: Play ball. A day earlier, a gunman had opened fire on members of the Republican congressional baseball team, striking four people.",left,right
"Shooting Brings Rare Comity to the Capital, but Will It Last?","On Thursday, the capital's institutional forces joined, for a moment, in a bipartisan rebuttal: Play ball. A day earlier, a gunman had opened fire on members of the Republican congressional baseball team.",left,right
"Shooting Brings Rare Comity to the Capital, but Will It Last?","Congressmen from both parties gathered for the annual charity game at Nationals Park in Washington. A day earlier, a gunman opened fire on members of the Republican congressional baseball team, striking four people.",center,center
"Shooting Brings Rare Comity to the Capital, but Will It Last?","Congressmen from both parties gathered for the annual charity game at Nationals Park in Washington. A day earlier, a gunman opened fire on members of the Republican congressional baseball team, striking four.",center,center
"Shooting Brings Rare Comity to the Capital, but Will It Last?","Congressmen from both parties gathered for the annual charity game at Nationals Park in Washington. A day earlier, a gunman had opened fire on members of the Republican congressional baseball team.",center,center
"GOP Whip Steve Scalise, Others Shot At Early Morning Baseball Practice","House Majority Whip Steve Scalise (R-La.) was still in critical condition on Thursday after being shot in the hip. President Donald Trump and first lady Melania Trump on Wednesday night visited Scalise in the hospital, bringing flowers and offering support. The Trumps also met with Crystal Griner, one of the two U.S. Capitol Police officers injured in the attack.",center,left
"GOP Whip Steve Scalise, Others Shot At Early Morning Baseball Practice","House Majority Whip Steve Scalise (R-La.) was still in critical condition on Thursday after being shot in the hip. President Donald Trump and first lady Melania Trump visited Scalise in the hospital, bringing flowers and offering support. The Trumps also met with Crystal Griner, one of the two U.S. Capitol Police officers injured in the attack.",center,left
"GOP Whip Steve Scalise, Others Shot At Early Morning Baseball Practice","House Majority Whip Steve Scalise (R-La.) was still in critical condition on Thursday after being shot in the hip. President Donald Trump and first lady Melania Trump on Wednesday night visited Scalise in the hospital, bringing flowers and offering support to the lawmaker’s family.",center,left
"GOP Whip Steve Scalise, Others Shot At Early Morning Baseball Practice","A lone gunman opened fire Wednesday morning on a group of Republican lawmakers practicing for a congressional baseball game. Six people, including two congressmen, two police officers, a congressional aide and a lobbyist, were injured in the attack. The assailant, 66-year-old James T. Hodgkinson of Belleville, Illinois, was shot by police and later died of his injuries at a hospital.",center,right
"GOP Whip Steve Scalise, Others Shot At Early Morning Baseball Practice","A lone gunman opened fire Wednesday morning on a group of Republican lawmakers practicing for a congressional baseball game. Six people, including two congressmen, two police officers, a congressional aide and a lobbyist, were injured in the attack. The assailant, who authorities have identified as 66-year-old James T. Hodgkinson of Belleville, Illinois, was shot by police and later died of his injuries.",center,right
"GOP Whip Steve Scalise, Others Shot At Early Morning Baseball Practice","A lone gunman opened fire Wednesday morning on a group of Republican lawmakers practicing for a congressional baseball game. Six people, including two congressmen, two police officers, a congressional aide and a lobbyist, were injured. The assailant, 66-year-old James T. Hodgkinson of Belleville, Illinois, was shot by police and later died of his injuries at a hospital.",center,right
"GOP Whip Steve Scalise, Others Shot At Early Morning Baseball Practice",President Donald Trump and first lady Melania Trump visited Rep. Steve Scalise in the hospital. Scalise underwent surgery at the MedStar Washington Hospital Center after being shot in the hip. Two Capitol Police officers injured in the attack are in stable condition.,right,center
"GOP Whip Steve Scalise, Others Shot At Early Morning Baseball Practice",President Donald Trump and first lady Melania Trump visited Rep. Steve Scalise in the hospital. Scalise underwent surgery at the MedStar Washington Hospital Center after being shot in the hip. Two Capitol Police officers are in stable condition.,right,center
"GOP Whip Steve Scalise, Others Shot At Early Morning Baseball Practice",President Donald Trump and first lady Melania Trump visited Steve Scalise in the hospital Wednesday night. Scalise underwent surgery at the MedStar Washington Hospital Center after being shot in the hip.,right,center
Senate intel panel subpoenas two Flynn businesses in Russia probe,"Flynn Intel Group LLC and Flynn Intel Group Inc. are both based in Alexandria, Va. The committee's action comes a day after Flynn's lawyer notified the committee that his client will invoke his Fifth Amendment protection against self-incrimination.",center,left
Senate intel panel subpoenas two Flynn businesses in Russia probe,"Flynn Intel Group LLC and Flynn Intel Group Inc. are both based in Alexandria, Va. The committee's action comes a day after Flynn’s lawyer notified the committee that his client will invoke the Fifth Amendment.",center,left
Senate intel panel subpoenas two Flynn businesses in Russia probe,"Flynn Intel Group LLC and Flynn Intel Group Inc. are both based in Alexandria, Va. The committee's action comes a day after Flynn’s lawyer notified the committee that his client will invoke his Fifth Amendment protection.",center,left
Senate intel panel subpoenas two Flynn businesses in Russia probe,Flynn Intel Group LLC and Flynn Intel Group Inc. are subpoenaed by the Senate intelligence committee. The committee's action comes a day after Flynn’s lawyer notified the committee that his client will invoke the Fifth Amendment.,center,right
Senate intel panel subpoenas two Flynn businesses in Russia probe,Flynn Intel Group LLC and Flynn Intel Group Inc. are subpoenaed by the Senate intelligence committee. The committee is investigating whether Flynn and other Trump associates colluded with Russia to boost the Republican candidate in the 2016 elections.,center,right
Senate intel panel subpoenas two Flynn businesses in Russia probe,Flynn Intel Group LLC and Flynn Intel Group Inc. are subpoenaed by the Senate intelligence committee. The committee's action comes a day after Flynn’s lawyer notified the committee that his client will invoke his Fifth Amendment protection.,center,right
Senate intel panel subpoenas two Flynn businesses in Russia probe,"Flynn Intel Group LLC and Flynn Intel Group Inc. are both based in Alexandria, Va. The investigation focuses on whether Flynn and other Trump associates colluded with Russia to boost the Republican candidate in the 2016 elections.",center,center
Senate intel panel subpoenas two Flynn businesses in Russia probe,"Flynn Intel Group LLC and Flynn Intel Group Inc. are both based in Alexandria, Va. The investigation focuses on whether Flynn and other Trump associates colluded with Russia to boost the Republican candidate.",center,center
Senate intel panel subpoenas two Flynn businesses in Russia probe,"Flynn Intel Group LLC and Flynn Intel Group Inc. are both based in Alexandria, Va. The investigation focuses on whether Flynn and other Trump associates colluded with Russia.",center,center
"House Intelligence Committee Will Subpoena Flynn, Schiff Says","The House Intelligence Committee will issue subpoenas to Michael T. Flynn, the committee’s senior Democrat said. Mr. Flynn had declined the panel’S request for documents and an interview as part of its investigation.",center,left
"House Intelligence Committee Will Subpoena Flynn, Schiff Says","The House Intelligence Committee will issue subpoenas to Michael T. Flynn, the committee’s senior Democrat said Wednesday. Mr. Flynn had declined the panel’S request for documents and an interview as part of its investigation.",center,left
"House Intelligence Committee Will Subpoena Flynn, Schiff Says","The House Intelligence Committee will issue subpoenas to Michael T. Flynn, the committee’s senior Democrat said. Mr. Flynn had declined the panel’S request for documents and an interview.",center,left
"House Intelligence Committee Will Subpoena Flynn, Schiff Says",Rep. Adam B. Schiff of California said Mr. Flynn had declined the panel’s request for documents and an interview as part of its investigation into Russian meddling in last year's election.,center,right
"House Intelligence Committee Will Subpoena Flynn, Schiff Says",Rep. Adam B. Schiff of California said Mr. Flynn had declined the panel’s request for documents and an interview as part of its investigation into Russian meddling in the election.,center,right
"House Intelligence Committee Will Subpoena Flynn, Schiff Says",Rep. Adam B. Schiff of California said Mr. Flynn had declined the panel’s request for documents and an interview.,left,right
"House Intelligence Committee Will Subpoena Flynn, Schiff Says","Rep. Adam B. Schiff of California said Mr. Flynn had declined the panel’s request for documents and an interview as part of its investigation into Russian meddling. It was unclear whether the subpoenas would seek documents, or both.",center,center
"House Intelligence Committee Will Subpoena Flynn, Schiff Says",Rep. Adam B. Schiff of California said Mr. Flynn had declined the panel’s request for documents and an interview as part of its investigation into Russian meddling.,center,center
"House Intelligence Committee Will Subpoena Flynn, Schiff Says",Rep. Adam B. Schiff of California said Mr. Flynn had declined the panel’s request for documents and an interview as part of its investigation.,center,center
"President Trump takes office vowing to restore prosperity, ‘fight’ for country",Donald Trump takes the oath of office Friday as the 45th president of the United States. He vows to restore prosperity and “fight” for the country “with every breath.”,right,left
"President Trump takes office vowing to restore prosperity, ‘fight’ for country",Donald Trump takes the oath of office Friday as the 45th president of the United States. He vows to restore prosperity and “fight” for the country “with every breath’,right,left
"President Trump takes office vowing to restore prosperity, ‘fight’ for country",Donald Trump takes the oath of office Friday as the 45th president of the United States. He vows to restore prosperity and “fight” for the country “with every breath”,right,left
"President Trump takes office vowing to restore prosperity, ‘fight’ for country","Donald Trump takes the oath of office Friday as the 45th president of the United States. He vows to restore prosperity and “fight’ for the country “with every breath’ Trump tells Americans they will “never be ignored again’ “The time for empty talk is over,” he says.",right,right
"President Trump takes office vowing to restore prosperity, ‘fight’ for country","Donald Trump takes the oath of office Friday as the 45th president of the United States. He vows to restore prosperity and “fight’ for the country “with every breath’ Trump tells Americans they will “never be ignored again’ “The time for empty talk is over,’ he says.",right,right
"President Trump takes office vowing to restore prosperity, ‘fight’ for country",Donald Trump takes the oath of office Friday as the 45th president of the United States. He vows to restore prosperity and “fight’ for the country “with every breath’ Trump tells Americans they will “never be ignored again” and promised concrete results.,right,right
"President Trump takes office vowing to restore prosperity, ‘fight’ for country","Donald Trump tells Americans they will “never be ignored again” and promised concrete results. “The time for empty talk is over. Now arrives the hour of action,” he said. The president addressed a packed crowd of spectators stretching across the National Mall.",right,center
"President Trump takes office vowing to restore prosperity, ‘fight’ for country","Donald Trump vows to restore prosperity and “fight” for the country “with every breath.” “The time for empty talk is over. Now arrives the hour of action,” he says.",right,center
"President Trump takes office vowing to restore prosperity, ‘fight’ for country","Donald Trump vows to restore prosperity and “fight” for the country “with every breath.” “The time for empty talk is over. Now arrives the hour of action,” he said.",right,center
Trump: Roy Moore will 'step aside' if sexual misconduct allegations are true,"President Trump thinks Alabama Republican Senate candidate Roy Moore “will do the right thing and step aside” if the sexual misconduct allegations against him are true. White House Press Secretary Sarah Sanders also cautioned against a rush to judgment. Moore lashed out earlier at what he called ""the Obama-Clinton machine's liberal media lapdogs""",right,left
Trump: Roy Moore will 'step aside' if sexual misconduct allegations are true,"President Trump thinks Alabama Republican Senate candidate Roy Moore “will do the right thing and step aside” if the sexual misconduct allegations against him are true, the White House said in a statement. White House Press Secretary Sarah Sanders also cautioned against a rush to judgment.",right,left
Trump: Roy Moore will 'step aside' if sexual misconduct allegations are true,"President Trump thinks Alabama Republican Senate candidate Roy Moore “will do the right thing and step aside” if the sexual misconduct allegations against him are true, the White House said. White House Press Secretary Sarah Sanders also cautioned against a rush to judgment.",right,left
Trump: Roy Moore will 'step aside' if sexual misconduct allegations are true,"President Trump thinks Alabama Republican Senate candidate Roy Moore “will do the right thing and step aside” if the sexual misconduct allegations against him are true, the White House says. White House Press Secretary Sarah Sanders also cautioned against a rush to judgment. Moore lashed out earlier at what he called ""the Obama-Clinton machine's liberal media lapdogs""",right,right
Trump: Roy Moore will 'step aside' if sexual misconduct allegations are true,"President Trump thinks Alabama Republican Senate candidate Roy Moore “will do the right thing and step aside” if the sexual misconduct allegations against him are true, the White House said in a statement. White House Press Secretary Sarah Sanders also cautioned against a rush to judgment.",right,right
Trump: Roy Moore will 'step aside' if sexual misconduct allegations are true,"President Trump thinks Alabama Republican Senate candidate Roy Moore “will do the right thing and step aside” if the sexual misconduct allegations against him are true, the White House says. White House Press Secretary Sarah Sanders also cautioned against a rush to judgment.",right,right
Trump: Roy Moore will 'step aside' if sexual misconduct allegations are true,"President Trump thinks Alabama Republican Senate candidate Roy Moore “will do the right thing and step aside” if the sexual misconduct allegations against him are true. White House Press Secretary Sarah Sanders also cautioned against a rush to judgment. Moore lashed out earlier at what he called ""the Obama-Clinton machine's liberal media lapdogs""",right,center
Trump: Roy Moore will 'step aside' if sexual misconduct allegations are true,"President Trump thinks Alabama Republican Senate candidate Roy Moore “will do the right thing and step aside” if the sexual misconduct allegations against him are true, the White House said in a statement. White House Press Secretary Sarah Sanders also cautioned against a rush to judgment.",right,center
Trump: Roy Moore will 'step aside' if sexual misconduct allegations are true,"President Trump thinks Alabama Republican Senate candidate Roy Moore “will do the right thing and step aside” if the sexual misconduct allegations against him are true, the White House said. White House Press Secretary Sarah Sanders also cautioned against a rush to judgment.",right,center
Alabama Republicans Defend Roy Moore: ‘It Was 40 Years Ago’,"Roy S. Moore is the Republican nominee for the U.S. Senate in Alabama. The Washington Post reported that he had made sexual advances toward four teenage girls when he was in his 30s. The story was met with immediate backlash from Republicans in Alabama, several of whom dismissed the women's stories out of hand.",center,left
Alabama Republicans Defend Roy Moore: ‘It Was 40 Years Ago’,"Roy S. Moore is the Republican nominee for the U.S. Senate in Alabama. The Washington Post reported that he had made sexual advances toward four teenage girls when he was in his 30s. The story was met with immediate backlash from Republicans in Alabama, some of whom dismissed the women's stories out of hand.",center,left
Alabama Republicans Defend Roy Moore: ‘It Was 40 Years Ago’,Roy S. Moore is the Republican nominee for the U.S. Senate in Alabama. The Washington Post reported that he had made sexual advances toward four teenage girls when he was in his 30s. The story was met with immediate backlash from Republicans in the state.,center,left
Alabama Republicans Defend Roy Moore: ‘It Was 40 Years Ago’,"Alabama Republican Senate candidate Roy S. Moore was accused of making sexual advances on four teenage girls in his 30s. The Washington Post reported that Mr. Moore approached a 14-year-old, undressed her, touched her over her bra and underpants, and guided her hand to touch him over his underwear. The story was met with immediate backlash from Republicans in Alabama, several of whom dismissed the women’s stories out of hand.",center,right
Alabama Republicans Defend Roy Moore: ‘It Was 40 Years Ago’,"Alabama Republican Senate candidate Roy S. Moore was accused of making sexual advances on four teenage girls in his 30s. The Washington Post reported that Mr. Moore approached a 14-year-old, undressed her, touched her over her bra and underpants, and guided her hand to touch him over his underwear. The story was met with immediate backlash from Republicans in Alabama, some of whom dismissed the women’s stories out of hand.",center,right
Alabama Republicans Defend Roy Moore: ‘It Was 40 Years Ago’,"Alabama Republican Senate candidate Roy S. Moore was accused of making sexual advances on four teenage girls in his 30s. The Washington Post reported that Mr. Moore approached a 14-year-old, undressed her, touched her over her bra and underpants, and guided her hand to touch him over his underwear. The story was met with immediate backlash from Republicans in Alabama, several of whom dismissed the women's stories out of hand.",center,right
Alabama Republicans Defend Roy Moore: ‘It Was 40 Years Ago’,"Washington Post reports that Roy S. Moore made sexual advances toward four teenage girls in his 30s. Republican officials in Alabama staunchly defended their party’s Senate nominee, Moore.",left,center
Alabama Republicans Defend Roy Moore: ‘It Was 40 Years Ago’,Washington Post reports that Roy S. Moore made sexual advances toward four teenage girls in his 30s. Republican officials in Alabama staunchly defended their party’s Senate nominee.,left,center
Alabama Republicans Defend Roy Moore: ‘It Was 40 Years Ago’,Washington Post reports that Roy S. Moore made sexual advances toward four teenage girls in his 30s. Several Alabama Republicans dismissed the women’s stories out of hand.,left,center
"For Now, Trump to Keep Ban on Importing Elephant Trophies","The decision applies to two African countries, though it did not name them. The U.S. Fish and Wildlife Service had signaled its intention to end the 2014 ban, citing Zimbabwe's conservation efforts.",center,left
"For Now, Trump to Keep Ban on Importing Elephant Trophies","The decision applies to two African countries, though it did not name them. The U.S. Fish and Wildlife Service had signaled its intention to end the 2014 ban.",center,left
"For Now, Trump to Keep Ban on Importing Elephant Trophies","The decision applies to two African countries, though it did not name them. The White House argued that the hunting would bring money to local communities.",center,left
"For Now, Trump to Keep Ban on Importing Elephant Trophies","The decision applies to two African countries, though it did not name them. It is unclear why Mr. Trump reversed the decision, but the announcement faced backlash from both conservatives and liberals.",center,right
"For Now, Trump to Keep Ban on Importing Elephant Trophies","The decision applies to two African countries, though it did not name them. It is unclear why Mr. Trump reversed the decision, but the announcement faced backlash.",center,right
"For Now, Trump to Keep Ban on Importing Elephant Trophies","The decision applies to two African countries, though it did not name them. The Fish and Wildlife Service had signaled its intention to end the 2014 ban.",left,right
"For Now, Trump to Keep Ban on Importing Elephant Trophies","The White House says the decision applies to two African countries. It is unclear why Mr. Trump reversed the decision, but the announcement faced backlash from both conservatives and liberals.",center,center
"For Now, Trump to Keep Ban on Importing Elephant Trophies","The White House says the decision applies to two African countries. It is unclear why Mr. Trump reversed the decision, but it faced backlash from both conservatives and liberals.",center,center
"For Now, Trump to Keep Ban on Importing Elephant Trophies","The White House says the decision applies to two African countries. It is unclear why Mr. Trump reversed the decision, but the announcement faced backlash.",center,center
Joe Lieberman emerges as Trump's top choice for FBI director,"President Trump said Thursday he is'very close' to naming a new FBI director to replace James Comey, and his leading contender is former Democratic Sen. Joe Lieberman. Lieberman, 75, served in the Senate from 1989-2013, first as a Democrat and then as an independent. He met with Trump at the White House on Wednesday afternoon to discuss leading the law enforcement agency.",right,left
Joe Lieberman emerges as Trump's top choice for FBI director,"President Trump said Thursday he is'very close' to naming a new FBI director to replace James Comey, and his leading contender is former Democratic Sen. Joe Lieberman. Lieberman, 75, served in the Senate from 1989-2013, first as a Democrat and then as an independent. He met with Trump at the White House on Wednesday afternoon to discuss leading the law enforcement agency.",right,left
Joe Lieberman emerges as Trump's top choice for FBI director,"President Trump said Thursday he is'very close' to naming a new FBI director to replace James Comey, and his leading contender is former Democratic Sen. Joe Lieberman. Lieberman, 75, served in the Senate from 1989-2013, first as a Democrat and then as an independent. He met with Trump at the White House on Wednesday to discuss leading the law enforcement agency.",right,left
Joe Lieberman emerges as Trump's top choice for FBI director,"Lieberman, 75, served in the Senate from 1989-2013, first as a Democrat and then as an independent. Lieberman's law enforcement experience stems from his two-term tenure as Connecticut’s attorney general.",center,right
Joe Lieberman emerges as Trump's top choice for FBI director,"Lieberman, 75, served in the Senate from 1989-2013, first as a Democrat and then as an independent. Lieberman met with Trump at the White House on Wednesday afternoon to discuss leading the law enforcement agency.",center,right
Joe Lieberman emerges as Trump's top choice for FBI director,"Lieberman, 75, served in the Senate from 1989-2013, first as a Democrat and then as an independent. Lieberman's law enforcement experience stems from his two-term tenure as Connecticut's attorney general.",center,right
Joe Lieberman emerges as Trump's top choice for FBI director,"President Trump said Thursday he is'very close' to naming a new FBI director to replace James Comey, and his leading contender is former Democratic Sen. Joe Lieberman. Lieberman, 75, served in the Senate from 1989-2013, first as a Democrat and then as an independent. He met with Trump at the White House on Wednesday to discuss leading the law enforcement agency.",right,center
Joe Lieberman emerges as Trump's top choice for FBI director,"President Trump said Thursday he is'very close' to naming a new FBI director to replace James Comey, and his leading contender is former Democratic Sen. Joe Lieberman. Lieberman, 75, served in the Senate from 1989-2013, first as a Democrat and then as an independent. He met with Trump on Wednesday afternoon to discuss leading the law enforcement agency.",right,center
Joe Lieberman emerges as Trump's top choice for FBI director,"President Trump said Thursday he is'very close' to naming a new FBI director to replace James Comey, and his leading contender is former Democratic Sen. Joe Lieberman. Lieberman, 75, served in the Senate from 1989-2013, first as a Democrat and then as an independent. He met with Trump on Wednesday to discuss leading the law enforcement agency.",right,center
"Lieberman Is a Finalist for F.B.I. Director, Trump Says","Joseph I. Lieberman, the former Democratic senator and vice-presidential nominee, is a finalist. But members of Mr. Trump’s staff have quietly urged him to take more time to make such a critical hire. Mr. Lieberman served three terms in the Senate as a Democrat and one as an independent.",left,left
"Lieberman Is a Finalist for F.B.I. Director, Trump Says","Joseph I. Lieberman, the former Democratic senator and vice-presidential nominee, is a finalist. But members of Mr. Trump’s staff have quietly urged him to take more time to make such a critical hire.",left,left
"Lieberman Is a Finalist for F.B.I. Director, Trump Says","Joseph I. Lieberman, the former Democratic senator and vice-presidential nominee, is a finalist. But members of Mr. Trump's staff have quietly urged him to take more time to make such a critical hire.",left,left
"Lieberman Is a Finalist for F.B.I. Director, Trump Says","Joseph I. Lieberman, the former Democratic senator and vice-presidential nominee, is a finalist to replace James B. Comey. But members of Mr. Trump’s staff have quietly urged him to take more time to make such a critical hire. Mr. Lieberman served three terms in the Senate as a Democrat and one as an independent.",left,right
"Lieberman Is a Finalist for F.B.I. Director, Trump Says","Joseph I. Lieberman, the former Democratic senator and vice-presidential nominee, is a finalist to replace James B. Comey. But members of Mr. Trump’s staff have quietly urged him to take more time to make such a critical hire.",left,right
"Lieberman Is a Finalist for F.B.I. Director, Trump Says","Joseph I. Lieberman, the former Democratic senator and vice-presidential nominee, is a finalist to replace James B. Comey. But members of Mr. Trump’s staff have quietly urged him to take more time to make a hire.",center,right
"Lieberman Is a Finalist for F.B.I. Director, Trump Says","Joseph I. Lieberman, the former Democratic senator and vice-presidential nominee, is a finalist. But members of Mr. Trump’s staff have quietly urged him to take more time to make such a critical hire. Mr. Lieberman served three terms in the Senate as a Democrat and one as an independent.",left,center
"Lieberman Is a Finalist for F.B.I. Director, Trump Says","Joseph I. Lieberman, the former Democratic senator and vice-presidential nominee, is a finalist to replace James B. Comey. But members of Mr. Trump’s staff have quietly urged him to take more time to make such a critical hire.",left,center
"Lieberman Is a Finalist for F.B.I. Director, Trump Says","Joseph I. Lieberman, the former Democratic senator and vice-presidential nominee, is a finalist. But members of Mr. Trump’s staff have quietly urged him to take more time to make such a critical hire.",left,center
Donald Trump Jr. releases messages with WikiLeaks from before election,"Donald Trump Jr. confirmed Monday that he corresponded with WikiLeaks before the 2016 presidential election. The Atlantic first reported that the messages were obtained by the president’s son. The House Permanent Select Committee on Intelligence had access to the documents, a source said.",center,left
Donald Trump Jr. releases messages with WikiLeaks from before election,Donald Trump Jr. confirmed Monday that he corresponded with WikiLeaks before the 2016 presidential election. The Atlantic first reported that the messages were obtained by the president’s son. The House Permanent Select Committee on Intelligence had access to the documents.,center,left
Donald Trump Jr. releases messages with WikiLeaks from before election,Donald Trump Jr. confirmed Monday that he corresponded with WikiLeaks before the 2016 presidential election. The Atlantic first reported on Monday that the messages were obtained by the House Permanent Select Committee on Intelligence.,center,left
Donald Trump Jr. releases messages with WikiLeaks from before election,"Donald Trump Jr. confirmed Monday night that he corresponded with WikiLeaks before the 2016 presidential election. The Atlantic first reported on Monday that the messages were turned over to investigators by Trump Jr’s attorneys. The House Permanent Select Committee on Intelligence had access to the documents, a source said.",center,right
Donald Trump Jr. releases messages with WikiLeaks from before election,Donald Trump Jr. confirmed Monday night that he corresponded with WikiLeaks before the 2016 presidential election. The Atlantic first reported on Monday that the messages were turned over to investigators by Trump Jr’s attorneys. The House Permanent Select Committee on Intelligence had access to the documents.,center,right
Donald Trump Jr. releases messages with WikiLeaks from before election,Donald Trump Jr. confirmed Monday night that he corresponded with WikiLeaks before the 2016 presidential election. The Atlantic first reported on Monday that the messages were turned over to investigators by Trump Jr’s attorneys.,center,right
Donald Trump Jr. releases messages with WikiLeaks from before election,"Donald Trump Jr. confirmed Monday night that he had corresponded with WikiLeaks before the 2016 presidential election. The Atlantic first reported on Monday that the president's son received a private message from the WikiLeaks Twitter account on September 20, 2016. The messages were turned over to investigators by Trump Jr’s attorneys.",center,center
Donald Trump Jr. releases messages with WikiLeaks from before election,Donald Trump Jr. confirmed Monday night that he had corresponded with WikiLeaks before the 2016 presidential election. The Atlantic first reported on Monday that the president's son received a private message from the WikiLeaks Twitter account. The messages were turned over to investigators by Trump Jr’s attorneys.,center,center
Donald Trump Jr. releases messages with WikiLeaks from before election,"Donald Trump Jr. confirmed Monday night that he had corresponded with WikiLeaks before the 2016 presidential election. The Atlantic first reported on the messages, which were turned over to investigators by Trump Jr’s attorneys.",center,center
"Trump calls Flynn treatment 'unfair,' claims Clinton 'lied many times' with impunity",President Trump said he feels “badly’ for former national security adviser Michael Flynn. Flynn pleaded guilty on Friday to giving false statements to the FBI about his Russia contacts. Trump said Clinton “lied many times” during her July FBI interview.,right,left
"Trump calls Flynn treatment 'unfair,' claims Clinton 'lied many times' with impunity",President Trump said he feels “badly’ for former national security adviser Michael Flynn. Flynn pleaded guilty on Friday to giving false statements to the FBI about his Russia contacts.,right,left
"Trump calls Flynn treatment 'unfair,' claims Clinton 'lied many times' with impunity","President Trump said he feels ""badly"" for former national security adviser Michael Flynn. Flynn pleaded guilty on Friday to giving false statements to the FBI about his Russia contacts.",right,left
"Trump calls Flynn treatment 'unfair,' claims Clinton 'lied many times' with impunity","President Trump called the criminal case against former national security adviser Michael Flynn “very unfair” Trump said he feels “badly” for Flynn, who pleaded guilty on Friday to giving false statements to the FBI about his Russia contacts.",center,right
"Trump calls Flynn treatment 'unfair,' claims Clinton 'lied many times' with impunity","President Trump called the criminal case against former national security adviser Michael Flynn “very unfair’ Trump said he feels “badly” for Flynn, who pleaded guilty on Friday to giving false statements to the FBI about his Russia contacts.",center,right
"Trump calls Flynn treatment 'unfair,' claims Clinton 'lied many times' with impunity","President Trump called the criminal case against former national security adviser Michael Flynn “very unfair” Trump said he feels “badly” for Flynn, who pleaded guilty on Friday to giving false statements to the FBI.",center,right
"Trump calls Flynn treatment 'unfair,' claims Clinton 'lied many times' with impunity","President Trump called the criminal case against former national security adviser Michael Flynn “very unfair” Trump said he feels “badly” for Flynn, who pleaded guilty on Friday to giving false statements to the FBI about his Russia contacts. Trump also said his 2016 Democratic rival “lied many times” during her FBI interview.",right,center
"Trump calls Flynn treatment 'unfair,' claims Clinton 'lied many times' with impunity","President Trump called the criminal case against former national security adviser Michael Flynn “very unfair” Trump said he feels “badly” for Flynn, who pleaded guilty on Friday to giving false statements to the FBI about his Russia contacts. Trump also said his 2016 Democratic rival “lied many times” during her FBI interview.",right,center
"Trump calls Flynn treatment 'unfair,' claims Clinton 'lied many times' with impunity","President Trump called the criminal case against former national security adviser Michael Flynn “very unfair” Trump said he feels “badly” for Flynn, who pleaded guilty on Friday to giving false statements to the FBI about his Russia contacts.",center,center
Donald Trump Defends Michael Flynn By Saying Hillary Clinton Is The Real Liar,"President Donald Trump said Monday that he feels ""very badly"" for former national security adviser Michael Flynn. Flynn pleaded guilty to lying to the FBI about his contacts with Russian officials. Trump and his lawyer, John Dowd, now claim that the president already knew about Flynn lying. Dowd: Trump isn't guilty of obstructing justice because he is the president.",center,left
Donald Trump Defends Michael Flynn By Saying Hillary Clinton Is The Real Liar,"President Donald Trump said Monday that he feels ""very badly"" for former national security adviser Michael Flynn. Flynn pleaded guilty to lying to the FBI about his contacts with Russian officials. Trump and his lawyer, John Dowd, now claim that the president already knew about Flynn lying.",center,left
Donald Trump Defends Michael Flynn By Saying Hillary Clinton Is The Real Liar,"President Donald Trump said Monday that he feels ""very badly"" for former national security adviser Michael Flynn. Flynn pleaded guilty to lying to the FBI about his contacts with Russian officials. Trump and his lawyer, John Dowd, now claim that the president already knew about Flynn's lies.",center,left
Donald Trump Defends Michael Flynn By Saying Hillary Clinton Is The Real Liar,"President Donald Trump defended his former national security adviser, Michael Flynn, by invoking his 2016 election opponent, Hillary Clinton. Flynn pleaded guilty on Friday for lying to the FBI in special counsel Robert Mueller’s investigation into possible collusion between the Trump campaign and Russia. Trump and his lawyer, John Dowd, now claim that the president already knew about Flynn lying.",center,right
Donald Trump Defends Michael Flynn By Saying Hillary Clinton Is The Real Liar,"President Donald Trump defended his former national security adviser, Michael Flynn, by invoking his 2016 election opponent, Hillary Clinton. Flynn pleaded guilty on Friday for lying to the FBI in special counsel Robert Mueller’s investigation. Trump and his lawyer, John Dowd, now claim that the president already knew about Flynn lying.",center,right
Donald Trump Defends Michael Flynn By Saying Hillary Clinton Is The Real Liar,"President Donald Trump defended his former national security adviser, Michael Flynn, by invoking his 2016 election opponent, Hillary Clinton. Flynn pleaded guilty on Friday for lying to the FBI in special counsel Robert Mueller’s investigation into possible collusion between the Trump campaign and Russia.",center,right
Donald Trump Defends Michael Flynn By Saying Hillary Clinton Is The Real Liar,"President Donald Trump says he feels ""very badly"" for his former national security adviser, Michael Flynn. Flynn pleaded guilty on Friday to lying to the FBI about his contacts with Russian officials. Trump and his lawyer, John Dowd, now claim that the president already knew about Flynn lying.",center,center
Donald Trump Defends Michael Flynn By Saying Hillary Clinton Is The Real Liar,"President Donald Trump says he feels'very badly' for his former national security adviser, Michael Flynn. Flynn pleaded guilty on Friday to lying to the FBI about his contacts with Russian officials. Trump and his lawyer, John Dowd, now claim that the president already knew about Flynn lying.",center,center
Donald Trump Defends Michael Flynn By Saying Hillary Clinton Is The Real Liar,"President Donald Trump says he feels ""very badly"" for his former national security adviser, Michael Flynn. Flynn pleaded guilty on Friday to lying to the FBI about his contacts with Russian officials.",center,center
Republicans prepare to go nuclear with Gorsuch vote as Dems seek new delay,"Senate Democrats threaten to filibuster President Trump's Supreme Court nominee. Sen. John Thune, R-South Dakota, says Republicans are willing to use the ""nuclear option"" If Republicans change the threshold, the nominee could be approved with a simple majority of 51 votes. Senate Majority Leader Mitch McConnell hasn't tipped his hand on strategy.",right,left
Republicans prepare to go nuclear with Gorsuch vote as Dems seek new delay,"Senate Democrats threaten to filibuster President Trump's Supreme Court nominee. Sen. John Thune, R-South Dakota, says Republicans are willing to use the ""nuclear option"" If Republicans change the threshold, the nominee could be approved with a simple majority of 51 votes. Senate Majority Leader Mitch McConnell has said the nominee will be confirmed.",right,left
Republicans prepare to go nuclear with Gorsuch vote as Dems seek new delay,"Senate Democrats threaten to filibuster President Trump's Supreme Court nominee. Sen. John Thune, R-South Dakota, says Republicans are willing to use the ""nuclear option"" If Republicans change the threshold, the nominee could be approved with a simple majority of 51 votes.",right,left
Republicans prepare to go nuclear with Gorsuch vote as Dems seek new delay,"Senate Democrats threaten to filibuster President Trump's Supreme Court nominee. GOP Sen. John Thune says his party is willing to use the ""nuclear option"" to get the judge confirmed.",right,right
Republicans prepare to go nuclear with Gorsuch vote as Dems seek new delay,"Senate Democrats threaten to filibuster President Trump's Supreme Court nominee. GOP Sen. John Thune says his party is willing to use the ""nuclear option"" to confirm the judge.",right,right
Republicans prepare to go nuclear with Gorsuch vote as Dems seek new delay,Senate Democrats threaten to filibuster President Trump's Supreme Court nominee. GOP Sen. John Thune says his party is willing to lower the vote threshold to confirm Judge Neil Gorsuch.,right,right
Republicans prepare to go nuclear with Gorsuch vote as Dems seek new delay,GOP Sen. John Thune all but confirmed his party is willing to lower the vote threshold to confirm Judge Neil Gorsuch. The threat comes as Democrats suggest he shouldn’t get a vote until the FBI completes its probe of possible links between Russia and Trump associates.,right,center
Republicans prepare to go nuclear with Gorsuch vote as Dems seek new delay,GOP Sen. John Thune all but confirmed his party is willing to lower the vote threshold to confirm Judge Neil Gorsuch. The threat comes as Democrats threaten to filibuster and suggest he shouldn’t get a vote until the FBI completes its probe of possible links between Russia and Trump.,right,center
Republicans prepare to go nuclear with Gorsuch vote as Dems seek new delay,GOP Sen. John Thune all but confirmed his party is willing to lower the vote threshold to confirm Judge Neil Gorsuch. The threat comes as Democrats suggest he shouldn’t get a vote until the FBI completes its probe of possible links between Russia and Trump.,right,center
Donald Trump Sworn In As 45th President,Donald J. Trump took the oath of office Friday to become the 45th president of the United States. Chief Justice John Roberts administered the 38-word oath.,center,left
Donald Trump Sworn In As 45th President,Donald J. Trump took the oath of office Friday to become the 45th president of the United States. He trailed Hillary Clinton in the general election nearly the entire way.,center,left
Donald Trump Sworn In As 45th President,Donald J. Trump took the oath of office Friday to become the 45th president. Chief Justice John Roberts administered the 38-word oath.,center,left
Donald Trump Sworn In As 45th President,Donald J. Trump took the oath of office Friday to become the 45th president of the United States. Chief Justice John Roberts administered the 38-word oath at 12:00 p.m.,center,right
Donald Trump Sworn In As 45th President,Donald J. Trump took the oath of office Friday to become the 45th president of the United States. Chief Justice John Roberts administered the 38-word oath at 12:00 p.m.,center,right
Donald Trump Sworn In As 45th President,Donald J. Trump took the oath of office Friday to become the 45th president of the United States. Chief Justice John Roberts administered the 38-word oath at 12:00 p.m.,center,right
Donald Trump Sworn In As 45th President,Donald J. Trump took the oath of office Friday to become the 45th president of the United States. Chief Justice John Roberts administered the 38-word oath at 12:00 p.m.,center,center
Donald Trump Sworn In As 45th President,Donald J. Trump took the oath of office Friday to become the 45th president of the United States. Chief Justice John Roberts administered the 38-word oath.,center,center
Donald Trump Sworn In As 45th President,Donald J. Trump took the oath of office Friday to become the 45th president of the United States. Chief Justice John Roberts administered the 38-word oath.,center,center
"Donald Trump Is Sworn In as President, Capping His Swift Ascent","Donald John Trump is inaugurated as the 45th president of the United States. Michael Richard Pence, a former governor and congressman from Indiana, was sworn in minutes before.",center,left
"Donald Trump Is Sworn In as President, Capping His Swift Ascent","Donald John Trump is inaugurated as the 45th president of the United States. Michael Richard Pence, a former governor and congressman, is sworn in as vice president.",center,left
"Donald Trump Is Sworn In as President, Capping His Swift Ascent","Donald John Trump is inaugurated as the 45th president of the United States. Michael Richard Pence, a former governor from Indiana, is sworn in as vice president.",center,left
"Donald Trump Is Sworn In as President, Capping His Swift Ascent",Donald John Trump was inaugurated as the 45th president of the United States. He vowed to shatter the established order and reverse a national decline that he called “this American carnage’,center,right
"Donald Trump Is Sworn In as President, Capping His Swift Ascent","Donald John Trump is inaugurated as the 45th president of the United States. Michael Richard Pence, a former governor and congressman from Indiana, is sworn in as vice president.",center,right
"Donald Trump Is Sworn In as President, Capping His Swift Ascent",Donald John Trump was inaugurated as the 45th president of the United States on Friday. He vowed to shatter the established order and reverse a national decline.,center,right
"Donald Trump Is Sworn In as President, Capping His Swift Ascent",Donald John Trump was inaugurated as the 45th president of the United States. He vowed to shatter the established order and reverse a national decline that he called “this American carnage’,center,center
"Donald Trump Is Sworn In as President, Capping His Swift Ascent","Donald John Trump was inaugurated as the 45th president of the United States. Michael Richard Pence, a former governor and congressman from Indiana, was sworn in minutes before.",center,center
"Donald Trump Is Sworn In as President, Capping His Swift Ascent",Donald John Trump was inaugurated as the 45th president of the United States on Friday. He vowed to shatter the established order and reverse a national decline.,center,center
White House Responds To Sexual Misconduct Allegations Against Roy Moore,"The White House relayed President Donald Trump’s response late Thursday to bombshell allegations that Alabama GOP Senate nominee Roy Moore sexually molested a 14-year-old girl. A spokesperson for Vice President Mike Pence said the veep “found the allegations in the story disturbing and believes, if true, this would disqualify anyone from serving in office.”",center,left
White House Responds To Sexual Misconduct Allegations Against Roy Moore,"The White House relayed President Donald Trump’s response late Thursday to bombshell allegations that Alabama GOP Senate nominee Roy Moore sexually molested a 14-year-old girl. A spokesperson for Vice President Mike Pence said the veep “found the allegations in the story disturbing and believes, if true, this would disqualify anyone from serving in office”",center,left
White House Responds To Sexual Misconduct Allegations Against Roy Moore,The White House relayed President Donald Trump’s response late Thursday to bombshell allegations that Alabama GOP Senate nominee Roy Moore sexually molested a 14-year-old girl in 1979. A spokesperson for Vice President Mike Pence said the veep “found the allegations in the story disturbing”,center,left
White House Responds To Sexual Misconduct Allegations Against Roy Moore,"President Donald Trump says if allegations are true, Roy Moore will step aside. Vice President Mike Pence says if true, the allegations would disqualify anyone from office.",right,right
White House Responds To Sexual Misconduct Allegations Against Roy Moore,"President Donald Trump says if allegations are true, Roy Moore will step aside. Vice President Mike Pence says the allegations would disqualify anyone from serving in office.",right,right
White House Responds To Sexual Misconduct Allegations Against Roy Moore,"President Donald Trump says if allegations are true, Roy Moore will step aside. Vice President Mike Pence says the allegations would disqualify anyone from office.",right,right
White House Responds To Sexual Misconduct Allegations Against Roy Moore,"The White House relayed President Donald Trump’s response late Thursday to bombshell allegations that Alabama GOP Senate nominee Roy Moore sexually molested a 14-year-old girl in 1979. A spokesperson for Vice President Mike Pence said the veep “found the allegations in the story disturbing and believes, if true, this would disqualify anyone from serving in office.",center,center
White House Responds To Sexual Misconduct Allegations Against Roy Moore,The White House relayed President Donald Trump’s response late Thursday to bombshell allegations that Alabama GOP Senate nominee Roy Moore sexually molested a 14-year-old girl in 1979. A spokesperson for Vice President Mike Pence said the veep “found the allegations in the story disturbing”,center,center
White House Responds To Sexual Misconduct Allegations Against Roy Moore,The White House relayed President Donald Trump’s response late Thursday to bombshell allegations that Alabama GOP Senate nominee Roy Moore sexually molested a 14-year-old girl in 1979. A spokesperson for Vice President Mike Pence said the veep “found the allegations in the story disturbing’,center,center
Shooting spurs calls for new lawmaker security measures,"Rep. Dave Brat, R-Va., said the incident has sparked new security questions for members without assigned police protection at events outside Capitol Hill. Rep. Newt Gingrich said the threat of the ""occasional deranged person"" should not change that.",right,left
Shooting spurs calls for new lawmaker security measures,"Rep. Dave Brat, R-Va., said the incident has sparked new security questions for members without assigned police protection at events outside Capitol Hill. Rep. Newt Gingrich said the threat of the ""occasional deranged person"" should not change that system.",right,left
Shooting spurs calls for new lawmaker security measures,"Rep. Dave Brat, R-Va., said the incident has sparked new security questions for members without assigned police protection at events outside Capitol Hill. Rep. Newt Gingrich lauded the current system where lawmakers interact with the people on a regular basis.",right,left
Shooting spurs calls for new lawmaker security measures,"Rep. Steve Scalise, R-La., remains in critical condition after undergoing second surgery. Majority Whip's full-time security detail credited with putting down attacker and saving lives. GOP Rep. Dave Brat suggests 'tighter security' at town halls -- which most lawmakers have scheduled through summer recess. Rep. Mike Doyle, D-Pa., manager of Democratic congressional baseball team, suggests 'big groups' like that could be solution.",right,right
Shooting spurs calls for new lawmaker security measures,"Rep. Steve Scalise, R-La., remains in critical condition after undergoing second surgery. Majority Whip's full-time security detail credited with putting down attacker and saving lives. GOP Rep. Dave Brat suggests 'tighter security' at town halls -- which most lawmakers have scheduled through the summer recess.",right,right
Shooting spurs calls for new lawmaker security measures,"Rep. Steve Scalise, R-La., remains in critical condition after undergoing second surgery. Majority Whip's full-time security detail credited with putting down attacker and saving lives. GOP Rep. Dave Brat suggests 'tighter security' at town halls -- which most lawmakers have scheduled through summer recess.",right,right
Shooting spurs calls for new lawmaker security measures,"Majority Whip Steve Scalise, R-La., is assigned a full-time security detail from U.S. Capitol Police, who guard him in Washington and at home in his district. Scalise remains in critical condition, but has improved in the last 24 hours.",right,center
Shooting spurs calls for new lawmaker security measures,"Majority Whip Steve Scalise, R-La., is assigned a full-time security detail from U.S. Capitol Police, who guard him in Washington and at home in his district. Scalise remains in critical condition but has improved in the last 24 hours.",right,center
Shooting spurs calls for new lawmaker security measures,"Majority Whip Steve Scalise, R-La., is assigned a full-time security detail from U.S. Capitol Police. Scalise remains in critical condition, but has improved in the last 24 hours.",right,center
"Top House Intel Dem: Flynn Not Cooperating With Russia Probe, Subpoenas Coming",The House intelligence committee is preparing to issue subpoenas against Michael Flynn. The former national security adviser denied a request to voluntarily turn over documents related to the committee’s Russia probe.,center,left
"Top House Intel Dem: Flynn Not Cooperating With Russia Probe, Subpoenas Coming",The House intelligence committee is preparing to issue subpoenas against Michael Flynn. The former national security adviser has denied a request to voluntarily turn over documents related to the committee’s Russia probe.,center,left
"Top House Intel Dem: Flynn Not Cooperating With Russia Probe, Subpoenas Coming",The House intelligence committee is preparing to issue subpoenas against Michael Flynn. The former national security adviser denied a request to voluntarily turn over documents related to the committee's Russia probe.,center,left
"Top House Intel Dem: Flynn Not Cooperating With Russia Probe, Subpoenas Coming",The House intelligence committee is preparing to issue subpoenas against Michael Flynn. The former national security adviser denied a request to voluntarily turn over documents related to the committee’s Russia probe. Rep. Adam Schiff said the committee is prepared to use “whatever compulsory process we need” to obtain information from Flynn.,center,right
"Top House Intel Dem: Flynn Not Cooperating With Russia Probe, Subpoenas Coming",The House intelligence committee is preparing to issue subpoenas against Michael Flynn. The former national security adviser denied a request to voluntarily turn over documents related to the committee’s Russia probe. The Senate intelligence committee responded with two additional subpoenas on Tuesday.,center,right
"Top House Intel Dem: Flynn Not Cooperating With Russia Probe, Subpoenas Coming",The House intelligence committee is preparing to issue subpoenas against Michael Flynn. The former national security adviser denied a request to voluntarily turn over documents related to the committee’s Russia probe.,center,right
"Top House Intel Dem: Flynn Not Cooperating With Russia Probe, Subpoenas Coming",The House intelligence committee is preparing to issue subpoenas against Michael Flynn. The former national security adviser denied a request to voluntarily turn over documents related to the committee’s Russia probe.,center,center
"Top House Intel Dem: Flynn Not Cooperating With Russia Probe, Subpoenas Coming",The House intelligence committee is preparing to issue subpoenas against Michael Flynn. The former national security adviser denied a request to voluntarily turn over documents related to the committee's Russia probe.,center,center
"Top House Intel Dem: Flynn Not Cooperating With Russia Probe, Subpoenas Coming",The House intelligence committee is preparing to issue subpoenas against Michael Flynn. The former national security adviser has refused to voluntarily turn over documents related to the committee’s Russia probe.,center,center
Kathy Griffin Apologizes For Controversial Images Of Bloodied Trump Head,Kathy Griffin has issued an apology for the photo shoot. She said it was an attempt to make a point about Donald Trump.,right,left
Kathy Griffin Apologizes For Controversial Images Of Bloodied Trump Head,Kathy Griffin has issued an apology for the photo shoot. She said it was an expression of her anger at Donald Trump.,right,left
Kathy Griffin Apologizes For Controversial Images Of Bloodied Trump Head,Kathy Griffin has issued an apology for the image. The image was taken by Tyler Shields.,right,left
Kathy Griffin Apologizes For Controversial Images Of Bloodied Trump Head,Kathy Griffin apologizes for photo of her holding a bloody Donald Trump head.,center,right
Kathy Griffin Apologizes For Controversial Images Of Bloodied Trump Head,Kathy Griffin apologizes for photo of her holding a fake Donald Trump head.,center,right
Kathy Griffin Apologizes For Controversial Images Of Bloodied Trump Head,Kathy Griffin apologizes for photo of her holding Donald Trump's head.,center,right
Kathy Griffin Apologizes For Controversial Images Of Bloodied Trump Head,"Kathy Griffin issued an apology for the photo shoot. She said it was an ""expression of art""",right,center
Kathy Griffin Apologizes For Controversial Images Of Bloodied Trump Head,Kathy Griffin issued an apology for the photo shoot.,right,center
Kathy Griffin Apologizes For Controversial Images Of Bloodied Trump Head,Kathy Griffin issued an apology for the image.,left,center
Trump Lashes Out at Kathy Griffin and Democrats,"The president castigated Kathy Griffin, the celebrity comic and author, for posing for a video showing her holding what looks like the severed and bloodied head of Mr. Trump.",center,left
Trump Lashes Out at Kathy Griffin and Democrats,"The president castigated Kathy Griffin, the celebrity comic and author, for posing for a video showing her holding what looks like the severed head of Mr. Trump.",center,left
Trump Lashes Out at Kathy Griffin and Democrats,The president castigated Kathy Griffin for posing for a video showing her holding what looks like the severed and bloodied head of Mr. Trump.,center,left
Trump Lashes Out at Kathy Griffin and Democrats,"The president castigated Kathy Griffin for posing for a video showing her holding what looks like the severed and bloodied head of Mr. Trump. The first lady, Melania Trump, questioned Ms. Griffin's sanity.",center,right
Trump Lashes Out at Kathy Griffin and Democrats,"The president castigated Kathy Griffin, the celebrity comic and author, for posing for a video showing her holding what looks like the severed and bloodied head of Mr. Trump.",center,right
Trump Lashes Out at Kathy Griffin and Democrats,"The president castigated Kathy Griffin, the celebrity comic and author. The video touched off a storm of protests from people on all sides of the political spectrum.",right,right
Trump Lashes Out at Kathy Griffin and Democrats,"The president castigated Kathy Griffin for posing for a video showing her holding what looks like the severed and bloodied head of Mr. Trump. The first lady, Melania Trump, questioned Ms. Griffin's sanity.",center,center
Trump Lashes Out at Kathy Griffin and Democrats,"The president castigated Kathy Griffin, the celebrity comic and author, for posing for a video showing her holding what looks like the severed and bloodied head of Mr. Trump.",center,center
Trump Lashes Out at Kathy Griffin and Democrats,"The president castigated Kathy Griffin, the celebrity comic and author. The video touched off a storm of protests from people on all sides of the political spectrum.",right,center
Democrats Concerned That The Supreme Court May Be Rigged For The Rich And Republicans,The Senate Judiciary Committee held hearings for President Donald Trump’s Supreme Court nominee. Democrats made an argument against the Supreme Court itself and its presentation as a body above politics and power.,center,left
Democrats Concerned That The Supreme Court May Be Rigged For The Rich And Republicans,The Senate Judiciary Committee held hearings for President Donald Trump’s Supreme Court nominee. Democrats made an argument against the Supreme Court and its false presentation as a body above politics and power.,center,left
Democrats Concerned That The Supreme Court May Be Rigged For The Rich And Republicans,The Senate Judiciary Committee held hearings for President Donald Trump’s Supreme Court nominee. Democrats made an argument against the Supreme Court itself and its false presentation as a body above politics.,center,left
Democrats Concerned That The Supreme Court May Be Rigged For The Rich And Republicans,Democrats made an argument against the Supreme Court itself and its false presentation as a body above politics and power. At the base of this argument was a simple question that has been dogging Democrats ever since the infamous Bush v. Gore decision.,right,right
Democrats Concerned That The Supreme Court May Be Rigged For The Rich And Republicans,"Democrats made an argument against the Supreme Court itself and its false presentation as a body above politics and power. Zephyr Teachout, a constitutional law professor at Fordham University School of Law, said the Democrats took the right approach.",right,right
Democrats Concerned That The Supreme Court May Be Rigged For The Rich And Republicans,"Democrats made an argument against the Supreme Court itself and its false presentation as a body above politics and power. Zephyr Teachout, a constitutional law professor at Fordham University School of Law, said Democrats took the right approach.",right,right
Democrats Concerned That The Supreme Court May Be Rigged For The Rich And Republicans,The Senate Judiciary Committee held hearings this past week for President Donald Trump’s Supreme Court nominee. Democrats made an argument against the Supreme Court itself and its false presentation as a body above politics and power.,center,center
Democrats Concerned That The Supreme Court May Be Rigged For The Rich And Republicans,The Senate Judiciary Committee held hearings this past week for President Donald Trump’s Supreme Court nominee. Democrats made an argument against the Supreme Court and its false presentation as a body above politics and power.,center,center
Democrats Concerned That The Supreme Court May Be Rigged For The Rich And Republicans,The Senate Judiciary Committee held hearings this past week for President Donald Trump’s Supreme Court nominee. Democrats made an argument against the Supreme Court itself and its presentation as a body above politics and power.,center,center
Democrats Plan to Filibuster to Thwart Gorsuch Nomination,"Senate Democratic leader, Chuck Schumer, announced he would try to lead Democrats in blocking an up-or-down vote on Judge Gorsuch. The Senate’s “cloture” rule requires a supermajority of 60 votes to overcome such a filibuster.",right,left
Democrats Plan to Filibuster to Thwart Gorsuch Nomination,"Senate Democratic leader, Chuck Schumer, says he will try to lead Democrats in blocking an up-or-down vote. The Senate’s “cloture” rule requires a supermajority of 60 votes to overcome such a filibuster.",right,left
Democrats Plan to Filibuster to Thwart Gorsuch Nomination,"Senate Democratic leader, Chuck Schumer, announced he would try to lead Democrats in blocking an up-or-down vote on Judge Gorsuch. The Senate’s “cloture’ rule requires a supermajority of 60 votes to overcome such a filibuster.",right,left
Democrats Plan to Filibuster to Thwart Gorsuch Nomination,Senate Democratic leader Chuck Schumer says he will try to lead Democrats in blocking an up-or-down vote on Judge Gorsuch. The Senate’s “cloture” rule requires a supermajority of 60 votes to overcome such a filibuster.,right,right
Democrats Plan to Filibuster to Thwart Gorsuch Nomination,Senate Democratic leader Chuck Schumer says he will try to lead Democrats in blocking an up-or-down vote. The Senate’s “cloture” rule requires a supermajority of 60 votes to overcome such a filibuster.,right,right
Democrats Plan to Filibuster to Thwart Gorsuch Nomination,Senate Democratic leader says he will try to lead Democrats in blocking an up-or-down vote. The Senate’s “cloture” rule requires a supermajority of 60 votes to overcome such a filibuster.,right,right
Democrats Plan to Filibuster to Thwart Gorsuch Nomination,Senate Democrats vow to filibuster the Supreme Court nomination of Judge Neil M. Gorsuch. The Senate’s “cloture” rule requires a supermajority of 60 votes to overcome such a filibuster. Republicans hope to replace longstanding rules with a simple majority vote on his confirmation.,center,center
Democrats Plan to Filibuster to Thwart Gorsuch Nomination,Senate Democrats vow to filibuster the Supreme Court nomination of Judge Neil M. Gorsuch. The Senate’s “cloture” rule requires a supermajority of 60 votes to overcome such a filibuster. Republicans hope to replace longstanding rules with a simple majority vote.,center,center
Democrats Plan to Filibuster to Thwart Gorsuch Nomination,Senate Democrats vow to filibuster the Supreme Court nomination of Judge Neil M. Gorsuch. The Senate’s “cloture” rule requires a supermajority of 60 votes to overcome such a filibuster.,center,center
Donald Trump Jr. Communicated With WikiLeaks During Campaign,"Donald Trump Jr. had multiple online conversations with WikiLeaks, officials say. In September, Mr. Trump acknowledged in a closed-door interview that he had corresponded with group.",center,left
Donald Trump Jr. Communicated With WikiLeaks During Campaign,"Donald Trump Jr. had multiple online conversations with WikiLeaks, officials say. His lawyer says the documents were “selectively leaked” by the group.",center,left
Donald Trump Jr. Communicated With WikiLeaks During Campaign,"Donald Trump Jr. had multiple online conversations with WikiLeaks, officials say. His lawyer says the documents were “selectively leaked”",center,left
Donald Trump Jr. Communicated With WikiLeaks During Campaign,"Donald Trump Jr. had multiple online conversations with WikiLeaks, officials say. The anti-secrecy group released a hacked trove of Democrats’ emails. Mr. Trump, the president’s son, handed over Twitter messages he exchanged with WikiLeaks.",center,right
Donald Trump Jr. Communicated With WikiLeaks During Campaign,"Donald Trump Jr. had multiple online conversations with WikiLeaks, officials say. The anti-secrecy group released a hacked trove of Democrats’ emails. Mr. Trump, the president’s son, handed over Twitter messages to several congressional committees.",center,right
Donald Trump Jr. Communicated With WikiLeaks During Campaign,"Donald Trump Jr. had multiple online conversations with WikiLeaks, officials say. The anti-secrecy group released a hacked trove of Democrats’ emails last year. Mr. Trump handed over Twitter messages he exchanged with WikiLeaks to several congressional committees.",center,right
Donald Trump Jr. Communicated With WikiLeaks During Campaign,Donald Trump Jr. had multiple online conversations with WikiLeaks during the 2016 presidential campaign. The anti-secrecy group released a hacked trove of Democrats’ emails last year. Mr. Trump in recent weeks handed over Twitter messages he exchanged with WikiLeaks to several congressional committees.,center,center
Donald Trump Jr. Communicated With WikiLeaks During Campaign,Donald Trump Jr. had multiple online conversations with WikiLeaks during the 2016 presidential campaign. The anti-secrecy group released a hacked trove of Democrats’ emails last year. Mr. Trump handed over Twitter messages he exchanged with WikiLeaks to several congressional committees.,center,center
Donald Trump Jr. Communicated With WikiLeaks During Campaign,Donald Trump Jr. had multiple online conversations with WikiLeaks during the 2016 presidential campaign. The anti-secrecy group released a hacked trove of Democrats’ emails last year. Mr. Trump has handed over Twitter messages he exchanged with WikiLeaks to several congressional committees.,center,center
Donald Trump Jr. Messaged With WikiLeaks During Presidential Campaign,"Donald Trump Jr. communicated with WikiLeaks over Twitter direct message during the 2016 presidential race, according to a report in The Atlantic. The messages were given to congressional investigators probing whether Trump’s presidential campaign colluded with Russian officials to influence the outcome of the 2016 election. WikiLeaks made multiple requests of Trump Jr., asking him to provide his father's tax returns.",center,left
Donald Trump Jr. Messaged With WikiLeaks During Presidential Campaign,"Donald Trump Jr. communicated with WikiLeaks over Twitter direct message during the 2016 presidential race, according to a report in The Atlantic. The messages were given to congressional investigators probing whether Trump’s presidential campaign colluded with Russian officials to influence the outcome of the 2016 election. The Atlantic published several screenshots of the Twitter messages.",center,left
Donald Trump Jr. Messaged With WikiLeaks During Presidential Campaign,"Donald Trump Jr. communicated with WikiLeaks over Twitter direct message during the 2016 presidential race, according to a report in The Atlantic. The messages were given to congressional investigators probing whether Trump’s presidential campaign colluded with Russian officials to influence the outcome of the 2016 election. The Atlantic published several screenshots of the messages.",center,left
Donald Trump Jr. Messaged With WikiLeaks During Presidential Campaign,Donald Trump Jr. messaged with the WikiLeaks account between September 2016 and July 2017. The messages were given to congressional investigators probing whether Trump’s campaign colluded with Russian officials to influence the outcome of the 2016 election.,center,right
Donald Trump Jr. Messaged With WikiLeaks During Presidential Campaign,Donald Trump Jr. messaged with the WikiLeaks account between September 2016 and July 2017. The messages were given to congressional investigators probing whether Trump’s presidential campaign colluded with Russian officials.,center,right
Donald Trump Jr. Messaged With WikiLeaks During Presidential Campaign,Donald Trump Jr. messaged with the WikiLeaks account between September 2016 and July 2017. The messages were given to congressional investigators probing whether Trump’s presidential campaign colluded with Russian officials to influence the election.,center,right
Donald Trump Jr. Messaged With WikiLeaks During Presidential Campaign,Donald Trump Jr. communicated with WikiLeaks over Twitter direct message during the 2016 presidential race. The messages were given to congressional investigators probing whether Trump’s presidential campaign colluded with Russian officials to influence the outcome of the 2016 election. The Atlantic published the messages on Monday.,center,center
Donald Trump Jr. Messaged With WikiLeaks During Presidential Campaign,Donald Trump Jr. communicated with WikiLeaks over Twitter direct message during the 2016 presidential race. The messages were given to congressional investigators probing whether Trump’s presidential campaign colluded with Russian officials to influence the outcome of the 2016 election. The Atlantic published the messages Monday.,center,center
Donald Trump Jr. Messaged With WikiLeaks During Presidential Campaign,Donald Trump Jr. communicated with WikiLeaks over Twitter direct message during the 2016 presidential race. The messages were given to congressional investigators probing whether Trump’s campaign colluded with Russian officials to influence the outcome of the 2016 election.,center,center
"F.B.I. 'Destroyed' Flynn’s Life for Lying, Trump Says, but 'Nothing Happened' to Clinton","Michael T. Flynn, Mr. Trump’s first national security adviser, pleaded guilty on Friday to lying to the F.B.I. about his conversations with the Russian ambassador. “I feel very badly for General Flynn,’’ the president said.",left,left
"F.B.I. 'Destroyed' Flynn’s Life for Lying, Trump Says, but 'Nothing Happened' to Clinton","Michael T. Flynn, Mr. Trump’s first national security adviser, pleaded guilty on Friday to lying to the F.B.I. The president said he felt “very badly’ for Mr. Flynn.",left,left
"F.B.I. 'Destroyed' Flynn’s Life for Lying, Trump Says, but 'Nothing Happened' to Clinton","Michael T. Flynn, Mr. Trump’s first national security adviser, pleaded guilty on Friday to lying to the F.B.I. The president said he felt ‘very badly’ for Mr. Flynn.",left,left
"F.B.I. 'Destroyed' Flynn’s Life for Lying, Trump Says, but 'Nothing Happened' to Clinton",President Trump said the F.B.I. ruined the life of his former national security adviser. Michael T. Flynn pleaded guilty on Friday to lying to the FBI about his conversations with the Russian ambassador.,center,right
"F.B.I. 'Destroyed' Flynn’s Life for Lying, Trump Says, but 'Nothing Happened' to Clinton",President Trump said the F.B.I. ruined the life of his former national security adviser. Michael T. Flynn pleaded guilty on Friday to lying to the bureau about his conversations with the Russian ambassador.,center,right
"F.B.I. 'Destroyed' Flynn’s Life for Lying, Trump Says, but 'Nothing Happened' to Clinton",President Trump said the F.B.I. ruined the life of his former national security adviser. Michael T. Flynn pleaded guilty on Friday to lying to the FBI about conversations with the Russian ambassador.,center,right
"F.B.I. 'Destroyed' Flynn’s Life for Lying, Trump Says, but 'Nothing Happened' to Clinton","President Trump said he felt “very badly’ for Michael T. Flynn, his former national security adviser. Mr. Trump said the F.B.I. ruined the life of his former adviser. He said Hillary Clinton suffered no consequences after she lied “many times’ to the FBI.",center,center
"F.B.I. 'Destroyed' Flynn’s Life for Lying, Trump Says, but 'Nothing Happened' to Clinton","President Trump said he felt “very badly’ for Michael T. Flynn, his former national security adviser. Mr. Trump said the F.B.I. ruined the life of his former adviser. He said Hillary Clinton suffered no consequences after she lied “many times’",center,center
"F.B.I. 'Destroyed' Flynn’s Life for Lying, Trump Says, but 'Nothing Happened' to Clinton","President Trump said he felt “very badly’ for Michael T. Flynn, his former national security adviser. Mr. Trump did not cite specifically what Mrs. Clinton said that he considered a lie.",center,center
"Trump Calls Elephant Trophy Hunting A 'Horror Show,' Says He's Unlikely To Allows Imports",President Donald Trump says he's unlikely to change his mind and allow elephant trophy hunting. He suspended an Obama-era ban on the importation of elephant trophies from Zimbabwe and Zambia. The Obama administration had lifted the ban after determining that sport hunting of elephants in those African countries would “enhance the survival of the species in the wild”,center,left
"Trump Calls Elephant Trophy Hunting A 'Horror Show,' Says He's Unlikely To Allows Imports",President Donald Trump says he's unlikely to change his mind and allow elephant trophy hunting. He suspended an Obama-era ban on the importation of elephant trophies from Zimbabwe and Zambia. The Obama administration had lifted the 2014 ban after determining that sport hunting of elephants in those African countries would “enhance the survival of the species in the wild.,center,left
"Trump Calls Elephant Trophy Hunting A 'Horror Show,' Says He's Unlikely To Allows Imports",President Donald Trump says he's unlikely to change his mind and allow elephant trophy hunting. He suspended an Obama-era ban on the importation of elephant trophies from Zimbabwe and Zambia. The Obama administration had lifted the ban after determining that sport hunting of elephants in those African countries would “enhance the survival of the species in the wild.,center,left
"Trump Calls Elephant Trophy Hunting A 'Horror Show,' Says He's Unlikely To Allows Imports",President Trump says he won't change his mind about allowing elephant trophy hunting. He suspended an Obama-era ban on the importation of elephant trophies from Zimbabwe and Zambia. The decision drew national headlines and a fierce response from celebrities and others.,center,right
"Trump Calls Elephant Trophy Hunting A 'Horror Show,' Says He's Unlikely To Allows Imports",President Trump says he won't change his mind about allowing elephant trophy hunting. He suspended an Obama-era ban on the importation of elephant trophies from Zimbabwe and Zambia. The decision drew a fierce response from celebrities and others across social media.,right,right
"Trump Calls Elephant Trophy Hunting A 'Horror Show,' Says He's Unlikely To Allows Imports",President Trump says he won't change his mind about allowing elephant trophy hunting. He suspended an Obama-era ban on the importation of elephant trophies from Zimbabwe and Zambia. The decision drew a fierce response from celebrities and others on social media.,right,right
"Trump Calls Elephant Trophy Hunting A 'Horror Show,' Says He's Unlikely To Allows Imports",President Trump says he's unlikely to change his mind and allow elephant trophy hunting. He announced Friday that he has suspended the Obama-era ban on the importation of elephant trophies from Zimbabwe and Zambia. The Obama administration had lifted the ban after deciding it would “enhance the survival of the species in the wild’,center,center
"Trump Calls Elephant Trophy Hunting A 'Horror Show,' Says He's Unlikely To Allows Imports",President Trump says he's unlikely to change his mind and allow elephant trophy hunting. He announced Friday that he has suspended the Obama-era ban on the importation of elephant trophies from Zimbabwe and Zambia. The Obama administration had lifted the ban after deciding it would “enhance the survival of the species in the wild”,center,center
"Trump Calls Elephant Trophy Hunting A 'Horror Show,' Says He's Unlikely To Allows Imports",President Trump says he's unlikely to change his mind and allow elephant trophy hunting. He announced Friday that he has suspended the Obama-era ban on the importation of elephant trophies from Zimbabwe and Zambia. The Obama administration had lifted the ban after deciding it would “enhance the survival of the species in the wild.,center,center
Trump holds off reversing ban on elephant trophy imports,"President Trump said he decided to put the ""big game trophy decision on hold"" The comment comes less than 48 hours after it was first announced that the Trump administration would reverse a 2014 ban on permits for elephant trophies from Zambia and Zimbabwe.",right,left
Trump holds off reversing ban on elephant trophy imports,"President Trump said he decided to put the ""big game trophy decision on hold"" The comment comes less than 48 hours after it was first announced that the Trump administration would reverse a 2014 ban made under President Obama on permits for elephant trophies.",right,left
Trump holds off reversing ban on elephant trophy imports,"President Trump said he decided to put the ""big game trophy decision on hold"" Secretary of the Interior Ryan Zinke echoed Trump's comment in his own tweet.",right,left
Trump holds off reversing ban on elephant trophy imports,"President Trump tweeted that he has put the ""big game trophy decision on hold"" Secretary of the Interior Ryan Zinke echoed Trump's comment, saying that he and the president had spoken and ""both believe that conservation & healthy herds are critical...the issuing of permits is put on hold...""",right,right
Trump holds off reversing ban on elephant trophy imports,"President Trump put the ""big game trophy decision on hold"" Secretary of the Interior Ryan Zinke echoed Trump's comment in his own tweet. The top Republican on the House Foreign Affairs Committee called on the Trump administration to reverse its newly announced policy.",center,right
Trump holds off reversing ban on elephant trophy imports,"President Trump tweeted that he has put the ""big game trophy decision on hold"" Secretary of the Interior Ryan Zinke echoed Trump's comment, saying that he and the president had spoken and ""both believe that conservation & healthy herds are critical""",right,right
Trump holds off reversing ban on elephant trophy imports,"The U.S. Fish and Wildlife Service said in a written notice issued Thursday that permitting elephants from Zimbabwe and Zambia to be brought back as trophies will raise money for conservation programs. The change marks a shift in efforts to stop the importation of elephant tusks and hides, overriding a 2014 ban imposed by the Obama administration.",center,center
Trump holds off reversing ban on elephant trophy imports,The U.S. Fish and Wildlife Service said in a written notice issued Thursday that permitting elephants from Zimbabwe and Zambia to be brought back as trophies will raise money for conservation programs. The change marks a shift in efforts to stop the importation of elephant tusks and hides.,center,center
Trump holds off reversing ban on elephant trophy imports,"The U.S. Fish and Wildlife Service said in a written notice issued Thursday that permitting elephants from Zimbabwe and Zambia to be brought back as trophies will raise money for conservation programs. The change marks a shift in efforts to stop the importation of elephant tusks and hides, overriding a 2014 ban imposed under President Obama.",center,center
Donald Trump Says Joe Lieberman Is His Top Choice For FBI Director,"President Donald Trump is “very close” to selecting an interim candidate to replace former FBI Director James Comey, he told White House reporters on Thursday. Trump confirmed that former Sen. Joe Lieberman is his top choice. Lieberman was the 2000 Democratic vice presidential nominee before losing a primary bid for re-election and becoming an independent.",center,left
Donald Trump Says Joe Lieberman Is His Top Choice For FBI Director,"President Donald Trump is “very close” to selecting an interim candidate to replace former FBI Director James Comey, he told White House reporters on Thursday. Trump confirmed that former Sen. Joe Lieberman is his top choice, according to White House pool reports. Lieberman has no federal law enforcement experience and is most associated as a centrist Democrat.",center,left
Donald Trump Says Joe Lieberman Is His Top Choice For FBI Director,"President Donald Trump is “very close” to selecting an interim candidate to replace former FBI Director James Comey. Former Sen. Joe Lieberman is his top choice, according to White House pool reports. Lieberman has no federal law enforcement experience and is most associated as a centrist Democrat.",center,left
Donald Trump Says Joe Lieberman Is His Top Choice For FBI Director,"President Donald Trump is “very close” to selecting an interim candidate to replace former FBI Director James Comey. Former Sen. Joe Lieberman is his top choice, according to White House pool reports. Lieberman has no federal law enforcement experience and is most associated as a centrist Democrat.",center,right
Donald Trump Says Joe Lieberman Is His Top Choice For FBI Director,"President Donald Trump is “very close” to selecting an interim candidate to replace former FBI Director James Comey. Former Sen. Joe Lieberman is his top choice, according to White House pool reports. Lieberman was the 2000 Democratic vice presidential nominee.",right,right
Donald Trump Says Joe Lieberman Is His Top Choice For FBI Director,"President Donald Trump is “very close” to selecting an interim candidate to replace former FBI Director James Comey. Former Sen. Joe Lieberman is his top choice, according to White House pool reports.",right,right
Donald Trump Says Joe Lieberman Is His Top Choice For FBI Director,President Donald Trump confirmed that former Sen. Joe Lieberman is his top choice. Lieberman has no federal law enforcement experience and is currently at a high-profile law firm. Lieberman was the 2000 Democratic vice presidential nominee.,right,center
Donald Trump Says Joe Lieberman Is His Top Choice For FBI Director,President Donald Trump confirmed that former Sen. Joe Lieberman is his top choice. Lieberman was the 2000 Democratic vice presidential nominee before losing a primary bid for re-election and becoming an independent.,right,center
Donald Trump Says Joe Lieberman Is His Top Choice For FBI Director,President Donald Trump confirmed that former Sen. Joe Lieberman is his top choice. Lieberman has no federal law enforcement experience and is currently at a high-profile law firm.,right,center
"Double-Dip Recession Possible Without Tax Deal, Obama's Top Economic Aide Warns","Outgoing White House economic adviser Larry Summers says Congress will pass the deal President Obama struck with Republicans. Senate Democrats, meeting behind closed doors to discuss the tax deal, have asked the administration for ""changes"" to the bill.",right,left
"Double-Dip Recession Possible Without Tax Deal, Obama's Top Economic Aide Warns","Outgoing White House economic adviser Larry Summers says Congress will pass the deal President Obama struck with Republicans. Senate Democrats, meeting behind closed doors to discuss the tax deal, have asked the administration for ""changes""",right,left
"Double-Dip Recession Possible Without Tax Deal, Obama's Top Economic Aide Warns","Outgoing White House economic adviser Larry Summers says Congress will pass the deal President Obama struck with Republicans. But Senate Democrats, meeting behind closed doors to discuss the tax deal, have asked the administration for ""changes""",right,left
"Double-Dip Recession Possible Without Tax Deal, Obama's Top Economic Aide Warns",White House economic adviser Larry Summers says Congress will pass tax cut deal. Senate Democrats meet behind closed doors to discuss changes to the bill. Some Democrats are unhappy that Obama agreed to extend expiring tax cuts for the middle class.,right,right
"Double-Dip Recession Possible Without Tax Deal, Obama's Top Economic Aide Warns",White House economic adviser Larry Summers says Congress will pass tax cut deal. Senate Democrats meet behind closed doors to discuss changes to the deal. Some Democrats are unhappy that Obama agreed to extend expiring tax cuts for the middle class.,right,right
"Double-Dip Recession Possible Without Tax Deal, Obama's Top Economic Aide Warns",White House economic adviser Larry Summers says Congress will pass tax cut deal. Senate Democrats meet behind closed doors to discuss changes to the bill. Some Democrats are unhappy that Obama agreed to extend expiring tax cuts for the rich.,right,right
"Double-Dip Recession Possible Without Tax Deal, Obama's Top Economic Aide Warns",White House economic adviser Larry Summers says Congress will pass tax cut deal. Senate Democrats meet behind closed doors to discuss the tax deal. House Democrats are trying to block the deal from seeing the light of day.,right,center
"Double-Dip Recession Possible Without Tax Deal, Obama's Top Economic Aide Warns",White House economic adviser Larry Summers says Congress will pass tax cut deal. Senate Democrats meet behind closed doors to discuss the tax deal. House Democrats are trying to prevent the deal from being brought to the floor.,right,center
"Double-Dip Recession Possible Without Tax Deal, Obama's Top Economic Aide Warns",White House economic adviser Larry Summers says Congress will pass tax cut deal. Senate Democrats meet behind closed doors to discuss the tax deal. House Democrats are trying to block the deal from being brought to the floor.,right,center
Larry Summers: If Tax Deal Goes Down There's A 'Significant Risk' Of A Double Dip Recession,"Senior White House officials raise the stakes on Democrats in their efforts to get a deal passed on the Bush tax cuts. ""If they [Democrats] don't pass this bill in the next couple weeks it will materially increase the risk that the economy would stall out,"" Larry Summers says.",left,left
Larry Summers: If Tax Deal Goes Down There's A 'Significant Risk' Of A Double Dip Recession,"Senior White House officials raise the stakes on Democrats in their efforts to get a deal passed on the Bush tax cuts. ""If they [Democrats] don't pass this bill in the next couple weeks it will materially increase the risk that the economy would stall out,"" Larry Summers said.",left,left
Larry Summers: If Tax Deal Goes Down There's A 'Significant Risk' Of A Double Dip Recession,"Senior White House officials raise the stakes on Democrats in their efforts to get a deal passed on the Bush tax cuts. ""If they [Democrats] don't pass this bill in the next couple weeks it will materially increase the risk,"" says Larry Summers.",left,left
Larry Summers: If Tax Deal Goes Down There's A 'Significant Risk' Of A Double Dip Recession,"White House officials raise the stakes on congressional Democrats in their efforts to get a deal passed on the Bush tax cuts. Outgoing senior economic adviser Larry Summers says inaction would ""significantly increase the risk"" of a double dip recession. Former commerce official Rob Shapiro, a proponent of the current tax cut deal, offered more sober-minded analysis.",left,right
Larry Summers: If Tax Deal Goes Down There's A 'Significant Risk' Of A Double Dip Recession,"White House officials raise the stakes on congressional Democrats in their efforts to get a deal passed on the Bush tax cuts. Outgoing senior economic adviser Larry Summers says inaction would ""significantly increase the risk"" of a double dip recession. Former commerce official Rob Shapiro, a proponent of the current tax cut deal, offers more sober-minded analysis.",left,right
Larry Summers: If Tax Deal Goes Down There's A 'Significant Risk' Of A Double Dip Recession,"White House officials raise the stakes on congressional Democrats in their efforts to get a deal passed on the Bush tax cuts. Outgoing senior economic adviser Larry Summers says inaction would ""significantly increase the risk"" of a double dip recession.",right,right
Larry Summers: If Tax Deal Goes Down There's A 'Significant Risk' Of A Double Dip Recession,"Senior White House officials raise the stakes on congressional Democrats in their efforts to get a deal passed on the Bush tax cuts. Outgoing senior economic adviser Larry Summers says inaction would ""significantly increase the risk"" of a double dip recession. Former commerce official Rob Shapiro, a proponent of the current tax cut deal, offered more sober-minded analysis.",left,center
Larry Summers: If Tax Deal Goes Down There's A 'Significant Risk' Of A Double Dip Recession,"Senior White House officials raise the stakes on congressional Democrats in their efforts to get a deal passed on the Bush tax cuts. Outgoing senior economic adviser Larry Summers says inaction would ""significantly increase the risk"" of a double dip recession. Former commerce official Rob Shapiro, a proponent of the current tax cut deal, offers more sober-minded analysis.",left,center
Larry Summers: If Tax Deal Goes Down There's A 'Significant Risk' Of A Double Dip Recession,"Senior White House officials raise the stakes on congressional Democrats in their efforts to get a deal passed on the Bush tax cuts. Outgoing senior economic adviser Larry Summers says inaction would ""significantly increase the risk"" of a double dip recession. Former commerce official in the Clinton White House Rob Shapiro offers more sober-minded analysis.",center,center
Michael Steele Criticized for Afghanistan Comments,"Michael Steele, chairman of the Republican National Committee, says U.S. is on wrong side of history. Mr. Steele: ""This is not something the United States had actively prosecuted or wanted to engage in"" The war in Afghanistan was started by former President George W. Bush.",right,left
Michael Steele Criticized for Afghanistan Comments,"Michael Steele, chairman of the Republican National Committee, says U.S. is on wrong side of history. Mr. Steele: ""This is not something the United States had actively prosecuted or wanted to engage in""",left,left
Michael Steele Criticized for Afghanistan Comments,"Michael Steele, chairman of the Republican National Committee, says U.S. is on wrong side of history. He calls war in Afghanistan ‘a war of Obama’s choosing’",right,left
Michael Steele Criticized for Afghanistan Comments,"Michael Steele: ‘This is not something the United States had actively prosecuted or wanted to engage in.’ ‘It was the president who was trying to be cute by half by flipping a script demonizing Iraq, while saying the battle really should be Afghanistan,’ he said.",right,right
Michael Steele Criticized for Afghanistan Comments,"Michael Steele: ‘This is not something the United States had actively prosecuted or wanted to engage in.’ ‘It was the president who was trying to be cute by half by flipping a script demonizing Iraq,’ he said.",right,right
Michael Steele Criticized for Afghanistan Comments,Michael Steele: ‘This is not something the United States had actively prosecuted or wanted to engage in’ Mr. Steele was speaking to Republican contributors at a fund-raiser in Connecticut.,center,right
Michael Steele Criticized for Afghanistan Comments,"Michael Steele: ‘This is not something the United States had actively prosecuted or wanted to engage in’ ‘It was the president who was trying to be cute by half by flipping a script demonizing Iraq, while saying the battle really should be Afghanistan,’ he said.",left,center
Michael Steele Criticized for Afghanistan Comments,"Michael Steele: ‘This is not something the United States had actively prosecuted or wanted to engage in’ ‘It was the president who was trying to be cute by half by flipping a script demonizing Iraq,’ Mr. Steele said.",right,center
Michael Steele Criticized for Afghanistan Comments,"Michael Steele: ‘This is not something the United States had actively prosecuted or wanted to engage in’ ‘It was the president who was trying to be cute by half by flipping a script demonizing Iraq,’ he said.",left,center
"Senate Republicans Vow to Block Dem Legislation Until Tax Cuts, Budget Pass",Every Senate Republican has signed a letter vowing to block all Democratic-backed legislation. That means putting on the backburner a push to repeal the military's policy banning gays from serving openly in the military. A panel of administration officials and bipartisan lawmakers is trying to hash out a compromise.,center,left
"Senate Republicans Vow to Block Dem Legislation Until Tax Cuts, Budget Pass",Every Senate Republican has signed a letter vowing to block all Democratic-backed legislation. That means putting on the backburner a push to repeal the military's policy banning gays from serving openly. A panel of administration officials and bipartisan lawmakers is trying to hash out a compromise.,center,left
"Senate Republicans Vow to Block Dem Legislation Until Tax Cuts, Budget Pass",Every Senate Republican has signed a letter vowing to block all Democratic-backed legislation. That means putting on the backburner a push to repeal the military's policy banning gays from serving openly in the military. A panel of administration officials and bipartisan lawmakers is getting to work Wednesday.,right,left
"Senate Republicans Vow to Block Dem Legislation Until Tax Cuts, Budget Pass",Every Senate Republican has signed a letter vowing to block all Democratic-backed legislation until the chamber extends the Bush tax cuts and approves a spending bill to keep the government running. That means putting on the backburner a push to repeal the military's policy banning gays from serving openly in the military. A panel of administration officials and bipartisan lawmakers is getting to work Wednesday to try to hash out a compromise over the expiring tax cuts.,right,right
"Senate Republicans Vow to Block Dem Legislation Until Tax Cuts, Budget Pass",Every Senate Republican has signed a letter vowing to block all Democratic-backed legislation until the chamber extends the Bush tax cuts and approves a spending bill to keep the government running. That means putting on the backburner a push to repeal the military's policy banning gays from serving openly in the military. A panel of administration officials and bipartisan lawmakers is getting to work Wednesday to try to hash out a compromise over the tax cuts.,right,right
"Senate Republicans Vow to Block Dem Legislation Until Tax Cuts, Budget Pass",Every Senate Republican has signed a letter vowing to block all Democratic-backed legislation until the chamber extends the Bush tax cuts and approves a spending bill to keep the government running. That means putting on the backburner a push to repeal the military's policy banning gays from serving openly in the military. A panel of administration officials and bipartisan lawmakers is getting to work Wednesday to try to hash out a compromise.,right,right
"Senate Republicans Vow to Block Dem Legislation Until Tax Cuts, Budget Pass","All 42 members of the GOP caucus are sending the letter to Senate Majority Leader Harry Reid. Democrats want to extend long-term jobless benefits, which expired Tuesday. The administration is still looking to repeal the military's ""don't ask, don't tell"" policy.",right,center
"Senate Republicans Vow to Block Dem Legislation Until Tax Cuts, Budget Pass","All 42 members of the GOP caucus are sending the letter to Senate Majority Leader Harry Reid. Democrats want the Bush tax cuts extended for all but the wealthy, while Republicans want them extended for everybody. A panel of administration officials and bipartisan lawmakers is getting to work Wednesday.",right,center
"Senate Republicans Vow to Block Dem Legislation Until Tax Cuts, Budget Pass",All 42 members of the GOP caucus are sending the letter to Senate Majority Leader Harry Reid. Democrats want the Bush tax cuts extended for all but the wealthy. Republicans want them extended for everybody.,left,center
N.A.A.C.P. Challenges Tea Party on Racism,"The National Association for the Advancement of Colored People approved the measure Tuesday in Kansas City. Sarah Palin, the 2008 Republican vice presidential nominee, weighed in to defend the Tea Party movement when the resolution was proposed.",center,left
N.A.A.C.P. Challenges Tea Party on Racism,"The National Association for the Advancement of Colored People approved the measure Tuesday in Kansas City. Sarah Palin, the 2008 Republican vice presidential nominee, weighed in to defend the Tea Party movement on Monday.",center,left
N.A.A.C.P. Challenges Tea Party on Racism,"The National Association for the Advancement of Colored People approved the measure Tuesday in Kansas City. Sarah Palin, the 2008 Republican vice presidential nominee, weighed in to defend the Tea Party movement.",center,left
N.A.A.C.P. Challenges Tea Party on Racism,National Association for the Advancement of Colored People passes resolution calling for Tea Party groups to weed “racist elements” out of their ranks. N.A.C.P. president says the resolution was not an attempt to label the entire Tea Party movement as racist.,right,right
N.A.A.C.P. Challenges Tea Party on Racism,National Association for the Advancement of Colored People passes resolution calling for Tea Party groups to weed “racist elements” out of their ranks. N.A.C.P. president says the resolution is not an attempt to label the entire Tea Party movement as racist.,right,right
N.A.A.C.P. Challenges Tea Party on Racism,"National Association for the Advancement of Colored People passes resolution calling for Tea Party groups to weed ""racist elements"" out of their ranks. N.A.C.P. president says resolution is not an attempt to label the entire Tea Party movement as racist.",right,right
N.A.A.C.P. Challenges Tea Party on Racism,"National Association for the Advancement of Colored People passes resolution calling for Tea Party groups to weed ""racist elements"" out of their ranks. N.A.C.P. president says the resolution was not an attempt to label the entire Tea Party movement as racist. Sarah Palin, the 2008 Republican vice presidential nominee, weighed in to defend the movement.",right,center
N.A.A.C.P. Challenges Tea Party on Racism,"National Association for the Advancement of Colored People passes resolution calling for Tea Party groups to weed ""racist elements"" out of their ranks. N.A.C.P. president says the resolution was not an attempt to label the entire Tea Party movement as racist.",right,center
N.A.A.C.P. Challenges Tea Party on Racism,"National Association for the Advancement of Colored People passes resolution calling for Tea Party groups to weed ""racist elements"" out of their ranks. N.A.C.P. president says the resolution is not an attempt to label the entire Tea Party movement as racist.",right,center
Reid: Mosque Should Be Built Someplace Else,"President Barack Obama has clarified that he was not speaking about the ""wisdom"" of the Islamic cultural center per se. Senate Majority Leader Harry Reid (D-Nev.) has come out against construction of the mosque in its current location.",left,left
Reid: Mosque Should Be Built Someplace Else,"President Barack Obama has clarified that he was not speaking about the ""wisdom"" of the Islamic cultural center per se. Senate Majority Leader Harry Reid's office says he thinks the mosque should be built someplace else.",right,left
Reid: Mosque Should Be Built Someplace Else,"President Barack Obama has clarified that he was not speaking about the ""wisdom"" of the Islamic cultural center per se. Senate Majority Leader Harry Reid (D-Nev.) has officially come out against construction of the mosque.",left,left
Reid: Mosque Should Be Built Someplace Else,"President Obama has clarified his comments on the ""Ground Zero mosque"" On Monday, Senate Majority Leader Harry Reid officially came out against construction of the mosque in its current location. Reid's opposition represents a double dose of bad news for progressives.",left,right
Reid: Mosque Should Be Built Someplace Else,"President Obama has clarified his comments on the ""Ground Zero mosque"" On Monday, Senate Majority Leader Harry Reid officially came out against construction of the mosque in its current location.",left,right
Reid: Mosque Should Be Built Someplace Else,"President Obama has clarified his comments on the ""Ground Zero mosque"" On Monday, Senate Majority Leader Harry Reid officially came out against construction of the mosque.",left,right
Reid: Mosque Should Be Built Someplace Else,"President Barack Obama has clarified that he was not speaking about the ""wisdom"" of the Islamic cultural center per se. Senate Majority Leader Harry Reid's office says Reid respects the First Amendment but thinks the mosque should be built elsewhere.",right,center
Reid: Mosque Should Be Built Someplace Else,"President Barack Obama has clarified that he was not speaking about the ""wisdom"" of the Islamic cultural center per se. Senate Majority Leader Harry Reid's office said Monday that he thinks the mosque should be built someplace else.",right,center
Reid: Mosque Should Be Built Someplace Else,"President Barack Obama has clarified that he was not speaking about the ""wisdom"" of the Islamic cultural center per se. Senate Majority Leader Harry Reid's office said he thinks the mosque should be built someplace else.",right,center
Reid Breaks With Obama Over Proposed Ground Zero Mosque,Senate Majority Leader Harry Reid says Park 51 mosque should be built elsewhere. Obama first appeared to endorse the project at a White House Ramadan dinner. Republicans have since criticized his position and pressured other Democrats to take a stand. White House says politics were not at play in Obama's decision to dive into controversy.,right,left
Reid Breaks With Obama Over Proposed Ground Zero Mosque,Senate Majority Leader Harry Reid says Park 51 mosque should be built elsewhere. Obama first appeared to endorse the project at a White House Ramadan dinner. Republicans have since criticized his position and pressured other Democrats to take a stand.,right,left
Reid Breaks With Obama Over Proposed Ground Zero Mosque,Senate Majority Leader Harry Reid says Park 51 mosque should be built elsewhere. Obama first appeared to endorse the project at a White House dinner Friday. Obama later said he was merely commenting on fundamental religious freedoms.,right,left
Reid Breaks With Obama Over Proposed Ground Zero Mosque,"Senate Majority Leader Harry Reid says Park 51 mosque should be built elsewhere. Reid's comments are the first time he has spoken out on the controversial issue. The White House says President Obama was not looking to make political hay with his remarks. Republicans target Sen. Charles Schumer, D-N.Y., for not speaking out.",right,right
Reid Breaks With Obama Over Proposed Ground Zero Mosque,"Senate Majority Leader Harry Reid says Park 51 mosque should be built elsewhere. Reid's comments are the first time he has spoken out on the controversial issue. The White House says President Obama was not looking to make political hay with his remarks. Republicans target Sen. Charles Schumer, D-N.Y., for not taking a position.",right,right
Reid Breaks With Obama Over Proposed Ground Zero Mosque,Senate Majority Leader Harry Reid says Park 51 mosque should be built elsewhere. Reid's comments are the first time he has spoken out on the controversial issue. The White House says President Obama was not looking to make political hay with his remarks. Republicans are criticizing Sen. Charles Schumer for not speaking out.,right,right
Reid Breaks With Obama Over Proposed Ground Zero Mosque,Senate Majority Leader Harry Reid says Park 51 mosque should be built elsewhere. White House says President Obama's decision to speak out on issue was not political. Republicans criticize Sen. Charles Schumer for not speaking out on the issue.,right,center
Reid Breaks With Obama Over Proposed Ground Zero Mosque,Senate Majority Leader Harry Reid says Park 51 mosque should be built elsewhere. White House says President Obama's decision to speak out was not political. Republicans criticize Sen. Charles Schumer for not speaking out on the issue.,right,center
Reid Breaks With Obama Over Proposed Ground Zero Mosque,Senate Majority Leader Harry Reid says Park 51 mosque should be built elsewhere. White House says President Obama's decision to speak out was not political. Republicans criticize Sen. Charles Schumer for not speaking out on issue.,right,center
Glenn Beck Rips Progressivism at CPAC,"Glenn Beck blamed ""progressivism"" for America's problems in his keynote speech. Beck rejected the notion that the Republican Party should expand its tent to include progressives. ""America is not a clown show,"" Beck said.",right,left
Glenn Beck Rips Progressivism at CPAC,"Glenn Beck blamed ""progressivism"" for America's problems in his keynote speech. Beck rejected the notion that the Republican Party should expand its tent to include progressives. ""America is not a clown show,"" he said.",right,left
Glenn Beck Rips Progressivism at CPAC,Beck rejects notion that the Republican Party should expand its tent to include progressives. Speech capped three days of panel discussions and high-profile speakers. Beck is seen as a leader in the new conservative movement.,center,left
Glenn Beck Rips Progressivism at CPAC,"Glenn Beck: ""America is not a clown show. America is an idea that sets people free"" Beck rejected the notion that the Republican Party should expand its tent to include progressives.",left,right
Glenn Beck Rips Progressivism at CPAC,"Glenn Beck: ""America is not a clown show. America is an idea that sets people free"" Beck: People need to understand that life is not fair. The bad guy sometimes wins.",left,right
Glenn Beck Rips Progressivism at CPAC,"Glenn Beck: ""America is not a clown show. America is an idea that sets people free"" Beck says ""life is not fair. The bad guy sometimes wins""",left,right
Glenn Beck Rips Progressivism at CPAC,"Glenn Beck: ""America is not a clown show. America is an idea that sets people free"" Beck is seen as a leader in the new conservative movement. The speech capped three days of panel discussions and high-profile speakers.",left,center
Glenn Beck Rips Progressivism at CPAC,"Glenn Beck: ""America is not a clown show. America is an idea that sets people free"" Beck is seen as a leader in the new conservative movement. The 9/12 Project inspired a major march in Washington in September.",left,center
Glenn Beck Rips Progressivism at CPAC,"Glenn Beck: ""America is not a clown show. America is an idea that sets people free"" Beck is seen as a leader in the new conservative movement. The speech capped three days of panel discussions, high-profile speakers.",left,center
White House Used Bill Clinton to Ask Sestak to Drop Out of Race,"President Obama's chief of staff used former President Bill Clinton as an intermediary to see if Representative Joe Sestak would drop out of Pennsylvania’s Democratic Senate primary if given a prominent, but unpaid, advisory position. The White House disputed Republican claims that the conversations might be illegal or improper.",right,left
White House Used Bill Clinton to Ask Sestak to Drop Out of Race,President Obama's chief of staff used former President Bill Clinton as an intermediary to see if Representative Joe Sestak would drop out of Pennsylvania’s Democratic Senate primary. The White House disputed Republican claims that the conversations might be illegal or improper.,right,left
White House Used Bill Clinton to Ask Sestak to Drop Out of Race,President Obama’s chief of staff used former President Bill Clinton as an intermediary to see if Representative Joe Sestak would drop out of the Democratic Senate primary. The White House disputed Republican claims that the conversations might be illegal or improper.,center,left
White House Used Bill Clinton to Ask Sestak to Drop Out of Race,"President Obama’s chief of staff used former President Bill Clinton as an intermediary to see if Representative Joe Sestak would drop out of the Democratic Senate primary. The White House disputed Republican claims that the conversations might be illegal or improper. “There was no such impropriety,” a White House counsel said.",center,right
White House Used Bill Clinton to Ask Sestak to Drop Out of Race,"President Obama’s chief of staff used former President Bill Clinton as an intermediary to see if Representative Joe Sestak would drop out of the Democratic Senate primary. The White House disputed Republican claims that the conversations might be illegal or improper. “There was no such impropriety,” the White House counsel said.",center,right
White House Used Bill Clinton to Ask Sestak to Drop Out of Race,President Obama’s chief of staff used former President Bill Clinton as an intermediary to see if Representative Joe Sestak would drop out of the Democratic Senate primary. The White House disputed Republican claims that the conversations might be illegal or improper.,center,right
White House Used Bill Clinton to Ask Sestak to Drop Out of Race,The White House disputed Republican claims that the conversations might be illegal or improper. The White House did not offer Mr. Sestak a full-time paid position because Mr. Emanuel wanted him to stay in the House.,left,center
White House Used Bill Clinton to Ask Sestak to Drop Out of Race,The White House disputed Republican claims that the conversations might be illegal or improper. Mr. Sestak said no and went on to win last week’s primary against Senator Arlen Specter.,left,center
White House Used Bill Clinton to Ask Sestak to Drop Out of Race,"The White House disputed Republican claims that the conversations might be illegal or improper. “There was no such impropriety,” Robert F. Bauer, the White House counsel, said.",left,center
"While Blumenthal Retains Washington Support, Republicans Smell Opening in CT","Democratic Attorney General Richard Blumenthal was once thought to be a shoo-in for the seat being vacated by Sen. Chris Dodd, D-CT. Blumenthal's campaign disputed a report in the New York Times as an ""outrageous distortion"" of his service in the Marines. Blumenthal will face the winner of the GOP primary on August 10.",right,left
"While Blumenthal Retains Washington Support, Republicans Smell Opening in CT","Democratic Attorney General Richard Blumenthal was once thought to be a shoo-in for the seat being vacated by Sen. Chris Dodd, D-CT. Blumenthal's campaign disputed a report in the New York Times as an ""outrageous distortion"" of his service in the Marines.",right,left
"While Blumenthal Retains Washington Support, Republicans Smell Opening in CT","Blumenthal's campaign disputed a report in the New York Times as an ""outrageous distortion"" of his service in the Marines. Sen. John Cornyn, R-TX, who heads the GOP campaign committee, said Tuesday, ""I think it's a blockbuster revelation""",center,left
"While Blumenthal Retains Washington Support, Republicans Smell Opening in CT","Blumenthal's campaign disputed a report in the New York Times as an ""outrageous distortion"" of his service in the Marines. Blumenthal will face the winner of the GOP primary on August 10 - either former Cong. Rob Simmons, himself a Vietnam vet, or former WWE wrestling executive Linda McMahon.",center,right
"While Blumenthal Retains Washington Support, Republicans Smell Opening in CT","Blumenthal's campaign disputed a report in the New York Times as an ""outrageous distortion"" of his service in the Marines. Sen. John Cornyn, R-TX, who heads the GOP campaign committee, said Tuesday, ""I think it's a blockbuster revelation""",center,right
"While Blumenthal Retains Washington Support, Republicans Smell Opening in CT","Blumenthal's campaign disputed a report in the New York Times as an ""outrageous distortion"" of his service in the Marines. Sen. John Cornyn, R-TX, who heads the GOP campaign committee, said, ""I think it's a blockbuster revelation""",left,right
"While Blumenthal Retains Washington Support, Republicans Smell Opening in CT","Democratic Attorney General Richard Blumenthal was once thought to be a shoo-in for the seat being vacated by Sen. Chris Dodd, D-CT. Blumenthal's campaign disputed a report in the New York Times as an ""outrageous distortion"" of his service in the Marines.",right,center
"While Blumenthal Retains Washington Support, Republicans Smell Opening in CT","Democratic Attorney General Richard Blumenthal was once thought to be a shoo-in for the seat being vacated by Sen. Chris Dodd. Blumenthal's campaign disputed a report in the New York Times as an ""outrageous distortion"" of his service in the Marines.",right,center
"While Blumenthal Retains Washington Support, Republicans Smell Opening in CT","Democratic Attorney General Richard Blumenthal was once thought to be a shoo-in for the seat being vacated by Sen. Chris Dodd. Blumenthal's campaign disputed a report in the New York Times as an ""outrageous distortion"" of his service.",right,center
Richard Blumenthal Calls NYT Report 'Outrageous Distortion'," Blumenthal says he's always tried to make it clear his Marine Reserve service never took him overseas. Former Republican state lawmaker says the Times piece was ""fed to the paper by the Linda McMahon [Senate] campaign""",right,left
Richard Blumenthal Calls NYT Report 'Outrageous Distortion'," Blumenthal says he's always tried to make it clear his Marine Reserve service never took him overseas. Former Republican state lawmaker says the Times piece was ""fed to the paper by the Linda McMahon campaign""",right,left
Richard Blumenthal Calls NYT Report 'Outrageous Distortion', Blumenthal says he's always tried to make it clear his Marine Reserve service never took him overseas. Blumenthal's campaign said he planned an event Tuesday with veterans showing their support for him.,right,left
Richard Blumenthal Calls NYT Report 'Outrageous Distortion',"Blumenthal says he's always tried to make it clear his Marine Reserve service never took him overseas. Former Republican state lawmaker says piece was ""fed to the paper by the Linda McMahon campaign"" McMahon is one of the Republican Senate candidates running to face Blumenthal in November.",right,right
Richard Blumenthal Calls NYT Report 'Outrageous Distortion',"Blumenthal says he's always tried to make it clear his Marine Reserve service never took him overseas. Blumenthal obtained at least five military deferments from 1965 to 1970. Former Republican state lawmaker says piece was ""fed to the paper by the Linda McMahon campaign""",right,right
Richard Blumenthal Calls NYT Report 'Outrageous Distortion',"Blumenthal says he's always tried to make it clear his Marine Reserve service never took him overseas. Former Republican state lawmaker says piece was ""fed to the paper by the Linda McMahon campaign"" McMahon is the CEO of World Wrestling Entertainment.",right,right
Richard Blumenthal Calls NYT Report 'Outrageous Distortion',"Blumenthal says he's always tried to make it clear his Marine Reserve service never took him overseas. A New York Times report includes video of him at a 2008 event saying he had served ""in Vietnam"" Blumenthal's campaign calls the report an ""outrageous distortion"" on his record.",center,center
Richard Blumenthal Calls NYT Report 'Outrageous Distortion',"Blumenthal says he's always tried to make it clear his Marine Reserve service never took him overseas. A New York Times report includes video of him at a 2008 event saying he had served ""in Vietnam"" Blumenthal's campaign called the report an ""outrageous distortion"" on his record.",center,center
Richard Blumenthal Calls NYT Report 'Outrageous Distortion',"Blumenthal says he's always tried to make it clear his Marine Reserve service never took him overseas. A New York Times report includes video of him at a 2008 event saying he had served ""in Vietnam"" Blumenthal's campaign calls the report ""outrageous distortion"" on his record.",center,center
Steele to Announce Decision on R.N.C. Run,"Michael Steele is expected to disclose his intentions during a conference call with committee members on Monday evening. Mr. Steele has lost the backing of many top supporters, but he has not yet said whether he will try to rebuild his frayed coalition.",center,left
Steele to Announce Decision on R.N.C. Run,Michael Steele is expected to disclose his intentions during a conference call with committee members on Monday evening. At least six top Republicans have already taken steps to run for party chairman and several members have withdrawn their support for Mr. Steele.,center,left
Steele to Announce Decision on R.N.C. Run,Michael Steele is expected to disclose his intentions during a conference call with committee members on Monday evening. At least six top Republicans have already taken steps to run for party chairman.,center,left
Steele to Announce Decision on R.N.C. Run,Michael Steele is expected to disclose his intentions during a conference call with committee members on Monday evening. At least six top Republicans have already taken steps to run for party chairman and several members have withdrawn their support for Mr. Steele.,center,right
Steele to Announce Decision on R.N.C. Run,Michael Steele is expected to disclose his intentions during a conference call with committee members on Monday evening. Mr. Steele’s tenure has been one of the few blemishes this year for the Republican Party.,left,right
Steele to Announce Decision on R.N.C. Run,Michael Steele is expected to disclose his intentions during a conference call with committee members on Monday evening. At least six top Republicans have already taken steps to run for party chairman.,center,right
Steele to Announce Decision on R.N.C. Run,Michael Steele is expected to disclose his intentions during a conference call with committee members on Monday evening. Mr. Steele’s tenure has been one of the few blemishes this year for the Republican Party.,left,center
Steele to Announce Decision on R.N.C. Run,Michael Steele is expected to disclose his intentions during a conference call with committee members on Monday evening. At least six top Republicans have already taken steps to run for party chairman.,center,center
Steele to Announce Decision on R.N.C. Run,Michael Steele is expected to disclose his intentions during a conference call with committee members on Monday evening.,center,center
"Etheridge, Caught on Video, Apologizes ","Rep. Bob Etheridge, Democrat of North Carolina, issued an apology on Monday for grabbing a young man by the hand, arm and neck. The man tried to ask him whether he supports President Obama’s agenda. The video received widespread attention on Monday after it was posted on the Web site of Andrew Breitbart.",left,left
"Etheridge, Caught on Video, Apologizes ","Rep. Bob Etheridge, Democrat of North Carolina, issued an apology on Monday for grabbing a young man by the hand, arm and neck. The man tried to ask him whether he supports President Obama’s agenda.",left,left
"Etheridge, Caught on Video, Apologizes ","Rep. Bob Etheridge, Democrat of North Carolina, issued an apology on Monday for grabbing a young man by the hand, arm and neck. The man tried to ask him whether he supports President Obama’s agenda.",left,left
"Etheridge, Caught on Video, Apologizes ","Rep. Bob Etheridge, Democrat of North Carolina, issued an apology on Monday for grabbing a young man by the hand, arm and neck. The man tried to ask him whether he supports President Obama’s agenda. Mr. Etheridge: “I deeply and profoundly regret my reaction and I apologize to all involved”",left,right
"Etheridge, Caught on Video, Apologizes ","Rep. Bob Etheridge, Democrat of North Carolina, issued an apology on Monday for grabbing a young man by the hand, arm and neck. The man tried to ask him whether he supports President Obama’s agenda.",left,right
"Etheridge, Caught on Video, Apologizes ","Rep. Bob Etheridge, Democrat of North Carolina, issued an apology on Monday for grabbing a young man by the hand, arm and neck. The young man tried to ask him whether he supports President Obama’s agenda.",left,right
"Etheridge, Caught on Video, Apologizes ","Rep. Bob Etheridge, Democrat of North Carolina, issued an apology on Monday for grabbing a young man by the hand, arm and neck. The man tried to ask him whether he supports President Obama’s agenda. Mr. Etheridge: “I deeply and profoundly regret my reaction and I apologize to all involved”",left,center
"Etheridge, Caught on Video, Apologizes ","Rep. Bob Etheridge, Democrat of North Carolina, issued an apology on Monday for grabbing a young man by the hand, arm and neck. A video camera rolled as the man tried to ask him whether he supports President Obama’s agenda.",left,center
"Etheridge, Caught on Video, Apologizes ","Rep. Bob Etheridge, Democrat of North Carolina, issued an apology on Monday for grabbing a young man by the hand, arm and neck. The man tried to ask him whether he supports President Obama’s agenda.",left,center
Bob Etheridge Attacks Student: North Carolina Congressman Gets Rough With Interviewer,Rep. Bob Etheridge (D-N.C.) appeared unreceptive to the question of an anonymous reporter. Etheridge grabbed the self-identified “student” after he asked the congressman if he “fully supported the Obama agenda.”,left,left
Bob Etheridge Attacks Student: North Carolina Congressman Gets Rough With Interviewer,Rep. Bob Etheridge (D-N.C.) appeared unreceptive to the question of an anonymous reporter. Etheridge grabbed the self-identified “student” after he asked the congressman if he “fully supported the Obama agenda”,left,left
Bob Etheridge Attacks Student: North Carolina Congressman Gets Rough With Interviewer,Rep. Bob Etheridge (D-N.C.) appeared unreceptive to the question of an anonymous reporter this weekend. Etheridge grabbed the self-identified “student” after he asked the congressman if he “fully supported the Obama agenda’,center,left
Bob Etheridge Attacks Student: North Carolina Congressman Gets Rough With Interviewer,"Rep. Bob Etheridge (D-N.C.) apologized for his behavior over the weekend in a statement released by his office. The YouTube video is published under an account titled TonyManization, and even more damning is that the faces of the individuals asking the Congressman questions are blurred out.",center,right
Bob Etheridge Attacks Student: North Carolina Congressman Gets Rough With Interviewer,"Rep. Bob Etheridge (D-N.C.) apologized for his behavior over the weekend in a statement released by his office. The North Carolina lawmaker is seen approaching the camera, while the reporter asks, “Hi, Congressman. Do you fully support the Obama agenda?”",center,right
Bob Etheridge Attacks Student: North Carolina Congressman Gets Rough With Interviewer,Rep. Bob Etheridge (D-N.C.) apologized for his behavior over the weekend in a statement released by his office.,center,right
Bob Etheridge Attacks Student: North Carolina Congressman Gets Rough With Interviewer,"Rep. Bob Etheridge (D-N.C.) has apologized for his behavior over the weekend. The North Carolina lawmaker is seen approaching the camera while the reporter asks, “Hi, Congressman. How are you? Do you fully support the Obama agenda?”",center,center
Bob Etheridge Attacks Student: North Carolina Congressman Gets Rough With Interviewer,"Rep. Bob Etheridge (D-N.C.) has apologized for his behavior over the weekend. The North Carolina lawmaker is seen approaching the camera, while the reporter asks, “Hi, Congressman. Do you fully support the Obama agenda?”",center,center
Bob Etheridge Attacks Student: North Carolina Congressman Gets Rough With Interviewer,Rep. Bob Etheridge (D-N.C.) has apologized for his behavior over the weekend. Etheridge grabbed the self-identified “student” after he asked the congressman if he “fully supported the Obama agenda”,center,center
G.O.P. Seizes on Mosque Issue Ahead of Elections,"Senate majority leader Harry Reid, a Democrat facing a difficult re-election fight, said those who plan to erect the Islamic center should look elsewhere. Republicans said Mr. Obama’s defense of the right of the developers to pursue the project showed that he was out of touch with average Americans.",right,left
G.O.P. Seizes on Mosque Issue Ahead of Elections,"Senate majority leader Harry Reid, a Democrat facing a difficult re-election fight, said those who plan to erect the Islamic center should look elsewhere. Republicans say Mr. Obama’s defense of the right of the developers to pursue the project showed that he was out of touch with average Americans.",right,left
G.O.P. Seizes on Mosque Issue Ahead of Elections,"Senate majority leader Harry Reid, a Democrat facing a difficult re-election fight, said those who plan to erect the Islamic center should look elsewhere. That separates Mr. Reid from President Obama’s support of the developers’ right to build the center.",right,left
G.O.P. Seizes on Mosque Issue Ahead of Elections,Senate's top Democrat said he objected to the mosque being built there. Republicans said Obama’s defense of the right of the developers to pursue the project showed that he was out of touch with average Americans. Democrats said it was the president's role to stand up for constitutional rights.,right,right
G.O.P. Seizes on Mosque Issue Ahead of Elections,Senate's top Democrat said he objected to the mosque being built there. Republicans said Obama’s defense of the right of the developers to pursue the project showed that he was out of touch with average Americans.,right,right
G.O.P. Seizes on Mosque Issue Ahead of Elections,Senate's top Democrat said he objected to the mosque being built there. Republicans say Obama’s defense of the right of the developers to pursue the project showed that he was out of touch with average Americans.,right,right
G.O.P. Seizes on Mosque Issue Ahead of Elections,Senate majority leader Harry Reid says those who plan to erect the Islamic center should look elsewhere. Republicans say Mr. Obama’s defense of the right of the developers to pursue the project shows that he is out of touch with average Americans.,right,center
G.O.P. Seizes on Mosque Issue Ahead of Elections,Senate majority leader Harry Reid says those who plan to erect the Islamic center should look elsewhere. Republicans say Mr. Obama’s defense of the right of the developers to pursue the project shows that he was out of touch with average Americans.,right,center
G.O.P. Seizes on Mosque Issue Ahead of Elections,Senate majority leader Harry Reid says those who plan to erect the Islamic center should look elsewhere. That separates Mr. Reid from President Obama’s support of the developers’ right to build the center.,right,center
Calling The Senate GOP's Bluff: Multiple Bills Likely To Come Up Before Tax Cuts,"Senate GOP's threat to filibuster every single piece of legislation will likely be tested. Majority Leader Harry Reid plans to file cloture this week on at least three measures. If it happens tonight, any of the bills could come before the Senate for a vote.",center,left
Calling The Senate GOP's Bluff: Multiple Bills Likely To Come Up Before Tax Cuts,Senate GOP's threat to filibuster every single piece of legislation will likely be tested as soon as Friday. Majority Leader Harry Reid plans to file cloture this week on at least three measures. A senior Democratic staffer said it was likely to happen tonight or tomorrow.,center,left
Calling The Senate GOP's Bluff: Multiple Bills Likely To Come Up Before Tax Cuts,"Senate GOP's threat to filibuster every single piece of legislation will likely be tested as soon as Friday. Majority Leader Harry Reid plans to file cloture this week on at least three measures. If it happens tonight, any of the bills could come before the Senate.",center,left
Calling The Senate GOP's Bluff: Multiple Bills Likely To Come Up Before Tax Cuts,Senate GOP's threat to filibuster every single piece of legislation will likely be tested as soon as Friday. Majority Leader Harry Reid plans to file cloture this week on at least three measures. A senior Democratic staffer said it was likely to happen tonight or tomorrow.,center,right
Calling The Senate GOP's Bluff: Multiple Bills Likely To Come Up Before Tax Cuts,Senate GOP's threat to filibuster every single piece of legislation will likely be tested as soon as Friday. Majority Leader Harry Reid plans to file cloture this week on at least three measures. A senior Democratic staffer told The Huffington Post that it was likely to happen tonight.,left,right
Calling The Senate GOP's Bluff: Multiple Bills Likely To Come Up Before Tax Cuts,Senate GOP's threat to filibuster every piece of legislation will likely be tested as soon as Friday. Majority Leader Harry Reid plans to file cloture this week on at least three measures. A senior Democratic staffer said it was likely to happen tonight or tomorrow.,center,right
Calling The Senate GOP's Bluff: Multiple Bills Likely To Come Up Before Tax Cuts,"Senate Majority Leader Harry Reid plans to file cloture this week on at least three measures. A senior Democratic staffer told The Huffington Post that it was likely to happen tonight or tomorrow. If it happens tonight, any of the bills could come before the Senate for a vote.",left,center
Calling The Senate GOP's Bluff: Multiple Bills Likely To Come Up Before Tax Cuts,"Senate Majority Leader Harry Reid plans to file cloture this week on at least three measures. A senior Democratic staffer said it was likely to happen tonight or tomorrow. If it happens tonight, any of the bills could come before the Senate for a vote.",center,center
Calling The Senate GOP's Bluff: Multiple Bills Likely To Come Up Before Tax Cuts,"Senate Majority Leader Harry Reid plans to file cloture this week on at least three measures. A senior Democratic staffer told The Huffington Post that it was likely to happen tonight or tomorrow. If it happens tonight, any of the bills could come before the Senate.",left,center
Senate Republicans: No Legislation Until After Tax Cut Extension,Democrats were hoping to force a more ambitious agenda into the final weeks of the lame-duck session. Republicans say they will not go forward with “any legislative item’ until the Senate has acted to fund the government and we have prevented the tax increase.,right,left
Senate Republicans: No Legislation Until After Tax Cut Extension,Democrats were hoping to force a more ambitious agenda into the final weeks of the lame-duck session. Republicans say they will not go forward with “any legislative item’ until the Senate has acted to fund the government and we have prevented a tax increase.,right,left
Senate Republicans: No Legislation Until After Tax Cut Extension,Democrats were hoping to force a more ambitious agenda into the final weeks of the lame-duck session. Republicans say they will not go forward with “any legislative item’ until the Senate has acted to fund the government.,right,left
Senate Republicans: No Legislation Until After Tax Cut Extension,"Republicans say they won't go forward with nonbudget-related legislation in lame-duck session. Washington is locked in battle over what to do about the Bush-era tax cuts, which expire at the end of the year. President Obama and Democratic lawmakers want to extend the cuts to all Americans except those with income above $250,000.",right,right
Senate Republicans: No Legislation Until After Tax Cut Extension,"Republicans say they won't go forward with nonbudget-related legislation in lame-duck session. Washington is locked in a battle over what to do about the Bush-era tax cuts, which expire at the end of the year. Democrats were hoping to force a more ambitious agenda into the final weeks.",right,right
Senate Republicans: No Legislation Until After Tax Cut Extension,"Republicans say they won't go forward with nonbudget-related legislation in lame-duck session. Washington is locked in a battle over what to do about the Bush-era tax cuts, which expire at the end of the year.",right,right
Senate Republicans: No Legislation Until After Tax Cut Extension,"Democrats were hoping to force a more ambitious agenda into the final weeks of the lame-duck session. Washington is locked in a battle over what to do about the Bush-era tax cuts. President Obama and Democratic lawmakers want to extend the cuts to all Americans except those with income above $250,000. Republicans want tax cuts extended to Americans at all income levels.",right,center
Senate Republicans: No Legislation Until After Tax Cut Extension,"Democrats were hoping to force a more ambitious agenda into the final weeks of the lame-duck session. Washington is locked in a battle over what to do about the Bush-era tax cuts, which expire at the end of the year. President Obama and Democratic lawmakers want to extend the cuts to all Americans except those with income above $250,000.",right,center
Senate Republicans: No Legislation Until After Tax Cut Extension,"Democrats were hoping to force a more ambitious agenda into the final weeks of the lame-duck session. Washington is locked in a battle over what to do about the Bush-era tax cuts, which expire at the end of the year. President Obama and Democratic lawmakers want to extend the cuts to all Americans. Republicans want tax cuts extended to Americans at all income levels.",right,center
NAACP Condemns Tea Party Racism In Resolution,"NAACP adopts resolution condemning racism within the political movement. Tea party organizers disputed claims of racism and called on the NAACP to withdraw the resolution. Sarah Palin says claims that tea party activists ""judge people by the color of their skin"" are false and appalling.",right,left
NAACP Condemns Tea Party Racism In Resolution,"NAACP adopts resolution condemning racism within the political movement. Tea party organizers disputed claims of racism and called on the NAACP to withdraw the resolution. Sarah Palin says she is ""saddened by the NAACP's claim that patriotic Americans... are somehow 'racists'",left,left
NAACP Condemns Tea Party Racism In Resolution,"NAACP adopts resolution condemning racism within the political movement. Tea party organizers disputed claims of racism and called on the NAACP to withdraw the resolution. Sarah Palin says she is ""saddened by the NAACP's claim that patriotic Americans... are somehow 'racists'""",left,left
NAACP Condemns Tea Party Racism In Resolution,"NAACP adopts resolution condemning racism within the political movement. Tea party organizers disputed claims of racism and called on the NAACP to withdraw the resolution. Sarah Palin says claims that tea party activists ""judge people by the color of their skin"" are false and appalling.",right,right
NAACP Condemns Tea Party Racism In Resolution,"NAACP adopts resolution condemning racism within the political movement. Tea party organizers disputed claims of racism and called on the NAACP to withdraw the resolution. Sarah Palin says she is ""saddened by the NAACP's claim that patriotic Americans... are somehow 'racists'",left,right
NAACP Condemns Tea Party Racism In Resolution,"NAACP adopts resolution condemning racism within the political movement. Tea party organizers disputed claims of racism and called on the NAACP to withdraw the resolution. Sarah Palin says she is ""saddened by the NAACP's claim that patriotic Americans... are somehow 'racists'""",left,right
NAACP Condemns Tea Party Racism In Resolution,"NAACP adopts resolution condemning racism within the political movement. Tea party organizers disputed claims of racism and called on the NAACP to withdraw the resolution. Sarah Palin says claims that tea party activists ""judge people by the color of their skin"" are false and appalling.",right,center
NAACP Condemns Tea Party Racism In Resolution,"NAACP adopts resolution condemning racism within the political movement. Tea party organizers disputed claims of racism and called on the NAACP to withdraw the resolution. Sarah Palin says she is ""saddened by the NAACP's claim that patriotic Americans... are somehow 'racists'",left,center
NAACP Condemns Tea Party Racism In Resolution,"NAACP adopts resolution condemning racism within the political movement. Tea party organizers disputed claims of racism and called on the NAACP to withdraw the resolution. Sarah Palin says claims that tea party activists ""judge people by the color of their skin"" are false.",right,center
NAACP Resolution Calls on Tea Party to Repudiate 'Racist Elements' in Movement,"NAACP adopts resolution condemning ""racist elements"" in the Tea Party movement. Resolution initially said NAACP would ""repudiate the racism of the Tea Parties"" But wording was amended to downplay criticism of all Tea Partiers while asking them to repudiate bigots in their own ranks.",right,left
NAACP Resolution Calls on Tea Party to Repudiate 'Racist Elements' in Movement,"NAACP adopts resolution condemning ""racist elements"" in the Tea Party movement. Resolution initially said NAACP would ""repudiate the racism of the Tea Parties"" But wording was amended to downplay criticism of all Tea Partiers while asking them to repudiate bigots in their ranks.",right,left
NAACP Resolution Calls on Tea Party to Repudiate 'Racist Elements' in Movement,"NAACP adopts resolution condemning ""racist elements"" in the Tea Party movement. Resolution initially said NAACP would ""repudiate the racism of the Tea Parties"" But wording was amended to downplay criticism of all Tea Partiers.",right,left
NAACP Resolution Calls on Tea Party to Repudiate 'Racist Elements' in Movement,"NAACP adopts resolution condemning ""racist elements"" in the Tea Party movement. Resolution calls on movement's leaders to repudiate bigotry in their ranks. St. Louis Tea Party demands NAACP withdraw its ""bigoted, false and inflammatory"" resolution. Dallas Tea Party founder Phillip Dennis says the movement welcomes minority members.",right,right
NAACP Resolution Calls on Tea Party to Repudiate 'Racist Elements' in Movement,"NAACP adopts resolution condemning ""racist elements"" in the Tea Party movement. Resolution calls on movement's leaders to repudiate bigotry in their ranks. St. Louis Tea Party demands NAACP withdraw its ""bigoted, false and inflammatory"" resolution. Dallas Tea Party founder Phillip Dennis calls NAACP ""irrelevant""",left,right
NAACP Resolution Calls on Tea Party to Repudiate 'Racist Elements' in Movement,"NAACP adopts resolution condemning ""racist elements"" in the Tea Party movement. Resolution calls on movement's leaders to repudiate bigotry in their ranks. St. Louis Tea Party demands NAACP withdraw its ""bigoted, false and inflammatory"" resolution.",left,right
NAACP Resolution Calls on Tea Party to Repudiate 'Racist Elements' in Movement,"NAACP adopts resolution condemning ""racist elements"" in the Tea Party movement. Resolution initially said NAACP would ""repudiate the racism of the Tea Parties"" St. Louis Tea Party drafted its own resolution condemning the civil rights group for reducing itself to a ""partisan attack dog organization""",right,center
NAACP Resolution Calls on Tea Party to Repudiate 'Racist Elements' in Movement,"NAACP adopts resolution condemning ""racist elements"" in the Tea Party movement. Resolution initially said NAACP would ""repudiate the racism of the Tea Parties"" St. Louis Tea Party drafts its own resolution condemning the civil rights group for reducing itself to a ""partisan attack dog organization""",left,center
NAACP Resolution Calls on Tea Party to Repudiate 'Racist Elements' in Movement,"NAACP adopts resolution condemning ""racist elements"" in the Tea Party movement. Resolution initially said NAACP would ""repudiate the racism of the Tea Parties"" St. Louis Tea Party drafted its own resolution condemning the civil rights group.",right,center
GOP Senators Keep Pressure on Steele Over 'Inaccurate' Afghanistan Comments,"GOP Sen. Jim DeMint: ""This is America's war. It's not Obama's war"" Sen. John McCain: Steele's comments were ""wildly inaccurate"" Weekly Standard Editor Bill Kristol: ""I think it would be better if he went""",left,left
GOP Senators Keep Pressure on Steele Over 'Inaccurate' Afghanistan Comments,"GOP Sen. Jim DeMint: ""This is America's war. It's not Obama's war"" Sen. John McCain: Steele's comments ""wildly inaccurate"" Weekly Standard Editor Bill Kristol: ""I think it would be better if he went""",left,left
GOP Senators Keep Pressure on Steele Over 'Inaccurate' Afghanistan Comments,"GOP Sen. Jim DeMint: ""This is America's war. It's not Obama's war"" Sen. John McCain: Steele's comments were ""wildly inaccurate"" Weekly Standard Editor Bill Kristol: ""I think it would be better if he went.""",left,left
GOP Senators Keep Pressure on Steele Over 'Inaccurate' Afghanistan Comments,"GOP Sen. Jim DeMint: ""This is America's war. It's not Obama's war"" Sen. John McCain: Steele's comments were ""wildly inaccurate"" Weekly Standard Editor Bill Kristol: ""I think it would be better if he went""",left,right
GOP Senators Keep Pressure on Steele Over 'Inaccurate' Afghanistan Comments,"GOP Sen. Jim DeMint: ""This is America's war. It's not Obama's war"" Sen. John McCain: Steele's comments are ""wildly inaccurate"" Weekly Standard Editor Bill Kristol: ""I think it would be better if he went""",left,right
GOP Senators Keep Pressure on Steele Over 'Inaccurate' Afghanistan Comments,"GOP Sen. Jim DeMint: ""This is America's war. It's not Obama's war"" Sen. John McCain: Steele's comments were ""wildly inaccurate"" Weekly Standard Editor Bill Kristol says Steele still needs to go.",left,right
GOP Senators Keep Pressure on Steele Over 'Inaccurate' Afghanistan Comments,"GOP Sen. Jim DeMint: ""This is America's war. It's not Obama's war"" Sen. John McCain: Steele needs to assess whether he can still function in his job. Weekly Standard Editor Bill Kristol: ""I think it would be better if he went""",left,center
GOP Senators Keep Pressure on Steele Over 'Inaccurate' Afghanistan Comments,"GOP Sen. Jim DeMint: ""This is America's war. It's not Obama's war"" Sen. John McCain: Steele needs to assess whether he can still function in his job. Weekly Standard Editor Bill Kristol: ""I think it would be better if he went.""",left,center
GOP Senators Keep Pressure on Steele Over 'Inaccurate' Afghanistan Comments,"GOP Sen. Jim DeMint: ""This is America's war. It's not Obama's war"" Sen. John McCain: Steele needs to assess whether he can still function in his job. Weekly Standard Editor Bill Kristol says Steele still needs to go.",left,center
Michael Steele’s Afghanistan Comments Stir Up Furious Reaction From Conservatives,"RNC chairman was caught on camera saying Afghanistan is a largely unwinnable war of President Obama’s choosing. Bill Kristol wrote a letter to Steele on his Weekly Standard site calling for his resignation. Another major neoconservative figure, Dan Senor, told the Huffington Post that Steele's comments are “utterly irresponsible”",left,left
Michael Steele’s Afghanistan Comments Stir Up Furious Reaction From Conservatives,"RNC chairman was caught on camera saying Afghanistan is a largely unwinnable war of President Obama’s choosing. Bill Kristol wrote a letter to Steele on his Weekly Standard site calling for his resignation. Another major neoconservative figure, Dan Senor, told the Huffington Post that Steele's comments are “utterly irresponsible’",left,left
Michael Steele’s Afghanistan Comments Stir Up Furious Reaction From Conservatives,"RNC chairman was caught on camera saying Afghanistan is a largely unwinnable war of President Obama’s choosing. Bill Kristol wrote a letter to Steele on his Weekly Standard site calling for his resignation. Another major neoconservative figure, Dan Senor, told the Huffington Post that Steele's comments were “utterly irresponsible”",left,left
Michael Steele’s Afghanistan Comments Stir Up Furious Reaction From Conservatives,"RNC chairman said that Afghanistan is a largely unwinnable war of President Obama's choosing. Bill Kristol wrote a letter to Steele calling for the RNC leader’s resignation. Another major neoconservative figure, Dan Senor, called the comments “utterly irresponsible”",left,right
Michael Steele’s Afghanistan Comments Stir Up Furious Reaction From Conservatives,"RNC chairman said that Afghanistan is a largely unwinnable war of President Obama's choosing. Bill Kristol wrote a letter to Steele calling for the RNC leader’s resignation. Another major neoconservative figure, Dan Senor, called the comments “utterly irresponsible’",left,right
Michael Steele’s Afghanistan Comments Stir Up Furious Reaction From Conservatives,"RNC chairman said that Afghanistan is a largely unwinnable war of President Obama's choosing. Bill Kristol wrote a letter to Steele calling for the RNC leader’s resignation. Another major neoconservative figure, Dan Senor, called the comments ‘utterly irresponsible’",left,right
Michael Steele’s Afghanistan Comments Stir Up Furious Reaction From Conservatives,RNC chairman said Afghanistan is a largely unwinnable war of President Obama’s choosing. Some conservatives have called for the RNC leader's resignation.,right,center
Michael Steele’s Afghanistan Comments Stir Up Furious Reaction From Conservatives,RNC chairman said Afghanistan is a largely unwinnable war of President Obama’s choosing. Some conservatives have called for his resignation.,right,center
Michael Steele’s Afghanistan Comments Stir Up Furious Reaction From Conservatives,RNC chairman said Afghanistan is a largely unwinnable war of President Obama’s choosing. Some conservatives called for his resignation.,right,center
"Biden Tries, Again, to Sell Tax Compromise to Hill Democrats",Obama disputed that Democrats generally feel betrayed by his deal with Congressional Republicans on the tax cuts. Vice President Joseph R. Biden Jr. planned to return to Capitol Hill this afternoon to meet with House Democrats.,center,left
"Biden Tries, Again, to Sell Tax Compromise to Hill Democrats",Obama disputed that Democrats generally feel betrayed by his deal with Congressional Republicans on the tax cuts. Vice President Joseph R. Biden Jr. will return to Capitol Hill this afternoon to meet with House Democrats.,center,left
"Biden Tries, Again, to Sell Tax Compromise to Hill Democrats",Obama disputed that Democrats generally feel betrayed by his deal with Congressional Republicans on the tax cuts.,right,left
"Biden Tries, Again, to Sell Tax Compromise to Hill Democrats",Obama administration has been pushing back hard against criticism from fellow Democrats that the president has caved too much to Republicans. Vice President Joseph R. Biden Jr. planned to return to Capitol Hill this afternoon to meet with House Democrats.,right,right
"Biden Tries, Again, to Sell Tax Compromise to Hill Democrats",Obama administration has been pushing back hard against criticism from fellow Democrats that the president has caved too much to Republicans. Vice President Joseph R. Biden Jr. plans to return to Capitol Hill this afternoon to meet with House Democrats.,right,right
"Biden Tries, Again, to Sell Tax Compromise to Hill Democrats",Obama administration has been pushing back hard against criticism from fellow Democrats that the president has caved too much to Republicans. Vice President Joseph R. Biden Jr. will return to Capitol Hill this afternoon to meet with House Democrats.,right,right
"Biden Tries, Again, to Sell Tax Compromise to Hill Democrats",Obama administration pushes back hard against criticism from fellow Democrats that the president has caved too much to Republicans. Vice President Joseph R. Biden Jr. plans to return to Capitol Hill this afternoon to meet with House Democrats.,right,center
"Biden Tries, Again, to Sell Tax Compromise to Hill Democrats",Obama administration pushes back hard against criticism from fellow Democrats that the president has caved too much to Republicans. Vice President Joseph R. Biden Jr. will return to Capitol Hill this afternoon to meet with House Democrats.,right,center
"Biden Tries, Again, to Sell Tax Compromise to Hill Democrats",Obama disputed that Democrats generally feel betrayed by his deal with Congressional Republicans on the tax cuts. Vice President Joseph R. Biden Jr. planned to return to Capitol Hill this afternoon to meet with House Democrats.,center,center
Michael Steele's End Could Be Near,RNC Chairman Michael Steele is expected by some to announce that he will not seek a second term as the head of the Republican National Committee. At least one GOP insider who had direct contact with Steele told the Washington Post that the chairman would indeed be seeking another term.,center,left
Michael Steele's End Could Be Near,RNC Chairman Michael Steele is expected by some to announce that he will not seek a second term as the head of the Republican National Committee. At least one GOP insider who had direct contact with Steele told the Washington Post that he would indeed be seeking another term.,center,left
Michael Steele's End Could Be Near,"RNC Chairman Michael Steele is expected by some to announce that he will not seek a second term as the head of the Republican National Committee, according to multiple reports. The nature of the decision is a ""closely guarded secret,"" according to reports.",center,left
Michael Steele's End Could Be Near,"RNC Chairman Michael Steele is expected by some to announce that he will not seek a second term as the head of the Republican National Committee. Multiple sources tell Fox News that they believe Steele will drop out of the race. The nature of the decision is a ""closely guarded secret,"" according to reports.",right,right
Michael Steele's End Could Be Near,"RNC Chairman Michael Steele is expected by some to announce that he will not seek a second term as the head of the Republican National Committee. Multiple sources tell Fox News that they believe Steele will drop out of the race. The nature of the decision is a ""closely guarded secret""",right,right
Michael Steele's End Could Be Near,RNC Chairman Michael Steele is expected by some to announce that he will not seek a second term as the head of the Republican National Committee. Multiple sources tell Fox News that they believe Steele will drop out of the race.,right,right
Michael Steele's End Could Be Near,"RNC Chairman Michael Steele is expected by some to announce that he will not seek a second term as the head of the Republican National Committee, according to multiple reports. Multiple sources tell Fox News that they believe Steele will drop out of the race.",right,center
Michael Steele's End Could Be Near,RNC Chairman Michael Steele is expected by some to announce that he will not seek a second term as the head of the Republican National Committee. Several sources tell Fox News that they believe Steele will drop out of the race.,right,center
Michael Steele's End Could Be Near,"RNC Chairman Michael Steele is expected by some to announce that he will not seek a second term as the head of the Republican National Committee, according to multiple reports.",right,center
RNC Chairman Steele to Announce Intentions on a Second Term," Steele sent an e-mail to committee members Saturday night with the subject line, ""conference call"" Critics have described the chairman as gaffe-prone and said he hasn't raised enough money.",left,left
RNC Chairman Steele to Announce Intentions on a Second Term," Steele sent an e-mail to committee members Saturday night with the subject line, ""conference call"" He asked members to join him ""for a private conference call"" Monday evening. Steele has been unpredictable, especially over recent weeks.",center,left
RNC Chairman Steele to Announce Intentions on a Second Term," Steele sent an e-mail to committee members Saturday night with the subject line, ""conference call"" He asked members to join him ""for a private conference call"" Monday evening. Critics have described the chairman as gaffe-prone.",center,left
RNC Chairman Steele to Announce Intentions on a Second Term," Steele sent an e-mail to committee members Saturday night with the subject line, ""conference call"" Critics have described the chairman as gaffe-prone and said he hasn't raised enough money.",left,right
RNC Chairman Steele to Announce Intentions on a Second Term," Steele sent an e-mail to committee members Saturday night with the subject line, ""conference call"" Steele asked members to join him ""for a private conference call"" Monday evening.",center,right
RNC Chairman Steele to Announce Intentions on a Second Term," Steele sent an e-mail to committee members Saturday night with the subject line, ""conference call"" Critics have described the chairman as gaffe-prone.",left,right
RNC Chairman Steele to Announce Intentions on a Second Term, Steele is expected to announce he is not running for re-election. Some close to the GOP chairman say he wants to run for another term and is struggling to find enough support for a second term.,right,center
RNC Chairman Steele to Announce Intentions on a Second Term,"Michael Steele will speak with RNC members Monday evening. He is expected to announce a decision about whether to make another run for the party chairmanship. Steele has been unpredictable, especially over recent weeks.",right,center
RNC Chairman Steele to Announce Intentions on a Second Term, Steele is expected to announce he is not running for re-election. Some close to Steele say he wants to run for another term and is struggling to find enough support for a second term.,right,center
N.C. Congressman Apologizes for Physical Confrontation With Man in Washington,"North Carolina Rep. Bob Etheridge is seen in an amateur video grabbing the wrist and neck of an unidentified young man. Etheridge, a Democrat, is seen trying to snatch a cell phone camera out of the student's hands. He is running for re-election against Republican Renee Ellmers in November.",center,left
N.C. Congressman Apologizes for Physical Confrontation With Man in Washington,"North Carolina Rep. Bob Etheridge is seen in an amateur video grabbing the wrist and neck of an unidentified young man. Etheridge, a Democrat, is seen trying to snatch a cell phone camera out of the student's hands. He is running for re-election against Republican Renee Ellmers.",center,left
N.C. Congressman Apologizes for Physical Confrontation With Man in Washington,"North Carolina Rep. Bob Etheridge is seen in an amateur video grabbing the wrist and neck of an unidentified young man. Etheridge, a Democrat, is seen trying to snatch a cell phone camera out of the student's hands. He then grabs the man's wrist and refuses to let go.",center,left
N.C. Congressman Apologizes for Physical Confrontation With Man in Washington,"North Carolina Rep. Bob Etheridge is seen in an amateur video grabbing the wrist and neck of an unidentified young man. Etheridge, a Democrat, is seen trying to snatch a cell phone camera out of the student's hands. He is running for re-election against Republican Renee Ellmers.",center,right
N.C. Congressman Apologizes for Physical Confrontation With Man in Washington,"North Carolina Rep. Bob Etheridge is seen in an amateur video grabbing the wrist and neck of an unidentified young man. Etheridge, a Democrat, is seen trying to snatch a cell phone camera out of the student's hands. He then grabs the man's wrist and refuses to let go.",center,right
N.C. Congressman Apologizes for Physical Confrontation With Man in Washington,"North Carolina Rep. Bob Etheridge is seen in an amateur video grabbing the wrist and neck of an unidentified young man. Etheridge, a Democrat, is seen trying to snatch a cell phone camera out of the student's hands. He is running for re-election in November.",center,right
N.C. Congressman Apologizes for Physical Confrontation With Man in Washington,"North Carolina Rep. Bob Etheridge is seen in an amateur video grabbing the wrist and neck of an unidentified young man. Etheridge, a Democrat, is seen trying to snatch a cell phone camera out of the student's hands. He is running for re-election against Republican Renee Ellmers, a nurse.",center,center
N.C. Congressman Apologizes for Physical Confrontation With Man in Washington,"North Carolina Rep. Bob Etheridge is seen in an amateur video grabbing the wrist and neck of an unidentified young man. Etheridge, a Democrat, is seen trying to snatch a cell phone camera out of the student's hands. He is running for re-election against Republican Renee Ellmers.",center,center
N.C. Congressman Apologizes for Physical Confrontation With Man in Washington,"North Carolina Rep. Bob Etheridge is seen in an amateur video grabbing the wrist and neck of an unidentified young man. Etheridge, a Democrat, is seen trying to snatch a cell phone camera out of the student's hands. He then grabs the man's wrist and refuses to let go.",center,center
White House Asked Bill Clinton to Urge Sestak to Drop Out of Senate Race,The White House says Bill Clinton asked Rep. Joe Sestak to drop out of the Senate race. The White House report says Clinton asked about possible alternatives to his Senate candidacy. The report says the conversations were informal and not tied to any precise job offer. Critics say the offer may have violated the U.S. code.,center,left
White House Asked Bill Clinton to Urge Sestak to Drop Out of Senate Race,The White House says Bill Clinton asked Rep. Joe Sestak to drop out of the Senate race. The White House report says Clinton asked about possible alternatives to his Senate candidacy. The report says the conversations were informal and not tied to any precise job offer. Critics say the offer may have violated the U.S. Code.,right,left
White House Asked Bill Clinton to Urge Sestak to Drop Out of Senate Race,The White House says Bill Clinton asked Rep. Joe Sestak to drop out of the Senate race. The White House report says Clinton asked about possible alternatives to his Senate candidacy. The report says the conversations were informal and not tied to any precise job offer. Critics say the offer may have violated U.S. code.,right,left
White House Asked Bill Clinton to Urge Sestak to Drop Out of Senate Race,"The White House says Bill Clinton asked Rep. Joe Sestak to drop out of the Senate race. Clinton also asked him to serve on the president's intelligence advisory board, the report says. Critics say the offer may have violated the U.S. code. ""This is punishable by prison,"" says Rep. Darrell Issa, R-Calif.",right,right
White House Asked Bill Clinton to Urge Sestak to Drop Out of Senate Race,"The White House says Bill Clinton asked Rep. Joe Sestak to drop out of the Senate race. Clinton also asked him to serve on the president's intelligence advisory board, the report says. Critics say the offer may have violated the U.S. code.",center,right
White House Asked Bill Clinton to Urge Sestak to Drop Out of Senate Race,"The White House says Bill Clinton asked Rep. Joe Sestak to drop out of the Senate race. Clinton also asked him to serve on the president's intelligence advisory board, the report says. Critics say the offer may have violated U.S. code.",center,right
White House Asked Bill Clinton to Urge Sestak to Drop Out of Senate Race,"Sestak says Clinton called him last summer to express concerns over his jumping into the Senate primary. Clinton initiated conversations with Sestak at the behest of White House Chief of Staff Rahm Emanuel. The White House report disputed any suggestion that there was ""impropriety"" in Clinton's discussion.",center,center
White House Asked Bill Clinton to Urge Sestak to Drop Out of Senate Race,"Sestak says Clinton called him last summer to express concerns over his jumping into the Senate primary. Clinton initiated conversations with Sestak at the behest of White House Chief of Staff Rahm Emanuel. The White House report disputed any suggestion that there was ""impropriety"" in the discussion.",left,center
White House Asked Bill Clinton to Urge Sestak to Drop Out of Senate Race,"Sestak says Clinton called him last summer to express concerns over his jumping into the Senate primary. Clinton initiated conversations with Sestak at the behest of White House Chief of Staff Rahm Emanuel. The White House report disputed any suggestion that there was ""impropriety""",left,center
White House Asked Bill Clinton To Talk To Joe Sestak About Senate Run,The offer was made by White House Chief of Staff Rahm Emanuel through a prominent intermediary -- former President Bill Clinton. Sestak ultimately rejected the overture and went on to defeat incumbent Sen. Arlen Specter (D-Penn) in the Democratic primary election.,right,left
White House Asked Bill Clinton To Talk To Joe Sestak About Senate Run,"The offer was made by White House Chief of Staff Rahm Emanuel through a prominent intermediary -- former President Bill Clinton. The White House initiated the conversation, which occurred over phone. Sestak ultimately rejected the overture and went on to defeat incumbent Sen. Arlen Specter.",right,left
White House Asked Bill Clinton To Talk To Joe Sestak About Senate Run,The offer was made by White House Chief of Staff Rahm Emanuel through a prominent intermediary -- former President Bill Clinton. Sestak ultimately rejected the overture and went on to defeat incumbent Sen. Arlen Specter (D-Penn),right,left
White House Asked Bill Clinton To Talk To Joe Sestak About Senate Run,"Rep. Joe Sestak (D-Penn) was offered a prominent but uncompensated, advisory position. The offer was made by White House Chief of Staff Rahm Emanuel through a prominent intermediary -- former President Bill Clinton. The White House initiated the conversation, which occurred over phone.",left,right
White House Asked Bill Clinton To Talk To Joe Sestak About Senate Run,"Rep. Joe Sestak (D-Penn) was offered a prominent but uncompensated, advisory position. The offer was made by White House Chief of Staff Rahm Emanuel through a prominent intermediary -- former President Bill Clinton. The White House initiated the conversation over phone.",left,right
White House Asked Bill Clinton To Talk To Joe Sestak About Senate Run,"Rep. Joe Sestak (D-Penn) was offered a prominent but uncompensated, advisory position, a source says. The offer was made by White House Chief of Staff Rahm Emanuel through a prominent intermediary -- former President Bill Clinton.",left,right
White House Asked Bill Clinton To Talk To Joe Sestak About Senate Run,"Rep. Joe Sestak (D-Penn) was offered a prominent but uncompensated, advisory position -- in the national security/foreign policy area -- if he declined to enter the Pennsylvania Senate primary race. The offer was made by White House Chief of Staff Rahm Emanuel through a prominent intermediary -- former President Bill Clinton. The White House initiated the conversation, which occurred over phone.",left,center
White House Asked Bill Clinton To Talk To Joe Sestak About Senate Run,"Rep. Joe Sestak (D-Penn.) was offered a prominent but uncompensated, advisory position -- in the national security/foreign policy area -- if he declined to enter the Pennsylvania Senate primary race. The offer was made by White House Chief of Staff Rahm Emanuel through a prominent intermediary -- former President Bill Clinton. The White House initiated the conversation, which occurred over phone.",left,center
White House Asked Bill Clinton To Talk To Joe Sestak About Senate Run,"Rep. Joe Sestak (D-Penn) was offered a prominent but uncompensated, advisory position -- in the national security/foreign policy area -- if he declined to enter the Pennsylvania Senate primary race. The offer was made by White House Chief of Staff Rahm Emanuel through a prominent intermediary -- former President Bill Clinton. The White House initiated the conversation over phone.",left,center
Richard Blumenthal's Words on Vietnam Service Differ From History,Attorney General Richard Blumenthal of Connecticut never served in Vietnam. He obtained at least five military deferments from 1965 to 1970 and took repeated steps that enabled him to avoid going to war.,center,left
Richard Blumenthal's Words on Vietnam Service Differ From History,Attorney General Richard Blumenthal of Connecticut never served in Vietnam. He obtained at least five military deferments from 1965 to 1970. Blumenthal took repeated steps that enabled him to avoid going to war.,center,left
Richard Blumenthal's Words on Vietnam Service Differ From History,Attorney General Richard Blumenthal of Connecticut never served in Vietnam. He obtained at least five military deferments from 1965 to 1970 and took repeated steps to avoid going to war.,center,left
Richard Blumenthal's Words on Vietnam Service Differ From History,"Attorney General Richard Blumenthal, a Democrat running for the U.S. Senate, never served in Vietnam. He obtained at least five military deferments from 1965 to 1970 and took repeated steps that enabled him to avoid going to war.",center,right
Richard Blumenthal's Words on Vietnam Service Differ From History,"Attorney General Richard Blumenthal, a Democrat, never served in Vietnam. He obtained at least five military deferments from 1965 to 1970 and took repeated steps that enabled him to avoid going to war.",left,right
Richard Blumenthal's Words on Vietnam Service Differ From History,"Attorney General Richard Blumenthal, a Democrat, never served in Vietnam. He obtained at least five military deferments from 1965 to 1970. The deferments allowed him to complete his studies at Harvard.",center,right
Richard Blumenthal's Words on Vietnam Service Differ From History,"Richard Blumenthal, a Democrat running for the U.S. Senate, never served in Vietnam. He obtained at least five military deferments from 1965 to 1970. He took repeated steps that enabled him to avoid going to war, records show.",center,center
Richard Blumenthal's Words on Vietnam Service Differ From History,"Richard Blumenthal, a Democrat running for the U.S. Senate, never served in Vietnam. He obtained at least five military deferments from 1965 to 1970. The deferments allowed Mr. Blumenthal to complete his studies at Harvard.",center,center
Richard Blumenthal's Words on Vietnam Service Differ From History,"Richard Blumenthal, a Democrat running for the U.S. Senate, never served in Vietnam. He obtained at least five military deferments from 1965 to 1970. He took repeated steps that enabled him to avoid going to war.",center,center
Beck Wows the CPAC Crowd,"Glenn Beck, the hero of the political right, ripped the roof off a Washington hotel Saturday with a sweeping denunciation of progressivism. He aimed his fire at Republicans as well as Democrats, and gave them little quarter, saying he did not know what the Republicans stood for.",center,left
Beck Wows the CPAC Crowd,"Glenn Beck, the hero of the political right, ripped the roof off a Washington hotel with a sweeping denunciation of progressivism. He aimed his fire at Republicans as well as Democrats, and gave them little quarter, saying he did not know what the Republicans stood for.",left,left
Beck Wows the CPAC Crowd,"Glenn Beck, the hero of the political right, ripped the roof off a Washington hotel Saturday with a sweeping denunciation of progressivism.",center,left
Beck Wows the CPAC Crowd,Glenn Beck is the closing speaker of a three-day conservative conference. He held the audience spellbound with riffs on his personal life laced through his political philosophy. He said he did not know what the Republicans stood for.,left,right
Beck Wows the CPAC Crowd,"Glenn Beck is the closing speaker of a three-day conservative conference. He held the audience spellbound with riffs on his personal life laced through his political philosophy, strong on personal responsibility.",left,right
Beck Wows the CPAC Crowd,Glenn Beck is the closing speaker of a three-day conservative conference. He held the audience spellbound with riffs on his personal life laced through his political philosophy.,left,right
Beck Wows the CPAC Crowd,"Glenn Beck: Progressivism is a cancer that must be cut out of the system. He aimed his fire at Republicans as well as Democrats, and gave them little quarter. “I’m addicted to spending and big government,” he said.",center,center
Beck Wows the CPAC Crowd,"Glenn Beck: Progressivism is a cancer that must be cut out of the system. He aimed his fire at Republicans as well as Democrats, and gave them little quarter. “I’m addicted to spending and big government,’ he said.",center,center
Beck Wows the CPAC Crowd,"Glenn Beck: Progressivism is a cancer that must be cut out of the system. He aimed his fire at Republicans as well as Democrats, and gave them little quarter.",center,center
Glenn Beck CPAC 2010 Speech VIDEO: Republicans Don't Need A Big Tent,"Glenn Beck closes three-day conservative conference by demanding GOP get its own house in order. Speech touched as much on his personal turmoil as his policies and politics. Beck: ""I haven't seen the Come-To-Jesus moment from Republicans yet""",center,left
Glenn Beck CPAC 2010 Speech VIDEO: Republicans Don't Need A Big Tent,"Glenn Beck closes three-day conservative conference by demanding GOP get its own house in order. Speech touches as much on his personal turmoil as his policies and politics. ""I haven't seen the Come-To-Jesus moment from Republicans yet""",center,left
Glenn Beck CPAC 2010 Speech VIDEO: Republicans Don't Need A Big Tent,"Glenn Beck closes three-day conservative conference by demanding GOP get its own house in order. Speech touches as much on his personal turmoil as his policies and politics. Beck: Progressivism ""is eating the Constitution""",left,left
Glenn Beck CPAC 2010 Speech VIDEO: Republicans Don't Need A Big Tent,"Glenn Beck closed a three-day conservative conference on Saturday by demanding that Republicans get their own house in order before re-trying their hand at governance. The nearly hour-long address was spent not bemoaning his ideological foes, but rather demanding purity among likely allies.",center,right
Glenn Beck CPAC 2010 Speech VIDEO: Republicans Don't Need A Big Tent,"Glenn Beck closed a three-day conservative conference on Saturday by demanding that Republicans get their own house in order before re-trying their hand at governance. ""I haven't seen the Come-To-Jesus moment from Republicans yet,"" the Fox News host said.",left,right
Glenn Beck CPAC 2010 Speech VIDEO: Republicans Don't Need A Big Tent,"Glenn Beck closed a three-day conservative conference on Saturday by demanding that Republicans get their own house in order before re-trying their hand at governance. ""I haven't seen the Come-To-Jesus moment from Republicans yet,"" he said.",left,right
Glenn Beck CPAC 2010 Speech VIDEO: Republicans Don't Need A Big Tent,"Glenn Beck's CPAC 2010 keynote speech was defined by urging President Obama to fail. Beck: ""I haven't seen the Come-To-Jesus moment from Republicans""",right,center
Glenn Beck CPAC 2010 Speech VIDEO: Republicans Don't Need A Big Tent,Glenn Beck's CPAC 2010 keynote speech was defined by urging President Barack Obama to fail. Beck's speech this year stood out for his demand that conservatism succeed.,right,center
Glenn Beck CPAC 2010 Speech VIDEO: Republicans Don't Need A Big Tent,Glenn Beck's CPAC 2010 keynote speech was defined by urging President Obama to fail. Beck's speech this year stood out for his demand that conservatism succeed.,right,center
Mueller Disputes BuzzFeed Report That Trump Told Michael Cohen To Lie To Congress,The special counsel’s office issued a statement saying it has seen no evidence of a directive from Trump to lie to Congress. BuzzFeed stands by its report and urges the special counsel to clarify its report.,center,left
Mueller Disputes BuzzFeed Report That Trump Told Michael Cohen To Lie To Congress,The special counsel’s office issued a statement saying it has seen no evidence of a directive from Trump to lie to Congress. BuzzFeed stands by its report and urges the special counsel to clarify its findings.,center,left
Mueller Disputes BuzzFeed Report That Trump Told Michael Cohen To Lie To Congress,The special counsel’s office issued a statement saying it has seen no evidence of a directive from Trump to lie to Congress. BuzzFeed stands by its report and urges the special counsel to clarify its claims.,center,left
Mueller Disputes BuzzFeed Report That Trump Told Michael Cohen To Lie To Congress,"The special counsel’s office says it stands by its report that President Donald Trump ordered his son-in-law to lie to Congress about the Trump Tower Moscow deal. BuzzFeed stands by the report, but says it has no proof that Trump ordered the false statements.",center,right
Mueller Disputes BuzzFeed Report That Trump Told Michael Cohen To Lie To Congress,"The special counsel’s office says it stands by its report that President Donald Trump ordered his son-in-law to lie to Congress about the Trump Tower Moscow deal. BuzzFeed stands by the report, but says it has no proof of the allegation.",center,right
Mueller Disputes BuzzFeed Report That Trump Told Michael Cohen To Lie To Congress,The special counsel’s office says it stands by its report that President Donald Trump ordered his son-in-law to lie to Congress about the Trump Tower deal.,center,right
Mueller Disputes BuzzFeed Report That Trump Told Michael Cohen To Lie To Congress,BuzzFeed stands by its report that President Trump told Cohen to lie to Congress. The special counsel’s office issued a statement saying the report was not accurate.,right,center
Mueller Disputes BuzzFeed Report That Trump Told Michael Cohen To Lie To Congress,BuzzFeed stands by its report that President Trump told Cohen to lie to Congress. The special counsel’s office issued a statement saying the report is inaccurate.,right,center
Mueller Disputes BuzzFeed Report That Trump Told Michael Cohen To Lie To Congress,BuzzFeed stands by its report that President Trump told Cohen to lie to Congress about Moscow deal.,right,center
Mueller Statement Disputes Report That Trump Directed Cohen to Lie,"A BuzzFeed report said that President Trump pressured Michael D. Cohen to lie to Congress about his role in negotiations to build a skyscraper in Moscow. A spokesman for the special counsel, Robert S. Mueller III, challenged the facts of the report.",center,left
Mueller Statement Disputes Report That Trump Directed Cohen to Lie,A BuzzFeed report said that President Trump pressured Michael D. Cohen to lie to Congress about his role in negotiations to build a skyscraper in Moscow. The White House and lawyers for Mr. Trump vigorously denied the report even before the special counsel’s office.,center,left
Mueller Statement Disputes Report That Trump Directed Cohen to Lie,A BuzzFeed report said that President Trump pressured Michael D. Cohen to lie to Congress about his role in negotiations to build a skyscraper in Moscow. The White House and lawyers for Mr. Trump vigorously denied the BuzzFeed report.,center,left
Mueller Statement Disputes Report That Trump Directed Cohen to Lie,"BuzzFeed News published an article on Thursday saying that Mr. Trump pressured Michael D. Cohen to lie to Congress about his role in negotiations to build a skyscraper in Moscow. A spokesman for the special counsel, Robert S. Mueller III, challenged the facts of the article.",center,right
Mueller Statement Disputes Report That Trump Directed Cohen to Lie,"BuzzFeed News published an article on Thursday saying that Mr. Trump pressured Michael D. Cohen to lie to Congress about his role in negotiations to build a skyscraper in Moscow. A spokesman for the special counsel, Robert S. Mueller III, challenged the facts of the report.",center,right
Mueller Statement Disputes Report That Trump Directed Cohen to Lie,"BuzzFeed News published an article on Thursday saying that Mr. Trump pressured Michael D. Cohen to lie to Congress about his role in negotiations to build a skyscraper in Moscow. A spokesman for the special counsel, Robert S. Mueller III, challenged the facts of the BuzzFeed report.",center,right
Mueller Statement Disputes Report That Trump Directed Cohen to Lie,"BuzzFeed News published a report that said President Trump pressured Michael D. Cohen to lie to Congress about his role in negotiations to build a skyscraper in Moscow. A spokesman for the special counsel, Robert S. Mueller III, challenged the facts of the article. The White House and lawyers for Mr. Trump vigorously denied the report.",center,center
Mueller Statement Disputes Report That Trump Directed Cohen to Lie,"BuzzFeed News published a report that said President Trump pressured Michael D. Cohen to lie to Congress about his role in negotiations to build a skyscraper in Moscow. A spokesman for the special counsel, Robert S. Mueller III, challenged the facts of the report.",center,center
Mueller Statement Disputes Report That Trump Directed Cohen to Lie,BuzzFeed News published a report that said President Trump pressured Michael D. Cohen to lie to Congress about his role in negotiations to build a skyscraper in Moscow. The White House and lawyers for Mr. Trump vigorously denied the BuzzFeed report.,right,center
Rashida Tlaib's Expletive-Laden Cry to Impeach Trump Upends Democrats' Talking Points,President Trump says he asked newly elected House speaker if Democrats planned to impeach him. A camera captured Representative Rashida Tlaib of Michigan promising profanely to impeachment. Republicans are eager to portray Democrats as out to destroy Mr. Trump’s presidency.,center,left
Rashida Tlaib's Expletive-Laden Cry to Impeach Trump Upends Democrats' Talking Points,President Trump says he asked newly elected House speaker if Democrats planned to impeach him. A camera captured Representative Rashida Tlaib of Michigan promising profanely to impeachment. Republicans are eager to portray Democrats as out to destroy Mr. Trump's presidency.,center,left
Rashida Tlaib's Expletive-Laden Cry to Impeach Trump Upends Democrats' Talking Points,President Trump says he asked newly elected House speaker if Democrats planned to impeach him. A camera captured Representative Rashida Tlaib of Michigan promising profanely to impech Mr. Trump.,center,left
Rashida Tlaib's Expletive-Laden Cry to Impeach Trump Upends Democrats' Talking Points,"President Trump said he asked newly elected speaker if Democrats planned to impeach him. A camera captured Representative Rashida Tlaib of Michigan promising profanely to impeachment. Republicans have piled on criticism of Ms. Tlaiber, some of it racially tinged.",center,right
Rashida Tlaib's Expletive-Laden Cry to Impeach Trump Upends Democrats' Talking Points,"President Trump said he asked newly elected speaker if Democrats planned to impeach him. A camera captured Representative Rashida Tlaib of Michigan promising profanely to impeachment. Republicans have piled on criticism of Ms. TlaIB, some of it racially tinged.",center,right
Rashida Tlaib's Expletive-Laden Cry to Impeach Trump Upends Democrats' Talking Points,"President Trump said he asked newly elected speaker if Democrats planned to impeach him. A camera captured Representative Rashida Tlaib of Michigan promising profanely to impeachment. GOP piled on criticism of Ms. Tlaicib, some of it racially tinged.",center,right
Rashida Tlaib's Expletive-Laden Cry to Impeach Trump Upends Democrats' Talking Points,"President Trump says he asked House speaker if Democrats planned to impeach him. Rep. Rashida Tlaib, D-Michigan, had promised to do so at a party Thursday night. Republicans have criticized her for making the promise.",center,center
Rashida Tlaib's Expletive-Laden Cry to Impeach Trump Upends Democrats' Talking Points,"President Trump says he asked House speaker if Democrats planned to impeach him. Rep. Rashida Tlaib, D-Michigan, had promised to do so at a party Thursday night. Republicans have criticized her for making the comments.",center,center
Rashida Tlaib's Expletive-Laden Cry to Impeach Trump Upends Democrats' Talking Points,"President Trump says he asked House speaker if Democrats planned to impeach him. Rep. Rashida Tlaib, D-Michigan, had promised to do so at a party Thursday night.",center,center
Trump announces deal to end partial government shutdown,President Trump says he will support a short-term spending bill to re-open the government. The deal would keep the government open for three weeks until Feb. 15. The shutdown was sparked by disagreement over President Trump’s demand for $5.7 billion in funding for a wall on the southern border.,center,left
Trump announces deal to end partial government shutdown,President Trump says he will support a short-term spending bill to re-open the government. The deal would keep the government open for three weeks until Feb. 15. The shutdown was sparked by disagreement over President Trump’s demand for $5.7 billion in funding for a wall or steel barrier.,center,left
Trump announces deal to end partial government shutdown,President Trump says he will support a short-term spending bill to re-open the government. He said the deal would keep the government open for three weeks until Feb. 15. The shutdown was sparked by disagreement over President Trump’s demand for $5.7 billion in funding for a wall or steel barrier.,center,left
Trump announces deal to end partial government shutdown,President Trump said he will support a short-term spending bill to re-open the government. The deal would keep the government open for three weeks until Feb. 15. The shutdown was sparked by disagreement over President Trump’s demand for $5.7 billion in funding for a wall.,center,right
Trump announces deal to end partial government shutdown,President Trump said he will support a short-term spending bill to re-open the government. The deal would keep the government open for three weeks until Feb. 15. The shutdown was sparked by disagreement over President Trump's demand for $5.7 billion in funding for a wall or steel barrier.,center,right
Trump announces deal to end partial government shutdown,"President Trump said he will support a short-term spending bill to re-open the government. The deal would keep the government open for three weeks until Feb. 15. On Thursday, Trump had promised that Republicans “will not cave’ on border wall demands.",center,right
Trump announces deal to end partial government shutdown,President Trump announced Friday that he will support a short-term spending bill to re-open the government. The deal would keep the government open for three weeks until Feb. 15 and that a bill would go before the Senate immediately. The shutdown was sparked by disagreement over President Trump’s demand for $5.7 billion in funding for a wall.,center,center
Trump announces deal to end partial government shutdown,"President Trump announced Friday that he will support a short-term spending bill to re-open the government. The deal would keep the government open for three weeks until Feb. 15. On Thursday, Trump had promised that Republicans “will not cave"" on border wall demands.",center,center
Trump announces deal to end partial government shutdown,"President Trump announced Friday that he will support a short-term spending bill to re-open the government. The deal would keep the government open for three weeks until Feb. 15. On Thursday, Trump had promised that Republicans “will not cave’ on border wall demands.",center,center
"Trump Declares a National Emergency, and Provokes a Constitutional Clash",President Trump declared a national emergency on the border with Mexico on Friday. He wants to access billions of dollars that Congress refused to give him to build a wall. Democrats called it an unconstitutional abuse of his authority.,center,left
"Trump Declares a National Emergency, and Provokes a Constitutional Clash",President Trump declared a national emergency on the border with Mexico on Friday. He wants to access billions of dollars that Congress refused to give him to build a wall there.,center,left
"Trump Declares a National Emergency, and Provokes a Constitutional Clash",President Trump declared a national emergency on the border with Mexico on Friday. He wants to access billions of dollars that Congress refused to give him to build a wall.,center,left
"Trump Declares a National Emergency, and Provokes a Constitutional Clash","President Trump declared a national emergency on the border with Mexico. He said the flow of drugs, criminals and illegal immigrants from Mexico constituted a profound threat to national security. Democrats called it an unconstitutional abuse of his authority and vowed to try to overturn it.",center,right
"Trump Declares a National Emergency, and Provokes a Constitutional Clash","President Trump declared a national emergency on the border with Mexico. He said the flow of drugs, criminals and illegal immigrants from Mexico constituted a profound threat to national security. The president’s decision incited instant condemnation from Democrats.",center,right
"Trump Declares a National Emergency, and Provokes a Constitutional Clash","President Trump declared a national emergency on the border with Mexico. He said the flow of drugs, criminals and illegal immigrants from Mexico constituted a profound threat to national security. Democrats called it an unconstitutional abuse of his authority.",center,right
"Trump Declares a National Emergency, and Provokes a Constitutional Clash",President Trump declared a national emergency on the border with Mexico on Friday. He wants to access billions of dollars that Congress refused to give him to build a wall there.,center,center
"Trump Declares a National Emergency, and Provokes a Constitutional Clash",President Trump declared a national emergency on the border with Mexico on Friday. He wants to access billions of dollars that Congress refused to give him to build a wall.,center,center
"Trump Declares a National Emergency, and Provokes a Constitutional Clash",President Trump declares a national emergency on the border with Mexico. He wants to access billions of dollars that Congress refused to give him to build a wall there.,center,center
"Trump declares emergency on border, eyes $8B for wall as he signs spending package",President Trump says he is declaring a national emergency on the southern border. The move is expected to face a swift and forceful legal challenge that could stall the attempt in the courts for the near future. But the declaration and other money-moving plans allow Trump to continue to fight for border wall construction.,center,left
"Trump declares emergency on border, eyes $8B for wall as he signs spending package",President Trump says he is declaring a national emergency on the southern border. The move is expected to face a swift and forceful legal challenge. The White House plans to move $8 billion in currently appropriated or available funds toward construction of the wall.,center,left
"Trump declares emergency on border, eyes $8B for wall as he signs spending package",President Trump says he is declaring a national emergency on the southern border. The move is expected to face a swift and forceful legal challenge. The White House plans to move $8 billion in currently appropriated or available funds toward construction.,center,left
"Trump declares emergency on border, eyes $8B for wall as he signs spending package","President Trump signs spending bill that includes just $1.4 billion for border security. But he declares a national emergency on the southern border, tapping into executive powers. The move is expected to face a forceful legal challenge that could stall the attempt.",center,right
"Trump declares emergency on border, eyes $8B for wall as he signs spending package","President Trump signs spending bill that includes just $1.4 billion for border security. But he declares a national emergency on the southern border, tapping into executive powers. The move is expected to face a swift and forceful legal challenge.",center,right
"Trump declares emergency on border, eyes $8B for wall as he signs spending package","President Trump signs spending bill that includes just $1.4 billion for border security. But he declares a national emergency on the southern border, tapping into executive powers. The move is expected to face a forceful legal challenge in the courts.",center,right
"Trump declares emergency on border, eyes $8B for wall as he signs spending package","President Trump signs a spending package that includes just $1.4 billion for border security. Trump said he is declaring a national emergency on the southern border, tapping into executive powers. The move is expected to face a swift and forceful legal challenge.",center,center
"Trump declares emergency on border, eyes $8B for wall as he signs spending package",President Trump signs a spending package that includes just $1.4 billion for border security. Trump said he is declaring a national emergency on the southern border. The move is expected to face a swift and forceful legal challenge.,center,center
"Trump declares emergency on border, eyes $8B for wall as he signs spending package",President Trump signs a spending package that includes just $1.4 billion for border security. Trump said he is declaring a national emergency on the southern border. The move is expected to face a forceful legal challenge that could stall the attempt.,center,center
"Indicting Roger Stone, Mueller Shows Link Between Trump Campaign and WikiLeaks","Roger J. Stone Jr. is charged with seven counts, including obstruction, making false statements and witness tampering. A senior campaign official “was directed’ by an unnamed person to contact Stone about additional WikiLeaks releases that might damage the Clinton campaign.",left,left
"Indicting Roger Stone, Mueller Shows Link Between Trump Campaign and WikiLeaks","Roger J. Stone Jr. is charged with seven counts, including obstruction, making false statements and witness tampering. Stone says he will plead not guilty.",center,left
"Indicting Roger Stone, Mueller Shows Link Between Trump Campaign and WikiLeaks","Roger J. Stone Jr. is charged with seven counts, including obstruction, making false statements and witness tampering.",left,left
"Indicting Roger Stone, Mueller Shows Link Between Trump Campaign and WikiLeaks","Roger J. Stone Jr. is charged with seven counts, including obstruction, making false statements and witness tampering. Stone, a longtime adviser to President Trump, says he will plead not guilty. The White House has sought to distance Mr. Trump from the charges.",center,right
"Indicting Roger Stone, Mueller Shows Link Between Trump Campaign and WikiLeaks","Roger J. Stone Jr. is charged with seven counts, including obstruction, making false statements and witness tampering. Stone, a longtime adviser to President Trump, says he will plead not guilty to the charges.",center,right
"Indicting Roger Stone, Mueller Shows Link Between Trump Campaign and WikiLeaks","Roger J. Stone Jr. is charged with seven counts, including obstruction, making false statements and witness tampering. Stone, a longtime adviser to President Trump, says he will plead not guilty.",center,right
"Indicting Roger Stone, Mueller Shows Link Between Trump Campaign and WikiLeaks","Roger J. Stone Jr. was charged with seven counts, including obstruction, making false statements and witness tampering. A senior campaign official “was directed’ by an unnamed person to contact Mr. Stone about additional WikiLeaks releases that might damage the Clinton campaign.",center,center
"Indicting Roger Stone, Mueller Shows Link Between Trump Campaign and WikiLeaks","Roger J. Stone Jr. was charged with seven counts, including obstruction, making false statements and witness tampering. A senior campaign official “was directed” by an unnamed person to contact Mr. Stone about additional WikiLeaks releases that might damage the Clinton campaign.",center,center
"Indicting Roger Stone, Mueller Shows Link Between Trump Campaign and WikiLeaks","Roger J. Stone Jr. was charged with seven counts, including obstruction, making false statements and witness tampering. A senior campaign official “was directed’ by an unnamed person to contact Mr. Stone about additional WikiLeaks releases, the indictment said.",center,center
"House approves sweeping Dem election reform bill, amid First Amendment concerns",The House approved the plan 234-193. The measure is not expected to succeed in the Senate. The bill would make Election Day a federal holiday.,center,left
"House approves sweeping Dem election reform bill, amid First Amendment concerns",The House approved the plan 234-193. The measure is not expected to succeed in the Senate. The bill institutes a public financing system.,center,left
"House approves sweeping Dem election reform bill, amid First Amendment concerns",The House approved the plan 234-193. The measure is not expected to succeed in the Senate.,center,left
"House approves sweeping Dem election reform bill, amid First Amendment concerns","The House approved the plan 234-193. The measure is not expected to succeed in the Senate. The American Civil Liberties Union, in a letter to Congress, encouraged lawmakers to vote against the bill.",center,right
"House approves sweeping Dem election reform bill, amid First Amendment concerns",The House approved the plan 234-193. The measure is not expected to succeed in the Senate. The bill institutes a public financing system for congressional campaigns.,center,right
"House approves sweeping Dem election reform bill, amid First Amendment concerns",The House approved the plan 234-193. The measure is not expected to succeed in the Senate. The bill institutes a public financing system.,center,right
"House approves sweeping Dem election reform bill, amid First Amendment concerns",The House approved the plan 234-193. But the measure is not expected to succeed in the Senate. The bill institutes a public financing system for congressional campaigns. It also requires presidential candidates to disclose tax returns.,center,center
"House approves sweeping Dem election reform bill, amid First Amendment concerns",The House approved the plan 234-193. But the measure is not expected to succeed in the Senate. The bill institutes a public financing system for congressional campaigns. It requires presidential candidates to disclose tax returns.,center,center
"House approves sweeping Dem election reform bill, amid First Amendment concerns",The House approved the plan 234-193. But the measure is not expected to succeed in the Senate. The bill institutes a public financing system for congressional campaigns.,center,center
House Passes Democrats’ Centerpiece Anti-Corruption and Voting Rights Bill,"The legislation, passed 234-193, makes good on the campaign pledge to clean up Washington that helped catapult Democrats into the majority. It also serves as a campaign platform for Democrats ahead of 2020. It has virtually no chance of passing the Senate.",center,left
House Passes Democrats’ Centerpiece Anti-Corruption and Voting Rights Bill,"The legislation, passed 234-193, makes good on the campaign pledge to clean up Washington. It also serves as a campaign platform for Democrats ahead of 2020. It has virtually no chance of passing the Senate.",center,left
House Passes Democrats’ Centerpiece Anti-Corruption and Voting Rights Bill,"The legislation, passed 234-193, makes good on the campaign pledge to clean up Washington. It also serves as a campaign platform for Democrats ahead of 2020. It has virtually no chance of passing the Senate.",center,left
House Passes Democrats’ Centerpiece Anti-Corruption and Voting Rights Bill,"The legislation, passed 234-193, makes good on the campaign pledge to clean up Washington that helped catapult Democrats into the majority. It also serves as a campaign platform for Democrats ahead of 2020. It has virtually no chance of passing the Senate.",center,right
House Passes Democrats’ Centerpiece Anti-Corruption and Voting Rights Bill,"The legislation, passed 234-193, makes good on the campaign pledge to clean up Washington. It also serves as a campaign platform for Democrats ahead of 2020. It has virtually no chance of passing the Senate.",center,right
House Passes Democrats’ Centerpiece Anti-Corruption and Voting Rights Bill,"The legislation, passed 234-193, makes good on the campaign pledge to clean up Washington. It also serves as a campaign platform for Democrats ahead of 2020. The bill has virtually no chance of passing the Senate.",center,right
House Passes Democrats’ Centerpiece Anti-Corruption and Voting Rights Bill,"The sweeping legislation, passed 234-193, makes good on the campaign pledge to clean up Washington that helped catapult Democrats into the majority. It also serves as a campaign platform for Democrats ahead of 2020. It has virtually no chance of passing the Senate.",center,center
House Passes Democrats’ Centerpiece Anti-Corruption and Voting Rights Bill,"The sweeping legislation, passed 234-193, makes good on the campaign pledge to clean up Washington. It also serves as a campaign platform for Democrats ahead of 2020. It has virtually no chance of passing the Senate. Republicans arguably have spent more time trying to define the bill.",center,center
House Passes Democrats’ Centerpiece Anti-Corruption and Voting Rights Bill,"The sweeping legislation, passed 234-193, makes good on the campaign pledge to clean up Washington. It also serves as a campaign platform for Democrats ahead of 2020. It has virtually no chance of passing the Senate.",center,center
House Intelligence Committee Republicans Demand Chairman Adam Schiff's Resignation,"Nine Republicans on the House Intelligence Committee are calling on Rep. Adam Schiff (D-Calif.) to resign over his comments about the Russia investigation. Schiff has maintained his strong belief that the Trump campaign colluded with Russia, after the nearly two-year probe came to an end last week.",center,left
House Intelligence Committee Republicans Demand Chairman Adam Schiff's Resignation,"Nine Republicans on the House Intelligence Committee are calling on Rep. Adam Schiff (D-Calif.) to resign over his comments about the Russia investigation. Schiff has maintained his strong belief that the Trump campaign colluded with Russia, after the nearly two-year probe came to an end.",center,left
House Intelligence Committee Republicans Demand Chairman Adam Schiff's Resignation,"Nine Republicans on the House Intelligence Committee are calling on Rep. Adam Schiff (D-Calif.) to resign over his comments about the Russia investigation. Schiff has maintained his strong belief that the Trump campaign colluded with Russia, after the probe came to an end last week.",center,left
House Intelligence Committee Republicans Demand Chairman Adam Schiff's Resignation,Rep. Adam Schiff (D-Calif.) has maintained his belief that the Trump campaign colluded with Russia. The GOP committee members accused Schiff of standing “at the center of a well-orchestrated media campaign’,center,right
House Intelligence Committee Republicans Demand Chairman Adam Schiff's Resignation,Rep. Adam Schiff (D-Calif.) has maintained his belief that the Trump campaign colluded with Russia. The GOP committee members accused Schiff of standing “at the center of a well-orchestrated media campaign”,center,right
House Intelligence Committee Republicans Demand Chairman Adam Schiff's Resignation,Rep. Adam Schiff (D-Calif.) has maintained his belief that the Trump campaign colluded with Russia. The nearly two-year probe came to an end last week without directly implicating the president.,center,right
House Intelligence Committee Republicans Demand Chairman Adam Schiff's Resignation,"Nine Republicans on the House Intelligence Committee are calling on Rep. Adam Schiff (D-Calif.) to resign. Schiff has maintained his belief that the Trump campaign colluded with Russia, after the nearly two-year probe came to an end last week without directly implicating the president.",center,center
House Intelligence Committee Republicans Demand Chairman Adam Schiff's Resignation,"Nine Republicans on the House Intelligence Committee are calling on Rep. Adam Schiff (D-Calif.) to resign. Schiff has maintained his belief that the Trump campaign colluded with Russia, after the nearly two-year probe came to an end last week.",center,center
House Intelligence Committee Republicans Demand Chairman Adam Schiff's Resignation,"Nine Republicans on the House Intelligence Committee are calling on Rep. Adam Schiff (D-Calif.) to resign. Schiff has maintained his belief that the Trump campaign colluded with Russia, after the nearly two-year probe came to an end.",center,center
Demands for Adam Schiff's Head Highlight Chasm That Only Widened With Mueller's Conclusion,"House Intelligence Committee held its first hearing since Robert S. Mueller III completed his report. Republicans demanded the resignation of the committee’s chairman, Rep. Adam B. Schiff. Republicans compared Mr. Schiff to Senator Joseph R. McCarthy.",center,left
Demands for Adam Schiff's Head Highlight Chasm That Only Widened With Mueller's Conclusion,"House Intelligence Committee held its first hearing since Robert S. Mueller III completed his report. Republicans demanded the resignation of the committee’s chairman, Representative Adam B. Schiff.",center,left
Demands for Adam Schiff's Head Highlight Chasm That Only Widened With Mueller's Conclusion,"House Intelligence Committee held its first hearing since Robert S. Mueller III completed his report. Republicans demanded the resignation of the committee’s chairman, Rep. Adam B. Schiff.",center,left
Demands for Adam Schiff's Head Highlight Chasm That Only Widened With Mueller's Conclusion,House Intelligence Committee held its first hearing since Robert S. Mueller III completed his report. Republicans moved en masse to demand the resignation of the committee’s chairman.,left,right
Demands for Adam Schiff's Head Highlight Chasm That Only Widened With Mueller's Conclusion,"House Intelligence Committee held its first hearing since Robert S. Mueller III completed his report. Republicans demanded the resignation of the committee’s chairman, Representative Adam B. Schiff.",center,right
Demands for Adam Schiff's Head Highlight Chasm That Only Widened With Mueller's Conclusion,House Intelligence Committee held its first hearing since Robert S. Mueller III completed his report. Republicans moved en masse to demand the resignation of the committee's chairman.,left,right
Demands for Adam Schiff's Head Highlight Chasm That Only Widened With Mueller's Conclusion,"Rep. Adam B. Schiff, D-California, is the chairman of the House Intelligence Committee. Republicans on the committee are demanding his resignation. They say he should resign because he has not seen the special counsel's report.",left,center
Demands for Adam Schiff's Head Highlight Chasm That Only Widened With Mueller's Conclusion,"Rep. Adam B. Schiff, D-California, is the chairman of the House Intelligence Committee. Republicans on the committee are demanding his resignation. They say he should resign for lying and leaking information.",left,center
Demands for Adam Schiff's Head Highlight Chasm That Only Widened With Mueller's Conclusion,"Rep. Adam B. Schiff, D-California, is the chairman of the House Intelligence Committee. Republicans on the committee are demanding his resignation.",left,center
Trump’s Border Wall Shutdown Continues Into A New Congress With A Democratic House,"The partial government shutdown is nearing the two-week mark. About 800,000 federal employees will miss their first paycheck on Jan. 11 unless Trump signs a spending bill.",center,left
Trump’s Border Wall Shutdown Continues Into A New Congress With A Democratic House,"The partial government shutdown is nearing the two-week mark. About 800,000 federal employees face real problems with their household finances.",center,left
Trump’s Border Wall Shutdown Continues Into A New Congress With A Democratic House,"The partial government shutdown is nearing the two-week mark. About 800,000 federal employees will miss their first paycheck on Jan. 11.",center,left
Trump’s Border Wall Shutdown Continues Into A New Congress With A Democratic House,"The partial government shutdown is nearing the two-week mark. About 800,000 federal employees will miss their first paycheck on Jan. 11. About a quarter of the government ran out of operating money at midnight Dec. 21.",center,right
Trump’s Border Wall Shutdown Continues Into A New Congress With A Democratic House,"The partial government shutdown is nearing the two-week mark. About 800,000 federal employees will miss their first paycheck on Jan. 11. About a quarter of the federal government ran out of money at midnight Dec. 21.",center,right
Trump’s Border Wall Shutdown Continues Into A New Congress With A Democratic House,"The partial government shutdown is nearing the two-week mark. About 800,000 federal employees will miss their first paycheck on Jan. 11. About a quarter of the federal government ran out of operating money at midnight.",center,right
Trump’s Border Wall Shutdown Continues Into A New Congress With A Democratic House,President Donald Trump said he would be “proud” to take responsibility for a government shutdown. Democrats emerged from the White House after 90 minutes unified on not giving in to Trump. About a quarter of the federal government ran out of operating money at midnight Dec. 21.,center,center
Trump’s Border Wall Shutdown Continues Into A New Congress With A Democratic House,"President Donald Trump said he would be “proud” to take responsibility for a government shutdown. Democrats emerged from the White House after 90 minutes, unified on not giving in to Trump. Senate Majority Leader Mitch McConnell said he will not take up legislation that Trump has not endorsed.",center,center
Trump’s Border Wall Shutdown Continues Into A New Congress With A Democratic House,"President Donald Trump said he would be “proud” to take responsibility for a government shutdown. Democrats emerged from the White House after 90 minutes, unified on not giving in to Trump. About a quarter of the federal government ran out of operating money at midnight Dec. 21.",center,center
Trump says he could keep shutdown going for months or years,President Trump and Democratic congressional leaders dug in Wednesday for a lengthy partial shutdown in a newly divided government. The president asked the congressional leaders to return to the White House on Friday to continue the talks.,center,left
Trump says he could keep shutdown going for months or years,President Trump and Democratic congressional leaders dug in Wednesday for a lengthy partial shutdown in a newly divided government. The president asked the congressional leaders to return to the White House on Friday.,center,left
Trump says he could keep shutdown going for months or years,President Trump and Democratic congressional leaders dug in Wednesday for a lengthy partial shutdown in a newly divided government.,center,left
Trump says he could keep shutdown going for months or years,President Trump and Democratic congressional leaders dug in Wednesday for a lengthy partial shutdown in a newly divided government. Mr. Trump made his case for a wall on the southwestern border and rejected Democrats’ proposals for reopening the government.,center,right
Trump says he could keep shutdown going for months or years,President Trump and Democratic congressional leaders dug in Wednesday for a lengthy partial shutdown in a newly divided government. Mr. Trump rejected Democrats’ proposals for reopening the government while the two sides ironed out their differences.,center,right
Trump says he could keep shutdown going for months or years,President Trump and Democratic congressional leaders dug in Wednesday for a lengthy partial shutdown in a newly divided government. Mr. Trump made his case for a wall on the southwestern border.,center,right
Trump says he could keep shutdown going for months or years,President Trump and Democratic congressional leaders dug in Wednesday for a lengthy partial shutdown in a newly divided government. A White House meeting — the first in 22 days — could not break an impasse over Mr. Trump's demands for billions of dollars for a border wall.,center,center
Trump says he could keep shutdown going for months or years,President Trump and Democratic congressional leaders dug in Wednesday for a lengthy partial shutdown in a newly divided government. Mr. Trump made his case for a wall on the southwestern border and rejected Democrats’ proposals for reopening the government.,center,center
Trump says he could keep shutdown going for months or years,President Trump and Democratic congressional leaders dug in Wednesday for a lengthy partial shutdown in a newly divided government. Mr. Trump rejected Democrats’ proposals for reopening the government while the two sides ironed out their differences.,center,center
Trump’s immigration offer brings sharp reactions from Dems and GOP,"President Trump offered Democrats a three-year extension of protections for 700,000 Deferred Action for Childhood Arrivals (DACA) recipients in exchange for $5.7 billion for a border wall. The president’s proposal was met with disdain from an array of top Democratic lawmakers.",center,left
Trump’s immigration offer brings sharp reactions from Dems and GOP,"President Trump offered Democrats a three-year extension of protections for 700,000 Deferred Action for Childhood Arrivals (DACA) recipients in exchange for $5.7 billion for a border wall. The president's proposal was met with disdain from an array of top Democratic lawmakers.",center,left
Trump’s immigration offer brings sharp reactions from Dems and GOP,"President Trump offered Democrats a three-year extension of protections for 700,000 Deferred Action for Childhood Arrivals (DACA) recipients in exchange for $5.7 billion for a border wall. The proposal was met with disdain from an array of top Democratic lawmakers.",center,left
Trump’s immigration offer brings sharp reactions from Dems and GOP,"President Trump offered Democrats a three-year extension of protections for 700,000 Deferred Action for Childhood Arrivals (DACA) recipients in exchange for $5.7 billion for a border wall. The president's proposal was met with disdain from an array of top Democratic lawmakers. Many used the same language in their critiques, accusing Trump of holding government and federal workers ""hostage""",center,right
Trump’s immigration offer brings sharp reactions from Dems and GOP,"President Trump offered Democrats a three-year extension of protections for 700,000 Deferred Action for Childhood Arrivals (DACA) recipients in exchange for $5.7 billion for a border wall. The president's proposal was met with disdain from an array of top Democratic lawmakers.",center,right
Trump’s immigration offer brings sharp reactions from Dems and GOP,"President Trump offered Democrats a three-year extension of protections for 700,000 Deferred Action for Childhood Arrivals (DACA) recipients in exchange for $5.7 billion for a border wall. The president's offer was met with disdain from an array of top Democratic lawmakers.",center,right
Trump’s immigration offer brings sharp reactions from Dems and GOP,"President Trump offered Democrats a three-year extension of protections for 700,000 Deferred Action for Childhood Arrivals (DACA) recipients in exchange for $5.7 billion for a border wall. The proposal was met with disdain from an array of top Democratic lawmakers. Many used the same language in their critiques, accusing Trump of holding government and federal workers ""hostage""",center,center
Trump’s immigration offer brings sharp reactions from Dems and GOP,"President Trump offered Democrats a three-year extension of protections for 700,000 Deferred Action for Childhood Arrivals (DACA) recipients in exchange for $5.7 billion for a border wall. The proposal was met with disdain from an array of top Democratic lawmakers. Many accused Trump of holding the government and federal workers ""hostage""",center,center
Trump’s immigration offer brings sharp reactions from Dems and GOP,"President Trump offered Democrats a three-year extension of protections for 700,000 Deferred Action for Childhood Arrivals (DACA) recipients in exchange for $5.7 billion for a border wall. The proposal was met with disdain from an array of top Democratic lawmakers.",center,center
"As Mueller findings released, 2020 Dems demand to see 'whole damn report'",2020 Democratic presidential candidates are calling for the full Robert Mueller report to be released. Attorney General William Barr released a short summary of the report on Sunday. Barr and Deputy Attorney General Rod Rosenstein concluded that the report did not contain sufficient evidence to establish that Trump committed obstruction of justice.,center,left
"As Mueller findings released, 2020 Dems demand to see 'whole damn report'",2020 Democratic presidential candidates are calling for the full Robert Mueller report to be released. Attorney General William Barr released a short summary of the report on Sunday. Barr and Deputy Attorney General Rod Rosenstein concluded that the report did not contain sufficient evidence to establish that President Trump committed obstruction of justice.,right,left
"As Mueller findings released, 2020 Dems demand to see 'whole damn report'",2020 Democratic presidential candidates are calling for the full Robert Mueller report to be released. Attorney General William Barr released a short summary of the report on Sunday. Barr and Deputy Attorney General Rod Rosenstein concluded that the report did not contain sufficient evidence to establish that Donald Trump committed obstruction of justice.,center,left
"As Mueller findings released, 2020 Dems demand to see 'whole damn report'",2020 Democrats are calling for the full Robert Mueller report to be released. Attorney General William Barr released a short summary of the report on Sunday. But the report found no evidence of collusion between the Trump campaign and Russia.,center,right
"As Mueller findings released, 2020 Dems demand to see 'whole damn report'",2020 Democrats are calling for the full Robert Mueller report to be released. Attorney General William Barr released a short summary of the report on Sunday. But the report found no evidence of collusion between the Trump campaign and the Russians.,center,right
"As Mueller findings released, 2020 Dems demand to see 'whole damn report'",2020 Democrats are calling for the full Robert Mueller report to be released. Attorney General William Barr released a short summary of the report on Sunday.,left,right
"As Mueller findings released, 2020 Dems demand to see 'whole damn report'",Mueller's report did not find evidence of collusion between Donald Trump's campaign and the Russian government. But 2020 Democratic presidential candidates are still calling for the full report to be released.,center,center
"As Mueller findings released, 2020 Dems demand to see 'whole damn report'",Mueller's report did not find evidence of collusion between Donald Trump's campaign and the Russian government. 2020 Democratic presidential candidates are calling for the full report to be made public.,center,center
"As Mueller findings released, 2020 Dems demand to see 'whole damn report'",Mueller's report did not find evidence of collusion between Donald Trump's campaign and the Russian government. 2020 Democratic presidential candidates are calling for the full report to be released.,center,center
Trump Declares National Emergency To Fund U.S.-Mexico Border Wall,President Donald Trump declared a national emergency at the southern U.S. border. The move gives Trump a chance to unilaterally seize funding to begin building his long-promised wall. Congress passed a government funding bill Thursday evening.,center,left
Trump Declares National Emergency To Fund U.S.-Mexico Border Wall,President Donald Trump declared a national emergency at the southern U.S. border. The move gives Trump a chance to unilaterally seize funding to begin building his long-promised wall.,center,left
Trump Declares National Emergency To Fund U.S.-Mexico Border Wall,President Donald Trump declared a national emergency at the southern U.S. border. The move gives Trump a chance to seize funding to begin building his long-promised wall.,center,left
Trump Declares National Emergency To Fund U.S.-Mexico Border Wall,President Donald Trump declared a national emergency at the southern U.S. border. He is trying to unilaterally seize funding to begin building his long-promised wall. The national emergency declaration gives Trump a chance to reroute other government money to fund the project.,center,right
Trump Declares National Emergency To Fund U.S.-Mexico Border Wall,President Donald Trump declared a national emergency at the southern U.S. border. He is trying to unilaterally seize funding to begin building his long-promised wall. The move sets up a legal battle that could tie up the president’s signature project.,center,right
Trump Declares National Emergency To Fund U.S.-Mexico Border Wall,President Donald Trump declared a national emergency at the southern U.S. border. He is trying to unilaterally seize funding to begin building his long-promised wall. The national emergency declaration gives Trump a chance to reroute other government money.,center,right
Trump Declares National Emergency To Fund U.S.-Mexico Border Wall,President Donald Trump declared a national emergency at the southern U.S. border. The move gives Trump a chance to reroute other government money to fund the project. It sets up a legal battle that could tie up the president's signature project.,center,center
Trump Declares National Emergency To Fund U.S.-Mexico Border Wall,President Donald Trump declared a national emergency at the southern U.S. border. The move gives Trump a chance to reroute other government money to fund the project. The national emergency declaration is almost certain to be challenged in court.,center,center
Trump Declares National Emergency To Fund U.S.-Mexico Border Wall,President Donald Trump declared a national emergency at the southern U.S. border. The move gives Trump a chance to reroute other government money to fund the project. Congress passed a government funding bill Thursday evening.,center,center
House Democrats Pass Landmark Campaign Finance And Voting Rights Reform Bill,"The For The People Act was Democrats’ top priority upon winning control of the House in the 2018 elections. It would dramatically expand voting access, create publicly funded House elections, enhance the transparency of money in politics, restore voting rights to millions of ex-felons and end partisan gerrymandering.",center,left
House Democrats Pass Landmark Campaign Finance And Voting Rights Reform Bill,"The For The People Act was Democrats’ top priority upon winning control of the House in the 2018 elections. It would dramatically expand voting access, create publicly funded House elections, enhance the transparency of money in politics and restore voting rights to millions of ex-felons.",center,left
House Democrats Pass Landmark Campaign Finance And Voting Rights Reform Bill,"The For The People Act was Democrats’ top priority upon winning control of the House in the 2018 elections. It would dramatically expand voting access, create publicly funded House elections and enhance the transparency of money in politics.",center,left
House Democrats Pass Landmark Campaign Finance And Voting Rights Reform Bill,"The For The People Act was Democrats’ top priority upon winning control of the House in the 2018 elections. It would dramatically expand voting access, create publicly funded House elections, enhance the transparency of money in politics, restore voting rights to millions of ex-felons and end partisan gerrymandering.",center,right
House Democrats Pass Landmark Campaign Finance And Voting Rights Reform Bill,"The For The People Act was Democrats’ top priority upon winning control of the House in the 2018 elections. It would dramatically expand voting access, create publicly funded House elections, enhance the transparency of money in politics and restore voting rights to millions of ex-felons.",center,right
House Democrats Pass Landmark Campaign Finance And Voting Rights Reform Bill,"The For The People Act was Democrats’ top priority upon winning control of the House in the 2018 elections. It would dramatically expand voting access, create publicly funded House elections, enhance the transparency of money in politics and end partisan gerrymandering.",center,right
House Democrats Pass Landmark Campaign Finance And Voting Rights Reform Bill,"The For The People Act was Democrats’ top priority upon winning control of the House in the 2018 elections. It would dramatically expand voting access, create publicly funded House elections, enhance the transparency of money in politics and restore voting rights to millions of ex-felons.",center,center
House Democrats Pass Landmark Campaign Finance And Voting Rights Reform Bill,"The For The People Act was Democrats’ top priority upon winning control of the House in the 2018 elections. It would dramatically expand voting access, create publicly funded House elections, enhance the transparency of money in politics and end partisan gerrymandering.",center,center
House Democrats Pass Landmark Campaign Finance And Voting Rights Reform Bill,"The For The People Act was Democrats’ top priority upon winning control of the House in the 2018 elections. It would dramatically expand voting access, create publicly funded House elections and enhance the transparency of money in politics.",center,center
FBI's show of force in Roger Stone arrest spurs criticism of Mueller tactics,President Trump's ex-adviser Roger Stone was arrested at his Florida home early Friday. The FBI's pre-dawn arrest prompted critics to once again question the tactics of Special Counsel Robert Mueller. A former U.S. attorney for the District of Columbia blasted the tactic as “outrageous”,right,left
FBI's show of force in Roger Stone arrest spurs criticism of Mueller tactics,President Trump's ex-adviser Roger Stone was arrested at his Florida home early Friday. The FBI's pre-dawn arrest prompted critics to once again question the tactics of Special Counsel Robert Mueller. A former U.S. attorney for the District of Columbia blasted the tactic as “outrageous’,right,left
FBI's show of force in Roger Stone arrest spurs criticism of Mueller tactics,"President Trump's ex-adviser Roger Stone was arrested at his Florida home early Friday. The FBI's pre-dawn arrest prompted critics to once again question the tactics of Special Counsel Robert Mueller. A former U.S. attorney for the District of Columbia blasted the tactic as ""outrageous""",right,left
FBI's show of force in Roger Stone arrest spurs criticism of Mueller tactics,President Trump's ex-adviser Roger Stone was arrested at his Florida home early Friday. The FBI's pre-dawn arrest of Stone prompted critics to once again question the tactics of Special Counsel Robert Mueller. More than a dozen special agents clad in tactical gear raided Stone's property Friday.,right,right
FBI's show of force in Roger Stone arrest spurs criticism of Mueller tactics,President Trump's ex-adviser Roger Stone was arrested at his Florida home early Friday. The FBI's pre-dawn arrest of Stone prompted critics to once again question the tactics of Special Counsel Robert Mueller. More than a dozen special agents clad in tactical gear raided Stone's property.,right,right
FBI's show of force in Roger Stone arrest spurs criticism of Mueller tactics,President Trump's ex-adviser Roger Stone was arrested at his Florida home early Friday. The FBI's pre-dawn arrest of Stone prompted critics to once again question the tactics of Special Counsel Robert Mueller.,right,right
FBI's show of force in Roger Stone arrest spurs criticism of Mueller tactics,"Roger Stone was arrested early Friday morning at his home in Fort Lauderdale, Florida. Stone was indicted by a federal grand jury a day earlier as part of Special Counsel Robert Mueller's investigation into Russian meddling and potential collusion with Trump campaign associates. Former U.S. attorney Joseph diGenova blasted the tactic as ""outrageous""",center,center
FBI's show of force in Roger Stone arrest spurs criticism of Mueller tactics,"Roger Stone was arrested early Friday morning at his home in Fort Lauderdale, Florida. Stone was indicted by a federal grand jury a day earlier as part of Special Counsel Robert Mueller's investigation into Russian meddling and potential collusion with Trump campaign associates.",center,center
FBI's show of force in Roger Stone arrest spurs criticism of Mueller tactics,"Roger Stone was arrested early Friday morning at his home in Fort Lauderdale, Florida. Stone was indicted by a federal grand jury a day earlier as part of Special Counsel Robert Mueller's investigation into Russian meddling in the 2016 election.",center,center
Trump Associate Roger Stone Indicted In Mueller Investigation,"Roger Stone, a longtime Republican strategist, is charged with obstruction of an official proceeding, false statements and witness tampering. FBI agents arrested him at his home in Fort Lauderdale, Florida, and he appeared in court later Friday. Stone worked on presidential campaigns for Nixon, Ronald Reagan, Bob Dole and others.",center,left
Trump Associate Roger Stone Indicted In Mueller Investigation,"Roger Stone, a longtime Republican strategist, is charged with obstruction of an official proceeding, false statements and witness tampering. FBI agents arrested him at his home in Fort Lauderdale, Florida, and he appeared in court later Friday. Stone worked on presidential campaigns for Nixon, Reagan, Dole and others.",center,left
Trump Associate Roger Stone Indicted In Mueller Investigation,"Roger Stone, a longtime Republican strategist, is charged with obstruction of an official proceeding, false statements and witness tampering. FBI agents arrested him at his home in Fort Lauderdale, Florida, and he appeared in court later Friday.",center,left
Trump Associate Roger Stone Indicted In Mueller Investigation,"Roger Stone, a longtime Republican strategist, was arrested early Friday on criminal charges. The charges include obstruction of an official proceeding, false statements and witness tampering. His attorney, Grant Smith, said in a statement that “there was no Russian collusion”",center,right
Trump Associate Roger Stone Indicted In Mueller Investigation,"Roger Stone, a longtime Republican strategist, was arrested early Friday on criminal charges. The charges include obstruction of an official proceeding, false statements and witness tampering. His attorney, Grant Smith, said in a statement that “there was no Russian collusion’",left,right
Trump Associate Roger Stone Indicted In Mueller Investigation,"Roger Stone, a longtime Republican strategist, was arrested early Friday on criminal charges. The charges include obstruction of an official proceeding, false statements and witness tampering. His attorney, Grant Smith, said “there was no Russian collusion”",left,right
Trump Associate Roger Stone Indicted In Mueller Investigation,"Roger Stone, a longtime Republican strategist, is charged with obstruction of an official proceeding, false statements and witness tampering. FBI agents arrested him at his home in Fort Lauderdale, Florida, and he appeared in court later Friday. He says he plans to plead not guilty to the charges, calling the investigation “politically motivated”",center,center
Trump Associate Roger Stone Indicted In Mueller Investigation,"Roger Stone, a longtime Republican strategist, is charged with obstruction of an official proceeding, false statements and witness tampering. FBI agents arrested him at his home in Fort Lauderdale, Florida, and he appeared in court later Friday. He says he plans to plead not guilty to the charges, calling the investigation “politically motivated’",center,center
Trump Associate Roger Stone Indicted In Mueller Investigation,"Roger Stone, a longtime Republican strategist, is charged with obstruction of an official proceeding, false statements and witness tampering. FBI agents arrested him at his home in Fort Lauderdale, Florida, and he appeared in court later Friday. He says he plans to plead not guilty to the charges, saying he was “falsely accused”",center,center
Nancy Pelosi Says Rashida Tlaib's 'Motherf**ker' Comment No Worse Than Trump,"Rep. Rashida Tlaib, a Muslim, became one of the first Muslim women in Congress on Thursday. She told a crowd of supporters at an event hosted by the progressive group MoveOn.com: “We’re gonna go in there, and we’ll impeach the motherfucker.”",center,left
Nancy Pelosi Says Rashida Tlaib's 'Motherf**ker' Comment No Worse Than Trump,"Rep. Rashida Tlaib, a Muslim, became one of the first Muslim women in Congress on Thursday. She told a crowd of supporters at an event hosted by the progressive group MoveOn.com that she would “impeach the motherfucker’",center,left
Nancy Pelosi Says Rashida Tlaib's 'Motherf**ker' Comment No Worse Than Trump,"Rep. Rashida Tlaib, a Muslim, became one of the first Muslim women in Congress on Thursday. She told a crowd of supporters at an event hosted by the progressive group MoveOn.com that she would “impeach that motherfucker’s”",left,left
Nancy Pelosi Says Rashida Tlaib's 'Motherf**ker' Comment No Worse Than Trump,"Rep. Rashida Tlaib, D-Michigan, became one of the first Muslim women in Congress on Thursday. She told a crowd of supporters at an event hosted by the progressive group MoveOn.com: “We’re gonna go in there, and we’'re gonna impeach the motherfucker’",center,right
Nancy Pelosi Says Rashida Tlaib's 'Motherf**ker' Comment No Worse Than Trump,"Rep. Rashida Tlaib, D-Michigan, became one of the first Muslim women in Congress on Thursday. She told a crowd of supporters at an event hosted by the progressive group MoveOn.com: “We’re gonna go in there, and we’'re gonna impeach the motherfucker”",center,right
Nancy Pelosi Says Rashida Tlaib's 'Motherf**ker' Comment No Worse Than Trump,"Rep. Rashida Tlaib, D-Michigan, became one of the first Muslim women in Congress on Thursday. She told a crowd of supporters at an event hosted by the progressive group MoveOn that she would “impeach that motherfucker’",center,right
Nancy Pelosi Says Rashida Tlaib's 'Motherf**ker' Comment No Worse Than Trump,Michigan Rep. Rashida Tlaib became the first Muslim woman in Congress on Thursday. She told a crowd at a progressive event that she would impeach President Donald Trump. House Speaker Nancy Pelosi said she doesn’t tell her colleagues what to say.,center,center
Nancy Pelosi Says Rashida Tlaib's 'Motherf**ker' Comment No Worse Than Trump,Michigan Rep. Rashida Tlaib became the first Muslim woman in Congress on Thursday. She told a crowd at a progressive event that she would impeach President Donald Trump. House Speaker Nancy Pelosi said she doesn’t tell her colleagues what to say. Trump responded on Twitter Friday morning.,center,center
Nancy Pelosi Says Rashida Tlaib's 'Motherf**ker' Comment No Worse Than Trump,Michigan Rep. Rashida Tlaib became the first Muslim woman in Congress on Thursday. She told a crowd at a progressive event that she would impeach President Donald Trump. House Speaker Nancy Pelosi said she was not upset over the comment.,center,center
Ocasio-Cortez defends Tlaib after impeachment remarks: ‘I got your back’,"Rep. Alexandria Ocasio-Cortez took a stand for fellow House freshman Rep. Rashida Tlaib on Saturday. The Democratic socialist lawmaker from New York accused the GOP of a having a double standard. On Friday, Tlaiber was videotaped vowing to impeach the president.",right,left
Ocasio-Cortez defends Tlaib after impeachment remarks: ‘I got your back’,Rep. Alexandria Ocasio-Cortez took a stand for fellow House freshman Rep. Rashida Tlaib on Saturday. The Democratic socialist lawmaker from New York accused the GOP of a having a double standard.,right,left
Ocasio-Cortez defends Tlaib after impeachment remarks: ‘I got your back’,Rep. Alexandria Ocasio-Cortez took a stand for fellow House freshman Rep. Rashida Tlaib on Saturday. The New York Democrat accused the GOP of a having a double standard.,right,left
Ocasio-Cortez defends Tlaib after impeachment remarks: ‘I got your back’,"Rep. Alexandria Ocasio-Cortez tweeted a vow to support fellow House freshman Rep. Rashida Tlaib, D-Mich. On Friday, Trump said he found Tlaiib’s comments “disgraceful” and thought she “dishonored herself”",center,right
Ocasio-Cortez defends Tlaib after impeachment remarks: ‘I got your back’,"Rep. Alexandria Ocasio-Cortez tweeted a vow to support fellow House freshman Rep. Rashida Tlaib, D-Mich. On Friday, Trump said he found Tlaiib’s comments “disgraceful” and thought she “dishonored herself’",center,right
Ocasio-Cortez defends Tlaib after impeachment remarks: ‘I got your back’,"Rep. Alexandria Ocasio-Cortez tweeted a vow to support fellow House freshman Rep. Rashida Tlaib, D-Mich. On Friday, Trump said he found Tlaiib’s comments “disgraceful’ and thought she “dishonored herself”",center,right
Ocasio-Cortez defends Tlaib after impeachment remarks: ‘I got your back’,"Rep. Alexandria Ocasio-Cortez tweeted a vow to support fellow House freshman Rep. Rashida Tlaib, D-Mich. The New York Democrat accused the GOP of a having a double standard. On Friday, Trump said he found the comments “disgraceful’ and thought she “dishonored herself”",center,center
Ocasio-Cortez defends Tlaib after impeachment remarks: ‘I got your back’,"Rep. Alexandria Ocasio-Cortez tweeted a vow to support fellow House freshman Rep. Rashida Tlaib, D-Mich. The New York Democrat accused the GOP of a having a double standard. On Friday, Trump said he found the comments “disgraceful’ and thought she “dishonored herself’",center,center
Ocasio-Cortez defends Tlaib after impeachment remarks: ‘I got your back’,"Rep. Alexandria Ocasio-Cortez tweeted a vow to support fellow House freshman Rep. Rashida Tlaib, D-Mich. The New York Democrat accused the GOP of a having a double standard. On Friday, Trump said he found the comments “disgraceful”",center,center
Trump Signs Bill Reopening Government for 3 Weeks in Surprise Retreat From Wall,President Trump signed a stopgap spending bill on Friday night. The plan includes none of the money for the wall that Mr. Trump had demanded. But the president indicated in a speech that his cease-fire may only be temporary.,center,left
Trump Signs Bill Reopening Government for 3 Weeks in Surprise Retreat From Wall,President Trump signed a stopgap spending bill on Friday night. The plan includes none of the money for the wall that Mr. Trump had demanded. But the president said he was ready to renew the confrontation or declare a national emergency.,center,left
Trump Signs Bill Reopening Government for 3 Weeks in Surprise Retreat From Wall,President Trump signed a stopgap spending bill on Friday night. The plan includes none of the money for the wall that Mr. Trump had demanded. But the president indicated that his cease-fire may only be temporary.,center,left
Trump Signs Bill Reopening Government for 3 Weeks in Surprise Retreat From Wall,President Trump signed a bill to reopen the government for three weeks. The plan includes none of the money for the wall that Mr. Trump had demanded. The president said that he was ready to renew the confrontation or declare a national emergency.,center,right
Trump Signs Bill Reopening Government for 3 Weeks in Surprise Retreat From Wall,President Trump signed a bill to reopen the government for three weeks. The plan includes none of the money for the wall that Mr. Trump had demanded. The president said he was ready to renew the confrontation or declare a national emergency.,center,right
Trump Signs Bill Reopening Government for 3 Weeks in Surprise Retreat From Wall,President Trump signed a bill to reopen the government for three weeks. The plan includes none of the money for the wall that Mr. Trump had demanded. But the president said he was ready to renew the confrontation or declare a national emergency.,center,right
Trump Signs Bill Reopening Government for 3 Weeks in Surprise Retreat From Wall,The president agreed to reopen the federal government for three weeks while negotiations continue over how to secure the nation’s southwestern border. The plan includes none of the money for the wall that Mr. Trump had demanded.,center,center
Trump Signs Bill Reopening Government for 3 Weeks in Surprise Retreat From Wall,The president agreed to reopen the federal government for three weeks while negotiations continue. The plan includes none of the money for the wall that Mr. Trump had demanded.,center,center
Trump Signs Bill Reopening Government for 3 Weeks in Surprise Retreat From Wall,The president agreed to reopen the federal government for three weeks while negotiations continue. The plan includes none of the money for the wall that Mr. Trump demanded.,center,center
"Trump Caves To Democrats, Agrees To Reopen Government Short-Term Without Border Wall","President Donald Trump announced Friday that he would sign a bill to reopen the government through Feb. 15. Federal employees will get back pay “very quickly or as soon as possible,” he said. The announcement comes on the 35th day of the longest shutdown in U.S. history.",center,left
"Trump Caves To Democrats, Agrees To Reopen Government Short-Term Without Border Wall","President Donald Trump announced Friday that he would sign a bill to reopen the government through Feb. 15. Federal employees will get back pay “very quickly or as soon as possible,’ he said. The announcement comes on the 35th day of the longest shutdown in U.S. history.",center,left
"Trump Caves To Democrats, Agrees To Reopen Government Short-Term Without Border Wall","President Donald Trump announced Friday that he would sign a bill to reopen the government through Feb. 15. Federal employees will get back pay “very quickly or as soon as possible,” he said. The announcement comes on the 35th day of the longest shutdown in United States history.",center,left
"Trump Caves To Democrats, Agrees To Reopen Government Short-Term Without Border Wall","President Donald Trump announced Friday that he would sign a bill to reopen the government for three weeks. Federal employees will get back pay “very quickly or as soon as possible,” he said. The Senate and House both passed a resolution to open the government through Feb. 15.",center,right
"Trump Caves To Democrats, Agrees To Reopen Government Short-Term Without Border Wall","President Donald Trump announced Friday that he would sign a bill to reopen the government for three weeks. Federal employees will get back pay “very quickly or as soon as possible,’ he said. The Senate and House both passed a resolution to open the government through Feb. 15.",center,right
"Trump Caves To Democrats, Agrees To Reopen Government Short-Term Without Border Wall","President Donald Trump announced Friday that he would sign a bill to reopen the government for three weeks. Federal employees will get back pay “very quickly or as soon as possible,” he said. The Senate and House both passed a resolution to reopen government through Feb. 15.",center,right
"Trump Caves To Democrats, Agrees To Reopen Government Short-Term Without Border Wall","President Donald Trump announced Friday that he would sign a bill to reopen the government through Feb. 15. Federal employees will get back pay “very quickly or as soon as possible,’ he said. The announcement comes on the 35th day of the longest shutdown in U.S. history.",center,center
"Trump Caves To Democrats, Agrees To Reopen Government Short-Term Without Border Wall","President Donald Trump announced Friday that he would sign a bill to reopen the government through Feb. 15. Federal employees will get back pay “very quickly or as soon as possible,’ he said. The announcement comes on the 35th day of the longest shutdown in United States history.",center,center
"Trump Caves To Democrats, Agrees To Reopen Government Short-Term Without Border Wall","President Donald Trump announced Friday that he would sign a bill to reopen the government through Feb. 15. Federal employees will get back pay “very quickly or as soon as possible,” he said. Trump said he is prepared to shut down the government again or issue a national emergency declaration.",center,center
Trump says he appreciates Mueller’s statement disputing BuzzFeed report,President Trump said he appreciates FBI special counsel Robert Mueller releasing a statement disputing parts of a BuzzFeed news report. The article claimed Trump directed Michael Cohen to lie to Congress about the timing of discussions over a proposed Trump Tower project in Moscow. Mueller’s team is investigating alleged Russian interference in the 2016 election.,right,left
Trump says he appreciates Mueller’s statement disputing BuzzFeed report,President Trump says he appreciates FBI special counsel Robert Mueller releasing a statement disputing parts of a BuzzFeed news report. The article claimed Trump directed Michael Cohen to lie to Congress about the timing of discussions over a proposed Trump Tower project in Moscow.,right,left
Trump says he appreciates Mueller’s statement disputing BuzzFeed report,President Trump said he appreciates FBI special counsel Robert Mueller releasing a statement disputing parts of a BuzzFeed news report. The report claimed Trump directed Michael Cohen to lie to Congress about the timing of discussions over a proposed Trump Tower project in Moscow.,right,left
Trump says he appreciates Mueller’s statement disputing BuzzFeed report,President Trump said he appreciates FBI special counsel releasing a statement disputing parts of a BuzzFeed news report claiming Trump directed Michael Cohen to lie to Congress about the timing of discussions over a proposed Trump Tower project in Moscow. The article said that Cohen’s testimony “marks a significant new frontier: It is the first known example of Trump explicitly telling a subordinate to lie directly about his own dealings with Russia”,right,right
Trump says he appreciates Mueller’s statement disputing BuzzFeed report,"President Trump said he appreciates FBI special counsel Robert Mueller releasing a statement disputing parts of a BuzzFeed news report claiming Trump directed Michael Cohen to lie to Congress about the timing of discussions over a proposed Trump Tower project in Moscow. BuzzFeed published the story on Thursday, citing two law enforcement officials who said Cohen acknowledged to Mueller’s office that he was told to lie.",right,right
Trump says he appreciates Mueller’s statement disputing BuzzFeed report,"President Trump said he appreciates FBI special counsel releasing a statement disputing parts of a BuzzFeed news report claiming Trump directed Michael Cohen to lie to Congress about the timing of discussions over a proposed Trump Tower project in Moscow. BuzzFeed published the story on Thursday, citing two law enforcement officials who said Cohen acknowledged to Mueller’s office that he was told to lie.",right,right
Trump says he appreciates Mueller’s statement disputing BuzzFeed report,"President Trump said he appreciates FBI special counsel releasing a statement disputing parts of a BuzzFeed news report claiming Trump directed Michael Cohen to lie to Congress about a proposed Trump Tower project in Moscow. BuzzFeed published the story on Thursday, citing two law enforcement officials who said Cohen acknowledged to Mueller’s office that he was told to lie.",right,center
Trump says he appreciates Mueller’s statement disputing BuzzFeed report,President Trump said he appreciates FBI special counsel Robert Mueller releasing a statement disputing parts of a BuzzFeed news report. The article claimed Trump directed Michael Cohen to lie to Congress about the timing of discussions over a proposed Trump Tower project in Moscow. Mueller’s team is investigating alleged Russian interference in the 2016 election.,right,center
Trump says he appreciates Mueller’s statement disputing BuzzFeed report,"President Trump said he appreciates FBI special counsel Robert Mueller releasing a statement disputing parts of a BuzzFeed news report. The article claimed Trump directed Michael Cohen to lie to Congress about the timing of discussions over a proposed Trump Tower project in Moscow. BuzzFeed published the story on Thursday, citing two law enforcement officials.",right,center
Democrats Demand Immediate Release Of Mueller Report,"Democrats want access to special counsel Robert Mueller’s investigation into Russian interference in the 2016 presidential election. In a joint letter from the chairs of six committees in the U.S. House of Representatives, Democrats wrote they expect Attorney General William Barr to make the report public.",center,left
Democrats Demand Immediate Release Of Mueller Report,Democrats want access to special counsel Robert Mueller’s investigation into Russian interference in the 2016 presidential election before President Trump has a chance to interfere.,center,left
Democrats Demand Immediate Release Of Mueller Report,Democrats want access to special counsel Robert Mueller’s investigation into Russian interference in the 2016 presidential election before President Donald Trump has a chance.,center,left
Democrats Demand Immediate Release Of Mueller Report,"Democrats want access to special counsel Robert Mueller’s investigation into Russian interference in the 2016 presidential election. In a joint letter from the chairs of six committees in the U.S. House of Representatives, Democrats wrote they expect the report to be made public immediately.",center,right
Democrats Demand Immediate Release Of Mueller Report,Democrats want access to special counsel Robert Mueller’s investigation into Russian interference in the 2016 presidential election before President Donald Trump has a chance to interfere.,center,right
Democrats Demand Immediate Release Of Mueller Report,Democrats want access to special counsel Robert Mueller’s investigation into Russian interference in the 2016 presidential election before President Donald Trump has a chance.,center,right
Democrats Demand Immediate Release Of Mueller Report,Democrats want access to special counsel Robert Mueller’s investigation into Russian interference in the 2016 presidential election before President Trump has a chance to interfere.,center,center
Democrats Demand Immediate Release Of Mueller Report,Democrats want access to special counsel Robert Mueller’s investigation into Russian interference in the 2016 presidential election before President Donald Trump has a chance.,center,center
Democrats Demand Immediate Release Of Mueller Report,Democrats want access to special counsel Robert Mueller’s investigation into Russian interference in the 2016 presidential election.,center,center
2020 Candidates Demand Full and Immediate Release of Mueller Report,"Democratic presidential candidates wasted no time Friday evening demanding the immediate public release of the long-awaited report from Robert S. Mueller III. Several said that Americans deserved to know any findings about President Trump, Russia and the 2016 election.",center,left
2020 Candidates Demand Full and Immediate Release of Mueller Report,"Democratic presidential candidates wasted no time Friday evening demanding the immediate public release of the long-awaited report from Robert S. Mueller III. Several said Americans deserved to know any findings about President Trump, Russia and the 2016 election.",center,left
2020 Candidates Demand Full and Immediate Release of Mueller Report,Democratic presidential candidates wasted no time Friday evening demanding the immediate public release of the long-awaited report from Robert S. Mueller III.,left,left
2020 Candidates Demand Full and Immediate Release of Mueller Report,"Democratic presidential candidates wasted no time Friday evening demanding the immediate public release of the long-awaited report. Several said Americans deserved to know any findings about President Trump, Russia and the 2016 election in order to form judgments.",center,right
2020 Candidates Demand Full and Immediate Release of Mueller Report,"Democratic presidential candidates wasted no time Friday evening demanding the immediate public release of the long-awaited report. Several said that Americans deserved to know any findings about President Trump, Russia and the 2016 election.",center,right
2020 Candidates Demand Full and Immediate Release of Mueller Report,"Democratic presidential candidates wasted no time Friday evening demanding the immediate public release of the long-awaited report. Several said Americans deserved to know any findings about President Trump, Russia and the 2016 election.",center,right
2020 Candidates Demand Full and Immediate Release of Mueller Report,"Democratic presidential candidates wasted no time Friday evening demanding the immediate public release of the long-awaited Mueller report. Several said Americans deserved to know any findings about President Trump, Russia and the 2016 election.",center,center
2020 Candidates Demand Full and Immediate Release of Mueller Report,"Democratic presidential candidates wasted no time Friday evening demanding the immediate public release of the Mueller report. Several said that Americans deserved to know any findings about President Trump, Russia and the 2016 election.",center,center
2020 Candidates Demand Full and Immediate Release of Mueller Report,Democratic presidential candidates wasted no time Friday evening demanding the immediate public release of the long-awaited report from Robert S. Mueller III.,left,center
Adam Schiff urged to step down as chairman by House Intelligence Committee Republicans,"Every Republican on the House Intelligence Committee demanded Rep. Adam Schiff step down as chairman Thursday morning. The lawmakers slammed Schiff for his claims in the media that there was “more than circumstantial evidence” of collusion between the Trump campaign and Russia. The letter follows the conclusion of Special Counsel Robert Mueller's Russia probe, which turned up no evidence of collusion.",right,left
Adam Schiff urged to step down as chairman by House Intelligence Committee Republicans,"Every Republican on the House Intelligence Committee demanded Rep. Adam Schiff step down as chairman Thursday morning. The lawmakers slammed Schiff for his claims in the media that there was'more than circumstantial evidence' of collusion between the Trump campaign and Russia. The letter follows the conclusion of Special Counsel Robert Mueller's Russia probe, which turned up no evidence of collusion during the 2016 presidential election.",right,left
Adam Schiff urged to step down as chairman by House Intelligence Committee Republicans,"Every Republican on the House Intelligence Committee demanded Rep. Adam Schiff step down as chairman Thursday morning. The lawmakers slammed Schiff for his claims in the media that there was'more than circumstantial evidence' of collusion between the Trump campaign and Russia. The letter follows the conclusion of Special Counsel Robert Mueller's Russia probe, which turned up no evidence of collusion.",right,left
Adam Schiff urged to step down as chairman by House Intelligence Committee Republicans,"Every Republican on the House Intelligence Committee demanded Rep. Adam Schiff step down as chairman over the California Democrat's repeated claims to have evidence of Trump-Russia collusion. The letter follows the conclusion of Special Counsel Robert Mueller's Russia probe, which turned up no evidence of collusion between Trump campaign members and Russia during the 2016 presidential election.",right,right
Adam Schiff urged to step down as chairman by House Intelligence Committee Republicans,"Every Republican on the House Intelligence Committee demanded Rep. Adam Schiff step down as chairman over the California Democrat’s repeated claims to have evidence of Trump-Russia collusion. The letter follows the conclusion of Special Counsel Robert Mueller's Russia probe, which turned up no evidence of collusion between Trump campaign members and Russia.",right,right
Adam Schiff urged to step down as chairman by House Intelligence Committee Republicans,"Every Republican on the House Intelligence Committee demanded Rep. Adam Schiff step down as chairman over the California Democrat's repeated claims to have evidence of Trump-Russia collusion. The letter follows the conclusion of Special Counsel Robert Mueller's Russia probe, which turned up no evidence of collusion between Trump campaign members and Russia.",right,right
Adam Schiff urged to step down as chairman by House Intelligence Committee Republicans,"Every Republican on the House Intelligence Committee demanded Rep. Adam Schiff step down as chairman Thursday. The lawmakers slammed Schiff for his claims in the media that there was'more than circumstantial evidence' of collusion between the Trump campaign and Russia. The letter follows the conclusion of Special Counsel Robert Mueller's Russia probe, which turned up no evidence of collusion.",right,center
Adam Schiff urged to step down as chairman by House Intelligence Committee Republicans,Every Republican on the House Intelligence Committee demanded Rep. Adam Schiff step down as chairman Thursday. The lawmakers slammed Schiff for his claims in the media that there was “more than circumstantial evidence” of collusion between the Trump campaign and Russia. They repeated their demand in person during a feisty hearing Thursday morning.,center,center
Adam Schiff urged to step down as chairman by House Intelligence Committee Republicans,Every Republican on the House Intelligence Committee demanded Rep. Adam Schiff step down as chairman Thursday. The lawmakers slammed Schiff for his claims in the media that there was'more than circumstantial evidence' of collusion between the Trump campaign and Russia. They repeated their demand in person during a hearing Thursday morning.,center,center
"Trump warns shutdown could last 'years,' says he may declare 'national emergency' to build border wall","President Trump met with congressional leaders in the Rose Garden on Friday. He stood firm on his demands for a border wall, saying it was necessary as the border is a ""dangerous, horrible disaster"" Senate Majority Leader Mitch McConnell said Trump agreed to designate staff to engage in negotiations with congressional leadership aides.",center,left
"Trump warns shutdown could last 'years,' says he may declare 'national emergency' to build border wall","President Trump met with congressional leaders in the Rose Garden on Friday. He stood firm on his demands for a border wall, saying it was necessary as the border is a ""dangerous, horrible disaster"" Senate Majority Leader Mitch McConnell said Trump agreed to designate staff to engage in negotiations this weekend.",center,left
"Trump warns shutdown could last 'years,' says he may declare 'national emergency' to build border wall","President Trump met with congressional leaders in the Rose Garden on Friday. He stood firm on his demands for a border wall, saying it was necessary as the border is a ""dangerous, horrible disaster"" Senate Minority Leader Chuck Schumer said Trump told them the partial government shutdown could last ""years""",right,left
"Trump warns shutdown could last 'years,' says he may declare 'national emergency' to build border wall","President Trump met with Democratic and Republican leaders of both chambers on Friday. Trump called the meeting ""productive"" and suggested the standoff could end soon -- or not. House Speaker Nancy Pelosi said the Democrats' view is that they cannot resolve the dispute until the government fully opens.",center,right
"Trump warns shutdown could last 'years,' says he may declare 'national emergency' to build border wall","President Trump met with Democratic and Republican leaders of both chambers on Friday. Trump called the meeting ""productive"" and suggested the standoff could end soon -- or not. House Speaker Nancy Pelosi said the Democrats' view is that they cannot resolve the funding dispute until government fully opens.",center,right
"Trump warns shutdown could last 'years,' says he may declare 'national emergency' to build border wall","President Trump met with Democratic and Republican leaders of both chambers on Friday. Trump called the meeting ""productive"" and suggested the standoff could end soon -- or not. Democrats were more dour in their assessment.",center,right
"Trump warns shutdown could last 'years,' says he may declare 'national emergency' to build border wall","President Trump says he could declare a ""national emergency"" to build a border wall. White House meeting with congressional leaders this week broke up with no apparent deal. House Speaker Nancy Pelosi says the Democrats' view is that they cannot resolve the funding dispute until the government fully opens.",center,center
"Trump warns shutdown could last 'years,' says he may declare 'national emergency' to build border wall","President Trump says he could declare a ""national emergency"" to build a border wall. White House meeting with congressional leaders this week broke up with no apparent deal. House Speaker Nancy Pelosi says Democrats' view is that they cannot resolve the funding dispute until the government fully opens.",center,center
"Trump warns shutdown could last 'years,' says he may declare 'national emergency' to build border wall","President Trump says he could declare a ""national emergency"" to build a border wall. White House meeting with congressional leaders this week broke up with no apparent deal. House Speaker Nancy Pelosi says Democrats' view is that they cannot resolve funding dispute until government fully opens.",center,center
Trump's 'Compromise' Immigration Offer To Democrats Includes Major Changes Restricting Asylum Law,"The bill would also cap the number of Central American minors who are allowed to apply for asylum each year at 50,000. The bill is likely to be defeated in the Senate.",center,left
Trump's 'Compromise' Immigration Offer To Democrats Includes Major Changes Restricting Asylum Law,"The bill would also cap the number of Central American minors who are allowed to apply for asylum each year at 50,000. The bill is likely to fail in the Senate.",center,left
Trump's 'Compromise' Immigration Offer To Democrats Includes Major Changes Restricting Asylum Law,"The bill would also cap the number of Central American minors who are allowed to apply for asylum each year at 50,000.",center,left
Trump's 'Compromise' Immigration Offer To Democrats Includes Major Changes Restricting Asylum Law,"The GOP bill would gut existing asylum laws for children and trafficking victims from Central America. It would also cap the number of Central American minors who are allowed to apply for asylum each year at 50,000.",center,right
Trump's 'Compromise' Immigration Offer To Democrats Includes Major Changes Restricting Asylum Law,"The GOP bill would also gut existing asylum laws for children and trafficking victims from Central America. The bill would ban asylum for Central American minors, including those who arrive at the border with their parents.",center,right
Trump's 'Compromise' Immigration Offer To Democrats Includes Major Changes Restricting Asylum Law,The GOP bill would gut existing asylum laws for children and trafficking victims from Central America. It would also cap the number of Central American minors who are allowed to apply for asylum each year.,center,right
Trump's 'Compromise' Immigration Offer To Democrats Includes Major Changes Restricting Asylum Law,The bill would also gut existing asylum laws for children and trafficking victims from Central America. It would also ban asylum for minors who present themselves at ports of entry and expand immigration detention. The bill is likely to be defeated in the Senate.,center,center
Trump's 'Compromise' Immigration Offer To Democrats Includes Major Changes Restricting Asylum Law,The bill would also gut existing asylum laws for children and trafficking victims from Central America. It would also ban asylum for minors who present themselves at ports of entry and expand immigration detention. The bill is likely to be rejected by the Senate.,center,center
Trump's 'Compromise' Immigration Offer To Democrats Includes Major Changes Restricting Asylum Law,The bill would also gut existing asylum laws for children and trafficking victims from Central America. It would also ban asylum for minors who present themselves at ports of entry and expand immigration detention. The bill is likely to be rejected by Democrats.,center,center
Trump Offers Temporary Protections for ‘Dreamers’ in Exchange for Wall Funding,"President Trump offered temporary protections for roughly 700,000 young undocumented immigrants in exchange for $5.7 billion in funding for a wall along the southern border. But the proposal appeared dead on arrival in the Capitol. Speaker Nancy Pelosi rejected it even before Mr. Trump spoke.",center,left
Trump Offers Temporary Protections for ‘Dreamers’ in Exchange for Wall Funding,"President Trump offered temporary protections for roughly 700,000 young undocumented immigrants in exchange for $5.7 billion in funding for a wall along the southern border. But the proposal appeared dead on arrival in the Capitol.",center,left
Trump Offers Temporary Protections for ‘Dreamers’ in Exchange for Wall Funding,"President Trump offered temporary protections for roughly 700,000 young undocumented immigrants in exchange for $5.7 billion in funding for a wall along the southern border. The proposal appeared dead on arrival in the Capitol.",center,left
Trump Offers Temporary Protections for ‘Dreamers’ in Exchange for Wall Funding,"President Trump offered temporary protections for roughly 700,000 young undocumented immigrants in exchange for $5.7 billion in funding for a wall along the southern border.",center,right
Trump Offers Temporary Protections for ‘Dreamers’ in Exchange for Wall Funding,"President Trump offered temporary protections for roughly 700,000 young undocumented immigrants in exchange for $5.7 billion for a wall along the southern border.",center,right
Trump Offers Temporary Protections for ‘Dreamers’ in Exchange for Wall Funding,"President Trump offered temporary protections for roughly 700,000 young undocumented immigrants in exchange for $5.7 billion in funding for a wall.",center,right
Trump Offers Temporary Protections for ‘Dreamers’ in Exchange for Wall Funding,"President Trump offered temporary protections for roughly 700,000 young undocumented immigrants in exchange for $5.7 billion in funding for a wall along the southern border. The proposal appeared dead on arrival in the Capitol.",center,center
Trump Offers Temporary Protections for ‘Dreamers’ in Exchange for Wall Funding,"President Trump offered temporary protections for roughly 700,000 young undocumented immigrants in exchange for $5.7 billion for a wall along the southern border. But the proposal appeared dead on arrival in the Capitol.",center,center
Trump Offers Temporary Protections for ‘Dreamers’ in Exchange for Wall Funding,"President Trump offered temporary protections for roughly 700,000 young undocumented immigrants in exchange for $5.7 billion in funding for a wall along the southern border.",center,center
Pipe Bomb Suspect Arrested in Southern Florida,"Cesar Sayoc Jr., 56, of Aventura, Florida, has been identified as the suspect. He has a lengthy criminal history in Florida dating back to 1991 that includes felony theft, drug and fraud charges.",center,left
Pipe Bomb Suspect Arrested in Southern Florida,"Cesar Sayoc Jr., 56, of Aventura, Florida, has been identified as the suspect. He has a lengthy criminal history in Florida dating back to 1991 that includes felony theft and drug charges.",center,left
Pipe Bomb Suspect Arrested in Southern Florida,"Cesar Sayoc Jr., 56, of Aventura, Florida, has been identified as the suspect. He has a lengthy criminal history in Florida dating back to 1991 that includes felony theft.",center,left
Pipe Bomb Suspect Arrested in Southern Florida,"Cesar Sayoc Jr., 56, of Aventura, Florida, has a lengthy criminal history in Florida dating back to 1991 that includes felony theft, drug and fraud charges. He has brown eyes, black hair and a scar on his left arm, the records said, and was born in New York. Mr. Trump praised law enforcement officials for quickly arresting a suspect.",center,right
Pipe Bomb Suspect Arrested in Southern Florida,"Cesar Sayoc Jr., 56, of Aventura, Florida, has a lengthy criminal history in Florida dating back to 1991 that includes felony theft, drug and fraud charges. He has brown eyes, black hair and a scar on his left arm, the records said, and was born in New York.",center,right
Pipe Bomb Suspect Arrested in Southern Florida,"Cesar Sayoc Jr., 56, of Aventura, Florida, has a lengthy criminal history in Florida dating back to 1991 that includes felony theft, drug and fraud charges. He has brown eyes, black hair and a scar on his left arm, the records said.",center,right
Pipe Bomb Suspect Arrested in Southern Florida,"Cesar Sayoc Jr., 56, of Aventura, Florida, has been identified as the suspect. He has a lengthy criminal history in Florida dating back to 1991 that includes felony theft, drug and fraud charges.",center,center
Pipe Bomb Suspect Arrested in Southern Florida,"Cesar Sayoc Jr., 56, of Aventura, Florida, has been identified as the suspect. He has a lengthy criminal history in Florida dating back to 1991, including felony theft and drug charges.",center,center
Pipe Bomb Suspect Arrested in Southern Florida,"Cesar Sayoc Jr., 56, of Aventura, Florida, has been identified as the suspect. He has a lengthy criminal history in Florida dating back to 1991 that includes felony theft.",center,center
Cesar Sayoc Identified As Mail Bomb Suspect,"Cesar Sayoc, 56, of South Florida was taken into custody on Friday, FBI Director Chris Wray confirmed. Sayoc has been charged with five federal crimes, including interstate transportation of an explosive, illegal mailing of explosives and assaulting current and former federal officers. A suspicious package was found Friday in Burlingame, California, addressed to Democratic donor Tom Steyer.",center,left
Cesar Sayoc Identified As Mail Bomb Suspect,"Cesar Sayoc, 56, of South Florida was taken into custody on Friday, FBI Director Chris Wray confirmed. Sayoc has been charged with five federal crimes, including interstate transportation of an explosive, illegal mailing of explosives and assaulting current and former federal officers. A suspicious package was also found Friday in Burlingame, California.",center,left
Cesar Sayoc Identified As Mail Bomb Suspect,"Cesar Sayoc, 56, of South Florida was taken into custody on Friday, FBI Director Chris Wray confirmed. Sayoc has been charged with five federal crimes, including interstate transportation of an explosive, illegal mailing of explosives and assaulting current and former federal officers.",center,left
Cesar Sayoc Identified As Mail Bomb Suspect,"Cesar Sayoc, 56, of South Florida was taken into custody on Friday, FBI Director Chris Wray confirmed at a press conference. Sayoc has been charged with five federal crimes, including interstate transportation of an explosive, illegal mailing of explosives and assaulting current and former federal officers.",center,right
Cesar Sayoc Identified As Mail Bomb Suspect,"Cesar Sayoc, 56, of South Florida was taken into custody on Friday, FBI Director Chris Wray confirmed at a press conference. Sayoc has been charged with five federal crimes, including interstate transportation of an explosive, illegal mailing of explosives, and assaulting current and former federal officers.",center,right
Cesar Sayoc Identified As Mail Bomb Suspect,"Cesar Sayoc, 56, of South Florida was taken into custody on Friday, FBI Director Chris Wray confirmed. Sayoc has been charged with five federal crimes, including interstate transportation of an explosive, illegal mailing of explosives and assaulting current and former federal officers.",center,right
Cesar Sayoc Identified As Mail Bomb Suspect,"Cesar Sayoc, 56, of South Florida was taken into custody on Friday, FBI Director Chris Wray confirmed. Sayoc has been charged with five federal crimes, including interstate transportation of an explosive, illegal mailing of explosives, and assaulting current and former federal officers. He faces up to 48 years in prison.",center,center
Cesar Sayoc Identified As Mail Bomb Suspect,"Cesar Sayoc, 56, of South Florida was taken into custody on Friday, FBI Director Chris Wray confirmed. Sayoc has been charged with five federal crimes, including interstate transportation of an explosive, illegal mailing of explosives and assaulting current and former federal officers. A suspicious package was also found Friday in Burlingame, California.",center,center
Cesar Sayoc Identified As Mail Bomb Suspect,"Cesar Sayoc, 56, of South Florida was taken into custody on Friday, FBI Director Chris Wray confirmed. Sayoc has been charged with five federal crimes, including interstate transportation of an explosive, illegal mailing of explosives and assaulting current and former federal officers.",center,center
Defense Secretary James Mattis to leave as of January 1; Trump taps Patrick Shanahan as acting secretary of defense,"President Trump announced Sunday that Defense Secretary James Mattis will be leaving the administration on January 1. It comes just days after Mattis' bombshell resignation letter made clear his policy disagreements with the White House. ""I am pleased to announce that our very talented Deputy Secretary of Defense, Patrick Shanahan, will assume the title of Acting Secretary,"" Trump said.",right,left
Defense Secretary James Mattis to leave as of January 1; Trump taps Patrick Shanahan as acting secretary of defense,President Trump announced Sunday that Defense Secretary James Mattis will be leaving the administration on January 1. It comes just days after Mattis' bombshell resignation letter made clear his policy disagreements with the White House. Deputy Secretary of Defense Patrick Shanahan will take over as acting secretary.,right,left
Defense Secretary James Mattis to leave as of January 1; Trump taps Patrick Shanahan as acting secretary of defense,President Trump announced Sunday that Defense Secretary James Mattis will be leaving the administration on January 1. It comes just days after Mattis' bombshell resignation letter made clear his policy disagreements with the White House.,right,left
Defense Secretary James Mattis to leave as of January 1; Trump taps Patrick Shanahan as acting secretary of defense,"Defense Secretary James Mattis will be leaving the administration on January 1, weeks earlier than planned. Mattis' resignation letter made clear his policy disagreements with the White House. Deputy Secretary of Defense, Patrick Shanahan, will assume the title of Acting Secretary.",center,right
Defense Secretary James Mattis to leave as of January 1; Trump taps Patrick Shanahan as acting secretary of defense,"Defense Secretary James Mattis will be leaving the administration on January 1, weeks earlier than planned. Mattis' resignation letter made clear his policy disagreements with the White House. Deputy Secretary of Defense Patrick Shanahan will take over as acting secretary.",center,right
Defense Secretary James Mattis to leave as of January 1; Trump taps Patrick Shanahan as acting secretary of defense,"Defense Secretary James Mattis will be leaving the administration on January 1, weeks earlier than planned. Mattis' resignation letter made clear his policy disagreements with the White House. Deputy Secretary of Defense Patrick Shanahan will assume the title of Acting Secretary.",center,right
Defense Secretary James Mattis to leave as of January 1; Trump taps Patrick Shanahan as acting secretary of defense,Trump announced Sunday that Defense Secretary James Mattis will be leaving the administration on January 1. Mattis' resignation letter made clear his policy disagreements with the White House. It was not immediately clear why Mattis' departure date was apparently moved up.,center,center
Defense Secretary James Mattis to leave as of January 1; Trump taps Patrick Shanahan as acting secretary of defense,"Defense Secretary James Mattis will be leaving the administration on January 1, weeks earlier than planned. Mattis is the first Cabinet official in 40 years to resign over a stated policy difference with the president. Deputy Secretary of Defense Patrick Shanahan will take over as acting secretary.",center,center
Defense Secretary James Mattis to leave as of January 1; Trump taps Patrick Shanahan as acting secretary of defense,"Defense Secretary James Mattis will be leaving the administration on January 1, weeks earlier than planned. Mattis is the first Cabinet official in 40 years to resign over a stated policy difference with the president.",center,center
"F.B.I. Agent Peter Strzok, Who Criticized Trump in Texts, Is Fired","Peter Strzok, a senior F.B.I. counterintelligence agent, was fired for violating bureau policies. Mr. Trump and his allies seized on the texts in assailing the Russia investigation as an illegitimate “witch hunt.",center,left
"F.B.I. Agent Peter Strzok, Who Criticized Trump in Texts, Is Fired","Peter Strzok, a senior F.B.I. counterintelligence agent, was fired for violating bureau policies. Mr. Trump and his allies seized on the texts in assailing the Russia investigation as an illegitimate ""witch hunt""",center,left
"F.B.I. Agent Peter Strzok, Who Criticized Trump in Texts, Is Fired","Peter Strzok, a senior F.B.I. counterintelligence agent, was fired for violating bureau policies. Mr. Trump and his allies seized on the texts in assailing the Russia investigation.",center,left
"F.B.I. Agent Peter Strzok, Who Criticized Trump in Texts, Is Fired","Peter Strzok, a senior F.B.I. counterintelligence agent, has been fired for violating bureau policies. Mr. Trump and his allies seized on the texts in assailing the Russia investigation as an illegitimate “witch hunt.",center,right
"F.B.I. Agent Peter Strzok, Who Criticized Trump in Texts, Is Fired","Peter Strzok, a senior F.B.I. counterintelligence agent, was fired for violating bureau policies. Mr. Trump and his allies seized on the texts in assailing the Russia investigation as an illegitimate “witch hunt.",center,right
"F.B.I. Agent Peter Strzok, Who Criticized Trump in Texts, Is Fired","Peter Strzok, a senior F.B.I. counterintelligence agent, has been fired for violating bureau policies. Mr. Trump and his allies seized on the texts in assailing the Russia investigation.",center,right
"F.B.I. Agent Peter Strzok, Who Criticized Trump in Texts, Is Fired","Peter Strzok, a senior F.B.I. counterintelligence agent, was fired for violating bureau policies. Mr. Trump and his allies seized on the texts in assailing the Russia investigation as an illegitimate “witch hunt.",center,center
"F.B.I. Agent Peter Strzok, Who Criticized Trump in Texts, Is Fired","Peter Strzok, a senior F.B.I. counterintelligence agent, was fired for violating bureau policies. Mr. Trump and his allies seized on the texts in assailing the Russia investigation as an illegitimate ""witch hunt""",center,center
"F.B.I. Agent Peter Strzok, Who Criticized Trump in Texts, Is Fired","Peter Strzok, a senior F.B.I. counterintelligence agent, was fired for violating bureau policies. Mr. Trump and his allies seized on the texts in assailing the Russia investigation.",center,center
FBI Agent Peter Strzok Fired Over Anti-Trump Text Messages,"FBI Special Agent Peter Strzok has been fired from the bureau, his attorney says. He was taken off special counsel Robert Mueller’s team after his texts disparaging President Donald Trump were discovered. The decision contradicts FBI Director Chris Wray's earlier guarantee that the bureau would follow its regular process.",center,left
FBI Agent Peter Strzok Fired Over Anti-Trump Text Messages,"FBI Special Agent Peter Strzok has been fired from the bureau, his attorney says. He was taken off special counsel Robert Mueller’s team after his texts disparaging President Donald Trump were discovered. The decision contradicts FBI Director Chris Wray's earlier guarantee that the bureau would follow its regular process, lawyer says.",center,left
FBI Agent Peter Strzok Fired Over Anti-Trump Text Messages,"FBI Special Agent Peter Strzok has been fired from the bureau, his attorney says. He was taken off special counsel Robert Mueller’s team after his texts disparaging President Donald Trump were discovered. The decision was made despite the recommendations of a career FBI official.",center,left
FBI Agent Peter Strzok Fired Over Anti-Trump Text Messages,"FBI Special Agent Peter Strzok has been fired from the bureau, his attorney says. The decision contradicts FBI Director Chris Wray’s earlier guarantee that the bureau would follow its regular process, he says.",center,right
FBI Agent Peter Strzok Fired Over Anti-Trump Text Messages,"FBI Special Agent Peter Strzok has been fired from the bureau, his attorney says. The decision contradicts FBI Director Chris Wray’s earlier guarantee that the bureau would follow its regular process, the lawyer says.",center,right
FBI Agent Peter Strzok Fired Over Anti-Trump Text Messages,"FBI Special Agent Peter Strzok has been fired from the bureau, his attorney says. The decision contradicts FBI Director Chris Wray’s earlier guarantee that the bureau would follow its regular process.",center,right
FBI Agent Peter Strzok Fired Over Anti-Trump Text Messages,"FBI Special Agent Peter Strzok has been fired from the bureau, his attorney says. The decision contradicts FBI Director Chris Wray’s earlier guarantee that the bureau would follow its regular process, the lawyer says.",center,center
FBI Agent Peter Strzok Fired Over Anti-Trump Text Messages,"FBI Special Agent Peter Strzok has been fired from the bureau, his attorney says. The decision contradicts FBI Director Chris Wray’s earlier guarantee that the bureau would follow its regular process.",center,center
FBI Agent Peter Strzok Fired Over Anti-Trump Text Messages,"FBI Special Agent Peter Strzok has been fired from the bureau, his attorney says. The decision contradicts FBI Director Chris Wray’s earlier guarantee that the bureau would follow its regular process, lawyer says.",right,center
President Wants to Use Executive Order to End Birthright Citizenship,"President Trump said he was preparing an executive order that would nullify the long-accepted constitutional guarantee of birthright citizenship in the United States. At least 30 other countries, including Canada, Mexico and many others in the Western Hemisphere, grant automatic birth right citizenship.",center,left
President Wants to Use Executive Order to End Birthright Citizenship,"President Trump said he was preparing an executive order that would nullify the long-accepted constitutional guarantee of birthright citizenship in the United States. At least 30 other countries, including Canada, Mexico and many others in the Western Hemisphere, grant automatic birthright Citizenship.",center,left
President Wants to Use Executive Order to End Birthright Citizenship,"President Trump said he was preparing an executive order that would nullify the long-accepted constitutional guarantee of birthright citizenship in the United States. At least 30 other countries, including Canada, Mexico and many others in the Western Hemisphere, grant automatic citizenship.",center,left
President Wants to Use Executive Order to End Birthright Citizenship,President Trump said he was preparing an executive order that would nullify the long-accepted constitutional guarantee of birthright citizenship in the United States. Mr. Trump’s plan met with swift pushback from some even in his own party on Tuesday.,center,right
President Wants to Use Executive Order to End Birthright Citizenship,"President Trump said he was preparing an executive order that would nullify the long-accepted constitutional guarantee of birthright citizenship in the United States. At least 30 other countries, including Canada, Mexico and many others in the Western Hemisphere, grant automatic birth right citizenship.",center,right
President Wants to Use Executive Order to End Birthright Citizenship,President Trump said he was preparing an executive order that would nullify the long-accepted constitutional guarantee of birthright citizenship in the United States. Mr. Trump's plan met with swift pushback from some even in his own party on Tuesday.,center,right
President Wants to Use Executive Order to End Birthright Citizenship,President Trump said he was preparing an executive order that would nullify the long-accepted constitutional guarantee of birthright citizenship in the United States. The plan met with swift pushback from some even in his own party on Tuesday.,center,center
President Wants to Use Executive Order to End Birthright Citizenship,President Trump said he was preparing an executive order that would nullify the long-accepted constitutional guarantee of birthright citizenship in the United States. His plan met with swift pushback from some even in his own party on Tuesday.,center,center
President Wants to Use Executive Order to End Birthright Citizenship,President Trump said he was preparing an executive order that would nullify the long-accepted constitutional guarantee of birthright citizenship in the United States. The plan met with swift pushback from some even in his own party.,center,center
Donald Trump Vows To End Birthright Citizenship,"CNN, other news outlets offer opinions on whether the move would be good or bad for the U.S. economy. Some experts say it would be outside the bounds of the president’s authority to change the law. Others say the law would require the president to act through an executive order. Some Republicans say doing so would be a violation of the Constitution.",center,left
Donald Trump Vows To End Birthright Citizenship,"CNN, other news outlets offer opinions on whether the move would be good or bad for the U.S. economy. Some experts say it would be outside the bounds of the president’s authority to change the law. Others say the law would require the president to act through an executive order. Some Republicans say doing so would be a violation of federal law.",center,left
Donald Trump Vows To End Birthright Citizenship,"CNN, other news outlets offer opinions on whether the move would be good or bad for the U.S. economy. Some experts say it would be outside the bounds of the president’s authority to change the law. Others say the law would require the president to act through an executive order to change it.",center,left
Donald Trump Vows To End Birthright Citizenship,"President Donald Trump said he’s considering an executive order to remove the right to citizenship for babies born in the U.S. to parents who aren’t citizens. A right enshrined in the 14th Amendment that could likely be changed only through a constitutional amendment, he said. “This is a transparent and blatantly unconstitutional attempt to sow division and fan the flames of anti-immigrant hatred”",center,right
Donald Trump Vows To End Birthright Citizenship,"President Donald Trump said he’s considering an executive order to remove the right to citizenship for babies born in the U.S. to parents who aren’t citizens. A right enshrined in the 14th Amendment that could likely be changed only through a constitutional amendment, he said.",center,right
Donald Trump Vows To End Birthright Citizenship,President Donald Trump said he’s considering an executive order to remove the right to citizenship for babies born in the U.S. to parents who aren’t citizens. A right enshrined in the 14th Amendment that could likely be changed only through a constitutional amendment.,center,right
Donald Trump Vows To End Birthright Citizenship,"CNN’s David Rothkopf: “All babies born in the U.S. are American citizens under the 14th Amendment, which cannot be changed by presidential order.” “It was always told to me that you needed a constitutional amendment, but now they’re saying I can do it just with an executive order,” Trump said. “This is a transparent and blatantly unconstitutional attempt to sow division and fan the flames of anti-immigrant hatred in the days ahead of the midterms”",center,center
Donald Trump Vows To End Birthright Citizenship,"CNN’s David Rothkopf: “All babies born in the U.S. are American citizens under the 14th Amendment, which cannot be changed by presidential order.” “It was always told to me that you needed a constitutional amendment, but now they’re saying I can do it just with an executive order,” Trump said. “This is a transparent and blatantly unconstitutional attempt to sow division and fan the flames of anti-immigrant hatred”",center,center
Donald Trump Vows To End Birthright Citizenship,"CNN’s David Rothkopf: “All babies born in the U.S. are American citizens under the 14th Amendment, which cannot be changed by presidential order.” “It was always told to me that you needed a constitutional amendment, but now they’re saying I can do it just with an executive order,” Trump said.",center,center
"Democrats urge Trump to cancel Putin summit, after indictment of Russian intel officers","Top Democrats pressured President Trump to consider cancelling his upcoming summit with Vladimir Putin. 12 Russian intelligence officers were indicted for allegedly hacking party emails in 2016. Sen. Mark Warner, top Democrat on the Senate Intelligence Committee, offered Trump an ultimatum.",right,left
"Democrats urge Trump to cancel Putin summit, after indictment of Russian intel officers",Top Democrats pressured President Trump to consider cancelling his upcoming summit with Vladimir Putin. They came after a dozen Russian intelligence officers were indicted for allegedly hacking party emails in 2016.,right,left
"Democrats urge Trump to cancel Putin summit, after indictment of Russian intel officers",Top Democrats pressured President Trump to consider cancelling his upcoming summit with Vladimir Putin. 12 Russian intelligence officers were indicted for allegedly hacking party emails in 2016.,right,left
"Democrats urge Trump to cancel Putin summit, after indictment of Russian intel officers",Top Democrats call on President Trump to call off meeting with Russian President Vladimir Putin. The move comes after 12 Russian intelligence officers were indicted for allegedly hacking party emails in 2016.,right,right
"Democrats urge Trump to cancel Putin summit, after indictment of Russian intel officers",Top Democrats call on President Trump to call off meeting with Russian President Vladimir Putin. The move comes after a dozen Russian intelligence officers were indicted for allegedly hacking emails in 2016.,right,right
"Democrats urge Trump to cancel Putin summit, after indictment of Russian intel officers",Top Democrats call on President Trump to call off meeting with Russian President Vladimir Putin. The move comes after a dozen Russian intelligence officers were indicted for allegedly hacking party emails.,right,right
"Democrats urge Trump to cancel Putin summit, after indictment of Russian intel officers",Top Democrats call on President Trump to call off meeting with Vladimir Putin. 12 Russian intelligence officers are accused of hacking emails from the Hillary Clinton campaign and Democratic Party.,right,center
"Democrats urge Trump to cancel Putin summit, after indictment of Russian intel officers",Top Democrats call on President Trump to call off meeting with Vladimir Putin. 12 Russian intelligence officers were indicted for allegedly hacking party emails in 2016.,center,center
"Democrats urge Trump to cancel Putin summit, after indictment of Russian intel officers",Top Democrats call on President Trump to call off meeting with Vladimir Putin. 12 Russian intelligence officers were indicted Friday for allegedly hacking party emails in 2016.,center,center
Texas Congressman Who Settled Harassment Case With Taxpayer Funds Resigns,"Representative Blake Farenthold used $84,000 in taxpayer funds to settle a sexual harassment case with his former communications director. In December, he said that he would not run for re-election amid scrutiny over the payment.",center,left
Texas Congressman Who Settled Harassment Case With Taxpayer Funds Resigns,"Representative Blake Farenthold used $84,000 in taxpayer funds to settle a sexual harassment case with his former communications director. In December, he said he would not run for re-election amid scrutiny over the payment.",center,left
Texas Congressman Who Settled Harassment Case With Taxpayer Funds Resigns,"Representative Blake Farenthold used $84,000 in taxpayer funds to settle a sexual harassment case with his former communications director. In December, he said that he would not run for re-election amid scrutiny.",center,left
Texas Congressman Who Settled Harassment Case With Taxpayer Funds Resigns,"Representative Blake Farenthold used $84,000 in taxpayer funds to settle a sexual harassment case with his former communications director. In December, he said that he would not run for re-election amid scrutiny over the payment and accusations from other aides.",center,right
Texas Congressman Who Settled Harassment Case With Taxpayer Funds Resigns,"Representative Blake Farenthold used $84,000 in taxpayer funds to settle a sexual harassment case with his former communications director. In December, he said that he would not run for re-election amid scrutiny over the payment.",center,right
Texas Congressman Who Settled Harassment Case With Taxpayer Funds Resigns,"Representative Blake Farenthold used $84,000 in taxpayer funds to settle a sexual harassment case with his former communications director. In December, he said he would not run for re-election amid scrutiny over the payment.",center,right
Texas Congressman Who Settled Harassment Case With Taxpayer Funds Resigns,"Representative Blake Farenthold used $84,000 in taxpayer funds to settle a sexual harassment case with his former communications director. In December, he said that he would not run for re-election amid scrutiny over the payment.",center,center
Texas Congressman Who Settled Harassment Case With Taxpayer Funds Resigns,"Representative Blake Farenthold used $84,000 in taxpayer funds to settle a sexual harassment case with his former communications director. He said in December that he would not run for re-election amid scrutiny over the payment.",center,center
Texas Congressman Who Settled Harassment Case With Taxpayer Funds Resigns,"Representative Blake Farenthold used $84,000 in taxpayer funds to settle a sexual harassment case with his former communications director. In December, he said that he would not run for re-election amid scrutiny.",center,center
GOP Rep. Blake Farenthold Resigns After Sexual Harassment Allegations,Rep. Blake Farenthold (R-Texas) announced his resignation in a statement and accompanying video. The four-term congressman used taxpayer money to settle a sexual harassment lawsuit his former communications director filed in 2014. He has repeatedly denied the accusations.,center,left
GOP Rep. Blake Farenthold Resigns After Sexual Harassment Allegations,Rep. Blake Farenthold (R-Texas) announced his resignation in a statement and accompanying video. The four-term congressman used taxpayer money to settle a sexual harassment lawsuit his former communications director filed in 2014. He has repeatedly denied the allegations.,center,left
GOP Rep. Blake Farenthold Resigns After Sexual Harassment Allegations,Rep. Blake Farenthold (R-Texas) announced his resignation in a statement and accompanying video. The four-term congressman used taxpayer money to settle a sexual harassment lawsuit his former communications director had filed in 2014.,center,left
GOP Rep. Blake Farenthold Resigns After Sexual Harassment Allegations,"Rep. Blake Farenthold (R-Texas) announced his resignation Friday in a statement and accompanying video. The four-term congressman used $84,000 in taxpayer funds to settle a sexual harassment lawsuit his former communications director, Lauren Greene, had filed in 2014. He has repeatedly denied the accusations.",center,right
GOP Rep. Blake Farenthold Resigns After Sexual Harassment Allegations,"Rep. Blake Farenthold (R-Texas) announced his resignation Friday in a statement and accompanying video. The four-term congressman used $84,000 in taxpayer funds to settle a sexual harassment lawsuit his former communications director, Lauren Greene, had filed in 2014. He has repeatedly denied the allegations.",center,right
GOP Rep. Blake Farenthold Resigns After Sexual Harassment Allegations,"Rep. Blake Farenthold (R-Texas) announced his resignation Friday in a statement and accompanying video. The four-term congressman used $84,000 in taxpayer funds to settle a sexual harassment lawsuit his former communications director, Lauren Greene, had filed in 2014.",center,right
GOP Rep. Blake Farenthold Resigns After Sexual Harassment Allegations,"Rep. Blake Farenthold (R-Texas) used taxpayer money to settle a sexual harassment lawsuit, Politico reported in December. The four-term congressman has repeatedly denied the allegations. He announced his resignation Friday in a statement and accompanying video.",center,center
GOP Rep. Blake Farenthold Resigns After Sexual Harassment Allegations,"Rep. Blake Farenthold (R-Texas) used taxpayer money to settle a sexual harassment lawsuit, Politico reported in December. The four-term congressman has repeatedly denied the allegations. He announced his resignation in a statement and accompanying video.",center,center
GOP Rep. Blake Farenthold Resigns After Sexual Harassment Allegations,"Rep. Blake Farenthold (R-Texas) used taxpayer money to settle a sexual harassment lawsuit, Politico reported in December. The four-term congressman has repeatedly denied the allegations. He announced his resignation in a statement and accompanying video Friday.",center,center
Trump says 'too many voices are being destroyed' by social media censorship,President Trump said Saturday that social media tech giants are discriminating against conservatives. Facebook and Twitter have been under fire for allegedly censoring conservative accounts. Trump said that his administration would not allow that to happen.,right,left
Trump says 'too many voices are being destroyed' by social media censorship,President Trump said Saturday that social media tech giants are discriminating against conservatives. Facebook and Twitter have been under fire for allegedly censoring conservative accounts. Trump said that his administration would not allow this to happen.,right,left
Trump says 'too many voices are being destroyed' by social media censorship,President Trump said Saturday that social media tech giants are discriminating against conservatives. Facebook and Twitter have been under fire for allegedly censoring conservative accounts. Trump said that his administration would not allow such discrimination.,right,left
Trump says 'too many voices are being destroyed' by social media censorship,"President Trump took to Twitter on Saturday to criticize social media tech giants. He accused Facebook and Twitter of ""discriminating"" against conservatives. The tech giants have been under fire for allegedly censoring conservative accounts.",right,right
Trump says 'too many voices are being destroyed' by social media censorship,"President Trump took to Twitter on Saturday to criticize social media tech giants. He accused Facebook and Twitter of ""discriminating"" against Republicans and conservatives.",right,right
Trump says 'too many voices are being destroyed' by social media censorship,President Trump says social media sites are discriminating against conservatives and Republicans. Facebook and Twitter have been under fire for allegedly censoring conservative accounts.,right,right
Trump says 'too many voices are being destroyed' by social media censorship,"President Trump took aim at social media tech giants for ""discriminating"" against Republicans and conservatives. Both Facebook and Twitter have been under fire for allegedly censoring accounts. Trump in the past has referred to alleged “shadow banning” by Twitter as “discriminatory and illegal”",right,center
Trump says 'too many voices are being destroyed' by social media censorship,"President Trump took aim at social media tech giants for ""discriminating"" against Republicans and conservatives. Both Facebook and Twitter have been under fire for allegedly censoring accounts, while ignoring rules violations by liberal and left-wing users.",right,center
Trump says 'too many voices are being destroyed' by social media censorship,"President Trump took aim at social media tech giants for ""discriminating"" against Republicans and conservatives. Both Facebook and Twitter have been under fire for allegedly censoring accounts, while ignoring rules violations by left-wing users.",right,center
"Trump Attacks Justice Department As 'Deep State,' Calls For Jailing Top Clinton Aide","President Donald Trump is lashing out at former Clinton aide Huma Abedin, apparently in response to Abedin emails released by the State Department on Friday. Abedin reportedly forwarded State Department emails, including some that contained passwords, to a personal account. Trump also said in his tweet that the Justice Department must act on “Comey and others,” a reference to former FBI Director James Comey.",center,left
"Trump Attacks Justice Department As 'Deep State,' Calls For Jailing Top Clinton Aide","President Donald Trump is lashing out at former Clinton aide Huma Abedin, apparently in response to Abedin emails released by the State Department on Friday. Abedin reportedly forwarded State Department emails, including some that contained passwords, to a personal account. Trump also said in his tweet that the Justice Department must act on “Comey and others,’ a reference to former FBI Director James Comey.",center,left
"Trump Attacks Justice Department As 'Deep State,' Calls For Jailing Top Clinton Aide","President Donald Trump is lashing out at former Clinton aide Huma Abedin, apparently in response to Abedin emails released by the State Department on Friday. Abedin reportedly forwarded State Department emails, including some that contained passwords, to a personal account. Trump also said in his tweet that the Justice Department must act on ‘Comey and others,’ a reference to former FBI Director James Comey.",center,left
"Trump Attacks Justice Department As 'Deep State,' Calls For Jailing Top Clinton Aide","Trump tweets about former Clinton aide Huma Abedin, apparently in response to Abedin emails released by the State Department on Friday. The emails were uncovered during the 2016 presidential campaign. Abedin reportedly forwarded State Department emails, including some that contained passwords, to a personal account.",center,right
"Trump Attacks Justice Department As 'Deep State,' Calls For Jailing Top Clinton Aide","Trump tweets about former Clinton aide Huma Abedin, apparently in response to Abedin emails released by the State Department on Friday. Abedin reportedly forwarded State Department emails, including some that contained passwords, to a personal account.",center,right
"Trump Attacks Justice Department As 'Deep State,' Calls For Jailing Top Clinton Aide","Trump tweets about former Clinton aide Huma Abedin, apparently in response to Abedin emails released by the State Department. Abedin reportedly forwarded State Department emails, including some that contained passwords, to a personal account.",center,right
"Trump Attacks Justice Department As 'Deep State,' Calls For Jailing Top Clinton Aide",President Donald Trump says a top aide to Hillary Clinton should be jailed. He also says the Justice Department must act on former FBI Director James Comey. Trump has repeatedly sought to undermine his Justice Department.,center,center
"Trump Attacks Justice Department As 'Deep State,' Calls For Jailing Top Clinton Aide",President Donald Trump says a top aide to Hillary Clinton should be jailed. He also says the Justice Department must act on former FBI Director James Comey.,right,center
"Trump Attacks Justice Department As 'Deep State,' Calls For Jailing Top Clinton Aide",President Donald Trump says a top aide to Hillary Clinton should be jailed. He also said the Justice Department must act on former FBI Director James Comey.,right,center
Trump Accuses Former Clinton Aide of Failing to Follow Security Protocols,"President Trump made his first “Crooked Hillary’s” Twitter post less than 48 hours into the new year. He accused a former Clinton aide of “disregarding basic security protocols,” and called his own Justice Department a “deep state.”",center,left
Trump Accuses Former Clinton Aide of Failing to Follow Security Protocols,"President Trump made his first “Crooked Hillary’s’ Twitter post less than 48 hours into the new year. He accused a former Clinton aide of “disregarding basic security protocols,” and called his own Justice Department a “deep state.”",center,left
Trump Accuses Former Clinton Aide of Failing to Follow Security Protocols,"President Trump made his first “Crooked Hillary’s” Twitter post less than 48 hours into the new year. He accused a former Clinton aide of “disregarding basic security protocols,” and called his own Justice Department a “deep state”",center,left
Trump Accuses Former Clinton Aide of Failing to Follow Security Protocols,"President Trump made his first “Crooked Hillary’s” Twitter post less than 48 hours into the new year. He accused a former Clinton aide of “disregarding basic security protocols,” and called his own Justice Department a “deep state”",center,right
Trump Accuses Former Clinton Aide of Failing to Follow Security Protocols,"President Trump made his first “Crooked Hillary’s Twitter post less than 48 hours into the new year. He accused a former Clinton aide of “disregarding basic security protocols,” and called his own Justice Department a “deep state”",center,right
Trump Accuses Former Clinton Aide of Failing to Follow Security Protocols,"President Trump made his first “Crooked Hillary’s Twitter post less than 48 hours into the new year. He accused a former Clinton aide of “disregarding basic security protocols,” and called his own Justice Department a “deep state.”",center,right
Trump Accuses Former Clinton Aide of Failing to Follow Security Protocols,"President Trump made his first “Crooked Hillary’s” Twitter post less than 48 hours into the new year. He accused a former Clinton aide of “disregarding basic security protocols,” and called his own Justice Department a “deep state”",center,center
Trump Accuses Former Clinton Aide of Failing to Follow Security Protocols,"President Trump made his first “Crooked Hillary’s” Twitter post less than 48 hours into the new year. He accused a former Clinton aide of “disregarding basic security protocols,” and called his own Justice Department a “deep state.”",center,center
Trump Accuses Former Clinton Aide of Failing to Follow Security Protocols,"President Trump made his first “Crooked Hillary’s” Twitter post less than 48 hours into the new year. He accused a former Clinton aide of “disregarding basic security protocols,” and calling his own Justice Department a “deep state”",center,center
"GOP Rep. Duncan Hunter, Wife Indicted On Campaign Finance Fraud Charges","U.S. Rep. Duncan Hunter (R-Calif.) and his wife, Margaret Hunter, were indicted Tuesday on charges of improperly using campaign funds for private use. The Justice Department said the pair used political money to pay for their children’s tuition and spent thousands of dollars at shopping malls, Washington restaurants and surf shops, among other expenditures.",left,left
"GOP Rep. Duncan Hunter, Wife Indicted On Campaign Finance Fraud Charges","U.S. Rep. Duncan Hunter (R-Calif.) and his wife, Margaret Hunter, were indicted Tuesday on charges of improperly using campaign funds for private use. The Justice Department said the pair used political money to pay for their children’s tuition and spent thousands of dollars at shopping malls, Washington restaurants and surf shops.",left,left
"GOP Rep. Duncan Hunter, Wife Indicted On Campaign Finance Fraud Charges","U.S. Rep. Duncan Hunter (R-Calif.) and his wife, Margaret Hunter, were indicted Tuesday on charges of improperly using campaign funds for private use. The Justice Department said the pair used political money to pay for their children’s tuition and spent thousands of dollars at shopping malls, restaurants and surf shops.",left,left
"GOP Rep. Duncan Hunter, Wife Indicted On Campaign Finance Fraud Charges","U.S. Rep. Duncan Hunter (R-Calif.) and his wife, Margaret Hunter, were indicted Tuesday on charges of improperly using campaign funds for private use. The Justice Department said the pair used political money to pay for their children’s tuition and spent thousands of dollars at shopping malls, Washington restaurants and surf shops.",left,right
"GOP Rep. Duncan Hunter, Wife Indicted On Campaign Finance Fraud Charges","U.S. Rep. Duncan Hunter (R-Calif.) and his wife, Margaret Hunter, were indicted Tuesday on charges of improperly using campaign funds for private use. The indictment includes details accusing the Hunters of making efforts to hide their personal expenses. Hunter, 41, is a five-term congressman representing San Diego County.",center,right
"GOP Rep. Duncan Hunter, Wife Indicted On Campaign Finance Fraud Charges","U.S. Rep. Duncan Hunter (R-Calif.) and his wife, Margaret Hunter, were indicted Tuesday on charges of improperly using campaign funds for private use. The Justice Department said the pair used political money to pay for their children’s tuition and spent thousands of dollars at shopping malls.",left,right
"GOP Rep. Duncan Hunter, Wife Indicted On Campaign Finance Fraud Charges","U.S. Rep. Duncan Hunter and his wife, Margaret Hunter, were indicted Tuesday on charges of improperly using campaign funds for private use. The Justice Department said the pair used political money to pay for their children’s tuition and spent thousands of dollars at shopping malls, Washington restaurants and surf shops. The indictment includes details accusing the Hunters of making efforts to hide their personal expenses.",center,center
"GOP Rep. Duncan Hunter, Wife Indicted On Campaign Finance Fraud Charges","U.S. Rep. Duncan Hunter and his wife, Margaret Hunter, were indicted Tuesday on charges of improperly using campaign funds for private use. The Justice Department said the pair used political money to pay for their children’s tuition and spent thousands of dollars at shopping malls, Washington restaurants and surf shops. The indictment includes details accusing the Hunters of making efforts to hide their personal expenses.",center,center
"GOP Rep. Duncan Hunter, Wife Indicted On Campaign Finance Fraud Charges","U.S. Rep. Duncan Hunter and his wife, Margaret Hunter, were indicted Tuesday on charges of improperly using campaign funds for private use. The Justice Department said the pair used political money to pay for their children’s tuition and spent thousands of dollars at shopping malls, Washington restaurants and surf shops.",center,center
"Representative Duncan Hunter Is Indicted, Accused of Misusing Campaign Funds","Rep. Duncan Hunter, a Republican of California, and his wife, Margaret, are charged with converting more than $250,000 in campaign funds to pay for personal expenses. Mr. Hunter, 41, becomes the second Republican congressman to be indicted this month.",left,left
"Representative Duncan Hunter Is Indicted, Accused of Misusing Campaign Funds","Rep. Duncan Hunter, a Republican of California, and his wife, Margaret, are charged with converting more than $250,000 in campaign funds to pay for personal expenses. Mr. Hunter becomes the second Republican congressman to be indicted this month.",left,left
"Representative Duncan Hunter Is Indicted, Accused of Misusing Campaign Funds","Rep. Duncan Hunter, a Republican of California, and his wife, Margaret, are charged with converting more than $250,000 in campaign funds to pay for personal expenses. They are accused of filing false campaign finance records with the Federal Election Commission.",center,left
"Representative Duncan Hunter Is Indicted, Accused of Misusing Campaign Funds","Rep. Duncan Hunter is charged with converting more than $250,000 in campaign funds to pay for personal expenses.",center,right
"Representative Duncan Hunter Is Indicted, Accused of Misusing Campaign Funds",Rep. Duncan Hunter of California is the second Republican congressman to be indicted this month.,center,right
"Representative Duncan Hunter Is Indicted, Accused of Misusing Campaign Funds",Rep. Duncan Hunter is the second Republican congressman to be indicted this month.,center,right
"Representative Duncan Hunter Is Indicted, Accused of Misusing Campaign Funds","Rep. Duncan Hunter, a Republican of California, is charged with converting more than $250,000 in campaign funds to pay for personal expenses. Mr. Hunter, 41, becomes the second Republican congressman to be indicted this month.",left,center
"Representative Duncan Hunter Is Indicted, Accused of Misusing Campaign Funds","Rep. Duncan Hunter, a Republican of California, is charged with converting more than $250,000 in campaign funds to pay for personal expenses. Mr. Hunter, 41, becomes the second Republican congressman to be indicted this month.",left,center
"Representative Duncan Hunter Is Indicted, Accused of Misusing Campaign Funds","Rep. Duncan Hunter, a Republican of California, is charged with converting more than $250,000 in campaign funds to pay for personal expenses. He becomes the second Republican congressman to be indicted this month.",center,center
Senate Democrats’ Vote to End Shutdown Infuriates Some on the Left,"The decision by Senate Democrats to end the government shutdown enraged liberals, who accused the lawmakers of betrayal. The anger on the left was reminiscent of conservative unrest that fueled primary race challenges against sitting Republican senators.",center,left
Senate Democrats’ Vote to End Shutdown Infuriates Some on the Left,The decision by Senate Democrats to end the government shutdown enraged liberals. They accused the lawmakers of betrayal and threatened to mount primaries against some of the Democrats who voted yes.,center,left
Senate Democrats’ Vote to End Shutdown Infuriates Some on the Left,The decision by Senate Democrats to end the government shutdown enraged liberals. They accused the lawmakers of betrayal and threatened to mount primaries against some Democrats who voted yes.,center,left
Senate Democrats’ Vote to End Shutdown Infuriates Some on the Left,Senate Democrats' decision to end government shutdown in exchange for promised immigration vote enraged liberals. They accused the lawmakers of betrayal and threatened to mount primaries against some of the Democrats who voted yes.,right,right
Senate Democrats’ Vote to End Shutdown Infuriates Some on the Left,Senate Democrats' decision to end government shutdown in exchange for promised immigration vote enraged liberals. They accused the lawmakers of betrayal and threatened to mount primaries against some Democrats who voted yes.,right,right
Senate Democrats’ Vote to End Shutdown Infuriates Some on the Left,Senate Democrats' decision to end government shutdown in exchange for promised immigration vote enraged liberals. They accused the lawmakers of betrayal and threatened to mount primaries against Democrats who voted yes.,right,right
Senate Democrats’ Vote to End Shutdown Infuriates Some on the Left,The decision by Senate Democrats to end the government shutdown in exchange for a promised immigration vote enraged liberals. They accused the lawmakers of betrayal and threatened to mount primaries against some of the Democrats who voted yes.,right,center
Senate Democrats’ Vote to End Shutdown Infuriates Some on the Left,The decision by Senate Democrats to end the government shutdown in exchange for a promised immigration vote enraged liberals. The anger on the left was reminiscent of conservative unrest that fueled primary race challenges against sitting Republican senators.,center,center
Senate Democrats’ Vote to End Shutdown Infuriates Some on the Left,The decision by Senate Democrats to end the government shutdown in exchange for a promised immigration vote enraged liberals. They accused the lawmakers of betrayal and threatened to mount primaries against some Democrats who voted yes.,right,center
Liberals Fume At 'Worst Negotiator' Chuck Schumer After Deal To End Shutdown,Democrats provided votes to fund the government in exchange for an assurance from Senate Majority Leader Mitch McConnell that he would put an immigration bill on the floor in the coming weeks. Liberal groups are deeply skeptical whether Republicans will keep their word after years of inaction.,center,left
Liberals Fume At 'Worst Negotiator' Chuck Schumer After Deal To End Shutdown,Democrats provided votes to fund the government in exchange for an assurance from Senate Majority Leader Mitch McConnell that he would put an immigration bill on the floor in the coming weeks. Liberal groups are deeply skeptical whether Republicans will keep their word.,center,left
Liberals Fume At 'Worst Negotiator' Chuck Schumer After Deal To End Shutdown,Democrats provided votes to fund the government in exchange for an assurance from Senate Majority Leader Mitch McConnell that he would put an immigration bill on the floor in the coming weeks. Liberal groups are deeply skeptical that Republicans will keep their word.,center,left
Liberals Fume At 'Worst Negotiator' Chuck Schumer After Deal To End Shutdown,Democrats voted to fund the government in exchange for an assurance from Senate Majority Leader Mitch McConnell that he would put an immigration bill on the floor in the coming weeks. Liberals are deeply skeptical that Republicans will keep their word after years of inaction on codifying protections for the undocumented young people.,center,right
Liberals Fume At 'Worst Negotiator' Chuck Schumer After Deal To End Shutdown,Democrats voted to fund the government in exchange for an assurance from Senate Majority Leader Mitch McConnell that he would put an immigration bill on the floor in the coming weeks. Liberals are deeply skeptical that Republicans will keep their word after years of inaction on codifying protections for undocumented young people.,center,right
Liberals Fume At 'Worst Negotiator' Chuck Schumer After Deal To End Shutdown,Democrats voted to fund the government on Monday in exchange for an assurance from Senate Majority Leader Mitch McConnell that he would put an immigration bill on the floor in the coming weeks. Liberal groups slammed Democrats for giving away leverage with no firm promise of a bill reaching President Donald Trump's desk.,center,right
Liberals Fume At 'Worst Negotiator' Chuck Schumer After Deal To End Shutdown,Democrats provided votes to fund the government on Monday in exchange for an assurance from Senate Majority Leader Mitch McConnell that he would put an immigration bill on the floor in the coming weeks. Liberal groups are deeply skeptical whether Republicans will keep their word.,center,center
Liberals Fume At 'Worst Negotiator' Chuck Schumer After Deal To End Shutdown,Democrats provided votes to fund the government on Monday in exchange for an assurance from Senate Majority Leader Mitch McConnell that he would put an immigration bill on the floor. Liberal groups are deeply skeptical whether Republicans will keep their word after years of inaction.,center,center
Liberals Fume At 'Worst Negotiator' Chuck Schumer After Deal To End Shutdown,Democrats provided votes to fund the government on Monday in exchange for an assurance from Senate Majority Leader Mitch McConnell that he would put an immigration bill on the floor. Liberal groups are deeply skeptical whether Republicans will keep their word.,center,center
"Trump vows birthright citizenship ‘will be ended one way or the other,’ as Hill debate rages","President Trump said he wants to end birthright citizenship by executive order. He said the policy ""costs our Country billions of dollars and is very unfair to our citizens"" The 14th Amendment states that all people born in the U.S. are citizens. Critics say that the amendment was never intended to apply to children of two non-citizens.",right,left
"Trump vows birthright citizenship ‘will be ended one way or the other,’ as Hill debate rages","President Trump said he wants to end birthright citizenship by executive order. He said the policy ""costs our Country billions of dollars and is very unfair to our citizens"" The 14th Amendment states that all people born in the U.S. are citizens. Critics say the amendment was never intended to apply to children of two non-citizens.",center,left
"Trump vows birthright citizenship ‘will be ended one way or the other,’ as Hill debate rages","President Trump said he wants to end birthright citizenship by executive order. He said the policy ""costs our Country billions of dollars and is very unfair to our citizens"" The 14th Amendment states that all people born in the U.S. are citizens. Critics say that the amendment was never intended to apply to children of non-citizens.",right,left
"Trump vows birthright citizenship ‘will be ended one way or the other,’ as Hill debate rages","President Trump says birthright citizenship will end “one way or the other’’ He also took aim at former Senate Democratic Leader Harry Reid. Reid said in 1993 that ""no sane country"" would award citizenship to children of illegal immigrants. Critics say the policy encourages illegal immigrants to come to the country, give birth and then try to claim residency themselves.",right,right
"Trump vows birthright citizenship ‘will be ended one way or the other,’ as Hill debate rages","President Trump says birthright citizenship will end “one way or the other’’ He also took aim at former Senate Democratic Leader Harry Reid. Reid said in 1993 that ""no sane country"" would award citizenship to children of illegal immigrants. Critics say the policy encourages illegal immigrants to come to the country, give birth and then try to claim residency.",right,right
"Trump vows birthright citizenship ‘will be ended one way or the other,’ as Hill debate rages","President Trump says birthright citizenship will end “one way or the other’’ He also took aim at former Senate Democratic Leader Harry Reid. Reid said in 1993 that ""no sane country"" would award citizenship to children of illegal immigrants. Reid later apologized for his stance and reversed it in 1999.",center,right
"Trump vows birthright citizenship ‘will be ended one way or the other,’ as Hill debate rages",Trump says he wants to end birthright citizenship for children of illegal immigrants. The president said he is considering an executive order to end the policy. Critics say the policy encourages illegal immigrants to come to the U.S. and give birth.,center,center
"Trump vows birthright citizenship ‘will be ended one way or the other,’ as Hill debate rages",Trump says he wants to end birthright citizenship for children of illegal immigrants. The president said he is considering an executive order to end the policy. Critics say the policy encourages illegal immigrants to come to the country and give birth.,center,center
"Trump vows birthright citizenship ‘will be ended one way or the other,’ as Hill debate rages",Trump says he wants to end birthright citizenship for children of illegal immigrants. The president said he is considering an executive order to end the policy. Critics say the policy encourages illegal immigrants to come to the U.S.,center,center
"John McCain, Top Democrats Call On Trump To Cancel Putin Meeting","Sen. John McCain, Senate Minority Leader Chuck Schumer and 18 members of the House Foreign Affairs Committee called on President Donald Trump to cancel his meeting with Russian President Vladimir Putin. The calls came after indictments were announced Friday accusing a dozen Kremlin intelligence officers of hacking Democratic Party emails during the 2016 presidential campaign. A senior administration source told NBC on Friday that there was “zero” chance the controversial private meeting between the two men would be canceled.",center,left
"John McCain, Top Democrats Call On Trump To Cancel Putin Meeting","Sen. John McCain, Senate Minority Leader Chuck Schumer and 18 members of the House Foreign Affairs Committee called on President Donald Trump to cancel his meeting with Russian President Vladimir Putin. The calls came after indictments were announced Friday accusing a dozen Kremlin intelligence officers of hacking Democratic Party emails during the 2016 presidential campaign. A senior administration source told NBC on Friday that there was “zero” chance the controversial private meeting between the two men would be canceled.",center,left
"John McCain, Top Democrats Call On Trump To Cancel Putin Meeting","Sen. John McCain, Senate Minority Leader Chuck Schumer and 18 members of the House Foreign Affairs Committee called on President Donald Trump to cancel his meeting with Russian President Vladimir Putin. The calls came after indictments were announced Friday accusing a dozen Kremlin intelligence officers of hacking Democratic Party emails during the 2016 presidential campaign. A senior administration source told NBC on Friday that there was “zero’ chance the controversial private meeting between the two men would be canceled.",center,left
"John McCain, Top Democrats Call On Trump To Cancel Putin Meeting","Sen. John McCain, Senate Minority Leader Chuck Schumer and 18 members of the House Foreign Affairs Committee called on President Donald Trump to cancel his meeting with Russian President Vladimir Putin. The calls came after indictments were announced Friday accusing a dozen Kremlin intelligence officers of hacking Democratic Party emails during the 2016 presidential campaign. A senior administration source told NBC on Friday that there was “zero” chance the controversial private meeting between the two men would be canceled.",center,right
"John McCain, Top Democrats Call On Trump To Cancel Putin Meeting",Sen. John McCain (R-Ariz.) and 18 members of the House Foreign Affairs Committee called on President Donald Trump to cancel his meeting with Russian President Vladimir Putin. The calls came after indictments were announced Friday accusing a dozen Kremlin intelligence officers of hacking Democratic Party emails during the 2016 presidential campaign. A senior administration source told NBC on Friday that there was “zero” chance the controversial private meeting between the two men would be canceled.,center,right
"John McCain, Top Democrats Call On Trump To Cancel Putin Meeting","Sen. John McCain, Senate Minority Leader Chuck Schumer and 18 members of the House Foreign Affairs Committee called on President Donald Trump to cancel his meeting with Russian President Vladimir Putin. The calls came after indictments were announced Friday accusing a dozen Kremlin intelligence officers of hacking Democratic Party emails during the 2016 presidential campaign. A senior administration source told NBC on Friday that there was “zero’ chance the controversial private meeting between the two men would be canceled.",center,right
"John McCain, Top Democrats Call On Trump To Cancel Putin Meeting","Senate Minority Leader Chuck Schumer, Sen. John McCain and 18 members of the House Foreign Affairs Committee called on President Donald Trump to cancel his meeting with Russian President Vladimir Putin. A senior administration source told NBC on Friday that there was “zero” chance the controversial private meeting between the two men would be canceled.",center,center
"John McCain, Top Democrats Call On Trump To Cancel Putin Meeting","Senate Minority Leader Chuck Schumer, Sen. John McCain and 18 members of the House Foreign Affairs Committee called on President Donald Trump to cancel his meeting with Russian President Vladimir Putin. A senior administration source told NBC on Friday that there was “zero’ chance the controversial private meeting between the two men would be canceled.",center,center
"John McCain, Top Democrats Call On Trump To Cancel Putin Meeting",Senate Minority Leader Chuck Schumer and 18 members of the House Foreign Affairs Committee called on President Donald Trump to cancel his meeting with Russian President Vladimir Putin. A senior administration source told NBC on Friday that there was “zero” chance the controversial private meeting between the two men would be canceled.,center,center
Democrats Say Trump Should Cancel Putin Meeting After Indictments,"12 Russian intelligence officers are accused of hacking Democrats’ emails and computer networks during the 2016 presidential race. “President Trump must be willing to confront Putin from a position of strength,” Senator John McCain said.",right,left
Democrats Say Trump Should Cancel Putin Meeting After Indictments,"12 Russian intelligence officers are accused of hacking Democrats’ emails and computer networks during the 2016 presidential race. “President Trump must be willing to confront Putin from a position of strength,” Sen. John McCain said.",right,left
Democrats Say Trump Should Cancel Putin Meeting After Indictments,"12 Russian intelligence officers are accused of hacking Democrats’ emails and computer networks during the 2016 presidential race. The indictment is part of an open investigation led by Robert S. Mueller III, the special counsel.",left,left
Democrats Say Trump Should Cancel Putin Meeting After Indictments,"12 Russian intelligence officers are accused of hacking Democrats’ emails and computer networks during the 2016 presidential race. “President Trump must be willing to confront Putin from a position of strength,” Sen. John McCain said.",right,right
Democrats Say Trump Should Cancel Putin Meeting After Indictments,"12 Russian intelligence officers are accused of hacking Democrats’ emails and computer networks during the 2016 presidential race. “President Trump must be willing to confront Putin from a position of strength,” Senator John McCain said.",right,right
Democrats Say Trump Should Cancel Putin Meeting After Indictments,12 Russian intelligence officers are accused of hacking Democrats’ emails and computer networks during the 2016 presidential race.,center,right
Democrats Say Trump Should Cancel Putin Meeting After Indictments,12 Russian intelligence officers are accused of hacking Democrats’ emails and computer networks during the 2016 presidential race. Democrats call for President Trump to cancel his upcoming meeting with President Vladimir V. Putin of Russia.,center,center
Democrats Say Trump Should Cancel Putin Meeting After Indictments,12 Russian intelligence officers are accused of hacking Democrats’ emails and computer networks during the 2016 presidential race. Democrats called for President Trump to cancel his upcoming meeting with President Vladimir V. Putin of Russia.,right,center
Democrats Say Trump Should Cancel Putin Meeting After Indictments,12 Russian intelligence officers are accused of hacking Democrats’ emails and computer networks during the 2016 presidential race. Democrats call for President Trump to cancel his upcoming meeting with President Vladimir V. Putin.,right,center
"Jim Mattis, Defense Secretary, Resigns in Rebuke of Trump’s Worldview",Defense Secretary Jim Mattis resigns over President Trump’s decision to withdraw troops from Syria. Mr. Trump said Mr. Mattis “was a great help to me in getting allies and other countries to pay their share of military obligations”,right,left
"Jim Mattis, Defense Secretary, Resigns in Rebuke of Trump’s Worldview",Defense Secretary Jim Mattis resigns over President Trump’s decision to withdraw troops from Syria. Mr. Trump said Mr. Mattis “was a great help to me in getting allies and other countries to pay their share of military obligations.”,right,left
"Jim Mattis, Defense Secretary, Resigns in Rebuke of Trump’s Worldview",Defense Secretary Jim Mattis resigns over President Trump’s decision to withdraw troops from Syria. Mr. Trump said Mr. Mattis “was a great help to me in getting allies and other countries to pay their share”,right,left
"Jim Mattis, Defense Secretary, Resigns in Rebuke of Trump’s Worldview","Defense Secretary Jim Mattis resigns in protest of President Trump's decision to withdraw from Syria. His resignation letter is the sharpest, and most public, protest from inside the Trump administration.",center,right
"Jim Mattis, Defense Secretary, Resigns in Rebuke of Trump’s Worldview",Defense Secretary Jim Mattis resigns in protest of President Trump's decision to withdraw from Syria. Mr. Mattis was the last of Mr. Trump’s old-guard national security team.,center,right
"Jim Mattis, Defense Secretary, Resigns in Rebuke of Trump’s Worldview",Defense Secretary Jim Mattis resigns in protest of President Trump's decision to withdraw from Syria. His resignation letter is the sharpest and most public protest from inside the Trump administration.,center,right
"Jim Mattis, Defense Secretary, Resigns in Rebuke of Trump’s Worldview","Defense Secretary Jim Mattis resigns in protest of U.S. troop withdrawal from Syria. His resignation letter was the sharpest, and most public, protest from inside the Trump administration.",center,center
"Jim Mattis, Defense Secretary, Resigns in Rebuke of Trump’s Worldview","Defense Secretary Jim Mattis resigns in protest of U.S. troop withdrawal from Syria. His resignation letter was the sharpest, and most public, protest from inside the administration.",center,center
"Jim Mattis, Defense Secretary, Resigns in Rebuke of Trump’s Worldview",Defense Secretary Jim Mattis resigns in protest of U.S. troop withdrawal from Syria. His resignation letter was the sharpest and most public protest from inside the Trump administration.,center,center
Trump Says Defense Secretary Jim Mattis Will Retire In February,"Mattis, a retired Marine general, was one of President Donald Trump's first Cabinet picks. He served more than four decades in the military and headed the U.S. Central Command from 2010 to 2013.",center,left
Trump Says Defense Secretary Jim Mattis Will Retire In February,"Mattis, a retired Marine general, was one of President Donald Trump's first Cabinet picks. He served more than four decades in the military and headed U.S. Central Command from 2010 to 2013.",center,left
Trump Says Defense Secretary Jim Mattis Will Retire In February,"Mattis, a retired Marine general, was one of President Donald Trump's first Cabinet picks. He served more than four decades in the military and headed the U.S. Central Command.",center,left
Trump Says Defense Secretary Jim Mattis Will Retire In February,"Mattis, a retired Marine general, was one of President Donald Trump's first Cabinet picks. He served more than four decades in the military and headed the U.S. Central Command from 2010 to 2013.",center,right
Trump Says Defense Secretary Jim Mattis Will Retire In February,"Mattis, a retired Marine general, was one of President Donald Trump's first Cabinet picks. He served more than four decades in the military and headed the U.S. Central Command from 2010 to 2013.",center,right
Trump Says Defense Secretary Jim Mattis Will Retire In February,"Mattis, a retired Marine general, was one of President Donald Trump's first Cabinet picks. He served more than four decades in the military and headed the U.S. Central Command.",center,right
Trump Says Defense Secretary Jim Mattis Will Retire In February,"Mattis, a retired Marine general, was one of President Donald Trump's first Cabinet picks. He served more than four decades in the military and headed the U.S. Central Command from 2010 to 2013.",center,center
Trump Says Defense Secretary Jim Mattis Will Retire In February,"Mattis, a retired Marine general, was one of President Donald Trump's first Cabinet picks. He served more than four decades in the military and headed U.S. Central Command from 2010 to 2013.",center,center
Trump Says Defense Secretary Jim Mattis Will Retire In February,"Mattis, a retired Marine general, was one of President Donald Trump's first Cabinet picks. He served more than four decades in the military and headed the U.S. Central Command.",center,center
"FBI fires Peter Strzok, months after anti-Trump texts revealed","Peter Strzok, a 21-year FBI veteran, was fired Friday afternoon. His attorney said the FBI's Office of Professional Responsibility ""overruled"" the bureau's decision to remove him. The FBI responded: ""Mr.Strzok was subject to the standard FBI review and disciplinary process"" President Trump and his allies have cast him as the poster child for anti-Trump bias.",center,left
"FBI fires Peter Strzok, months after anti-Trump texts revealed","Peter Strzok, a 21-year FBI veteran, was fired Friday afternoon. His attorney said the FBI's Office of Professional Responsibility ""overruled"" the bureau's decision to remove him. The FBI responded: ""Mr.Strzok was subject to the standard FBI review and disciplinary process""",center,left
"FBI fires Peter Strzok, months after anti-Trump texts revealed","Peter Strzok, a 21-year FBI veteran, was fired Friday afternoon. His attorney said the FBI's Office of Professional Responsibility ""overruled"" the bureau's decision to remove him. The FBI responded, saying the decision was a departure from standard practice and politically motivated.",center,left
"FBI fires Peter Strzok, months after anti-Trump texts revealed","FBI official Peter Strzok was fired on Friday, his attorney said Monday. The former FBI agent played a lead role in both the Russian meddling and Hillary Clinton email probes but became a political lightning rod after the revelation of anti-Trump text messages. President Trump and his allies have cast him as the poster child for anti- Trump bias within the bureau and Justice Department.",center,right
"FBI fires Peter Strzok, months after anti-Trump texts revealed","FBI official Peter Strzok was fired on Friday, his attorney said Monday. The former FBI agent played a lead role in both the Russian meddling and Hillary Clinton email probes but became a political lightning rod after the revelation of anti-Trump text messages. President Trump and his allies have cast him as the poster child foranti-Trump bias within the bureau and Justice Department.",center,right
"FBI fires Peter Strzok, months after anti-Trump texts revealed","FBI official Peter Strzok was fired on Friday, his attorney said Monday. The former FBI agent played a lead role in both the Russian meddling and Hillary Clinton email probes but became a political lightning rod after the revelation of anti-Trump text messages. President Trump and his allies have cast him as the poster child foranti-Trump bias within the bureau.",center,right
"FBI fires Peter Strzok, months after anti-Trump texts revealed","Peter Strzok, a 21-year FBI veteran, was fired Friday afternoon. His attorney said the FBI's Office of Professional Responsibility ""overruled"" the bureau's deputy director. The FBI responded: ""Mr. Strz Ok was subject to the standard FBI review and disciplinary process""",center,center
"FBI fires Peter Strzok, months after anti-Trump texts revealed","Peter Strzok, a 21-year FBI veteran, was fired Friday afternoon. His attorney said the FBI's Office of Professional Responsibility ""overruled"" the bureau's deputy director. The FBI responded: ""Mr. Strzock was subject to the standard FBI review and disciplinary process""",center,center
"FBI fires Peter Strzok, months after anti-Trump texts revealed","Peter Strzok, a 21-year FBI veteran, was fired Friday afternoon. His attorney said the FBI's Office of Professional Responsibility ""overruled"" the bureau's deputy director. The FBI responded: ""Mr. Strzoll was subject to the standard FBI review and disciplinary process""",center,center
Suspect arrested in Florida in connection with suspicious packages sent to Democrats,"The Department of Justice will hold a press conference at 2:30 p.m. ET. The suspect is a white male in his 50s, who used to live in New York and had prior arrests for terroristic threats. Several of the packages went through a U.S. postal facility in Opa-locka.",center,left
Suspect arrested in Florida in connection with suspicious packages sent to Democrats,"The Department of Justice will hold a press conference at 2:30 p.m. ET. The suspect is a white male in his 50s, who used to live in New York and had prior arrests for terroristic threats. The FBI is analyzing the stamps on the packages.",center,left
Suspect arrested in Florida in connection with suspicious packages sent to Democrats,"The Department of Justice will hold a press conference at 2:30 p.m. ET. The suspect is a white male in his 50s, who used to live in New York and had prior arrests for terroristic threats.",center,left
Suspect arrested in Florida in connection with suspicious packages sent to Democrats,"The Department of Justice will hold a press conference at 2:30 p.m. ET. The suspect is a white male in his 50s, who used to live in New York and had prior arrests for terroristic threats. Several of the packages went through a U.S. postal facility in Opa-locka, which is less than 10 miles from Aventura.",center,right
Suspect arrested in Florida in connection with suspicious packages sent to Democrats,"The Department of Justice will hold a press conference at 2:30 p.m. ET. The suspect is a white male in his 50s, who used to live in New York and had prior arrests for terroristic threats. Several of the packages went through a U.S. postal facility in Opa-locka, Florida.",center,right
Suspect arrested in Florida in connection with suspicious packages sent to Democrats,"A male suspect was arrested in Florida on Friday morning in connection with the rash of suspicious packages sent to prominent Democrats nationwide, law enforcement sources confirmed to Fox News. Several of the packages went through a U.S. postal facility in Opa-locka, which is less than 10 miles from Aventura.",right,right
Suspect arrested in Florida in connection with suspicious packages sent to Democrats,"Cesar Sayoc, a white male in his 50s, was arrested in Florida on Friday morning, law enforcement sources confirmed to Fox News. The Department of Justice will hold a press conference at 2:30 p.m. ET. Several of the packages went through a U.S. postal facility in Opa-locka, which is less than 10 miles from Aventura, Florida.",right,center
Suspect arrested in Florida in connection with suspicious packages sent to Democrats,"Cesar Sayoc, a white male in his 50s, was arrested in Florida on Friday morning, law enforcement sources confirmed to Fox News. Several of the packages went through a U.S. postal facility in Opa-locka, which is less than 10 miles from Aventura, Florida. The Department of Justice will hold a press conference at 2:30 p.m. ET.",right,center
Suspect arrested in Florida in connection with suspicious packages sent to Democrats,"Cesar Sayoc, a white male in his 50s, was arrested in Florida on Friday morning, law enforcement sources confirmed to Fox News. The Department of Justice will hold a press conference at 2:30 p.m. ET. Several of the packages went through a U.S. postal facility in Opa-locka, which is less than 10 miles from Aventura.",right,center
"Rep. Duncan Hunter, wife indicted on corruption charges in California","Rep. Duncan Hunter, R-Calif., and his wife, Margaret, were indicted on charges of illegally converting $250,000 in campaign funds for personal expenses. House Speaker Paul Ryan said Tuesday evening that he would remove the congressman from all committee assignments for the time being.",center,left
"Rep. Duncan Hunter, wife indicted on corruption charges in California","Rep. Duncan Hunter, R-Calif., and his wife, Margaret, were indicted on charges of illegally converting $250,000 in campaign funds for personal expenses. House Speaker Paul Ryan said he would remove the congressman from all committee assignments for the time being.",center,left
"Rep. Duncan Hunter, wife indicted on corruption charges in California","Rep. Duncan Hunter, R-Calif., and his wife, Margaret, were indicted on charges of illegally converting $250,000 in campaign funds for personal expenses. The pair is due to be arraigned in court on Thursday morning.",center,left
"Rep. Duncan Hunter, wife indicted on corruption charges in California","Rep. Duncan Hunter, R-Calif., and his wife, Margaret, were indicted on charges of illegally converting $250,000 in campaign funds for personal expenses and filing false records. House Speaker Paul Ryan said Tuesday evening that he would remove the congressman from all committee assignments for the time being, calling the charges against Hunter “deeply serious”",center,right
"Rep. Duncan Hunter, wife indicted on corruption charges in California","Rep. Duncan Hunter, R-Calif., and his wife, Margaret, were indicted on charges of illegally converting $250,000 in campaign funds for personal expenses and filing false records. House Speaker Paul Ryan said Tuesday evening that he would remove the congressman from all committee assignments for the time being, calling the charges against Hunter “deeply serious’",center,right
"Rep. Duncan Hunter, wife indicted on corruption charges in California","Rep. Duncan Hunter, R-Calif., and his wife, Margaret, were indicted on charges of illegally converting $250,000 in campaign funds for personal expenses and filing false records. House Speaker Paul Ryan said Tuesday evening that he would remove the congressman from all committee assignments for the time being.",center,right
"Rep. Duncan Hunter, wife indicted on corruption charges in California","Rep. Duncan Hunter, R-Calif., and his wife, Margaret, were indicted on charges of illegally converting $250,000 in campaign funds for personal expenses and filing false records. House Speaker Paul Ryan said Tuesday evening that he would remove the congressman from all committee assignments for the time being, calling the charges against Hunter “deeply serious”",center,center
"Rep. Duncan Hunter, wife indicted on corruption charges in California","Rep. Duncan Hunter, R-Calif., and his wife, Margaret, were indicted on charges of illegally converting $250,000 in campaign funds for personal expenses and filing false records. House Speaker Paul Ryan said Tuesday evening that he would remove the congressman from all committee assignments for the time being, calling the charges against Hunter “deeply serious.”",center,center
"Rep. Duncan Hunter, wife indicted on corruption charges in California","Rep. Duncan Hunter, R-Calif., and his wife, Margaret, were indicted on charges of illegally converting $250,000 in campaign funds for personal expenses and filing false records. House Speaker Paul Ryan said Tuesday evening that he would remove the congressman from all committee assignments for the time being, calling the charges against Hunter “deeply serious’",center,center
Schumer bashed by the left over shutdown-ending deal,Senate Democratic Leader Chuck Schumer is taking heat from some of the most influential and deep-pocketed groups in the liberal base. Schumer and fellow Senate Democrats forced the shutdown over the weekend after insisting that any temporary spending bill include permanent protections for the so-called DREAMers.,right,left
Schumer bashed by the left over shutdown-ending deal,Senate Democratic Leader Chuck Schumer is taking heat from some of the most influential and deep-pocketed groups in the liberal base. Schumer and fellow Senate Democrats forced the shutdown over the weekend.,right,left
Schumer bashed by the left over shutdown-ending deal,Senate Democratic Leader Chuck Schumer is taking heat from some of the most influential and deep-pocketed groups in the liberal base for caving to Republicans in the shutdown standoff.,right,left
Schumer bashed by the left over shutdown-ending deal,Senate Democratic Leader Chuck Schumer is taking heat from some of the most influential and deep-pocketed groups in the liberal base for caving to Republicans. Schumer and fellow Senate Democrats forced the shutdown over the weekend after insisting that any temporary spending bill to keep the government fully operational include permanent protections for the so-called DREAMers.,right,right
Schumer bashed by the left over shutdown-ending deal,Senate Democratic Leader Chuck Schumer is taking heat from some of the most influential and deep-pocketed groups in the liberal base for caving to Republicans in the shutdown standoff. Schumer and fellow Senate Democrats forced the shutdown over the weekend after insisting that any temporary spending bill to keep the government fully operational include permanent protections for DREAMers.,right,right
Schumer bashed by the left over shutdown-ending deal,Senate Democratic Leader Chuck Schumer is taking heat from some of the most influential and deep-pocketed groups in the liberal base. Schumer and fellow Senate Democrats forced the shutdown over the weekend after insisting that any temporary spending bill to keep the government fully operational include permanent protections for the so-called DREAMers.,right,right
Schumer bashed by the left over shutdown-ending deal,Senate Democratic Leader Chuck Schumer is taking heat from some of the most influential and deep-pocketed groups in the liberal base. Schumer and fellow Senate Democrats forced the shutdown over the weekend after insisting that any temporary spending bill to keep the government fully operational include permanent protections for the so-called DREAMers.,right,center
Schumer bashed by the left over shutdown-ending deal,Senate Democratic Leader Chuck Schumer is taking heat from some of the most influential and deep-pocketed groups in the liberal base. Schumer and fellow Senate Democrats forced the shutdown over the weekend after insisting that any temporary spending bill include permanent protections for the so-called DREAMers.,right,center
Schumer bashed by the left over shutdown-ending deal,Senate Democratic Leader Chuck Schumer is taking heat from some of the most influential and deep-pocketed groups in the liberal base.,right,center
Texas Rep. Blake Farenthold resigns from Congress,"U.S. Representative Blake Farenthold resigned from Congress on Friday, following multiple allegations of sexual harassment, misconduct and inappropriate behavior. He had previously announced that he would not seek re-election in the 2018 midterm election.",center,left
Texas Rep. Blake Farenthold resigns from Congress,"U.S. Representative Blake Farenthold resigned from Congress on Friday, following multiple allegations of sexual harassment, misconduct and inappropriate behavior. He had previously announced he would not seek re-election in the 2018 midterm election.",center,left
Texas Rep. Blake Farenthold resigns from Congress,"U.S. Representative Blake Farenthold resigned from Congress on Friday, following multiple allegations of sexual harassment, misconduct and inappropriate behavior. He had previously announced that he would not seek re-election.",center,left
Texas Rep. Blake Farenthold resigns from Congress,"Rep. Blake Farenthold, R-Texas, announced his resignation Friday evening. He was sued by his former aide, Lauren Greene, in 2014, alleging a hostile work environment, gender discrimination and retaliation. She sued him and was paid $84,000 from a public fund.",center,right
Texas Rep. Blake Farenthold resigns from Congress,"Rep. Blake Farenthold, R-Texas, announced his resignation Friday evening. He was sued by his former aide, Lauren Greene, in 2014, alleging a hostile work environment, gender discrimination and retaliation. Greene sued him and was paid $84,000 from a public fund.",center,right
Texas Rep. Blake Farenthold resigns from Congress,"Rep. Blake Farenthold, R-Texas, announced his resignation Friday evening. He was sued by his former aide, Lauren Greene, in 2014, alleging a hostile work environment, gender discrimination and retaliation.",center,right
Texas Rep. Blake Farenthold resigns from Congress,"U.S. Representative Blake Farenthold resigned from Congress on Friday, following multiple allegations of sexual harassment, misconduct and inappropriate behavior. He had previously announced that he would not seek re-election in the 2018 midterm election.",center,center
Texas Rep. Blake Farenthold resigns from Congress,"U.S. Representative Blake Farenthold resigned from Congress on Friday, following multiple allegations of sexual harassment, misconduct and inappropriate behavior. The congressman had previously announced that he would not seek re-election in the 2018 midterm election.",center,center
Texas Rep. Blake Farenthold resigns from Congress,"U.S. Representative Blake Farenthold resigned from Congress on Friday, following multiple allegations of sexual harassment, misconduct and inappropriate behavior. He had previously announced that he would not seek re-election.",center,center
Trump Accuses Social Media Firms of Discrimination Against Conservatives,"President Trump says social media companies are discriminating against conservative voices. He urges them to “let everybody participate, good & bad,’’",right,left
Trump Accuses Social Media Firms of Discrimination Against Conservatives,"President Trump says social media companies are discriminating against conservative voices. He urges them to “let everybody participate, good & bad’",right,left
Trump Accuses Social Media Firms of Discrimination Against Conservatives,"President Trump says social media companies are discriminating against conservative voices. He urges them to “let everybody participate, good & bad”",right,left
Trump Accuses Social Media Firms of Discrimination Against Conservatives,"President Trump says social media companies are discriminating against conservative voices. Mr. Trump urges companies to “let everybody participate, good & bad”",right,right
Trump Accuses Social Media Firms of Discrimination Against Conservatives,"President Trump says social media companies are discriminating against conservative voices. Mr. Trump urges companies to “let everybody participate, good & bad’",right,right
Trump Accuses Social Media Firms of Discrimination Against Conservatives,President Trump says social media companies are discriminating against conservative voices. Mr. Trump has long had an affinity for conspiracy theories.,center,right
Trump Accuses Social Media Firms of Discrimination Against Conservatives,President Trump says social media companies are discriminating against conservative voices. He suggests he might intervene if his allies’ accounts are shut down.,center,center
Trump Accuses Social Media Firms of Discrimination Against Conservatives,"President Trump says social media companies are discriminating against conservative voices. He urges companies to “let everybody participate, good & bad,’’",right,center
Trump Accuses Social Media Firms of Discrimination Against Conservatives,President Trump says social media companies are discriminating against conservative voices. He suggests that he might intervene if his allies' accounts are shut down.,center,center
Donald Trump's Social Media Solution? A Free-For-All For Both The 'Good And Bad',"Trump accused social media giants of “closing down the opinions of many people on the RIGHT, while at the same time doing nothing to others.” “Censorship is a very dangerous thing & impossible to police,” he added.",right,left
Donald Trump's Social Media Solution? A Free-For-All For Both The 'Good And Bad',"Trump accused social media giants of “closing down the opinions of many people on the RIGHT, while at the same time doing nothing to others.” “Let everybody participate, good & bad, and we will all just have to figure it out!”",right,left
Donald Trump's Social Media Solution? A Free-For-All For Both The 'Good And Bad',"Trump accused social media giants of “closing down the opinions of many people on the RIGHT, while at the same time doing nothing to others.” “Censorship is a very dangerous thing & impossible to police,’ he added.",right,left
Donald Trump's Social Media Solution? A Free-For-All For Both The 'Good And Bad',"Trump accused social media giants of “closing down the opinions of many people on the RIGHT, while at the same time doing nothing to others.”“Censorship is a very dangerous thing & impossible to police,” he added.",right,right
Donald Trump's Social Media Solution? A Free-For-All For Both The 'Good And Bad',"Trump accused social media giants of “closing down the opinions of many people on the RIGHT, while at the same time doing nothing to others.”“Censorship is a very dangerous thing & impossible to police,’ he added.",right,right
Donald Trump's Social Media Solution? A Free-For-All For Both The 'Good And Bad',"Trump accused social media giants of “closing down the opinions of many people on the RIGHT, while at the same time doing nothing to others.” He did not reference any person in particular in his tirade against the tech companies.",center,right
Donald Trump's Social Media Solution? A Free-For-All For Both The 'Good And Bad',"President Donald Trump accused social media companies of “closing down the opinions of many people on the RIGHT, while at the same time doing nothing to others” He did not reference any person in particular.",center,center
Donald Trump's Social Media Solution? A Free-For-All For Both The 'Good And Bad',"President Donald Trump accused social media companies of “closing down the opinions of many people on the RIGHT, while at the same time doing nothing to others.”",right,center
Donald Trump's Social Media Solution? A Free-For-All For Both The 'Good And Bad',"President Donald Trump accused social media companies of “closing down the opinions of many people on the RIGHT, while at the same time doing nothing to others”",right,center
"'Jail!' Trump slams 'crooked' Hillary aide Huma, calls on 'Deep State' DOJ to act","Abedin forwarded sensitive State Department emails to her personal Yahoo account before every Yahoo account was hacked. Trump seemed to suggest a double standard is at play, compared with the lack of punishment for Clinton and her aides.",center,left
"'Jail!' Trump slams 'crooked' Hillary aide Huma, calls on 'Deep State' DOJ to act","Abedin forwarded sensitive State Department emails to her personal Yahoo email account before every Yahoo account was hacked. Trump seemed to suggest a double standard is at play, compared with the lack of punishment for Clinton and her aides.",center,left
"'Jail!' Trump slams 'crooked' Hillary aide Huma, calls on 'Deep State' DOJ to act","Abedin forwarded sensitive State Department emails to her personal Yahoo account before every Yahoo account was hacked. Trump seemed to suggest a double standard is at play, compared to the lack of punishment for Clinton and her aides.",center,left
"'Jail!' Trump slams 'crooked' Hillary aide Huma, calls on 'Deep State' DOJ to act","President Trump called on the 'Deep State' Justice Department to look at potential security issues in Huma Abedin's handling of classified material. He seemed to suggest a double standard is at play, compared with the lack of punishment for Clinton and her aides.",right,right
"'Jail!' Trump slams 'crooked' Hillary aide Huma, calls on 'Deep State' DOJ to act","President Trump called on the 'Deep State' Justice Department to look at potential security issues in Huma Abedin's handling of classified material. He seemed to suggest a double standard is at play, compared to the lack of punishment for Clinton and her aides.",right,right
"'Jail!' Trump slams 'crooked' Hillary aide Huma, calls on 'Deep State' DOJ to act","President Trump called on the 'Deep State' Justice Department to look into Huma Abedin's handling of classified material. The president seemed to suggest a double standard is at play, compared with the lack of punishment for Clinton and her aides.",right,right
"'Jail!' Trump slams 'crooked' Hillary aide Huma, calls on 'Deep State' DOJ to act","Abedin's emails were found on a laptop belonging to her estranged husband, Anthony Weiner. Trump seemed to suggest a double standard is at play, compared with the lack of punishment for Clinton and her aides.",center,center
"'Jail!' Trump slams 'crooked' Hillary aide Huma, calls on 'Deep State' DOJ to act","Abedin's emails were found on a laptop belonging to her estranged husband, Anthony Weiner. Trump seemed to suggest a double standard is at play, compared with the lack of punishment for Clinton.",center,center
"'Jail!' Trump slams 'crooked' Hillary aide Huma, calls on 'Deep State' DOJ to act","Abedin's emails were found on a laptop belonging to her estranged husband, Anthony Weiner. At least four of the documents were marked “classified.”",center,center
Donald Trump Signals He Has Investigators Looking Into Obama Citizenship Issue In Hawaii,"Trump plans to decide by June whether to run for president. ""I want to see the birth certificate,"" said Trump in an interview on NBC's ""Today"" show. Officials in Hawaii have certified that Obama was born in that state. ""Birthers"" have demanded additional proof.",center,left
Donald Trump Signals He Has Investigators Looking Into Obama Citizenship Issue In Hawaii,"Trump plans to decide by June whether to run for president. ""I'm not convinced that he has one,"" Trump said of the birth certificate issue. Trump tied for 2nd with Mike Huckabee in the 2012 GOP primary field at 17 percent.",right,left
Donald Trump Signals He Has Investigators Looking Into Obama Citizenship Issue In Hawaii,"Trump plans to decide by June whether to run for president. ""I want to see the birth certificate,"" said Trump in an interview on NBC's ""Today"" show. Officials in Hawaii have certified that Obama was born in that state.",center,left
Donald Trump Signals He Has Investigators Looking Into Obama Citizenship Issue In Hawaii,"Trump: ""I want to see the birth certificate"" ""I always take things seriously, but I've never taken it seriously like this,"" Trump says. Trump tied for 2nd with Mike Huckabee in the 2012 GOP primary field at 17 percent.",right,right
Donald Trump Signals He Has Investigators Looking Into Obama Citizenship Issue In Hawaii,"Trump: ""I want to see the birth certificate"" ""I always take things seriously, but I've never taken it seriously like this,"" Trump says. Trump tied for 2nd with Mike Huckabee in 2012 GOP primary field at 17 percent.",right,right
Donald Trump Signals He Has Investigators Looking Into Obama Citizenship Issue In Hawaii,"Trump: ""I want to see the birth certificate"" ""I always take things seriously, but I've never taken it seriously like this,"" Trump says. Trump tied for 2nd with Mike Huckabee in the 2012 GOP primary field.",right,right
Donald Trump Signals He Has Investigators Looking Into Obama Citizenship Issue In Hawaii,"Trump: ""I want to see the birth certificate"" ""How come his own family doesn't know which hospital he was born in?"" ""The world laughs at us. They won't be laughing if I'm elected president,"" he says. Trump says he plans to decide by June whether to run for president.",center,center
Donald Trump Signals He Has Investigators Looking Into Obama Citizenship Issue In Hawaii,"Trump: ""I want to see the birth certificate"" ""How come his own family doesn't know which hospital he was born in?"" ""The world laughs at us. They won't be laughing if I'm elected president,"" he says. Trump says he plans to decide by June whether to run.",left,center
Donald Trump Signals He Has Investigators Looking Into Obama Citizenship Issue In Hawaii,"Trump: ""I want to see the birth certificate"" ""How come his own family doesn't know which hospital he was born in?"" ""The world laughs at us. They won't be laughing if I'm elected president,"" Trump says.",left,center
"Trump Sends Investigators to Hawaii, Gains in GOP Presidential Primary Poll","Trump says he will decide by June whether to run for president. ""I'd like to beat him straight up,"" Trump says of Obama. New Jersey Gov. Chris Christie says he doesn't know if Trump wants to run.",right,left
"Trump Sends Investigators to Hawaii, Gains in GOP Presidential Primary Poll","Trump says he will decide by June whether to run for president. ""I'd like to beat him straight up,"" Trump says of Obama. New Jersey Gov. Chris Christie says he's not sure Trump wants to be president.",right,left
"Trump Sends Investigators to Hawaii, Gains in GOP Presidential Primary Poll","Trump says he will decide by June whether to run for president. ""I'd like to beat him straight up,"" Trump says of Obama. New Jersey Gov. Chris Christie says he doesn't know if Trump will run.",right,left
"Trump Sends Investigators to Hawaii, Gains in GOP Presidential Primary Poll","Donald Trump: ""I have people that actually have been studying it and they cannot believe what they're finding"" Trump says he will decide by June whether to run for president. New Jersey Gov. Chris Christie says he doesn't think Trump wants to be president.",left,right
"Trump Sends Investigators to Hawaii, Gains in GOP Presidential Primary Poll","Donald Trump: ""I have people that actually have been studying it and they cannot believe what they're finding"" Trump says he will decide by June whether to run for president. New Jersey Gov. Chris Christie says he doesn't know if Trump wants to run.",left,right
"Trump Sends Investigators to Hawaii, Gains in GOP Presidential Primary Poll","Donald Trump: ""I have people that actually have been studying it and they cannot believe what they're finding"" Trump says he will decide by June whether to run for president. New Jersey Gov. Chris Christie says he doesn't know if Trump will run.",left,right
"Trump Sends Investigators to Hawaii, Gains in GOP Presidential Primary Poll","Trump: ""I have people that actually have been studying it and they cannot believe what they're finding"" ""I'd like to beat him straight up,"" Trump says of Obama if he runs for president. ""I'm only interested in Libya if we get the oil,"" he says.",left,center
"Trump Sends Investigators to Hawaii, Gains in GOP Presidential Primary Poll","Trump: ""I have people that actually have been studying it and they cannot believe what they're finding"" ""I'd like to beat him straight up,"" Trump says of Obama if he runs for president. New Jersey Gov. Christie says he doesn't know if Trump wants to be president.",right,center
"Trump Sends Investigators to Hawaii, Gains in GOP Presidential Primary Poll","Trump: ""I have people that actually have been studying it and they cannot believe what they're finding"" ""I'd like to beat him straight up,"" Trump says of Obama if he runs for president. ""I'm only interested in Libya if we get the oil,"" he says of the Libyan conflict.",left,center
Obama Taunts G.O.P.  for Ignoring Jobs Bill,"President Obama visits Key Bridge between Washington and Virginia. Obama takes shot at House Republicans for reaffirming national motto, “In God We Trust,” when they should be creating jobs.",right,left
Obama Taunts G.O.P.  for Ignoring Jobs Bill,"President Obama visits Key Bridge between Washington and Virginia. Obama takes shot at House Republicans for passing resolution reaffirming national motto, “In God We Trust’",right,left
Obama Taunts G.O.P.  for Ignoring Jobs Bill,"President Obama visits Key Bridge between Washington and Virginia. Obama takes shot at House Republicans for passing resolution reaffirming national motto, “In God We Trust”",right,left
Obama Taunts G.O.P.  for Ignoring Jobs Bill,President Obama visits Key Bridge between Washington and Virginia. Obama takes his biggest shot not at the measure’s Republican opponents in the Senate. House Republicans say the Democratic-controlled Senate should take up some 16 House-passed measures.,right,right
Obama Taunts G.O.P.  for Ignoring Jobs Bill,President Obama visits Key Bridge between Washington and Virginia. Obama takes his biggest shot not at the measure’s Republican opponents in the Senate. House Republicans say the Democratic-controlled Senate should take up 16 House-passed measures.,right,right
Obama Taunts G.O.P.  for Ignoring Jobs Bill,"President Obama visits Key Bridge between Washington and Virginia. Obama takes his biggest shot not at the measure’s Republican opponents in the Senate, but at those in the House. House Republicans say the Democratic-controlled Senate should take up some 16 measures.",center,right
Obama Taunts G.O.P.  for Ignoring Jobs Bill,"President Obama visits Key Bridge between Washington and Virginia to promote job-creation proposals. Obama takes his biggest shot not at the measure’s Republican opponents in the Senate, but at those in the House.",center,center
Obama Taunts G.O.P.  for Ignoring Jobs Bill,"President Obama visits Key Bridge between Washington and Virginia to promote job-creation proposals. He takes his biggest shot not at the measure’s Republican opponents in the Senate, but at those in the House.",center,center
Obama Taunts G.O.P.  for Ignoring Jobs Bill,"President Obama visits Key Bridge between Washington and Virginia to promote job-creation proposals. He takes his biggest shot not at the measure's Republican opponents in the Senate, but at those in the House.",center,center
House Reading of Constitution Is Not Without Issues,"Members of the House of Representatives began to read the United States Constitution aloud from the chamber’s floor on Thursday morning. Democrats and Republicans battled back and forth over the issue of language, perhaps presaging future partisan battles.",center,left
House Reading of Constitution Is Not Without Issues,Members of the House of Representatives began to read the United States Constitution aloud from the chamber’s floor on Thursday morning. Democrats and Republicans battled back and forth over the issue of language.,center,left
House Reading of Constitution Is Not Without Issues,Members of the House of Representatives began to read the United States Constitution aloud from the chamber’s floor on Thursday morning.,center,left
House Reading of Constitution Is Not Without Issues,"The reading of the document on the floor of the House, an act that is part of the new rules package, serves several purposes. Largely, it was meant to instruct members, who now must use it to underlie their bills, and to inform voters. But it was also clearly meant as a nod to the Tea Party, a loosely organized political movement.",left,right
House Reading of Constitution Is Not Without Issues,"The reading of the document on the floor of the House, an act that is part of the new rules package, serves several purposes, said Representative Robert W. Goodlatte, Republican of Virginia. Largely, it was meant to instruct members, who now must use it to underlie their bills, and to inform voters.",left,right
House Reading of Constitution Is Not Without Issues,"The reading of the document on the floor of the House, an act that is part of the new rules package, serves several purposes. Largely, it was meant to instruct members, who now must use it to underlie their bills, and to inform voters.",left,right
House Reading of Constitution Is Not Without Issues,"The reading of the document on the floor of the House, an act that is part of the new rules package, serves several purposes. Largely, it was meant to instruct members, who now must use it to underlie their bills, and to inform voters. But it was also clearly meant as a nod to the Tea Party, a loosely organized political movement.",left,center
House Reading of Constitution Is Not Without Issues,"The reading of the document on the floor of the House, an act that is part of the new rules package, serves several purposes, said Representative Robert W. Goodlatte, Republican of Virginia. It was meant to instruct members, who now must use it to underlie their bills, and to inform voters.",left,center
House Reading of Constitution Is Not Without Issues,"The reading of the document on the floor of the House, an act that is part of the new rules package, serves several purposes. Largely, it was meant to instruct members, who now must use it to underlie their bills, and to inform voters.",left,center
Weiner Denies Sending Photo but Is Less Sure About Its Origin,Rep. Anthony D. Weiner says he believes his Twitter account was hacked. He says he has hired an Internet security company and a lawyer to look into the matter. The congressman says he does not know the woman who received the photo.,center,left
Weiner Denies Sending Photo but Is Less Sure About Its Origin,Rep. Anthony D. Weiner says he believes his Twitter account was hacked. He says he has hired an Internet security company and a lawyer to look into the matter. He did not rule out the possibility that the photo was of him.,center,left
Weiner Denies Sending Photo but Is Less Sure About Its Origin,Rep. Anthony D. Weiner says he believes his Twitter account was hacked. He says he has hired an Internet security company and a lawyer to look into the matter.,center,left
Weiner Denies Sending Photo but Is Less Sure About Its Origin,Rep. Anthony D. Weiner denies sending a suggestive photograph to a woman. He says he has hired an Internet security company and a lawyer to look into the matter. He does not believe the episode merited investigation by federal law enforcement.,center,right
Weiner Denies Sending Photo but Is Less Sure About Its Origin,Rep. Anthony D. Weiner denies sending a suggestive photograph to a woman in Washington State. He says he believes his Twitter account had been infiltrated by a hacker or a prankster. The congressman says he does not know the woman who received the photo.,center,right
Weiner Denies Sending Photo but Is Less Sure About Its Origin,Rep. Anthony D. Weiner denies sending a suggestive photograph to a woman in Washington State. He says he believes his Twitter account had been infiltrated by a hacker or a prankster. He said he did not know the woman who received the photo.,center,right
Weiner Denies Sending Photo but Is Less Sure About Its Origin,Rep. Anthony D. Weiner denies sending a suggestive photograph to a woman in Washington State. He says he has hired an Internet security company and a lawyer to look into the matter. He said he believed his Twitter account had been infiltrated by a hacker or a prankster.,center,center
Weiner Denies Sending Photo but Is Less Sure About Its Origin,Rep. Anthony D. Weiner denies sending a suggestive photograph to a woman in Washington State. He says he has hired an Internet security company and a lawyer to look into the matter. The congressman also expressed concern about the toll the episode was taking on his wife.,center,center
Weiner Denies Sending Photo but Is Less Sure About Its Origin,"Rep. Anthony D. Weiner denies sending a suggestive photograph to a woman in Washington State. He says he believes his Twitter account, or a related photo-sharing site, had been infiltrated by a hacker or a prankster.",center,center
Perry Goes After Obama Over Don't Ask Don't Tell,"Rick Perry pledges to end ""[President Barack] Obama's war on religion"" in a new television ad airing in Iowa. Perry railing against open service of gays and lesbians in the military and the prohibition against prayer in public schools. Perry has recently stepped up his attacks on Obama for cultural issues.",left,left
Perry Goes After Obama Over Don't Ask Don't Tell,"Rick Perry pledges to end ""[President Barack] Obama's war on religion"" in a new television ad airing in Iowa. Perry has recently stepped up his attacks on Obama for cultural issues. Perry netted just 6 percent support among likely Republican caucus-goers, according to a Des Moines Register poll.",right,left
Perry Goes After Obama Over Don't Ask Don't Tell,"Rick Perry pledges to end ""[President Barack] Obama's war on religion"" in a new television ad airing in Iowa. Perry has recently stepped up his attacks on Obama for cultural issues. Perry netted just 6 percent support among likely Republican caucus-goers, according to a Des Moines Register poll.",right,left
Perry Goes After Obama Over Don't Ask Don't Tell,Perry has recently stepped up his attacks on Obama for cultural issues. He decried the Obama administration’s decision to use foreign aid to promote rights for gays and lesbians abroad.,left,right
Perry Goes After Obama Over Don't Ask Don't Tell,Rick Perry has recently stepped up his attacks on Obama for cultural issues. Perry bought $1 million in broadcast television time ahead of the Jan. 3 caucuses.,left,right
Perry Goes After Obama Over Don't Ask Don't Tell,Perry has recently stepped up his attacks on Obama for cultural issues. Perry netted just 6 percent support among likely Republican caucus-goers.,left,right
Perry Goes After Obama Over Don't Ask Don't Tell,Perry has recently stepped up his attacks on Obama for cultural issues. He decried the Obama administration’s decision to use foreign aid to promote rights for gays and lesbians abroad.,left,center
Perry Goes After Obama Over Don't Ask Don't Tell,Perry has recently stepped up his attacks on Obama for cultural issues. He decried the Obama administration’s decision to use foreign aid to promote rights for gays and lesbians abroad.,left,center
Perry Goes After Obama Over Don't Ask Don't Tell,Perry has recently stepped up his attacks on Obama for cultural issues. Perry bought $1 million in broadcast television time ahead of the Jan. 3 caucuses.,left,center
Perry Ad Focuses on Gays and Christianity,"Gov. Rick Perry of Texas is broadcasting a new campaign ad that seems to contrast Christianity with homosexuality. Perry vows to end what he calls “Obama’s war on religion,” and highlights his criticism of overturning the “don’t ask, don’d tell” policy.",left,left
Perry Ad Focuses on Gays and Christianity,"Gov. Rick Perry of Texas is broadcasting a new campaign ad that seems to contrast Christianity with homosexuality. Perry vows to end what he calls “Obama’s war on religion,” and highlights his criticism of overturning the “don’t ask, don’d tell’ policy.",left,left
Perry Ad Focuses on Gays and Christianity,Gov. Rick Perry of Texas is broadcasting a new campaign ad that seems to contrast Christianity with homosexuality.,left,left
Perry Ad Focuses on Gays and Christianity,"Texas Gov. Rick Perry is broadcasting a new campaign ad that seems to contrast Christianity with homosexuality. He vows to end what he calls “Obama’s war on religion,” and highlights his criticism of overturning the “don’t ask, don’d tell” policy.",right,right
Perry Ad Focuses on Gays and Christianity,"Texas Gov. Rick Perry is broadcasting a new campaign ad that seems to contrast Christianity with homosexuality. He vows to end what he calls “Obama’s war on religion,” and highlights his criticism of overturning the “don’t ask, don’d tell’ policy.",right,right
Perry Ad Focuses on Gays and Christianity,Texas Gov. Rick Perry is broadcasting a new campaign ad that seems to contrast Christianity with homosexuality.,right,right
Perry Ad Focuses on Gays and Christianity,"Gov. Rick Perry of Texas is broadcasting a new campaign ad that seems to contrast Christianity with homosexuality. Perry vows to end what he calls “Obama’s war on religion,” and highlights his criticism of overturning the “don’t ask, don’T tell’ policy for gays serving in the military.",left,center
Perry Ad Focuses on Gays and Christianity,"Gov. Rick Perry of Texas is broadcasting a new campaign ad that seems to contrast Christianity with homosexuality. Perry vows to end what he calls “Obama’s war on religion,” and highlights his criticism of overturning the “don’t ask, don’d tell” policy for gays serving in the military.",left,center
Perry Ad Focuses on Gays and Christianity,"Gov. Rick Perry of Texas is broadcasting a new campaign ad that seems to contrast Christianity with homosexuality. Perry vows to end what he calls “Obama’s war on religion,” and highlights his criticism of overturning the “don’t ask, don’T tell” policy for gays serving in the military.",left,center
Trump Pulling Out Of Debate,"Donald Trump announced Tuesday that he is pulling out of his own Dec. 27th debate. Trump said he was ending the debate because he did not want to ""give up my right to run as an independent candidate""",right,left
Trump Pulling Out Of Debate,"Donald Trump announced Tuesday that he is pulling out of his own Dec. 27th debate. Trump said that he did not want to ""give up my right to run as an independent candidate""",right,left
Trump Pulling Out Of Debate,"Donald Trump announced Tuesday that he is pulling out of his own Dec. 27th debate. Trump said he did not want to ""give up my right to run as an independent candidate""",right,left
Trump Pulling Out Of Debate,"Donald Trump announced Tuesday that he is pulling out of his own Dec. 27th debate. Trump said he was ending the debate because he did not want to ""give up my right to run as an independent candidate""",right,right
Trump Pulling Out Of Debate,"Donald Trump announced Tuesday that he is pulling out of his own Dec. 27th debate. Trump said that he did not want to ""give up my right to run as an independent candidate""",right,right
Trump Pulling Out Of Debate,Donald Trump announced Tuesday that he is pulling out of his own Dec. 27th debate. The announcement came just eleven days after Trump initially said he was partnering with the conservative magazine to host a forum.,right,right
Trump Pulling Out Of Debate,"Donald Trump announced Tuesday that he is pulling out of his own Dec. 27th debate. Trump said he was ending the debate because he did not want to ""give up my right to run as an independent candidate"" The announcement came just eleven days after Trump initially said he would host a forum.",right,center
Trump Pulling Out Of Debate,"Donald Trump announced Tuesday that he is pulling out of his own Dec. 27th debate. Trump said he was ending the debate because he did not want to ""give up my right to run as an independent candidate""",right,center
Trump Pulling Out Of Debate,Donald Trump announced Tuesday that he is pulling out of his own Dec. 27th debate. Trump initially said he was partnering with the conservative magazine to host a forum with the remaining Republican presidential candidates.,center,center
"Trump Bows Out as Moderator of GOP Debate, Reserves Right to Run for President","Donald Trump says he's bowing out as the moderator of a Republican presidential debate. He said he wants to make sure there's no ""conflict of interest"" in case he decides to run as a third-party candidate. Trump also said he's still considering an independent bid.",right,left
"Trump Bows Out as Moderator of GOP Debate, Reserves Right to Run for President","Donald Trump says he's bowing out as the moderator of a Republican presidential debate. He said he wants to make sure there's no ""conflict of interest"" in case he decides to run as a third-party candidate. Trump said he still plans to make an endorsement despite his threats.",right,left
"Trump Bows Out as Moderator of GOP Debate, Reserves Right to Run for President","Donald Trump says he's bowing out as the moderator of a Republican presidential debate. He said he wants to make sure there's no ""conflict of interest"" in case he decides to run as a third-party candidate. Trump said he still plans to make an endorsement despite his threat.",right,left
"Trump Bows Out as Moderator of GOP Debate, Reserves Right to Run for President","Trump says he wants to make sure there's no ""conflict of interest"" in case he decides to run as a third-party candidate. He said he does not expect Newsmax to follow through with the debate.",center,right
"Trump Bows Out as Moderator of GOP Debate, Reserves Right to Run for President","Trump says he wants to make sure there's no ""conflict of interest"" in case he decides to run as a third-party candidate. He said he does not expect Newsmax to follow through with the debate now.",center,right
"Trump Bows Out as Moderator of GOP Debate, Reserves Right to Run for President","Trump says he wants to make sure there's no ""conflict of interest"" in case he decides to run as a third-party candidate. He said he's still considering an independent bid.",center,right
"Trump Bows Out as Moderator of GOP Debate, Reserves Right to Run for President","Trump says he wants to make sure there's no ""conflict of interest"" in case he decides to run as a third-party candidate next year. He said he still plans to make an endorsement despite his threatened third- party run.",right,center
"Trump Bows Out as Moderator of GOP Debate, Reserves Right to Run for President","Trump says he wants to make sure there's no ""conflict of interest"" in case he decides to run as a third-party candidate next year. He said he still plans to make an endorsement despite his threatened third- Party run.",right,center
"Trump Bows Out as Moderator of GOP Debate, Reserves Right to Run for President","Trump says he wants to make sure there's no ""conflict of interest"" in case he decides to run as a third-party candidate. He said he still plans to make an endorsement despite his threatened third- party run.",right,center
Perry Wins Endorsement of Sheriff Joe ,"Rick Perry says he would back a federal policy “to detain and to deport every illegal alien that we apprehend.” He was not suggesting any rounding up of illegal immigrants, an aide later made clear.",center,left
Perry Wins Endorsement of Sheriff Joe ,"Rick Perry says he would back a federal policy “to detain and to deport every illegal alien that we apprehend.” Perry was not suggesting any rounding up of illegal immigrants, an aide later made clear.",right,left
Perry Wins Endorsement of Sheriff Joe ,"Rick Perry says he would back a federal policy “to detain and to deport every illegal alien that we apprehend.” He was not suggesting any rounding up of illegal immigrants, an aide said.",center,left
Perry Wins Endorsement of Sheriff Joe ,"Texas Gov. Rick Perry says he would back a federal policy “to detain and to deport every illegal alien that we apprehend.” Mr. Perry was not suggesting any rounding up of illegal immigrants, an aide later made clear.",right,right
Perry Wins Endorsement of Sheriff Joe ,Texas Gov. Rick Perry says he would back a federal policy “to detain and to deport every illegal alien that we apprehend.” Mr. Perry was not suggesting any rounding up of illegal immigrants.,right,right
Perry Wins Endorsement of Sheriff Joe ,Texas Gov. Rick Perry says he would back a federal policy “to detain and to deport every illegal alien that we apprehend.” Perry was not suggesting any rounding up of illegal immigrants.,right,right
Perry Wins Endorsement of Sheriff Joe ,"Texas Gov. Rick Perry says he would back a federal policy “to detain and to deport every illegal alien that we apprehend” He was not suggesting any rounding up of illegal immigrants, an aide later made clear.",left,center
Perry Wins Endorsement of Sheriff Joe ,"Texas Gov. Rick Perry says he would back a federal policy “to detain and to deport every illegal alien that we apprehend” He was not suggesting any rounding up of illegal immigrants, an aide later said.",center,center
Perry Wins Endorsement of Sheriff Joe ,"Texas Gov. Rick Perry says he would back a federal policy “to detain and to deport every illegal alien that we apprehend” He was not suggesting any rounding up of illegal immigrants, an aide said.",left,center
'America's Toughest Sheriff' Endorses Rick Perry,"Arizona Sheriff Joe Arpaio will officially endorse Texas Governor Rick Perry for the Republican presidential nomination. Arpaio is a hardliner on immigration, leading a push in Maricopa County for more enforcement. Perry has been criticized for his immigration platform, which rests on the idea that deportation of all 11 million undocumented immigrants in the country is impractical and unlikely.",right,left
'America's Toughest Sheriff' Endorses Rick Perry,"Arizona Sheriff Joe Arpaio will officially endorse Texas Governor Rick Perry for the Republican presidential nomination. Arpaio is a hardliner on immigration, leading a push in Maricopa County for more enforcement. Perry has been criticized for his immigration platform, which rests on the idea that deportation of all 11 million undocumented immigrants is impractical and unlikely.",right,left
'America's Toughest Sheriff' Endorses Rick Perry,"Arizona Sheriff Joe Arpaio will officially endorse Texas Governor Rick Perry for the Republican presidential nomination. Arpaio is a hardliner on immigration, leading a push in Maricopa County for more enforcement. Perry has been criticized for his immigration platform, which rests on the idea that deportation of all 11 million undocumented immigrants is impractical and unlikely.",right,left
'America's Toughest Sheriff' Endorses Rick Perry,"Arizona Sheriff Joe Arpaio announced Tuesday he will officially endorse Texas Governor Rick Perry for the Republican presidential nomination. Arpaio is a hardliner on immigration, leading a push in Maricopa County for more enforcement. Perry has been criticized for his immigration platform, which rests on the idea that deportation of all 11 million undocumented immigrants is impractical and unlikely.",right,right
'America's Toughest Sheriff' Endorses Rick Perry,"Arizona Sheriff Joe Arpaio announced Tuesday he will officially endorse Texas Governor Rick Perry for the Republican presidential nomination. Arpaio is a hardliner on immigration, leading a push in Maricopa County for more enforcement. Perry has been criticized for his immigration platform, which rests on the idea that deportation of all 11 million undocumented immigrants is impractical and unlikely.",right,right
'America's Toughest Sheriff' Endorses Rick Perry,"Arizona Sheriff Joe Arpaio announced he will officially endorse Texas Governor Rick Perry for the Republican presidential nomination. Arpaio is a hardliner on immigration, leading a push in Maricopa County for more enforcement. Perry has been criticized for his immigration platform, which rests on the idea that deportation of all 11 million undocumented immigrants is impractical and unlikely.",right,right
'America's Toughest Sheriff' Endorses Rick Perry,"Arizona Sheriff Joe Arpaio announced he will officially endorse Texas Governor Rick Perry for the Republican presidential nomination. Arpaio is a hardliner on immigration, leading a push in Maricopa County for more enforcement. He is famous for pushing worksite raids and creating a ""Tent City,"" a military-style holding ground for inmates.",right,center
'America's Toughest Sheriff' Endorses Rick Perry,"Arizona Sheriff Joe Arpaio announced he will officially endorse Texas Governor Rick Perry for the Republican presidential nomination. Arpaio is a hardliner on immigration, leading a push in Maricopa County for more enforcement. Perry was criticized for his immigration platform, which rests on the idea that deportation of all 11 million undocumented immigrants is impractical and unlikely.",right,center
'America's Toughest Sheriff' Endorses Rick Perry,"Arizona Sheriff Joe Arpaio announced he will officially endorse Texas Governor Rick Perry for the Republican presidential nomination. Arpaio is a hardliner on immigration, leading a push in Maricopa County for more enforcement. He is famous for pushing worksite raids and creating a ""Tent City""",right,center
Supreme Court Hears Argument In Wal-Mart Sex Bias Lawsuit,Supreme Court appears ready to block massive sex discrimination lawsuit against Wal-Mart. Case could make it harder for other workers nationwide to bring class-action claims. Billions of dollars are at stake if it is allowed to go forward.,center,left
Supreme Court Hears Argument In Wal-Mart Sex Bias Lawsuit,Supreme Court appears ready to block massive sex discrimination lawsuit against Wal-Mart. Case could make it harder for other workers nationwide to bring class-action claims. Billions of dollars are at stake if the case is allowed to go forward.,center,left
Supreme Court Hears Argument In Wal-Mart Sex Bias Lawsuit,Supreme Court appears ready to block massive sex discrimination lawsuit against Wal-Mart. Case could make it harder for other workers nationwide to bring class-action claims. Billions of dollars are at stake if the lawsuit is allowed to go forward.,center,left
Supreme Court Hears Argument In Wal-Mart Sex Bias Lawsuit,The Supreme Court appears ready to block a massive sex discrimination lawsuit against Wal-Mart. The case could make it harder for other workers nationwide to bring class-action claims against large employers. Billions of dollars are at stake if the lawsuit is allowed to go forward.,center,right
Supreme Court Hears Argument In Wal-Mart Sex Bias Lawsuit,The Supreme Court appears ready to block a massive sex discrimination lawsuit against Wal-Mart. The case could make it harder for other workers nationwide to bring class-action claims. Billions of dollars are at stake if it is allowed to go forward.,center,right
Supreme Court Hears Argument In Wal-Mart Sex Bias Lawsuit,The Supreme Court appears ready to block a massive sex discrimination lawsuit against Wal-Mart. The case could make it harder for other workers nationwide to bring class-action claims. Billions of dollars are at stake if the case is allowed to go forward.,center,right
Supreme Court Hears Argument In Wal-Mart Sex Bias Lawsuit,The Supreme Court appears ready to block a massive sex discrimination lawsuit against Wal-Mart. The case could make it harder for other workers nationwide to bring class-action claims against large employers. Billions of dollars are at stake if it is allowed to go forward. Both sides have painted the case as extremely consequential.,center,center
Supreme Court Hears Argument In Wal-Mart Sex Bias Lawsuit,The Supreme Court appears ready to block a massive sex discrimination lawsuit against Wal-Mart. The case could make it harder for other workers nationwide to bring class-action claims against large employers. Billions of dollars are at stake if the lawsuit is allowed to go forward.,center,center
Supreme Court Hears Argument In Wal-Mart Sex Bias Lawsuit,The Supreme Court appears ready to block a massive sex discrimination lawsuit against Wal-Mart. The case could make it harder for other workers nationwide to bring class-action claims against large employers. Billions of dollars are at stake if it is allowed to go forward.,center,center
Supreme Court Questions Claims in Sex Bias Suit Against Wal-Mart,"The lawsuit alleges that the company's corporate culture fosters the advancement of male workers over their female counterparts. Justice Anthony Kennedy said he was troubled by what he called an inconsistency in the women's lawsuit. The case started a decade ago when Wal-Mart worker Betty Dukes said the management at her Pittsburg, Calif., store was bypassing her.",center,left
Supreme Court Questions Claims in Sex Bias Suit Against Wal-Mart,"The lawsuit alleges that the company's corporate culture fosters the advancement of male workers over their female counterparts. Justice Anthony Kennedy said he was troubled by what he called an inconsistency in the women's lawsuit. ""If somebody tells you how to exercise discretion, you don't have discretion,"" Justice Antonin Scalia said.",center,left
Supreme Court Questions Claims in Sex Bias Suit Against Wal-Mart,The lawsuit alleges that the company's corporate culture fosters the advancement of male workers over their female counterparts. Justice Anthony Kennedy said he was troubled by what he called an inconsistency in the women's lawsuit. Justice Ruth Bader Ginsburg expressed some concerns about the particulars of the sex discrimination lawsuit.,center,left
Supreme Court Questions Claims in Sex Bias Suit Against Wal-Mart,"The lawsuit alleges that the company's corporate culture fosters the advancement of male workers over their female counterparts. Justice Anthony Kennedy said he was troubled by what he called an inconsistency in the women's lawsuit. The case started a decade ago when Wal-Mart worker Betty Dukes said the management at her Pittsburg, Calif., store was bypassing her.",center,right
Supreme Court Questions Claims in Sex Bias Suit Against Wal-Mart,"The lawsuit alleges that the company's corporate culture fosters the advancement of male workers over their female counterparts. The case started a decade ago when Wal-Mart worker Betty Dukes said the management at her Pittsburg, Calif., store was bypassing her for promotions. Two lower courts said the case could move toward trial.",center,right
Supreme Court Questions Claims in Sex Bias Suit Against Wal-Mart,"The lawsuit alleges that the company's corporate culture fosters the advancement of male workers over their female counterparts. Justice Anthony Kennedy said he was troubled by what he called an inconsistency in the women's lawsuit. ""If somebody tells you how to exercise discretion, you don't have discretion,"" Justice Antonin Scalia said.",center,right
Supreme Court Questions Claims in Sex Bias Suit Against Wal-Mart,"The case covers 1.5 million women and could cost the world's largest retailer billions of dollars. The lawsuit alleges that the company's corporate culture fosters the advancement of male workers over their female counterparts. The key vote for a Wal-Mart victory could belong to Justice Anthony Kennedy, who said he was troubled by what he called an inconsistency in the women's lawsuit.",center,center
Supreme Court Questions Claims in Sex Bias Suit Against Wal-Mart,The case covers 1.5 million women and could cost the world's largest retailer billions of dollars. The lawsuit alleges that the company's corporate culture fosters the advancement of male workers over their female counterparts. Justice Anthony Kennedy said he was troubled by what he called an inconsistency in the women's lawsuit.,center,center
Supreme Court Questions Claims in Sex Bias Suit Against Wal-Mart,The case covers 1.5 million women and could cost the world's largest retailer billions of dollars. The lawsuit alleges that the company's corporate culture fosters the advancement of male workers over their female counterparts. The key vote for a Wal-Mart victory could belong to Justice Anthony Kennedy.,center,center
Bachmann Newsweek Cover Goes for Insult But Gets Criticism in Return,"National Organization for Women President Terry O'Neill said the cover is ""sexist"" Newsweek has defended the photo -- an extreme close-up of the crystal blue-eyed Bachmann looking over a dark blue background.",left,left
Bachmann Newsweek Cover Goes for Insult But Gets Criticism in Return,"National Organization for Women President Terry O'Neill said the cover is ""sexist"" Newsweek has defended the photo -- an extreme close-up of the crystal blue-eyed Bachmann looking over the camera.",left,left
Bachmann Newsweek Cover Goes for Insult But Gets Criticism in Return,"National Organization for Women President Terry O'Neill said the cover is ""sexist"" Newsweek has defended the photo, saying that several of the images taken of her appeared the same way.",left,left
Bachmann Newsweek Cover Goes for Insult But Gets Criticism in Return,"NEW: National Organization for Women President Terry O'Neill calls Newsweek cover ""sexist"" NEW: NOW president: ""Good women will not run for office if Newsweek magazine can do this to such a prominent politician and get away with it"" Newsweek has defended the photo, saying that several of the images taken of her appeared the same way.",left,right
Bachmann Newsweek Cover Goes for Insult But Gets Criticism in Return,"NEW: National Organization for Women President Terry O'Neill calls Newsweek cover ""sexist"" NEW: NOW president: ""Good women will not run for office if Newsweek magazine can do this to such a prominent politician and get away with it"" Newsweek has defended the cover, saying that several of the images taken of her appeared the same way.",left,right
Bachmann Newsweek Cover Goes for Insult But Gets Criticism in Return,"NEW: National Organization for Women President Terry O'Neill calls Newsweek cover ""sexist"" NEW: NOW president: ""Good women will not run for office if Newsweek magazine can do this to such a prominent politician and get away with it"" Newsweek has defended the photo, saying that several of the images taken of her appeared the same.",left,right
Bachmann Newsweek Cover Goes for Insult But Gets Criticism in Return,"National Organization for Women President Terry O'Neill calls Newsweek cover ""sexist"" Newsweek has defended the cover, saying that several of the images taken of her appeared the same way. Bachmann was asked about the cover during an appearance in Iowa on Monday.",left,center
Bachmann Newsweek Cover Goes for Insult But Gets Criticism in Return,"National Organization for Women President Terry O'Neill calls Newsweek cover ""sexist"" Newsweek has defended the photo, saying that several of the images taken of her appeared the same way.",left,center
Bachmann Newsweek Cover Goes for Insult But Gets Criticism in Return,"National Organization for Women President Terry O'Neill calls Newsweek cover ""sexist"" Newsweek has defended the cover, saying that several of the images taken of her appeared the same way.",left,center
Newsweek's Michele Bachmann Cover Raises Eyebrows," Newsweek's latest issue features a Michele Bachmann cover that's sure to stir up controversy. The cover shows Bachmann standing against a stark blue background, looking directly into the camera. Conservative websites are already crying foul over the cover, with some saying it makes Bachmann look ""crazy""",center,left
Newsweek's Michele Bachmann Cover Raises Eyebrows," Newsweek's latest issue features a Michele Bachmann cover that's sure to stir up controversy. The cover shows Bachmann against a stark blue background, looking directly into the camera. Conservative websites are already crying foul over the cover, with some saying it makes Bachmann look ""crazy""",center,left
Newsweek's Michele Bachmann Cover Raises Eyebrows," Newsweek's latest issue features a Michele Bachmann cover that's sure to stir up controversy. The cover shows Bachmann against a stark blue background, looking directly into the camera with a wide-eyed expression. Conservative websites are already crying foul over the cover.",center,left
Newsweek's Michele Bachmann Cover Raises Eyebrows," Newsweek's latest issue features a Michele Bachmann cover that's sure to stir up controversy. Conservative websites are already crying foul over the cover, with some saying it makes Bachmann look ""crazy"" It's not the first time Newsweek has faced conservative backlash for a cover.",left,right
Newsweek's Michele Bachmann Cover Raises Eyebrows," Newsweek's latest issue features a Michele Bachmann cover that's sure to stir up controversy. The cover shows Bachmann standing against a stark blue background, looking directly into the camera. Conservative websites are already crying foul over the cover.",center,right
Newsweek's Michele Bachmann Cover Raises Eyebrows," Newsweek's latest issue features a Michele Bachmann cover that's sure to stir up controversy. Conservative websites are already crying foul over the cover, with some saying it makes Bachmann look ""crazy""",left,right
Newsweek's Michele Bachmann Cover Raises Eyebrows," Newsweek's latest issue features a Michele Bachmann cover that's sure to stir up controversy. Conservative websites are already crying foul over the cover, with some saying it makes Bachmann look ""crazy"" It's not the first time Newsweek has faced conservative backlash for a cover.",left,center
Newsweek's Michele Bachmann Cover Raises Eyebrows," Newsweek's latest issue features a Michele Bachmann cover that's sure to stir up controversy. The headline advertising the magazine's story reads, ""THE QUEEN OF RAGE"" Conservative websites are already crying foul over the cover.",left,center
Newsweek's Michele Bachmann Cover Raises Eyebrows," Newsweek's latest issue features a Michele Bachmann cover that's sure to stir up controversy. Conservative websites are already crying foul over the cover, with some saying it makes Bachmann look ""crazy""",left,center
AARP Willing To Negotiate On Social Security Retirement Age,AARP policy chief suggests raising the age at which retirees can receive full benefits. AARP launched a national ad campaign Thursday warning members of Congress not to reduce benefits. Social Security will start paying out more in benefits than it absorbs in taxes this year. The retirement program's trust fund will become exhausted in 2036.,center,left
AARP Willing To Negotiate On Social Security Retirement Age,AARP policy chief suggests raising the age at which retirees can receive full benefits. AARP launched a national ad campaign Thursday warning members of Congress not to reduce benefits. Social Security will start paying out more in benefits than it absorbs in taxes this year.,center,left
AARP Willing To Negotiate On Social Security Retirement Age,"AARP policy chief suggests raising the age at which retirees can receive full benefits. AARP launched a national ad campaign Thursday warning members of Congress not to reduce benefits. Social Security's retirement benefits are funded with taxes on incomes up to $106,800.",center,left
AARP Willing To Negotiate On Social Security Retirement Age,AARP says it hasn't wavered in its opposition to cutting Social Security benefits. Top AARP official says group is open to a discussion about raising the retirement age. AARP policy chief is pushing organization to accept benefit cuts as part of a deal to make Social Security solvent. The 37 million-member lobbying powerhouse launched a national ad campaign Thursday.,right,right
AARP Willing To Negotiate On Social Security Retirement Age,AARP says it hasn't wavered in its opposition to cutting Social Security benefits. Top AARP official says group is open to a discussion about raising the retirement age. AARP launched a national ad campaign Thursday warning members of Congress not to reduce benefits. The group is one of the most influential lobbying groups in Washington.,center,right
AARP Willing To Negotiate On Social Security Retirement Age,AARP says it hasn't wavered in its opposition to cutting Social Security benefits. Top AARP official says group is open to a discussion about raising the retirement age. AARP policy chief is pushing organization to accept benefit cuts as part of a deal to make Social Security solvent.,right,right
AARP Willing To Negotiate On Social Security Retirement Age,AARP says it hasn't wavered in its opposition to cutting Social Security benefits. A top AARP official said it is open to a discussion about raising the retirement age. AARP launched a national ad campaign Thursday warning members of Congress not to reduce benefits. Social Security will start paying out more in benefits than it absorbs in taxes this year.,center,center
AARP Willing To Negotiate On Social Security Retirement Age,AARP says it hasn't wavered in its opposition to cutting Social Security benefits. A top AARP official said it is open to a discussion about raising the retirement age. AARP launched a national ad campaign Thursday warning members of Congress not to reduce benefits. Social Security will start paying out more in benefits this year than it absorbs in taxes.,center,center
AARP Willing To Negotiate On Social Security Retirement Age,AARP says it hasn't wavered in its opposition to cutting Social Security benefits. A top AARP official said it is open to a discussion about raising the retirement age. AARP policy chief is pushing the organization to accept benefit cuts as part of a deal.,center,center
Perry TV Ad: I Can Defend Faith from Obama’s “War on Religion,"Texas Gov. Rick Perry claims in a new TV ad that President Obama is waging a ""War on Religion"" The ad is a state-wide buy in Iowa that starts Wednesday. Perry is a Methodist.",left,left
Perry TV Ad: I Can Defend Faith from Obama’s “War on Religion,"Texas Gov. Rick Perry claims in a new TV ad that President Obama is waging a ""War on Religion"" The ad is a state-wide buy in Iowa that starts Wednesday.",left,left
Perry TV Ad: I Can Defend Faith from Obama’s “War on Religion,"Texas Gov. Rick Perry claims in a new TV ad that President Obama is waging a ""War on Religion"" Perry is a Methodist.",left,left
Perry TV Ad: I Can Defend Faith from Obama’s “War on Religion,"Texas Gov. Rick Perry claims in a new TV ad that President Obama is waging a ""War on Religion"" Perry is a Methodist. The ad is a state-wide buy in Iowa that starts Wednesday.",right,right
Perry TV Ad: I Can Defend Faith from Obama’s “War on Religion,"Texas Gov. Rick Perry claims in a new TV ad that President Obama is waging a ""War on Religion"" The ad is a state-wide buy in Iowa that starts Wednesday. Perry is a Methodist.",left,right
Perry TV Ad: I Can Defend Faith from Obama’s “War on Religion,"Texas Gov. Rick Perry claims in a new TV ad that President Obama is waging a ""War on Religion"" The ad is a state-wide buy in Iowa that starts Wednesday.",left,right
Perry TV Ad: I Can Defend Faith from Obama’s “War on Religion,"Texas Gov. Rick Perry claims in a new TV ad that President Obama is waging a ""War on Religion,"" and he's the GOP candidate that can defend faith in America. The ad is a state-wide buy in Iowa that starts Wednesday.",right,center
Perry TV Ad: I Can Defend Faith from Obama’s “War on Religion,"Texas Gov. Rick Perry claims in a new TV ad that President Obama is waging a ""War on Religion"" The ad is a state-wide buy in Iowa that starts Wednesday. Perry has never shied away from his faith during this campaign.",left,center
Perry TV Ad: I Can Defend Faith from Obama’s “War on Religion,"Texas Gov. Rick Perry claims in a new TV ad that President Obama is waging a ""War on Religion"" The ad is a state-wide buy in Iowa that starts Wednesday. Perry is a Methodist.",left,center
House Republicans Read Constitution On Second Day In Power,Republicans have made strict adherence to the Constitution a key tenet of their effort to reduce the size of the federal government. The House GOP will reportedly make it a requirement that all new bills put forth in the legislative body include “a statement by the lawmaker who wrote it citing the constitutional authority to enact the proposed legislation” The Washington Post reported that reading the founding document in full appears to be a first in the chamber’s 221-year history.,center,left
House Republicans Read Constitution On Second Day In Power,Republicans have made strict adherence to the Constitution a key tenet of their effort to reduce the size of the federal government. The House GOP will reportedly make it a requirement that all new bills put forth in the legislative body include “a statement by the lawmaker who wrote it citing the constitutional authority to enact the proposed legislation”,center,left
House Republicans Read Constitution On Second Day In Power,Republicans have made strict adherence to the Constitution a key tenet of their effort to reduce the size of the federal government. The House GOP will reportedly make it a requirement that all new bills put forth in the legislative body include “a statement by the lawmaker who wrote it citing the constitutional authority to enact the proposed legislation”,center,left
House Republicans Read Constitution On Second Day In Power,Republicans have made strict adherence to the Constitution a key tenet of their effort to reduce the size of the federal government. The House GOP will reportedly make it a requirement that all new bills put forth in the legislative body include “a statement by the lawmaker who wrote it citing the constitutional authority to enact the proposed legislation”,center,right
House Republicans Read Constitution On Second Day In Power,Republicans have made strict adherence to the Constitution a key tenet of their effort to reduce the size of the federal government. The House GOP will reportedly make it a requirement that all new bills put forth in the legislative body include “a statement by the lawmaker who wrote it citing the constitutional authority to enact the proposed legislation’,center,right
House Republicans Read Constitution On Second Day In Power,Republicans have made strict adherence to the Constitution a key tenet of their effort to reduce the size of the federal government. The House will reportedly make it a requirement that all new bills put forth in the legislative body include “a statement by the lawmaker who wrote it citing the constitutional authority to enact the proposed legislation”,center,right
House Republicans Read Constitution On Second Day In Power,Republicans have made strict adherence to the Constitution a key tenet of their effort to reduce the size of the federal government. The House GOP will reportedly make it a requirement that all new bills put forth in the legislative body include “a statement by the lawmaker who wrote it citing the constitutional authority to enact the proposed legislation”,center,center
House Republicans Read Constitution On Second Day In Power,Republicans have made strict adherence to the Constitution a key tenet of their effort to reduce the size of the federal government. The House GOP will reportedly make it a requirement that all new bills put forth in the legislative body include “a statement by the lawmaker who wrote it citing the constitutional authority to enact the proposed legislation’,center,center
House Republicans Read Constitution On Second Day In Power,Republicans have made strict adherence to the Constitution a key tenet of their effort to reduce the size of the federal government. The House will reportedly make it a requirement that all new bills put forth in the legislative body include “a statement by the lawmaker who wrote it citing the constitutional authority to enact the proposed legislation”,center,center
Purpose Behind Congressional Reading of Constitution Questioned After Amendments Are Omitted,Members of Congress read the U.S. Constitution for the first time on the House floor. Republicans skipped some parts of the document since they've been superseded by amendment. Democrats say the exercise is a waste of time and an exercise in political propaganda. Supporters say it's an important moment in the history of the country.,center,left
Purpose Behind Congressional Reading of Constitution Questioned After Amendments Are Omitted,Members of Congress read the U.S. Constitution for the first time on the House floor. Republicans skipped some parts of the document since they've been superseded by amendment. Democrats say the exercise is a waste of time and an exercise in political propaganda. Supporters say it's an important moment in the history of the nation.,center,left
Purpose Behind Congressional Reading of Constitution Questioned After Amendments Are Omitted,"Members of Congress read the U.S. Constitution for the first time on the House floor. Republicans skipped some parts of the document since they've been superseded by amendment. Democrats say the exercise is a waste of time and is an exercise in ""propaganda""",center,left
Purpose Behind Congressional Reading of Constitution Questioned After Amendments Are Omitted,"Members of Congress read the U.S. Constitution aloud for the first time on the House floor. Republicans skipped parts of the document because they've been superseded by amendment. Democratic lawmakers decried the exercise, saying the Constitution is a living document that shouldn't be followed to the letter.",center,right
Purpose Behind Congressional Reading of Constitution Questioned After Amendments Are Omitted,"Members of Congress read the U.S. Constitution aloud for the first time on the House floor. Republicans skipped parts of the document because they've been superseded by amendment. Democratic lawmakers decried the exercise, saying the Constitution is a living document that shouldn't be followed.",center,right
Purpose Behind Congressional Reading of Constitution Questioned After Amendments Are Omitted,"Members of Congress read the U.S. Constitution aloud for the first time on the House floor. Republicans skipped parts of the document because they've been superseded by amendment. Democratic lawmakers decried the ""ritualistic reading"" as a waste of time.",center,right
Purpose Behind Congressional Reading of Constitution Questioned After Amendments Are Omitted,Members of Congress read the U.S. Constitution for the first time on the House floor. Republicans skipped parts of the document that have been amended since the founding. Democrats say the exercise is a waste of time. Supporters say it's an important moment in the history of the country.,center,center
Purpose Behind Congressional Reading of Constitution Questioned After Amendments Are Omitted,Members of Congress read the U.S. Constitution for the first time on the House floor. Republicans skipped parts of the document that have been amended since the founding. Democrats say the exercise is a waste of time. Supporters say it's an important moment in the history of Congress.,center,center
Purpose Behind Congressional Reading of Constitution Questioned After Amendments Are Omitted,Members of Congress read the U.S. Constitution for the first time on the House floor. Republicans skipped parts of the document that have been amended since the founding. Democrats say the exercise is a waste of time. Supporters say it's an important moment in history.,center,center
Anthony Weiner Twitter Photo Scandal: Congressman Breaks His Silence,"Weiner says he has hired a private security company to investigate how his account was hacked. ""I didn't send [that] picture out,"" Weiner says, though he does not know who did. A lewd photo of a man's bulging underpants was sent to a 21-year-old female college student in Seattle.",right,left
Anthony Weiner Twitter Photo Scandal: Congressman Breaks His Silence,"Weiner says he has hired a private security company to investigate how his account was hacked. ""I didn't send [that] picture out"" the congressman says, though he does not know who did. A lewd photo of a man's bulging underpants was sent to a 21-year-old female college student.",right,left
Anthony Weiner Twitter Photo Scandal: Congressman Breaks His Silence,"Weiner says he has hired a private security company to investigate how his account was hacked. ""I didn't send [that] picture out,"" Weiner says, though he does not know who did. A lewd photo of a man's bulging underpants was sent to a 21-year-old female college student.",right,left
Anthony Weiner Twitter Photo Scandal: Congressman Breaks His Silence,Weiner says he has hired a private security company to investigate how his account has been hacked. A lewd photo of a man's bulging underpants was sent to a 21-year-old female college student in Seattle. Weiner's spokesman said that the congressman's Twitter account had been hacked and dismissed it as a prank.,center,right
Anthony Weiner Twitter Photo Scandal: Congressman Breaks His Silence,Weiner says he has hired a private security company to investigate how his account has been hacked. A lewd photo of a man's bulging underpants was sent to a 21-year-old female college student in Seattle. Weiner's spokesman said that the congressman's Twitter account had been hacked and dismissed the episode.,center,right
Anthony Weiner Twitter Photo Scandal: Congressman Breaks His Silence,"Weiner says he has hired a private security company to investigate how his account has been hacked. A lewd photo of a man's bulging underpants was sent to a 21-year-old female college student in Seattle. ""I didn't send [that] picture out,"" Weiner says.",right,right
Anthony Weiner Twitter Photo Scandal: Congressman Breaks His Silence,"Weiner: ""This is not a national security matter. We're not making a federal case out of this"" Weiner says he has hired a private security company to investigate how his account was hacked. A lewd photo of a man's bulging underpants was sent to a 21-year-old female college student.",left,center
Anthony Weiner Twitter Photo Scandal: Congressman Breaks His Silence,"Weiner: ""This is not a national security matter. We're not making a federal case out of this"" Weiner says he has hired a private security company to investigate how his account was hacked. A lewd photo of a man's underpants was sent to a 21-year-old female college student in Seattle.",center,center
Anthony Weiner Twitter Photo Scandal: Congressman Breaks His Silence,"Weiner: ""This is not a national security matter. We're not making a federal case out of this"" Weiner says he has hired a private security company to investigate how his account was hacked. A lewd photo of a man's underpants was sent to a 21-year-old female college student.",left,center
"Rep. Weiner Denies Sending Lewd Photo, Can't Say Whether Image Is Him","Weiner says he's asked an Internet security firm and a law firm to take a ""hard look"" at the incident. He says he ""certainly"" does not know the college student the image was sent to. The U.S. Capitol Police so far have not opened an investigation into the matter.",center,left
"Rep. Weiner Denies Sending Lewd Photo, Can't Say Whether Image Is Him","Weiner says he's asked an Internet security firm and a law firm to take a ""hard look"" at the incident. He says he ""certainly"" does not know the college student the image was sent to. The photo in question showed a close-up shot of a man's bulging underwear.",right,left
"Rep. Weiner Denies Sending Lewd Photo, Can't Say Whether Image Is Him","Weiner says he's asked an Internet security firm and a law firm to take a ""hard look"" at the incident. He says he ""certainly"" does not know the college student the image was sent to. The U.S. Capitol Police have not opened an investigation into the matter.",center,left
"Rep. Weiner Denies Sending Lewd Photo, Can't Say Whether Image Is Him",Rep. Anthony Weiner says he's certain he did not send a lewd photo of somebody's underwear to a college student. But the congressman repeatedly declined to say whether the picture was an image of him. The New York Democrat said he's asked an Internet security firm and a law firm to look into the incident.,right,right
"Rep. Weiner Denies Sending Lewd Photo, Can't Say Whether Image Is Him",Rep. Anthony Weiner says he's certain he did not send a lewd photo of somebody's underwear to a college student. But the congressman repeatedly declined to say whether the picture was an image of him. The New York Democrat said he's asked an Internet security firm and a law firm to look at the incident.,right,right
"Rep. Weiner Denies Sending Lewd Photo, Can't Say Whether Image Is Him",Rep. Anthony Weiner says he's certain he did not send a lewd photo of somebody's underwear to a college student. But the congressman repeatedly declined to say whether the picture was an image of him. The New York Democrat said he's asked an Internet security firm and a law firm to investigate.,center,right
"Rep. Weiner Denies Sending Lewd Photo, Can't Say Whether Image Is Him","Weiner says he's asked an Internet security firm and a law firm to take a ""hard look"" at the incident. The congressman repeatedly declined to say whether the picture was an image of him. The photo in question showed a close-up shot of a man's bulging underwear. It was deleted within minutes of being sent.",center,center
"Rep. Weiner Denies Sending Lewd Photo, Can't Say Whether Image Is Him","Weiner says he's asked an Internet security firm and a law firm to take a ""hard look"" at the incident. The congressman repeatedly declined to say whether the picture was an image of him. The photo in question showed a close-up shot of a man's bulging underwear.",center,center
"Rep. Weiner Denies Sending Lewd Photo, Can't Say Whether Image Is Him","Weiner says he's asked an Internet security firm and a law firm to take a ""hard look"" at the incident. The congressman repeatedly declined to say whether the picture was an image of him. The photo in question showed a close-up shot of a man's underwear.",center,center
Trump Plans Meeting on Arizona Birth Bill ,Donald Trump is meeting with Tea Party leaders and an Arizona legislator to discuss a bill moving through the Arizona legislature. The bill would require candidates for president to prove that they are natural born citizens.,right,left
Trump Plans Meeting on Arizona Birth Bill ,Donald Trump is meeting with Tea Party leaders and an Arizona legislator to discuss a bill. The bill would require candidates for president to prove that they are natural born citizens.,right,left
Trump Plans Meeting on Arizona Birth Bill ,Donald Trump is meeting with Tea Party leaders and an Arizona legislator to discuss a bill. The bill would require candidates for president to prove they are natural born citizens.,right,left
Trump Plans Meeting on Arizona Birth Bill ,Donald Trump to meet with Arizona Tea Party leaders to discuss birther bill. Arizona bill would require candidates for president to prove they are natural born citizens. Trump has said he has “real doubts” about whether Obama was born in this country.,right,right
Trump Plans Meeting on Arizona Birth Bill ,Donald Trump to meet with Arizona Tea Party leaders to discuss birther bill. Arizona bill would require candidates for president to prove they are natural born citizens. Trump has said he has'real doubts' about whether Obama was born in this country.,right,right
Trump Plans Meeting on Arizona Birth Bill ,Donald Trump to meet with Arizona Tea Party leaders to discuss birther bill. Arizona bill would require candidates for president to prove that they are natural born citizens.,right,right
Trump Plans Meeting on Arizona Birth Bill ,Donald Trump to meet with Tea Party leaders to discuss Arizona bill. Bill would require candidates for president to prove that they are natural born citizens.,right,center
Trump Plans Meeting on Arizona Birth Bill ,Donald Trump to meet with Tea Party leaders to discuss Arizona bill. Bill would require candidates for president to prove they are natural born citizens.,right,center
Trump Plans Meeting on Arizona Birth Bill ,Donald Trump to meet with Tea Party leaders to discuss Arizona bill. Bill would require presidential candidates to prove they are natural born citizens.,right,center
Obama Mocks Congress For Vote,"President Obama criticizes Congress for taking too long to pass a bill. The bill would reaffirm ""In God We Trust"" as the U.S. motto.",right,left
Obama Mocks Congress For Vote,"President Obama criticizes Congress for taking too long to vote on a bill. The bill would reaffirm ""In God We Trust"" as the national motto.",right,left
Obama Mocks Congress For Vote,"President Obama criticizes Congress for taking too long to pass a bill. The bill would reaffirm ""In God We Trust"" as the national motto.",right,left
Obama Mocks Congress For Vote,"President Obama mocked Congress for taking too long to vote on ""In God We Trust"" legislation. The House voted 396-9 on Wednesday to reaffirm the motto in all public buildings.",center,right
Obama Mocks Congress For Vote,"President Obama mocked Congress for taking too long to vote on ""In God We Trust"" legislation. The House voted 396-9 on Wednesday to reaffirm the motto.",center,right
Obama Mocks Congress For Vote,"President Obama mocked Congress for taking too long to vote on ""In God We Trust"" legislation. The House voted 396-9 Wednesday to reaffirm the motto.",right,right
Obama Mocks Congress For Vote,"President Obama told Congress to focus on the American Jobs Act. He also criticized them for not taking up a bill to reaffirm ""In God We Trust"" as the national motto.",right,center
Obama Mocks Congress For Vote,"President Obama told Congress to focus on the American Jobs Act. He also criticized the House for not voting on a bill to reaffirm the motto ""In God We Trust""",right,center
Obama Mocks Congress For Vote,"President Obama told Congress to focus on the American Jobs Act. He also criticized them for not taking up a bill to reaffirm ""In God We Trust""",right,center
Obama: ‘In God We Trust' Vote Not Creating Jobs,"President Obama says God wants the U.S. to help itself by putting people back to work. House vote to reaffirm ""In God We Trust"" is ""not putting people to work,"" Obama says. The phrase is not in the Bible, though it is often mistaken as a verse. White House Press Secretary Jay Carney calls the reference a ""fair jab""",right,left
Obama: ‘In God We Trust' Vote Not Creating Jobs,"President Obama says God wants the U.S. to help itself by putting people back to work. House vote to reaffirm ""In God We Trust"" is ""not putting people to work,"" Obama says. The phrase is not in the Bible, though it is often mistaken as a verse. White House Press Secretary Jay Carney calls the reference ""a fair jab""",right,left
Obama: ‘In God We Trust' Vote Not Creating Jobs,"President Obama says God wants the U.S. to help itself by putting people back to work. House vote to reaffirm ""In God We Trust"" is ""not putting people to work,"" Obama says. The phrase is not in the Bible, though it is often mistaken as a verse. White House Press Secretary Jay Carney says it's a ""fair jab""",right,left
Obama: ‘In God We Trust' Vote Not Creating Jobs,"Obama: ""I trust in God, but God wants to see us help ourselves by putting people back to work"" White House Press Secretary Jay Carney: ""Yeah, I think it's a fair jab if I do say so myself"" The phrase quoted by Carney is not in the Bible, though it is often mistaken as a verse.",left,right
Obama: ‘In God We Trust' Vote Not Creating Jobs,"Obama: ""I trust in God, but God wants to see us help ourselves by putting people back to work"" White House Press Secretary Jay Carney: ""Yeah, I think it's a fair jab if I do say so myself"" The phrase quoted by Carney is not in the Bible, though it is often mistaken for a verse.",left,right
Obama: ‘In God We Trust' Vote Not Creating Jobs,"Obama: ""I trust in God, but God wants to see us help ourselves by putting people back to work"" White House Press Secretary Jay Carney: ""Yeah, I think it's a fair jab if I do say so myself"" The phrase quoted is not in the Bible, though it is often mistaken as a verse.",left,right
Obama: ‘In God We Trust' Vote Not Creating Jobs,"President Obama says God wants us to help ourselves by putting people back to work. House vote to reaffirm ""In God We Trust"" is ""not putting peopleback to work,"" he says. White House Press Secretary Jay Carney says it's a ""fair jab"" The phrase quoted by Carney is not in the Bible.",right,center
Obama: ‘In God We Trust' Vote Not Creating Jobs,"President Obama says God wants us to help ourselves by putting people back to work. House vote to reaffirm ""In God We Trust"" is ""not putting peopleback to work,"" he says. White House Press Secretary Jay Carney says it's a ""fair jab"" The phrase is not in the Bible.",right,center
Obama: ‘In God We Trust' Vote Not Creating Jobs,"President Obama says God wants us to help ourselves by putting people back to work. House vote to reaffirm ""In God We Trust"" is ""not putting peopleback to work,"" he says. White House Press Secretary Jay Carney says it's a ""fair jab""",right,center
Bachmann Cover Controversy Prompts Response From Newsweek,"Newsweek covers Rep. Michele Bachmann as ""The Queen of Rage"" Conservative blogosphere decries cover as disrespectful. Newsweek responds by posting ""outtakes"" gallery on its Daily Beast Web site.",left,left
Bachmann Cover Controversy Prompts Response From Newsweek,"Newsweek covers Rep. Michele Bachmann as ""The Queen of Rage"" Some conservatives decry the cover as disrespectful. Newsweek responds by posting an “outtakes” gallery on its Daily Beast site.",left,left
Bachmann Cover Controversy Prompts Response From Newsweek,"Newsweek covers Rep. Michele Bachmann as ""The Queen of Rage"" Some conservatives decry the cover as disrespectful. Newsweek responds by posting an “outtakes” gallery of other photos.",left,left
Bachmann Cover Controversy Prompts Response From Newsweek,"The cover of Newsweek magazine features a picture of Representative Michele Bachmann. The words ""The Queen of Rage"" are splashed across her torso in bold white letters. Conservatives in the conservative blogosphere are not pleased with the cover.",center,right
Bachmann Cover Controversy Prompts Response From Newsweek,"The cover of Newsweek magazine features a picture of Representative Michele Bachmann. The words ""The Queen of Rage"" are splashed across her torso. Many in the conservative blogosphere are not pleased with the cover.",center,right
Bachmann Cover Controversy Prompts Response From Newsweek,"The cover of Newsweek magazine features a picture of Representative Michele Bachmann. The words ""The Queen of Rage"" are splashed across her torso in bold white letters. Conservatives in the conservative blogosphere are not pleased.",center,right
Bachmann Cover Controversy Prompts Response From Newsweek,Newsweek magazine's cover this week features a picture of Michele Bachmann. Many in the conservative blogosphere are not pleased. Newsweek responded to the controversy by posting an “outtakes” gallery on its Daily Beast Web site.,center,center
Bachmann Cover Controversy Prompts Response From Newsweek,Newsweek magazine's cover this week features a picture of Michele Bachmann. Many in the conservative blogosphere are not pleased with the cover. Newsweek responded to the controversy by posting an “outtakes” gallery.,center,center
Bachmann Cover Controversy Prompts Response From Newsweek,Newsweek magazine's cover this week features a picture of Michele Bachmann. Many in the conservative blogosphere are not pleased. Newsweek responded to the controversy by posting an “outtakes” gallery.,center,center
AARP Open to Social Security Cuts,AARP has been seen as one of the leading opponents of Social Security benefit cuts. The group’s stance could provide ammunition to fiscal conservatives. AARP has not issued specific figures on how benefit reductions might be carried out.,center,left
AARP Open to Social Security Cuts,AARP has been seen as one of the leading opponents of Social Security benefit cuts. The group’s stance could provide ammunition to fiscal conservatives. AARP has not issued specific recommendations on how benefit reductions might be carried out.,center,left
AARP Open to Social Security Cuts,AARP has been seen as one of the leading opponents of Social Security benefit cuts. The group’s stance could provide added ammunition to fiscal conservatives.,center,left
AARP Open to Social Security Cuts,AARP has been seen as one of the leading opponents of Social Security benefit cuts. AARP’s policy chief: “We also want to see the system made solvent” AARP insisted that the Social Security trust funds should not be raided to reduce the deficit.,left,right
AARP Open to Social Security Cuts,AARP has been seen as one of the leading opponents of Social Security benefit cuts. AARP’s policy chief: “We also want to see the system made solvent” AARP insisted that the Social Security trust funds should not be raided to reduce the deficit.,left,right
AARP Open to Social Security Cuts,AARP has been seen as one of the leading opponents of Social Security benefit cuts. AARP’s policy chief: “We also want to see the system made solvent” AARP insists that the Social Security trust funds should not be raided to reduce the deficit.,left,right
AARP Open to Social Security Cuts,AARP has been seen as one of the leading opponents of Social Security benefit cuts. The group’s stance could provide added ammunition to fiscal conservatives. AARP has not issued specific figures on how benefit reductions might be carried out.,center,center
AARP Open to Social Security Cuts,AARP has been seen as one of the leading opponents of Social Security benefit cuts. The group’s stance could provide added ammunition to fiscal conservatives. AARP has not issued specific recommendations on how benefit reductions might be carried out.,center,center
AARP Open to Social Security Cuts,AARP has been seen as one of the leading opponents of Social Security benefit cuts. The group’s stance could provide added ammunition to fiscal conservatives.,center,center
AARP Pushes Back on Claim About Social Security Concessions as Lawmakers Push Reform,"AARP calls a report saying it's dropping its opposition to Social Security cuts ""misleading"" But the AARP acknowledges ""benefit adjustments"" would be necessary to make the system solvent. AARP CEO: ""We are currently fighting proposals to cut Social Security to pay the nation's bills""",right,left
AARP Pushes Back on Claim About Social Security Concessions as Lawmakers Push Reform,"AARP calls a report saying it's dropping its opposition to Social Security cuts ""misleading"" But the AARP acknowledges ""benefit adjustments"" would be necessary to make the system solvent. AARP CEO Barry Rand says AARP remains opposed to cutting Social Security for the sake of deficit reduction.",right,left
AARP Pushes Back on Claim About Social Security Concessions as Lawmakers Push Reform,"AARP calls a report saying it's dropping its opposition to Social Security cuts ""misleading"" But the AARP acknowledges ""benefit adjustments"" would be necessary to make the system solvent. AARP CEO says AARP remains opposed to cutting Social Security for the sake of deficit reduction.",right,left
AARP Pushes Back on Claim About Social Security Concessions as Lawmakers Push Reform,"AARP CEO calls Wall Street Journal article ""misleading"" AARP says it remains opposed to cutting Social Security for the sake of deficit reduction. Sen. Kay Bailey Hutchison, R-Texas, says AARP has marked ""a huge shift in the debate on the solvency""",left,right
AARP Pushes Back on Claim About Social Security Concessions as Lawmakers Push Reform,"AARP CEO calls Wall Street Journal article ""misleading"" AARP says it remains opposed to cutting Social Security for the sake of deficit reduction. Sen. Kay Bailey Hutchison, R-Texas, says AARP has marked ""a huge shift in the debate""",left,right
AARP Pushes Back on Claim About Social Security Concessions as Lawmakers Push Reform,"AARP CEO calls Wall Street Journal article ""misleading"" AARP says it remains opposed to cutting Social Security for the sake of deficit reduction. Sen. Kay Bailey Hutchison, R-Texas, says AARP has marked ""a huge shift"" in the debate.",left,right
AARP Pushes Back on Claim About Social Security Concessions as Lawmakers Push Reform,"AARP CEO calls Wall Street Journal article ""misleading"" and says AARP has not changed its position on Social Security. Sen. Kay Bailey Hutchison, R-Texas, calls AARP's shift ""a huge shift in the debate on the solvency of Social Security"" AARP says Social Security needs a ""package of revenue and benefit adjustments"" to make it solvent.",right,center
AARP Pushes Back on Claim About Social Security Concessions as Lawmakers Push Reform,"AARP CEO calls Wall Street Journal article ""misleading"" and says AARP has not changed its position on Social Security. Sen. Kay Bailey Hutchison, R-Texas, calls AARP's shift ""a huge shift in the debate on the solvency of Social Security"" AARP says Social Security needs a ""package of revenue and benefit adjustments... to make it solvent""",right,center
AARP Pushes Back on Claim About Social Security Concessions as Lawmakers Push Reform,"AARP CEO calls Wall Street Journal article ""misleading"" and says AARP has not changed its position on Social Security. Sen. Kay Bailey Hutchison, R-Texas, calls AARP's shift ""a huge shift in the debate on the solvency of Social Security"" The White House says President Obama does not see Social Security as a ""driver"" of the country's deficits.",right,center
Justices Take Up Crucial Issue in Wal-Mart Suit,The justices struggled to find a way to distinguish between gaps in pay that might have benign explanations and those caused by unlawful discrimination. Some justices expressed qualms about how to administer a lawsuit involving as many as 1.5 million women seeking back pay that could amount to billions of dollars.,center,left
Justices Take Up Crucial Issue in Wal-Mart Suit,The justices struggled to find a way to distinguish between gaps in pay that might have benign explanations and those caused by unlawful discrimination. The court of Chief Justice John G. Roberts Jr. has recently issued a series of rulings in favor of plaintiffs suing for employment discrimination.,center,left
Justices Take Up Crucial Issue in Wal-Mart Suit,The justices struggled to find a way to distinguish between gaps in pay that might have benign explanations and those caused by unlawful discrimination. Some justices expressed qualms about how to administer a lawsuit involving as many as 1.5 million women seeking back pay that could amount to billions.,center,left
Justices Take Up Crucial Issue in Wal-Mart Suit,As many as 1.5 million women seeking back pay that could amount to billions of dollars. Justices struggle to distinguish between gaps in pay that might have benign explanations and those caused by unlawful discrimination. Company says plaintiffs do not have enough in common to warrant class-action treatment.,center,right
Justices Take Up Crucial Issue in Wal-Mart Suit,As many as 1.5 million women seeking back pay that could amount to billions of dollars. Justices struggle to find a way to distinguish between gaps in pay that might have benign explanations and those caused by unlawful discrimination. Company says its policies expressly bar discrimination and promote diversity.,center,right
Justices Take Up Crucial Issue in Wal-Mart Suit,As many as 1.5 million women seeking back pay that could amount to billions of dollars. Justices struggle to find a way to distinguish between gaps in pay that might have benign explanations and those caused by unlawful discrimination.,center,right
Justices Take Up Crucial Issue in Wal-Mart Suit,Supreme Court appears closely divided on the theory put forth by the plaintiffs. Some justices express qualms about how to administer a lawsuit involving as many as 1.5 million women seeking back pay. Justices struggle to distinguish between gaps in pay that might have benign explanations.,center,center
Justices Take Up Crucial Issue in Wal-Mart Suit,Supreme Court appears closely divided on the theory put forth by the plaintiffs. Some justices express qualms about how to administer a lawsuit involving as many as 1.5 million women. Wal-Mart calls that evidence unrepresentative and unreliable.,center,center
Justices Take Up Crucial Issue in Wal-Mart Suit,Supreme Court appears closely divided on the theory put forth by the plaintiffs. Some justices express qualms about how to administer a lawsuit involving as many as 1.5 million women. Wal-Mart calls evidence unrepresentative and unreliable.,center,center
Arizona Sheriff Joe Arpaio Endorses Rick Perry,Arizona Sheriff Joe Arpaio endorses Rick Perry for Republican presidential nomination. Arpaio is known for his tough and controversial stances on illegal immigration. Perry has faced criticism about his stance on immigration from the Right.,right,left
Arizona Sheriff Joe Arpaio Endorses Rick Perry,Arizona Sheriff Joe Arpaio endorses Rick Perry for the Republican presidential nomination. Arpaio is known for his tough and controversial stances on illegal immigration. Perry has faced criticism for his support of DREAM children.,right,left
Arizona Sheriff Joe Arpaio Endorses Rick Perry,Arizona Sheriff Joe Arpaio has endorsed Texas Governor Rick Perry for the Republican presidential nomination. Arpaio is known for his tough and controversial stances on illegal immigration.,right,left
Arizona Sheriff Joe Arpaio Endorses Rick Perry,Arizona Sheriff Joe Arpaio endorses Rick Perry for Republican presidential nomination. Arpaio is known for his tough and controversial stances on illegal immigration. Perry has faced criticism about his stance on immigration from the Right.,right,right
Arizona Sheriff Joe Arpaio Endorses Rick Perry,Arizona Sheriff Joe Arpaio endorses Rick Perry for the Republican presidential nomination. Arpaio is known for his tough and controversial stances on illegal immigration. Perry has faced criticism for his support of DREAM children.,right,right
Arizona Sheriff Joe Arpaio Endorses Rick Perry,Arizona Sheriff Joe Arpaio endorses Rick Perry for Republican presidential nomination. Arpaio is known for his tough and controversial stances on illegal immigration. Perry has faced criticism for his support of DREAM children.,right,right
Arizona Sheriff Joe Arpaio Endorses Rick Perry,Arizona Sheriff Joe Arpaio endorses Texas Governor Rick Perry for the Republican presidential nomination. Arpaio famously re-instituted chain gangs in 1995 and has also been a major supporter of his state's controversial SB1070 immigration law.,right,center
Arizona Sheriff Joe Arpaio Endorses Rick Perry,Arizona Sheriff Joe Arpaio endorses Texas Governor Rick Perry for the Republican presidential nomination. Arpaio is known for his tough and controversial stances on illegal immigration. Perry has faced criticism about his stance on immigration from the Right.,right,center
Arizona Sheriff Joe Arpaio Endorses Rick Perry,Arizona Sheriff Joe Arpaio endorses Rick Perry for the Republican presidential nomination. Arpaio is known for his tough and controversial stances on illegal immigration. Perry has faced criticism about his stance on immigration from the Right.,right,center
Trump Won't Go Forward With Debate,"Donald Trump announced Tuesday that he would not be moderating a Republican presidential debate. Mitt Romney, Rick Perry, Michele Bachmann, Jon M. Huntsman Jr. and Ron Paul all declined to participate.",center,left
Trump Won't Go Forward With Debate,"Donald Trump announced Tuesday that he would not be moderating a Republican presidential debate. Mitt Romney, Rick Perry, Michele Bachmann, Jon M. Huntsman Jr. and Ron Paul all declined.",center,left
Trump Won't Go Forward With Debate,"Donald Trump announced Tuesday that he would not be moderating a Republican presidential debate. Mitt Romney, Rick Perry, Michele Bachmann, Jon M. Huntsman Jr. and Ron Paul all declined to take part.",center,left
Trump Won't Go Forward With Debate,Donald Trump has dropped plans to moderate a presidential debate. He drew criticism for saying he might still run if he was displeased with the candidates. Trump has flirted with running for president several times since the 1980s.,center,right
Trump Won't Go Forward With Debate,Donald Trump has dropped plans to moderate a presidential debate. He drew criticism for saying he might still run if he was displeased with the candidates.,center,right
Trump Won't Go Forward With Debate,Donald Trump has dropped plans to moderate a presidential debate. He drew criticism for saying he might still run if he was not happy with the candidates.,center,right
Trump Won't Go Forward With Debate,Donald Trump has dropped plans to moderate a presidential debate. The real estate mogul said he might still run if he was displeased with the candidates. Newt Gingrich and Rick Santorum were the only two Republicans who agreed to participate.,center,center
Trump Won't Go Forward With Debate,"Donald Trump has dropped plans to moderate a presidential debate. The real estate mogul said he might still run if he was displeased with the candidates. Mitt Romney, Rick Perry, Michele Bachmann and Ron Paul all declined.",center,center
Trump Won't Go Forward With Debate,Donald Trump has dropped plans to moderate a presidential debate. The real estate mogul said he might still run if he was displeased with the candidates.,center,center
Maine Gov. LePage opens door to early exit,Maine Gov. Paul LePage says he's considering stepping down. He made the comments during a radio interview. LePage is under fire for an expletive-ridden voicemail he left for a state lawmaker.,right,left
Maine Gov. LePage opens door to early exit,Maine Gov. Paul LePage says he's considering stepping down. He made the comments during a radio interview. LePage is under fire for an expletive-ridden voicemail he left for a state legislator.,right,left
Maine Gov. LePage opens door to early exit,Maine Gov. Paul LePage says he's considering stepping down. He made the comments during a radio interview. LePage is under fire for an expletive-ridden voicemail he left for a Democrat.,right,left
Maine Gov. LePage opens door to early exit,"Maine Gov. Paul LePage says he's looking at ""all options"" in response to calls for him to step down. LePage has come under fire for an expletive-ridden voicemail he left for a state lawmaker. The governor has a long history of making controversial statements.",center,right
Maine Gov. LePage opens door to early exit,"Maine Gov. Paul LePage says he's looking at ""all options"" in response to calls for him to step down. LePage has come under fire for an expletive-ridden voicemail he left for a state lawmaker. The governor has a history of making controversial statements.",center,right
Maine Gov. LePage opens door to early exit,"Maine Gov. Paul LePage says he's looking at ""all options"" in response to calls for him to step down. LePage has come under fire for an expletive-ridden voicemail he left for a state lawmaker. The governor has a long history of controversial statements.",center,right
Maine Gov. LePage opens door to early exit,"Maine Gov. Paul LePage says he's looking at ""all options"" to step down. LePage has come under fire for a voicemail he left for a state lawmaker. In the message, LePage called state Rep. Drew Gattine a ""racist""",right,center
Maine Gov. LePage opens door to early exit,"Maine Gov. Paul LePage says he's looking at ""all options"" to step down. LePage has come under fire for a voicemail he left for a state lawmaker. In the message, LePage called state Rep. Drew Gattine a racist.",center,center
Maine Gov. LePage opens door to early exit,"Maine Gov. Paul LePage says he's looking at ""all options"" to step down. LePage has come under fire for a voicemail he left for a state lawmaker. In the voicemail, LePage called the lawmaker a ""racist""",right,center
Arguments Get Personal Between Donald Trump and Ted Cruz,Donald J. Trump stirred up new controversy this week in the Republican presidential primary. The front-runner for the nomination will drive away women from candidates running farther down the ballot.,center,left
Arguments Get Personal Between Donald Trump and Ted Cruz,Donald J. Trump stirred up new controversy this week in the Republican presidential primary. Mr. Trump has slowly escalated a war of words on Twitter against Senator Ted Cruz of Texas.,center,left
Arguments Get Personal Between Donald Trump and Ted Cruz,Donald J. Trump stirred up new controversy this week in the Republican presidential primary. Mr. Trump has slowly escalated a war of words on Twitter against Senator Ted Cruz.,center,left
Arguments Get Personal Between Donald Trump and Ted Cruz,"Donald J. Trump and Ted Cruz are locked in a war of words on Twitter. Trump threatened to ‘spill the beans’ on Cruz’s wife, Heidi Cruz, who suffered a bout of depression years ago.",center,right
Arguments Get Personal Between Donald Trump and Ted Cruz,"Donald J. Trump and Ted Cruz are locked in a war of words on Twitter. Trump threatened to ‘spill the beans’ on Cruz’s wife, Heidi Cruz, who suffered a bout of depression.",center,right
Arguments Get Personal Between Donald Trump and Ted Cruz,"Donald J. Trump and Ted Cruz are locked in a war of words on Twitter. Mr. Trump threatened to ‘spill the beans’ on Mr. Cruz’s wife, Heidi Cruz.",center,right
Arguments Get Personal Between Donald Trump and Ted Cruz,Donald J. Trump has stirred up new controversy this week in the Republican presidential primary. The front-runner for the nomination will drive away women from candidates running farther down the ballot.,center,center
Arguments Get Personal Between Donald Trump and Ted Cruz,Donald J. Trump has stirred up new controversy this week in the Republican presidential primary. The front-runner for the nomination may drive away women from candidates running farther down the ballot.,center,center
Arguments Get Personal Between Donald Trump and Ted Cruz,Donald Trump has escalated a war of words on Twitter against Senator Ted Cruz of Texas.,center,center
Did Ruth Bader Ginsburg Cross The Line With Her Donald Trump Comments?,Supreme Court Justice Ruth Bader Ginsburg joked that she might move to New Zealand if it ever happens. Some legal academics and Supreme Court observers are raising questions about the propriety of Ginsburg's candor.,center,left
Did Ruth Bader Ginsburg Cross The Line With Her Donald Trump Comments?,Supreme Court Justice Ruth Bader Ginsburg joked that she might move to New Zealand if it ever happens. Some legal academics are raising questions about the propriety of Ginsburg’s candor.,center,left
Did Ruth Bader Ginsburg Cross The Line With Her Donald Trump Comments?,Supreme Court Justice Ruth Bader Ginsburg joked that she might move to New Zealand if it ever happens. Some legal academics and observers are raising questions about the propriety of Ginsburg's candor.,center,left
Did Ruth Bader Ginsburg Cross The Line With Her Donald Trump Comments?,Supreme Court Justice Ruth Bader Ginsburg said she wouldn't want Donald Trump to be president. Ginsburg also said she'd rather have Hillary Clinton make future appointments to the high court. Some legal observers are raising questions about the propriety of Ginsburg's comments.,center,right
Did Ruth Bader Ginsburg Cross The Line With Her Donald Trump Comments?,Supreme Court Justice Ruth Bader Ginsburg said she wouldn't want Donald Trump to be president. Ginsburg also said she'd rather have Hillary Clinton make future appointments to the high court. Some legal observers are questioning the propriety of Ginsburg's candor.,center,right
Did Ruth Bader Ginsburg Cross The Line With Her Donald Trump Comments?,Supreme Court Justice Ruth Bader Ginsburg said she wouldn't want Donald Trump to be president. Ginsburg also said she'd rather have Hillary Clinton make future appointments to the high court. Some legal observers are raising questions about Ginsburg's candor.,center,right
Did Ruth Bader Ginsburg Cross The Line With Her Donald Trump Comments?,Supreme Court Justice Ruth Bader Ginsburg has said she might move to New Zealand if Donald Trump becomes president. Some legal observers are raising questions about the propriety of Ginsburg’s candor.,center,center
Did Ruth Bader Ginsburg Cross The Line With Her Donald Trump Comments?,Supreme Court Justice Ruth Bader Ginsburg has said she might move to New Zealand if Donald Trump becomes president. Some legal observers are raising questions about the propriety of Ginsburg's candor and what it might mean.,center,center
Did Ruth Bader Ginsburg Cross The Line With Her Donald Trump Comments?,Supreme Court Justice Ruth Bader Ginsburg has said she might move to New Zealand if Donald Trump becomes president. Some legal observers are raising questions about the propriety of Ginsburg's candor.,center,center
Trump gets into Twitter feud with former Mexican president,"Former Mexican President Vicente Fox called Donald Trump ""not welcome"" in Mexico. Fox also called on Trump to apologize for saying he wasn't going to pay for a border wall.",right,left
Trump gets into Twitter feud with former Mexican president,"Former Mexican President Vicente Fox called Donald Trump ""not welcome"" in Mexico. Fox also called on Trump to apologize for saying he wasn't going to pay for a wall.",right,left
Trump gets into Twitter feud with former Mexican president,"Former Mexican President Vicente Fox called Donald Trump ""not welcome"" in Mexico. Fox also called on Trump to apologize for using the ""f bomb""",right,left
Trump gets into Twitter feud with former Mexican president,"Former Mexican President Vicente Fox says Donald Trump is ""not welcome"" in Mexico. Fox says President Enrique Pena Nieto is taking ""an enormous political risk"" by inviting Trump to Mexico.",right,right
Trump gets into Twitter feud with former Mexican president,"Former Mexican President Vicente Fox says Donald Trump is ""not welcome"" in Mexico. Fox says President Enrique Pena Nieto is taking ""an enormous political risk"" by inviting Trump.",right,right
Trump gets into Twitter feud with former Mexican president,"Former Mexican President Vicente Fox says Donald Trump is ""not welcome"" in Mexico. Fox says President Enrique Pena Nieto is taking ""an enormous political risk"" by inviting the Republican nominee.",right,right
Trump gets into Twitter feud with former Mexican president,"Former Mexican President Vicente Fox called Donald Trump ""not welcome"" in Mexico. Fox also called on Trump to apologize and ""stop lying"" Trump responded with a series of angry tweets.",center,center
Trump gets into Twitter feud with former Mexican president,"Former Mexican President Vicente Fox called Donald Trump ""not welcome"" in Mexico. Fox also called on Trump to apologize and ""stop lying""",center,center
Trump gets into Twitter feud with former Mexican president,"Former Mexican President Vicente Fox called Donald Trump ""not welcome"" in Mexico. Fox also called on Trump to ""stop lying"" on Twitter.",center,center
"Vicente Fox and Felipe Calderón, 2 Ex-Presidents of Mexico, Say No Way Country Is Paying for Donald Trump's Wall","Vicente Fox, who was president of Mexico from 2000 to 2006, called Mr. Trump “egocentric’ and lacking in any political values. Mr. Fox’s successor, Felipe Calderón, expressed similar concerns about the wall this month.",left,left
"Vicente Fox and Felipe Calderón, 2 Ex-Presidents of Mexico, Say No Way Country Is Paying for Donald Trump's Wall","Vicente Fox, who was president of Mexico from 2000 to 2006, called Donald J. Trump “egocentric’ and lacking in any political values. Mr. Fox also expressed disbelief that Mr. Trump did well with Hispanic voters in the Nevada caucuses.",left,left
"Vicente Fox and Felipe Calderón, 2 Ex-Presidents of Mexico, Say No Way Country Is Paying for Donald Trump's Wall","Vicente Fox, who was president of Mexico from 2000 to 2006, called Mr. Trump “egocentric’ and lacking in any political values. Mr. Fox’s successor, Felipe Calderón, expressed similar concerns about the wall.",left,left
"Vicente Fox and Felipe Calderón, 2 Ex-Presidents of Mexico, Say No Way Country Is Paying for Donald Trump's Wall","Vicente Fox, who was president of Mexico from 2000 to 2006, called Mr. Trump “egocentric’ and lacking in any political values. Mr. Fox’s successor, Felipe Calderón, expressed similar concerns about the wall this month.",left,right
"Vicente Fox and Felipe Calderón, 2 Ex-Presidents of Mexico, Say No Way Country Is Paying for Donald Trump's Wall","Vicente Fox, who was president of Mexico from 2000 to 2006, called Mr. Trump “egocentric’ and lacking in any political values. Mr. Fox’s successor, Felipe Calderón, expressed similar concerns about the wall this month.",left,right
"Vicente Fox and Felipe Calderón, 2 Ex-Presidents of Mexico, Say No Way Country Is Paying for Donald Trump's Wall","Vicente Fox, who was president of Mexico from 2000 to 2006, called Mr. Trump “egocentric’ and lacking in any political values. Mr. Fox’s successor, Felipe Calderón, expressed similar concerns about the wall this month.",left,right
"Vicente Fox and Felipe Calderón, 2 Ex-Presidents of Mexico, Say No Way Country Is Paying for Donald Trump's Wall","Vicente Fox, who was president of Mexico from 2000 to 2006, called Mr. Trump “egocentric’ and lacking in any political values. Mr. Fox’s successor, Felipe Calderón, expressed similar concerns about the wall this month.",left,center
"Vicente Fox and Felipe Calderón, 2 Ex-Presidents of Mexico, Say No Way Country Is Paying for Donald Trump's Wall","Vicente Fox, who was president of Mexico from 2000 to 2006, called Mr. Trump “egocentric’ and lacking in any political values. Mr. Fox’s successor, Felipe Calderón, expressed similar concerns about the wall this month.",left,center
"Vicente Fox and Felipe Calderón, 2 Ex-Presidents of Mexico, Say No Way Country Is Paying for Donald Trump's Wall","Vicente Fox, who was president of Mexico from 2000 to 2006, called Donald J. Trump “egocentric’ and lacking in any political values. Mr. Fox also expressed disbelief that Mr. Trump did well with Hispanic voters in the Nevada caucuses.",left,center
"For Trump and Bloomberg, Cordial Ties Have Soured",Michael R. Bloomberg and Donald J. Trump existed in different circles of New York’s ultrarich. Mr. Bloomberg is known as a generous philanthropist; Mr. Trump appears to have been flinty in his giving. The two played together in a charity event at Trump National Golf Club.,center,left
"For Trump and Bloomberg, Cordial Ties Have Soured",Michael R. Bloomberg and Donald J. Trump existed in different circles of New York’s ultrarich. Mr. Bloomberg is known as a generous philanthropist; Mr. Trump appears to have been flinty in his giving.,left,left
"For Trump and Bloomberg, Cordial Ties Have Soured",Michael R. Bloomberg and Donald J. Trump existed in different circles of New York's ultrarich. Mr. Bloomberg is known as a generous philanthropist; Mr. Trump appears to have been flinty in his giving.,center,left
"For Trump and Bloomberg, Cordial Ties Have Soured","The two men existed in different circles of New York’s ultrarich: Mr. Bloomberg is known as a generous philanthropist; Mr. Trump appears to have been flinty in his giving. The men met up on the golf links, but the cordiality dissipated when Mr.Bloomberg began exploring his own presidential bid.",center,right
"For Trump and Bloomberg, Cordial Ties Have Soured","The two men existed in different circles of New York’s ultrarich: Mr. Bloomberg is known as a generous philanthropist; Mr. Trump appears to have been flinty in his giving. The men met up on the golf links, but the cordiality dissipated not long after Mr. Donald Trump declared his candidacy.",center,right
"For Trump and Bloomberg, Cordial Ties Have Soured","The two men existed in different circles of New York’s ultrarich: Mr. Bloomberg is known as a generous philanthropist; Mr. Trump appears to have been flinty in his giving. The men met up on the golf links, but the cordiality dissipated not long after Mr.Trump declared his candidacy.",center,right
"For Trump and Bloomberg, Cordial Ties Have Soured","Michael R. Bloomberg and Donald J. Trump existed in different circles of New York’s ultrarich. Mr. Bloomberg is known as a generous philanthropist; Mr. Trump appears to have been flinty in his giving. In 2007, the two played together in a charity event.",center,center
"For Trump and Bloomberg, Cordial Ties Have Soured",Michael R. Bloomberg and Donald J. Trump existed in different circles of New York’s ultrarich. Mr. Bloomberg is known as a generous philanthropist; Mr. Trump appears to have been flinty in his giving.,left,center
"For Trump and Bloomberg, Cordial Ties Have Soured",Michael R. Bloomberg and Donald J. Trump existed in different circles of New York's ultrarich. Mr. Bloomberg is known as a generous philanthropist; Mr. Trump appears to have been flinty in his giving.,center,center
Bernie Sanders Meets President Obama and Pledges to Work to Defeat Donald Trump,Bernie Sanders met with President Obama on Thursday and said he would do everything within his power to stop Donald J. Trump from becoming president. Mr. Obama endorsed Mrs. Clinton in a video shortly after their meeting.,center,left
Bernie Sanders Meets President Obama and Pledges to Work to Defeat Donald Trump,Bernie Sanders met with President Obama on Thursday and said he would do everything within his power to stop Donald J. Trump from becoming president. Mr. Obama endorsed Mrs. Clinton in a video.,center,left
Bernie Sanders Meets President Obama and Pledges to Work to Defeat Donald Trump,Bernie Sanders met with President Obama on Thursday. Mr. Sanders gave no indication that he was ready to leave the race just yet.,center,left
Bernie Sanders Meets President Obama and Pledges to Work to Defeat Donald Trump,Bernie Sanders met with President Obama on Thursday and said afterward that he would do everything within his power to stop Donald J. Trump from becoming president. Mr. Obama endorsed Mrs. Clinton in a video shortly after their meeting.,center,right
Bernie Sanders Meets President Obama and Pledges to Work to Defeat Donald Trump,Bernie Sanders met with President Obama on Thursday and said afterward that he would do everything within his power to stop Donald J. Trump from becoming president. Mr. Obama endorsed Mrs. Clinton in a video.,center,right
Bernie Sanders Meets President Obama and Pledges to Work to Defeat Donald Trump,Bernie Sanders met with President Obama on Thursday and said afterward that he would do everything within his power to stop Donald J. Trump from becoming president.,center,right
Bernie Sanders Meets President Obama and Pledges to Work to Defeat Donald Trump,Bernie Sanders met with President Obama on Thursday. Mr. Sanders gave no indication that he was ready to leave the race just yet.,center,center
Bernie Sanders Meets President Obama and Pledges to Work to Defeat Donald Trump,Bernie Sanders met with President Obama on Thursday. Mr. Sanders said he would continue fighting for the issues that animated his campaign.,center,center
Bernie Sanders Meets President Obama and Pledges to Work to Defeat Donald Trump,Bernie Sanders met with President Obama on Thursday. Mr. Sanders said he would continue fighting for the issues that animated his campaign.,center,center
"Obama endorses Clinton for president, on heels of Sanders meeting","President Obama says Hillary Clinton has the ""courage"" for the job and vows to hit the campaign trail for her soon. Obama recorded the video on Tuesday, the day Clinton effectively wrapped up the nomination. Vice President Joe Biden voiced his support of Hillary Thursday evening at the American Constitution Society's national convention.",right,left
"Obama endorses Clinton for president, on heels of Sanders meeting","President Obama says Hillary Clinton has the ""courage"" for the job and vows to hit the campaign trail for her soon. Obama recorded the video on Tuesday, the day Clinton effectively wrapped up the nomination. Vice President Joe Biden voiced his support Thursday evening at the American Constitution Society's national convention.",center,left
"Obama endorses Clinton for president, on heels of Sanders meeting","President Obama says Hillary Clinton has the ""courage"" for the job and vows to hit the campaign trail for her soon. Obama recorded the video on Tuesday, the day Clinton effectively wrapped up the nomination. Vice President Joe Biden voiced his support of Hillary Thursday evening at the American Constitution Society's convention.",right,left
"Obama endorses Clinton for president, on heels of Sanders meeting","President Obama says Hillary Clinton has the ""courage"" to be the next president. The White House says Obama recorded the video on Tuesday, the day Clinton clinched the nomination. Vice President Joe Biden voiced his support of Hillary Thursday evening at the American Constitution Society.",right,right
"Obama endorses Clinton for president, on heels of Sanders meeting","President Obama says Hillary Clinton has the ""courage"" to be the next president. The White House said Obama recorded the video on Tuesday, the day Clinton effectively wrapped up the nomination. Vice President Joe Biden voiced his support of Hillary Thursday evening.",right,right
"Obama endorses Clinton for president, on heels of Sanders meeting","President Obama says Hillary Clinton has the ""courage"" to be the next president. The White House said Obama recorded the video on Tuesday, the day Clinton effectively wrapped up the nomination. Vice President Joe Biden voiced his support of Clinton Thursday evening.",center,right
"Obama endorses Clinton for president, on heels of Sanders meeting","President Obama recorded the video on Tuesday, the day Clinton effectively wrapped up the nomination. Vice President Joe Biden voiced his support of Hillary Thursday evening at the American Constitution Society's national convention. The Clinton campaign separately announced that she and Obama would campaign together June 15 in Green Bay.",center,center
"Obama endorses Clinton for president, on heels of Sanders meeting","President Obama recorded the video on Tuesday, the day Clinton effectively wrapped up the nomination. Vice President Joe Biden voiced his support of Hillary Thursday evening at the American Constitution Society's national convention. The Clinton campaign separately announced that she and Obama will campaign together June 15 in Green Bay.",center,center
"Obama endorses Clinton for president, on heels of Sanders meeting","President Obama recorded the video on Tuesday, the day Clinton effectively wrapped up the nomination. Vice President Joe Biden voiced his support of Hillary Thursday evening at the American Constitution Society's national convention.",center,center
Pelosi wins another term as House Democratic leader; Ryan’s dynamic challenge falls short,"Pelosi was challenged by Ohio Rep. Tim Ryan in a secret-ballot vote among House Democrats. Ryan argued that newer lawmakers in the party need a bigger, fresher voice to represent them.",right,left
Pelosi wins another term as House Democratic leader; Ryan’s dynamic challenge falls short,Pelosi was challenged by Ohio Rep. Tim Ryan in a secret-ballot vote among House Democrats. She won by a 134-to-63 vote. Pelosi has led House Democrats since 2002.,right,left
Pelosi wins another term as House Democratic leader; Ryan’s dynamic challenge falls short,"Pelosi was challenged by Ohio Rep. Tim Ryan in a secret-ballot vote among House Democrats. Ryan argued that newer lawmakers in the party need a bigger, fresher voice.",right,left
Pelosi wins another term as House Democratic leader; Ryan’s dynamic challenge falls short,"Pelosi was challenged by Ohio Rep. Tim Ryan in a secret-ballot vote among House Democrats. Ryan argued that newer lawmakers in the party need a bigger, fresher voice to represent them.",right,right
Pelosi wins another term as House Democratic leader; Ryan’s dynamic challenge falls short,"Pelosi was challenged by Ohio Rep. Tim Ryan in a secret-ballot vote among House Democrats. Ryan argued that newer lawmakers in the party need a bigger, fresher voice.",right,right
Pelosi wins another term as House Democratic leader; Ryan’s dynamic challenge falls short,Pelosi was challenged by Ohio Rep. Tim Ryan in a secret-ballot vote among House Democrats. She won by a 134-to-63 vote.,right,right
Pelosi wins another term as House Democratic leader; Ryan’s dynamic challenge falls short,"Pelosi was challenged by Ohio Rep. Tim Ryan in a secret-ballot vote among House Democrats. Ryan argued that newer lawmakers in the party need a bigger, fresher voice to represent them.",right,center
Pelosi wins another term as House Democratic leader; Ryan’s dynamic challenge falls short,"Pelosi was challenged by Ohio Rep. Tim Ryan in a secret-ballot vote among House Democrats. Ryan argued that newer lawmakers in the party need a bigger, fresher voice.",right,center
Pelosi wins another term as House Democratic leader; Ryan’s dynamic challenge falls short,Pelosi was challenged by Ohio Rep. Tim Ryan in a secret-ballot vote among House Democrats. She won by a 134-to-63 vote.,right,center
"Trump takes on Obama, Clinton over ‘radical Islam’ as candidates condemn terror","Donald Trump: Obama should ""step down"" for not using the term ""radical Islam"" Hillary Clinton says the attack was an ""act of hate"" ISIS reportedly claimed responsibility for the attack, though it's unclear if it was directed by the group.",left,left
"Trump takes on Obama, Clinton over ‘radical Islam’ as candidates condemn terror","Donald Trump: Obama should ""step down"" for not using the term ""radical Islam"" Hillary Clinton says the attack was an ""act of hate"" ISIS reportedly claimed responsibility for the attack, though it's unclear if it was directed by it.",left,left
"Trump takes on Obama, Clinton over ‘radical Islam’ as candidates condemn terror","Donald Trump: Obama should ""step down"" for not using the term ""radical Islam"" Hillary Clinton says the attack was an ""act of hate"" ISIS reportedly claimed responsibility for the attack.",left,left
"Trump takes on Obama, Clinton over ‘radical Islam’ as candidates condemn terror","Donald Trump blasts President Obama and Hillary Clinton for not using the term ""radical Islam"" in condemning the Orlando shooting. ISIS reportedly claimed responsibility for the attack, though it’s unclear if it was directed by the group.",right,right
"Trump takes on Obama, Clinton over ‘radical Islam’ as candidates condemn terror","Donald Trump blasts President Obama and Hillary Clinton for not using the term ""radical Islam"" in condemning the Orlando shooting. ISIS reportedly claimed responsibility for the attack, though it’s unclear if it was directed by it.",right,right
"Trump takes on Obama, Clinton over ‘radical Islam’ as candidates condemn terror","Donald Trump blasts President Obama and Hillary Clinton for not using the term ""radical Islam"" in condemning the Orlando shooting. ISIS reportedly claimed responsibility for the attack, though it’s unclear if the group actually directed it.",right,right
"Trump takes on Obama, Clinton over ‘radical Islam’ as candidates condemn terror","Donald Trump blasts President Obama and Hillary Clinton for not using the term ""radical Islam"" Clinton calls the massacre an ""act of terror"" ISIS reportedly claimed responsibility for the attack. Florida Gov. Rick Scott declares a state of emergency.",left,center
"Trump takes on Obama, Clinton over ‘radical Islam’ as candidates condemn terror","Donald Trump blasts President Obama and Hillary Clinton for not using the term ""radical Islam"" Clinton calls the massacre an ""act of terror"" ISIS reportedly claimed responsibility for the attack, though it's unclear if it was directed by it.",left,center
"Trump takes on Obama, Clinton over ‘radical Islam’ as candidates condemn terror","Donald Trump blasts President Obama and Hillary Clinton for not using the term ""radical Islam"" Clinton calls the massacre an ""act of terror"" ISIS reportedly claimed responsibility for the attack.",left,center
Senate Overrides Obama's Veto Of 9/11 Victims Bill,Senate votes 97-1 to override President Obama's veto of a bill to let 9/11 victims sue Saudi Arabia. It's the first time a chamber of Congress has had the votes to overrule Obama on a veto. The bill prevents Saudi Arabia and other countries with alleged ties to terrorist groups from invoking their legal immunity.,right,left
Senate Overrides Obama's Veto Of 9/11 Victims Bill,Senate votes 97-1 to override President Obama's veto of a bill to let 9/11 victims sue Saudi Arabia. It's the first time a chamber of Congress has had the votes to overrule Obama on a veto. The bill prevents Saudi Arabia and other countries with alleged ties to terrorist groups from invoking their legal immunity.,right,left
Senate Overrides Obama's Veto Of 9/11 Victims Bill,"Senate votes 97-1 to override President Obama's veto of a bill to let 9/11 victims sue Saudi Arabia. It's the first time a chamber of Congress has had the votes to overrule Obama on a veto. The House voted later on Wednesday to override the veto, causing the bill to become law.",center,left
Senate Overrides Obama's Veto Of 9/11 Victims Bill,"The Senate voted 97-1 to override President Barack Obama's veto of a bill to let 9/11 victims sue Saudi Arabia. It's the first time a chamber of Congress has had the votes to overrule Obama on a veto. The House voted later on Wednesday to override the veto, causing the bill to become law.",center,right
Senate Overrides Obama's Veto Of 9/11 Victims Bill,The Senate voted 97-1 to override President Barack Obama's veto of a bill. The bill would let 9/11 victims sue Saudi Arabia for its alleged role in the terrorist attacks. It's the first time a chamber of Congress has had the votes to overrule Obama on a veto.,right,right
Senate Overrides Obama's Veto Of 9/11 Victims Bill,The Senate voted 97-1 to override President Barack Obama's veto of a bill to let 9/11 victims sue Saudi Arabia. It's the first time a chamber of Congress has had the votes to overrule Obama on a veto.,right,right
Senate Overrides Obama's Veto Of 9/11 Victims Bill,"Senate voted 97-1 to override President Barack Obama's veto of a bill to let 9/11 victims sue Saudi Arabia. It's the first time a chamber of Congress has had the votes to overrule Obama on a veto. The House voted later on Wednesday to override the veto, causing the bill to become law.",center,center
Senate Overrides Obama's Veto Of 9/11 Victims Bill,Senate votes 97-1 to override President Obama's veto of a bill to let 9/11 victims sue Saudi Arabia. It's the first time a chamber of Congress has had the votes to overrule Obama on a veto. The bill prevents Saudi Arabia and other countries with alleged ties to terrorist groups.,right,center
Senate Overrides Obama's Veto Of 9/11 Victims Bill,Senate voted 97-1 to override President Barack Obama's veto of a bill to let 9/11 victims sue Saudi Arabia. It's the first time a chamber of Congress has had the votes to overrule Obama on a veto.,right,center
"Congress rejects Obama veto of 9/11 bill, in first override of presidency","Lawmakers in both chambers needed to muster a two-thirds majority to override, and did so easily. The legislation gives victims' families the right to sue in U.S. court for any role that elements of the Saudi government may have played in the 2001 attacks. Fifteen of the 19 Sept. 11 hijackers were Saudi nationals.",center,left
"Congress rejects Obama veto of 9/11 bill, in first override of presidency","Lawmakers in both chambers needed to muster a two-thirds majority to override, and did so easily. The legislation gives victims' families the right to sue in U.S. court for any role that elements of the Saudi government may have played in the 2001 attacks. Fifteen of the 19 9/11 hijackers were Saudi nationals.",center,left
"Congress rejects Obama veto of 9/11 bill, in first override of presidency",Lawmakers in both chambers needed to muster a two-thirds majority to override. The legislation gives victims' families the right to sue in U.S. court for any role that elements of the Saudi government may have played in the 2001 attacks. Fifteen of the 19 Sept. 11 hijackers were Saudi nationals.,center,left
"Congress rejects Obama veto of 9/11 bill, in first override of presidency",The House voted 348-77 to override President Obama's veto of the bill. This follows a 97-1 vote hours earlier in the Senate. The bill would let families of 9/11 victims sue the Saudi Arabian government.,center,right
"Congress rejects Obama veto of 9/11 bill, in first override of presidency",The House voted 348-77 to override President Obama's veto of the bill. This follows a 97-1 vote hours earlier in the Senate. The bill would let 9/11 victims' families sue the Saudi Arabian government.,center,right
"Congress rejects Obama veto of 9/11 bill, in first override of presidency",The House voted 348-77 to override President Obama's veto of the bill. This follows a 97-1 vote hours earlier in the Senate. The bill would let 9/11 victims' families sue the Saudi government.,right,right
"Congress rejects Obama veto of 9/11 bill, in first override of presidency","The House voted 348-77 to override President Obama's veto of the bill. The vote followed a 97-1 vote hours earlier in the Senate. Lawmakers in both chambers needed to muster a two-thirds majority to override, and did so easily.",right,center
"Congress rejects Obama veto of 9/11 bill, in first override of presidency",The House voted 348-77 to override President Obama's veto of the bill. The vote followed a 97-1 vote hours earlier in the Senate. Lawmakers in both chambers needed to muster a two-thirds majority to override.,right,center
"Congress rejects Obama veto of 9/11 bill, in first override of presidency","The House voted 348-77 to override President Obama's veto of the bill. The vote followed a 97-1 vote hours earlier in the Senate. Lawmakers in both chambers needed to muster a two-thirds majority to override, and did so.",right,center
Donald Trump Rebukes Ruth Bader Ginsburg for Deriding His Candidacy,Donald Trump said he expected to announce his choice of a running mate by Friday. Mr. Trump said his decision was largely coming down to instinct.,center,left
Donald Trump Rebukes Ruth Bader Ginsburg for Deriding His Candidacy,Donald Trump said he expected to announce his choice of a running mate by Friday.,center,left
Donald Trump Rebukes Ruth Bader Ginsburg for Deriding His Candidacy,Donald Trump said he expected to announce his running mate by Friday.,center,left
Donald Trump Rebukes Ruth Bader Ginsburg for Deriding His Candidacy,Donald J. Trump said he expected to announce his choice of a running mate by Friday. Mr. Trump indicated that he was not basing his vice-presidential selection on fund-raising prowess or potential.,center,right
Donald Trump Rebukes Ruth Bader Ginsburg for Deriding His Candidacy,Donald J. Trump said he expected to announce his choice of a running mate by Friday. He said he was not basing his vice-presidential selection on fund-raising prowess or potential.,center,right
Donald Trump Rebukes Ruth Bader Ginsburg for Deriding His Candidacy,Donald J. Trump said he expected to announce his choice of a running mate by Friday. He also said he was not basing his vice-presidential selection on fund-raising prowess or potential.,center,right
Donald Trump Rebukes Ruth Bader Ginsburg for Deriding His Candidacy,Donald J. Trump said he expected to announce his choice of a running mate by Friday. He said that he was not basing his vice-presidential selection on fund-raising prowess or potential.,center,center
Donald Trump Rebukes Ruth Bader Ginsburg for Deriding His Candidacy,Donald J. Trump said he expected to announce his choice of a running mate by Friday. He said he was not basing his vice-presidential selection on fund-raising prowess or potential.,center,center
Donald Trump Rebukes Ruth Bader Ginsburg for Deriding His Candidacy,Donald J. Trump said he expected to announce his choice of a running mate by Friday. He said that he was not basing his vice-presidential selection on fund-raising prowess.,center,center
Ginsburg under fire from both sides over ‘highly inappropriate’ Trump comments,"Ginsburg doubled down on her criticism of the presumptive GOP nominee, calling him a ""faker"" who is unqualified to be president. Trump himself lashed out on Twitter, saying: ""Justice Ginsburg of the U.S. Supreme Court has embarrassed all by making very dumb political statements""",center,left
Ginsburg under fire from both sides over ‘highly inappropriate’ Trump comments,"Ginsburg doubled down on her criticism of the presumptive GOP nominee, calling him a ""faker"" who is unqualified to be president. Trump himself lashed out on Twitter, saying: ""Justice Ginsburg of the U.S. Supreme Court has embarrassed all""",center,left
Ginsburg under fire from both sides over ‘highly inappropriate’ Trump comments,"Ginsburg doubled down on her criticism of the presumptive GOP nominee, calling him a “faker’ who is unqualified to be president. The liberal icon justice had kicked off the storm with comments to The New York Times published Saturday.",right,left
Ginsburg under fire from both sides over ‘highly inappropriate’ Trump comments,"Ruth Bader Ginsburg has come under fire for her comments about Donald Trump. The Supreme Court justice called the presumptive GOP nominee a ""faker"" and unqualified to be president. Trump called the comments a ""disgrace to the court and I think she should apologize"" and called for her to resign.",right,right
Ginsburg under fire from both sides over ‘highly inappropriate’ Trump comments,"Ruth Bader Ginsburg has come under fire for her comments about Donald Trump. The Supreme Court justice called the presumptive GOP nominee a ""faker"" and unqualified to be president. Trump called the comments a ""disgrace to the court and I think she should apologize"" and said she should resign.",right,right
Ginsburg under fire from both sides over ‘highly inappropriate’ Trump comments,"Ruth Bader Ginsburg has come under fire for her comments about Donald Trump. The Supreme Court justice called the presumptive GOP nominee a ""faker"" and unqualified to be president. Trump called the comments a ""disgrace to the court and I think she should apologize""",right,right
Ginsburg under fire from both sides over ‘highly inappropriate’ Trump comments,"Supreme Court Justice Ruth Bader Ginsburg is facing a growing and bipartisan backlash. The liberal icon justice had kicked off the storm with comments to The New York Times published Saturday. She doubled down late Monday, telling CNN: “He is a faker”",right,center
Ginsburg under fire from both sides over ‘highly inappropriate’ Trump comments,"Supreme Court Justice Ruth Bader Ginsburg is facing a growing and bipartisan backlash. The liberal icon justice had kicked off the storm with comments to The New York Times published Saturday. She doubled down late Monday, telling CNN: “He is a faker’",right,center
Ginsburg under fire from both sides over ‘highly inappropriate’ Trump comments,Supreme Court Justice Ruth Bader Ginsburg is facing a growing and bipartisan backlash. The liberal icon justice had kicked off the storm with comments to The New York Times published Saturday.,right,center
"Vicente Fox, Ex-President of Mexico, Scoffs at Donald Trump’s Visit","Vicente Fox, Mexico’s president from 2000 to 2006, said on Wednesday that the invitation from Mr. Peña Nieto was a mistake. Mr. Fox said that Mr. Trump should never be trusted in the country because of the way he has demonized its people.",left,left
"Vicente Fox, Ex-President of Mexico, Scoffs at Donald Trump’s Visit","Vicente Fox, Mexico's president from 2000 to 2006, said on Wednesday that the invitation from Mr. Peña Nieto was a mistake. Mr. Fox has been critical of Mr. Trump’s plan to build a wall on the border between the U.S. and Mexico.",center,left
"Vicente Fox, Ex-President of Mexico, Scoffs at Donald Trump’s Visit","Vicente Fox, Mexico's president from 2000 to 2006, said on Wednesday that the invitation from Mr. Peña Nieto was a mistake. Mr. Fox has been critical of Mr. Trump’s plan to build a wall on the border between the U.S. and Mexico and on Wednesday he shrugged off recent signs of the plans softening.",center,left
"Vicente Fox, Ex-President of Mexico, Scoffs at Donald Trump’s Visit","Vicente Fox, Mexico’s president from 2000 to 2006, said on Wednesday that the invitation from Mr. Peña Nieto was a mistake. Mr. Fox said that Mr. Trump should never be trusted in the country because of the way he has demonized its people.",left,right
"Vicente Fox, Ex-President of Mexico, Scoffs at Donald Trump’s Visit","Vicente Fox, Mexico’s president from 2000 to 2006, said on Wednesday that the invitation from Mr. Peña Nieto was a mistake. Mr. Fox has been critical of Mr. Trump's plan to build a wall on the border between the United States and Mexico.",center,right
"Vicente Fox, Ex-President of Mexico, Scoffs at Donald Trump’s Visit","Vicente Fox, Mexico’s president from 2000 to 2006, said on Wednesday that the invitation from Mr. Peña Nieto was a mistake. Mr. Fox said that Mr. Trump should never be trusted in Mexico because of the way he has demonized its people.",left,right
"Vicente Fox, Ex-President of Mexico, Scoffs at Donald Trump’s Visit","Vicente Fox, Mexico’s president from 2000 to 2006, said on Wednesday that the invitation from Mr. Peña Nieto was a mistake. Mr. Fox said Mr. Trump should never be trusted in the country because of the way he has demonized its people.",left,center
"Vicente Fox, Ex-President of Mexico, Scoffs at Donald Trump’s Visit","Vicente Fox, Mexico’s president from 2000 to 2006, said on Wednesday that the invitation from Mr. Peña Nieto was a mistake. “He is not welcome to Mexico. We reject his visit,” Mr. Fox said.",left,center
"Vicente Fox, Ex-President of Mexico, Scoffs at Donald Trump’s Visit","Vicente Fox, Mexico’s president from 2000 to 2006, said on Wednesday that the invitation from Mr. Peña Nieto was a mistake. “He is not welcome to Mexico,” Mr. Fox told CNN.",left,center
Former Mexican President Vicente Fox Slams President Enrique Peña Nieto For Meeting Trump,"Vicente Fox says Mexican President Enrique Peña Nieto is taking an enormous political risk by inviting Donald Trump to meet. Fox warned that if the president does not stand up to Trump, he will be seen as a traitor. Trump has spent more than a year railing against Mexico and its leaders.",right,left
Former Mexican President Vicente Fox Slams President Enrique Peña Nieto For Meeting Trump,"Vicente Fox says Mexican President Enrique Peña Nieto is taking an enormous political risk by inviting Donald Trump to meet. Fox warned that if the president does not stand up to Trump, he will be seen as a traitor. Trump is due to give a widely anticipated speech on immigration in Arizona.",right,left
Former Mexican President Vicente Fox Slams President Enrique Peña Nieto For Meeting Trump,"Vicente Fox says Mexican President Enrique Peña Nieto is taking an enormous political risk by inviting Donald Trump to meet. Fox warned that if the president does not stand up to Trump, he will be seen as a traitor.",right,left
Former Mexican President Vicente Fox Slams President Enrique Peña Nieto For Meeting Trump,"Vicente Fox says Mexican President Enrique Peña Nieto is taking an enormous political risk by inviting Donald Trump to meet with him. Trump has spent more than a year railing against Mexico and its leaders, promising the country would pay for the construction of a wall on the border it shares with the U.S. Fox warned that if he does not stand up to the GOP nominee, he will be seen as a traitor.",right,right
Former Mexican President Vicente Fox Slams President Enrique Peña Nieto For Meeting Trump,"Vicente Fox says Mexican President Enrique Peña Nieto is taking an enormous political risk by inviting Donald Trump to meet with him. Trump has spent more than a year railing against Mexico and its leaders, promising the country would pay for the construction of a wall on the border it shares with the U.S. Fox warned that if he does not stand up to the GOP nominee, he will be viewed like a traitor.",right,right
Former Mexican President Vicente Fox Slams President Enrique Peña Nieto For Meeting Trump,"Vicente Fox says Mexican President Enrique Peña Nieto is taking an enormous political risk by inviting Donald Trump to meet with him. Trump has spent more than a year railing against Mexico and its leaders, promising the country would pay for the construction of a wall on the border it shares with the U.S. Fox warned that if he does not stand up to the GOP nominee, he will be considered like a traitor.",right,right
Former Mexican President Vicente Fox Slams President Enrique Peña Nieto For Meeting Trump,"Vicente Fox says Mexican President Enrique Peña Nieto is taking an enormous political risk by hosting Donald Trump. Trump tweeted Tuesday that he had accepted an invitation to meet with the Mexican leader in private. Trump has spent more than a year railing against Mexico and its leaders, promising the country would pay for a border wall.",center,center
Former Mexican President Vicente Fox Slams President Enrique Peña Nieto For Meeting Trump,"Vicente Fox says Mexican President Enrique Peña Nieto is taking an enormous political risk by hosting Donald Trump. Trump tweeted Tuesday that he had accepted an invitation to meet with the Mexican leader in private. Trump has spent more than a year railing against Mexico and its leaders, promising the country would pay for a wall.",center,center
Former Mexican President Vicente Fox Slams President Enrique Peña Nieto For Meeting Trump,Vicente Fox says Mexican President Enrique Peña Nieto is taking an enormous political risk by hosting Donald Trump. Trump tweeted Tuesday that he had accepted an invitation to meet with the Mexican leader in private. Fox: “I think this is a big mistake on part of President Peña.”,center,center
Former Mexican President Fox to Trump: We won't pay for 'that f***ing wall!',"Former Mexican President Vincente Fox says he won't pay for Donald Trump's proposed U.S.-Mexico border wall. Fox: ""This nation is going to fail if it falls into the hands of a crazy man""",center,left
Former Mexican President Fox to Trump: We won't pay for 'that f***ing wall!',"Former Mexican President Vincente Fox says he won't pay for Donald Trump's proposed U.S.-Mexico border wall. Fox: ""This nation is going to fail if it falls into the hands of a crazy man.""",center,left
Former Mexican President Fox to Trump: We won't pay for 'that f***ing wall!',"Former Mexican President Vincente Fox says he won't pay for Donald Trump's proposed U.S.-Mexico border wall. Fox also questioned Trump's allegiance to the Republican party, or any political party.",center,left
Former Mexican President Fox to Trump: We won't pay for 'that f***ing wall!',"Former Mexican President Vincente Fox says he won't pay for Donald Trump's proposed border wall. Fox also questioned Trump's allegiance to the Republican party, or, for that matter, any party.",center,right
Former Mexican President Fox to Trump: We won't pay for 'that f***ing wall!',"Former Mexican President Vincente Fox says he won't pay for Donald Trump's proposed border wall. Fox also questioned Trump's allegiance to the Republican party, or any political party.",right,right
Former Mexican President Fox to Trump: We won't pay for 'that f***ing wall!',Former Mexican President Vincente Fox says he won't pay for Donald Trump's proposed border wall. Fox also questioned Trump's allegiance to the Republican party or any political party.,right,right
Former Mexican President Fox to Trump: We won't pay for 'that f***ing wall!',"Former Mexican President Vincente Fox said he won't pay for Donald Trump's proposed border wall. Fox also questioned Trump's allegiance to the Republican party, or, for that matter, any political party.",center,center
Former Mexican President Fox to Trump: We won't pay for 'that f***ing wall!',Former Mexican President Vincente Fox said he won't pay for Donald Trump's proposed border wall. Fox said that he believes that Americans will not elect the real estate tycoon to the White House.,right,center
Former Mexican President Fox to Trump: We won't pay for 'that f***ing wall!',"Former Mexican President Vincente Fox said he won't pay for Donald Trump's proposed border wall. Fox also questioned Trump's allegiance to the Republican party, or any political party.",right,center
Former Mexican President: 'I'm Not Going To Pay For That F**king Wall',"Former Mexican President Vicente Fox says Mexico will not pay for a wall along the U.S. border. Fox said that as a taxpayer, he's not willing to fund Trump's big idea. The GOP front-runner insists he'll coerce Mexico into paying for the wall.",center,left
Former Mexican President: 'I'm Not Going To Pay For That F**king Wall',"Former Mexican President Vicente Fox says Mexico will not pay for a wall along the U.S. border. Fox said that as a taxpayer, he's not willing to fund Trump's big idea. The GOP front-runner has made many outrageous comments about Latinos.",center,left
Former Mexican President: 'I'm Not Going To Pay For That F**king Wall',"Former Mexican President Vicente Fox says Mexico will not pay for a wall along the U.S. border. Fox said that as a taxpayer, he's not willing to fund Trump's big idea.",center,left
Former Mexican President: 'I'm Not Going To Pay For That F**king Wall',"Former Mexican President Vicente Fox says Mexico will not pay for a wall along the U.S. border. Fox: ""Democracy cannot pick crazy people that doesn't know what's going on in the world""",right,right
Former Mexican President: 'I'm Not Going To Pay For That F**king Wall',"Former Mexican President Vicente Fox says Mexico will not pay for a wall along the U.S. border. Fox said, as a taxpayer, he's not willing to fund Trump’s big idea.",right,right
Former Mexican President: 'I'm Not Going To Pay For That F**king Wall',"Former Mexican President Vicente Fox says Mexico will not pay for a wall along the U.S. border. Fox said, as a taxpayer, he's not willing to fund Trump's big idea.",center,right
Former Mexican President: 'I'm Not Going To Pay For That F**king Wall',"Former Mexican President Vicente Fox says Mexico will not pay for a wall along the U.S. border. Fox: ""Democracy cannot pick crazy people that doesn't know what's going on in the world today""",right,center
Former Mexican President: 'I'm Not Going To Pay For That F**king Wall',"Former Mexican President Vicente Fox says Mexico will not pay for a wall along the U.S. border. Fox: ""Democracy cannot pick crazy people that doesn't know what's going on in the world""",right,center
Former Mexican President: 'I'm Not Going To Pay For That F**king Wall',"Former Mexican President Vicente Fox says Mexico will not pay for a wall along the U.S. border. Fox said, as a taxpayer, he's not willing to fund Trump’s big idea.",right,center
Ted Cruz Accuses Donald Trump Of Planting 'Garbage' Affair Story,The National Enquirer published a story this week claiming that Ted Cruz had extramarital affairs with five women. Cruz vehemently denied the allegations in a statement posted on Facebook on Friday.,center,left
Ted Cruz Accuses Donald Trump Of Planting 'Garbage' Affair Story,The National Enquirer published a story this week claiming that Ted Cruz had extramarital affairs with five women. Cruz vehemently denied the allegations in a Facebook post on Friday.,center,left
Ted Cruz Accuses Donald Trump Of Planting 'Garbage' Affair Story,The National Enquirer published a story this week claiming that Ted Cruz had extramarital affairs with five women. Cruz vehemently denied the allegations in a statement on Facebook.,center,left
Ted Cruz Accuses Donald Trump Of Planting 'Garbage' Affair Story,The National Enquirer published a story earlier this week claiming that Cruz had extramarital affairs with five women. Cruz vehemently denied the allegations in a statement on Facebook.,center,right
Ted Cruz Accuses Donald Trump Of Planting 'Garbage' Affair Story,The National Enquirer published a story earlier this week claiming that Cruz had extramarital affairs with five women. Cruz vehemently denied the allegations in a Facebook post.,center,right
Ted Cruz Accuses Donald Trump Of Planting 'Garbage' Affair Story,The National Enquirer published a story earlier this week claiming that Cruz had extramarital affairs with five women. Cruz vehemently denied the story in a Facebook post.,center,right
Ted Cruz Accuses Donald Trump Of Planting 'Garbage' Affair Story,The National Enquirer published a story this week claiming that Ted Cruz had extramarital affairs with five women. Cruz vehemently denied the story in a statement posted on Facebook on Friday. Trump responded by saying he did not know about the story.,center,center
Ted Cruz Accuses Donald Trump Of Planting 'Garbage' Affair Story,The National Enquirer published a story this week claiming that Ted Cruz had extramarital affairs with five women. Cruz vehemently denied the story in a statement posted on Facebook on Friday.,center,center
Ted Cruz Accuses Donald Trump Of Planting 'Garbage' Affair Story,The National Enquirer published a story this week claiming that Ted Cruz had extramarital affairs with five women. Cruz vehemently denied the allegations in a statement on Facebook.,center,center
"Cruz blames Trump for affair story, hints he wouldn't support him in general election","The National Enquirer published an article alleging that Cruz has had extramarital affairs. Trump spokeswoman Katrina Pierson responded to claims that she is one of the mystery women referred to in the article, stating that the allegation is “stupidity on all levels”",center,left
"Cruz blames Trump for affair story, hints he wouldn't support him in general election",The National Enquirer published an article alleging that Cruz has had extramarital affairs. Trump spokeswoman Katrina Pierson responded to claims that she is one of the mystery women referred to in the article.,center,left
"Cruz blames Trump for affair story, hints he wouldn't support him in general election",The National Enquirer published an article alleging that Cruz has had extramarital affairs. Trump spokeswoman Katrina Pierson responded on Twitter that the allegation is “stupidity on all levels”,center,left
"Cruz blames Trump for affair story, hints he wouldn't support him in general election","Cruz backs away from pledge to support Trump if he wins the GOP nomination. National Enquirer article alleges Cruz has had extramarital affairs. Trump spokeswoman calls the allegations ""stupidity on all levels""",right,right
"Cruz blames Trump for affair story, hints he wouldn't support him in general election","Cruz backs away from pledge to support Trump if he wins the GOP nomination. National Enquirer article alleges Cruz has had extramarital affairs. Trump spokeswoman calls the allegation ""stupidity on all levels""",right,right
"Cruz blames Trump for affair story, hints he wouldn't support him in general election","Cruz backs away from pledge to support Trump if he wins GOP nomination. National Enquirer article alleges Cruz has had extramarital affairs. Trump spokeswoman calls allegation ""stupidity on all levels""",center,right
"Cruz blames Trump for affair story, hints he wouldn't support him in general election","Ted Cruz backs away from pledge to support Donald Trump if he wins nomination. National Enquirer article alleged Cruz has had extramarital affairs. Trump spokeswoman calls allegations ""stupidity on all levels""",center,center
"Cruz blames Trump for affair story, hints he wouldn't support him in general election","Ted Cruz backs away from pledge to support Donald Trump if he wins nomination. National Enquirer article alleged Cruz has had extramarital affairs. Trump spokeswoman says allegations are ""stupidity on all levels""",center,center
"Cruz blames Trump for affair story, hints he wouldn't support him in general election",Ted Cruz backs away from pledge to support Donald Trump if he wins nomination. National Enquirer article alleged Cruz has had extramarital affairs. Trump spokeswoman calls allegations'stupidity on all levels',right,center
"Paul LePage, the Governor of Maine, Now Says He’s Not Quitting","“I will not resign,” said Mr. LePage, who tried to put to rest swirling questions about his state of mind. The controversy, which has galvanized the state, started last Wednesday. The state’s four legislative caucuses have said that they believe all four would have to agree for a special session.",left,left
"Paul LePage, the Governor of Maine, Now Says He’s Not Quitting","“I will not resign,” said Mr. LePage, who tried to put to rest swirling questions about his state of mind. The controversy, which has galvanized the state, started last Wednesday. The state’s four legislative caucuses have said they believe all four would have to agree for a special session to be scheduled.",center,left
"Paul LePage, the Governor of Maine, Now Says He’s Not Quitting","“I will not resign,” said Mr. LePage, who tried to put to rest swirling questions about his state of mind. The controversy, which has galvanized the state, started last Wednesday. The state’s legislative caucuses have said that they believe all four would have to agree for a special session to be scheduled.",left,left
"Paul LePage, the Governor of Maine, Now Says He’s Not Quitting","“I will not resign,” said Mr. LePage, who tried to put to rest swirling questions about his state of mind. The controversy, which has galvanized the state, started last Wednesday. As criticism against him swelled, he came to believe that a Democratic lawmaker had called him a racist.",left,right
"Paul LePage, the Governor of Maine, Now Says He’s Not Quitting","“I will not resign,” said Mr. LePage, who tried to put to rest swirling questions about his state of mind. The controversy, which has galvanized the state, started last Wednesday. Both Democrats and Republicans have denounced the remarks, as many legislators called for a special session.",left,right
"Paul LePage, the Governor of Maine, Now Says He’s Not Quitting","“I will not resign,” said Mr. LePage, who tried to put to rest swirling questions about his state of mind. The controversy, which has galvanized the state, started last Wednesday. Both Democrats and Republicans have denounced the remarks.",left,right
"Paul LePage, the Governor of Maine, Now Says He’s Not Quitting",Paul R. LePage says he is seeking ‘spiritual guidance’ and has apologized for his threat. He also vows to make one change to his behavior: ‘I will no longer speak to the press ever again after today’,left,center
"Paul LePage, the Governor of Maine, Now Says He’s Not Quitting",Paul R. LePage says he is seeking ‘spiritual guidance’ and has apologized for his threat. He also vows to make one change to his behavior: “I will no longer speak to the press ever again after today’,center,center
"Paul LePage, the Governor of Maine, Now Says He’s Not Quitting",Paul R. LePage says he is seeking ‘spiritual guidance’ and has apologized for his threat. He also vows to make one change to his behavior: “I will no longer speak to the press ever again after today.”,center,center
Paul LePage Says He Won't Resign After All,"Maine Gov. Paul LePage (R) said Wednesday that he has no plans to resign. He has been mired in controversy since calling state Rep. Drew Gattine a “son-of-a-bitch, socialist cocksucker” in a voicemail.",left,left
Paul LePage Says He Won't Resign After All,"Maine Gov. Paul LePage (R) said Wednesday that he has no plans to resign. He has been mired in controversy since calling state Rep. Drew Gattine a “son-of-a-bitch, socialist cocksucker’",left,left
Paul LePage Says He Won't Resign After All,Maine Gov. Paul LePage (R) said Wednesday that he has no plans to resign. LePage has been mired in controversy since calling a state lawmaker a racist in a voicemail last week.,center,left
Paul LePage Says He Won't Resign After All,Maine Gov. Paul LePage (R) said Wednesday that he has no plans to resign. He also said he will no longer talk to the media. LePage has been mired in controversy since calling a state lawmaker a racist in a voicemail.,center,right
Paul LePage Says He Won't Resign After All,Maine Gov. Paul LePage (R) said Wednesday that he has no plans to resign. He also said he will no longer talk to the media. LePage has been mired in controversy since calling a state lawmaker a racist in a voicemail.,center,right
Paul LePage Says He Won't Resign After All,Maine Gov. Paul LePage (R) said Wednesday that he has no plans to resign. He also said he will no longer talk to the media. LePage has been mired in controversy since calling a Democrat a racist in a voicemail.,center,right
Paul LePage Says He Won't Resign After All,"Maine Gov. Paul LePage (R) said Wednesday that he has no plans to resign. He has been mired in controversy since calling state Rep. Drew Gattine a “son-of-a-bitch, socialist cocksucker” in a voicemail last week.",left,center
Paul LePage Says He Won't Resign After All,"Maine Gov. Paul LePage (R) said Wednesday that he has no plans to resign. He has been mired in controversy since calling state Rep. Drew Gattine a “son-of-a-bitch, socialist cocksucker’ in a voicemail last week.",left,center
Paul LePage Says He Won't Resign After All,"Maine Gov. Paul LePage (R) said Wednesday that he has no plans to resign. He has been mired in controversy since calling state Rep. Drew Gattine a “son-of-a-bitch, socialist cocksucker” in a voicemail.",left,center
Donald Trump Calls On Obama To Resign Over Orlando Shooting,"Donald Trump called on President Barack Obama to resign over his response to the Orlando shooting. The presumptive Republican presidential nominee also criticized Hillary Clinton for wanting to ""dramatically increase admissions"" of Syrian refugees. Trump reiterated his call for a ban on Muslims entering the United States.",right,left
Donald Trump Calls On Obama To Resign Over Orlando Shooting,"Donald Trump called on President Barack Obama to resign over his response to the Orlando shooting. The presumptive Republican presidential nominee also criticized Hillary Clinton for wanting to ""dramatically increase admissions"" of Syrian refugees into the United States.",right,left
Donald Trump Calls On Obama To Resign Over Orlando Shooting,"Donald Trump called on President Barack Obama to resign over his response to the Orlando shooting. The presumptive Republican presidential nominee also criticized Hillary Clinton for wanting to ""dramatically increase admissions"" of Syrian refugees.",right,left
Donald Trump Calls On Obama To Resign Over Orlando Shooting,"The presumptive Republican presidential nominee called for President Barack Obama to resign over his response to the Orlando shooting. He also criticized Hillary Clinton for wanting to ""dramatically increase admissions"" of Syrian refugees into the United States. Trump also reiterated his call for a ban on Muslims entering the U.S.",right,right
Donald Trump Calls On Obama To Resign Over Orlando Shooting,"The presumptive Republican presidential nominee called for President Barack Obama to resign over his response to the Orlando shooting. He also criticized Hillary Clinton for wanting to ""dramatically increase admissions"" of Syrian refugees into the United States.",right,right
Donald Trump Calls On Obama To Resign Over Orlando Shooting,"The presumptive Republican presidential nominee called for President Barack Obama to resign over his response to the Orlando shooting. He also criticized Hillary Clinton for wanting to ""dramatically increase admissions"" of Syrian refugees into the U.S.",right,right
Donald Trump Calls On Obama To Resign Over Orlando Shooting,"Donald Trump called for President Barack Obama to resign over his response to the Orlando shooting. The presumptive Republican presidential nominee said Obama ""disgracefully refused to even say the words 'Radical Islam' He also criticized Hillary Clinton for wanting to ""dramatically increase admissions"" of Syrian refugees.",right,center
Donald Trump Calls On Obama To Resign Over Orlando Shooting,"Donald Trump called for President Barack Obama to resign over his response to the Orlando shooting. The presumptive Republican presidential nominee said Obama ""disgracefully refused to even say the words 'Radical Islam' "" ""We can't afford to be politically correct anymore,"" Trump said in a statement.",right,center
Donald Trump Calls On Obama To Resign Over Orlando Shooting,"Donald Trump called for President Barack Obama to resign over his response to the Orlando shooting. The presumptive Republican presidential nominee said Obama ""disgracefully refused to even say the words 'Radical Islam' "" ""We can't afford to be politically correct anymore,"" Trump said.",right,center
"After Nightclub Massacre, Obama Expresses Outrage and a Familiar Lament","President Obama says the nation has been traumatized by grievous violence. He calls the shooting in Orlando, Florida, an “act of terror and an act of hate”",right,left
"After Nightclub Massacre, Obama Expresses Outrage and a Familiar Lament","President Obama says the nation has been traumatized by grievous violence. He calls the shooting in Orlando, Florida, an “act of terror and an act of hate’",center,left
"After Nightclub Massacre, Obama Expresses Outrage and a Familiar Lament",President Obama says the nation has been traumatized by grievous violence. He says it is still unclear whether there was a direct link between the gunman and international terrorist groups.,right,left
"After Nightclub Massacre, Obama Expresses Outrage and a Familiar Lament",President Obama offers his condolences to the families of the victims of the Orlando shooting. Mr. Obama says the country has again been traumatized by grievous violence. The president has repeatedly mourned victims of mass shootings.,right,right
"After Nightclub Massacre, Obama Expresses Outrage and a Familiar Lament",President Obama offers his condolences to the families of the victims of the Orlando shooting. Mr. Obama says the country has again been traumatized by grievous violence.,right,right
"After Nightclub Massacre, Obama Expresses Outrage and a Familiar Lament","President Obama offers his condolences to the families of the victims of the Orlando, Florida, attack. He says the country has again been traumatized by grievous violence.",right,right
"After Nightclub Massacre, Obama Expresses Outrage and a Familiar Lament","President Obama says the country has again been traumatized by grievous violence. He vows to respond forcefully to what he calls a devastating “act of terror and an act of hate’ Donald J. Trump, the presumptive Republican presidential nominee, seized on the attacks.",center,center
"After Nightclub Massacre, Obama Expresses Outrage and a Familiar Lament","President Obama says the country has again been traumatized by grievous violence. He vows to respond forcefully to what he called a devastating “act of terror and an act of hate’ Donald J. Trump, the presumptive Republican presidential nominee, seized on the attacks.",center,center
"After Nightclub Massacre, Obama Expresses Outrage and a Familiar Lament",President Obama says the country has again been traumatized by grievous violence. He vows to respond forcefully to what he calls a devastating “act of terror and an act of hate”,right,center
Senate Set to Override Veto on Bill Allowing 9/11 Suits Against Saudi Arabia,"The override, the first Mr. Obama has faced in his presidency, is expected to begin in the Senate on Wednesday, followed by the House on Thursday. Some lawmakers have been scrambling to try to obviate the veto.",center,left
Senate Set to Override Veto on Bill Allowing 9/11 Suits Against Saudi Arabia,"The override, the first Mr. Obama has faced in his presidency, is expected to begin in the Senate on Wednesday, followed by the House on Thursday.",left,left
Senate Set to Override Veto on Bill Allowing 9/11 Suits Against Saudi Arabia,"The override, the first Mr. Obama has faced in his presidency, is expected to begin in the Senate on Wednesday, followed by the House on Thursday.",left,left
Senate Set to Override Veto on Bill Allowing 9/11 Suits Against Saudi Arabia,"President Obama has vetoed a bill allowing families of those killed in the 9/11 attacks to sue Saudi Arabia for any role in the terrorist plot. The override is expected to begin in the Senate on Wednesday, followed by the House on Thursday.",right,right
Senate Set to Override Veto on Bill Allowing 9/11 Suits Against Saudi Arabia,President Obama has vetoed a bill allowing families of those killed in the 9/11 attacks to sue Saudi Arabia for any role in the terrorist plot.,right,right
Senate Set to Override Veto on Bill Allowing 9/11 Suits Against Saudi Arabia,President Obama will veto a bill that would allow families of 9/11 victims to sue Saudi Arabia for any role in the terrorist plot.,right,right
Senate Set to Override Veto on Bill Allowing 9/11 Suits Against Saudi Arabia,"The override, the first Mr. Obama has faced in his presidency, is expected to begin in the Senate on Wednesday. Some lawmakers have been scrambling to try to obviate the veto rejection.",center,center
Senate Set to Override Veto on Bill Allowing 9/11 Suits Against Saudi Arabia,"The override, the first Mr. Obama has faced in his presidency, is expected to begin in the Senate on Wednesday. Some lawmakers have been scrambling to try to obviate the veto.",left,center
Senate Set to Override Veto on Bill Allowing 9/11 Suits Against Saudi Arabia,"The override, the first Mr. Obama has faced in his presidency, is expected to begin in the Senate on Wednesday, followed by the House on Thursday.",left,center
Nancy Pelosi Re-Elected House Minority Leader,House Minority Leader Nancy Pelosi (D-Calif.) was re-elected to her leadership post Wednesday morning. But more than 60 Democrats voted against her in secret ballots.,center,left
Nancy Pelosi Re-Elected House Minority Leader,House Minority Leader Nancy Pelosi (D-Calif.) was re-elected to her leadership post Wednesday morning. But more than 60 Democrats voted against her.,left,left
Nancy Pelosi Re-Elected House Minority Leader,House Minority Leader Nancy Pelosi (D-Calif.) was re-elected to her leadership post. But more than 60 Democrats voted against her in secret ballots.,left,left
Nancy Pelosi Re-Elected House Minority Leader,"House Minority Leader Nancy Pelosi (D-Calif.) was re-elected to her leadership post Wednesday morning. But more than 60 Democrats voted against her, a stunning level of dissent.",left,right
Nancy Pelosi Re-Elected House Minority Leader,House Minority Leader Nancy Pelosi (D-Calif.) was re-elected to her leadership post Wednesday morning. But more than 60 Democrats voted against her in secret ballots.,center,right
Nancy Pelosi Re-Elected House Minority Leader,House Minority Leader Nancy Pelosi (D-Calif.) was re-elected to her leadership post Wednesday morning. But more than 60 Democrats voted against her.,left,right
Nancy Pelosi Re-Elected House Minority Leader,"House Minority Leader Nancy Pelosi (D-Calif.) was re-elected to her leadership post Wednesday morning. But more than 60 Democrats voted against her. Pelosi defeated her lone challenger, Rep. Tim Ryan (Ohio), by a vote of 134 to 63.",left,center
Nancy Pelosi Re-Elected House Minority Leader,House Minority Leader Nancy Pelosi (D-Calif.) was re-elected to her leadership post. But more than 60 Democrats voted against her in secret ballots.,left,center
Nancy Pelosi Re-Elected House Minority Leader,House Minority Leader Nancy Pelosi (D-Calif.) was re-elected to her leadership post Wednesday morning. But more than 60 Democrats voted against her.,left,center
Nancy Pelosi Beats Back House Democratic Leadership Challenge,Rep. Nancy Pelosi of California was re-elected to an eighth term as House leader.,left,left
Nancy Pelosi Beats Back House Democratic Leadership Challenge,Rep. Nancy Pelosi was re-elected to an eighth term as House leader over a Rust Belt congressman.,right,left
Nancy Pelosi Beats Back House Democratic Leadership Challenge,Rep. Nancy Pelosi was re-elected to an eighth term as House leader.,right,left
Nancy Pelosi Beats Back House Democratic Leadership Challenge,Rep. Nancy Pelosi of California re-elected to an eighth term as House leader. Rep. Tim Ryan of Ohio said the party had lost its connection to the American working class.,right,right
Nancy Pelosi Beats Back House Democratic Leadership Challenge,"Rep. Nancy Pelosi of California re-elected to an eighth term as House leader. Rep. Tim Ryan, a Rust Belt congressman, said the party had lost its connection to working class.",center,right
Nancy Pelosi Beats Back House Democratic Leadership Challenge,"Rep. Nancy Pelosi, 76, of California, was re-elected to an eighth term as House leader.",left,right
Nancy Pelosi Beats Back House Democratic Leadership Challenge,Rep. Nancy Pelosi was re-elected to an eighth term as House leader. Ms. Pelosi’s victory over Representative Tim Ryan ensures that the party will be led in the next Congress by the established “coastal” Democrats.,right,center
Nancy Pelosi Beats Back House Democratic Leadership Challenge,Rep. Nancy Pelosi was re-elected to an eighth term as House leader. Ms. Pelosi’s victory over Representative Tim Ryan ensures that the party will be led in the next Congress by the established “coastal’ Democrats.,right,center
Nancy Pelosi Beats Back House Democratic Leadership Challenge,"Rep. Nancy Pelosi was re-elected to an eighth term as House leader. Ms. Pelosi’s victory over Representative Tim Ryan, a 43-year-old congressman from a blue-collar district anchored in Youngstown, Ohio.",center,center
Obama Will Meet With Sanders On Thursday,"President Barack Obama congratulates Hillary Clinton for clinching the Democratic nomination. He also signals that the campaign of Sen. Bernie Sanders (I-Vt.) might be coming to an end. Obama will meet with Sanders on Thursday, at Sanders' request.",center,left
Obama Will Meet With Sanders On Thursday,President Barack Obama congratulates Hillary Clinton for clinching the Democratic nomination. He also signals that the campaign of Sen. Bernie Sanders (I-Vt.) might be coming to an end. Obama has privately suggested that Sanders drop out of the race to help Democrats unite.,center,left
Obama Will Meet With Sanders On Thursday,President Barack Obama congratulates Hillary Clinton for clinching the Democratic nomination. He also signals that the campaign of Sen. Bernie Sanders (I-Vt.) might be coming to an end. Obama has privately suggested that Sanders drop out of the race.,center,left
Obama Will Meet With Sanders On Thursday,"President Barack Obama spoke to both Clinton and Sanders by phone following Tuesday's primaries and caucuses. Obama will meet with Sanders on Thursday, at Sanders' request, at the Vermont senator's request.",center,right
Obama Will Meet With Sanders On Thursday,"President Barack Obama spoke to both Clinton and Sanders by phone following Tuesday's primaries and caucuses. Obama will meet with Sanders on Thursday, at Sanders' request, the White House says.",center,right
Obama Will Meet With Sanders On Thursday,"President Barack Obama spoke to both Clinton and Sanders by phone following Tuesday's primaries and caucuses. Obama will meet with Sanders on Thursday, at Sanders' request.",center,right
Obama Will Meet With Sanders On Thursday,"President Barack Obama congratulated Hillary Clinton on Tuesday evening. He also signaled that the campaign of rival Sen. Bernie Sanders might be coming to an end. Obama will meet with Sanders on Thursday, at Sanders' request.",center,center
Obama Will Meet With Sanders On Thursday,"President Barack Obama congratulated Hillary Clinton on Tuesday evening. He also signaled that the campaign of Sen. Bernie Sanders might be coming to an end. Obama will meet with Sanders on Thursday, at Sanders' request.",center,center
Obama Will Meet With Sanders On Thursday,President Barack Obama congratulated Hillary Clinton on Tuesday evening. He also signaled that the campaign of Sen. Bernie Sanders (I-Vt.) might be coming to an end. Obama will meet with Sanders in Washington on Thursday.,center,center
"Clinton Is 'Sane' And 'Competent,' Unlike Trump, Bloomberg Tells U.S.",Former New York Mayor Michael Bloomberg slammed Donald Trump at the Democratic National Convention. Bloomberg called Trump a “dangerous demagogue’ and a bad businessman who would be a disastrous president.,right,left
"Clinton Is 'Sane' And 'Competent,' Unlike Trump, Bloomberg Tells U.S.",Former New York Mayor Michael Bloomberg slammed Donald Trump at the Democratic National Convention. Bloomberg called Trump a ‘dangerous demagogue’ and a bad businessman who would be a disastrous president.,right,left
"Clinton Is 'Sane' And 'Competent,' Unlike Trump, Bloomberg Tells U.S.",Former New York Mayor Michael Bloomberg slammed Donald Trump at the Democratic National Convention. Bloomberg called Trump a “dangerous demagogue’ who would be a disastrous president.,right,left
"Clinton Is 'Sane' And 'Competent,' Unlike Trump, Bloomberg Tells U.S.","Michael Bloomberg said Hillary Clinton is a “sane, competent person” Former New York mayor slammed Donald Trump as a ‘dangerous demagogue’ Bloomberg said Trump’s career is characterized by a litany of collapses and missteps.",right,right
"Clinton Is 'Sane' And 'Competent,' Unlike Trump, Bloomberg Tells U.S.","Michael Bloomberg said Hillary Clinton is a “sane, competent person” Former New York mayor slammed Donald Trump as a ‘dangerous demagogue’ and a bad businessman. Bloomberg made dire predictions about the damage a Trump presidency would wreak.",left,right
"Clinton Is 'Sane' And 'Competent,' Unlike Trump, Bloomberg Tells U.S.","Michael Bloomberg said Hillary Clinton is a “sane, competent person” Former New York mayor slammed Donald Trump as a ‘dangerous demagogue’ Bloomberg compared his own achievements in business and politics with Trump’s.",right,right
"Clinton Is 'Sane' And 'Competent,' Unlike Trump, Bloomberg Tells U.S.","Former New York Mayor Michael Bloomberg said Donald Trump is a bad businessman who would be a disastrous president. “I’m a New Yorker,” he said, “and New Yorkers know a con when we see one.” Bloomberg made dire predictions about the damage a Trump presidency would wreak on virtually every aspect of American life.",right,center
"Clinton Is 'Sane' And 'Competent,' Unlike Trump, Bloomberg Tells U.S.","Former New York Mayor Michael Bloomberg said Donald Trump is a bad businessman who would be a disastrous president. “I’m a New Yorker,” he said, “and New Yorkers know a con when we see one” Bloomberg ridiculed Trump’s statements on immigration, national security, foreign trade and his use of overseas labor.",right,center
"Clinton Is 'Sane' And 'Competent,' Unlike Trump, Bloomberg Tells U.S.","Former New York Mayor Michael Bloomberg said Donald Trump is a bad businessman who would be a disastrous president. “I’m a New Yorker,” he said, “and New Yorkers know a con when we see one.”",right,center
"Bloomberg says Trump a 'dangerous demagogue,' endorses Clinton at DNC","Former New York City Mayor Michael Bloomberg formally endorsed Hillary Clinton Wednesday. Bloomberg called Donald Trump a ""dangerous demagogue"" and a ""bomb-thrower"" Bloomberg considered making a third-party run for president this year.",center,left
"Bloomberg says Trump a 'dangerous demagogue,' endorses Clinton at DNC","Former New York City Mayor Michael Bloomberg formally endorsed Hillary Clinton Wednesday. He called Donald Trump a ""dangerous demagogue"" and a ""bomb-thrower"" Bloomberg has an estimated net worth of $48 billion.",right,left
"Bloomberg says Trump a 'dangerous demagogue,' endorses Clinton at DNC","Former New York City Mayor Michael Bloomberg formally endorsed Hillary Clinton Wednesday. Bloomberg called Donald Trump a ""dangerous demagogue"" and a ""bomb-thrower""",right,left
"Bloomberg says Trump a 'dangerous demagogue,' endorses Clinton at DNC","Former New York City Mayor Michael Bloomberg formally endorsed Hillary Clinton Wednesday at the Democratic National Convention. Bloomberg, who has an estimated net worth of $48 billion, threw several jabs at Trump, whom he called a ""dangerous demagogue""",center,right
"Bloomberg says Trump a 'dangerous demagogue,' endorses Clinton at DNC","Former New York City Mayor Michael Bloomberg formally endorsed Hillary Clinton Wednesday at the Democratic National Convention. Bloomberg, who has an estimated net worth of $48 billion, threw several jabs at Donald Trump, whom he called a ""dangerous demagogue""",right,right
"Bloomberg says Trump a 'dangerous demagogue,' endorses Clinton at DNC","Former New York City Mayor Michael Bloomberg formally endorsed Hillary Clinton at the Democratic National Convention. Bloomberg, who has an estimated net worth of $48 billion, threw several jabs at Trump, whom he called a ""dangerous demagogue""",right,right
"Bloomberg says Trump a 'dangerous demagogue,' endorses Clinton at DNC","Former New York City Mayor Michael Bloomberg formally endorsed Hillary Clinton at the Democratic National Convention. Bloomberg called Donald Trump a ""dangerous demagogue"" and a ""bomb-thrower"" Bloomberg considered making a third-party run for president this year.",right,center
"Bloomberg says Trump a 'dangerous demagogue,' endorses Clinton at DNC","Former New York City Mayor Michael Bloomberg formally endorsed Hillary Clinton at the Democratic National Convention. Bloomberg called Donald Trump a ""dangerous demagogue"" and a ""bomb-thrower"" Bloomberg has an estimated net worth of $48 billion.",right,center
"Bloomberg says Trump a 'dangerous demagogue,' endorses Clinton at DNC","Former New York City Mayor Michael Bloomberg formally endorsed Hillary Clinton Wednesday at the Democratic National Convention. Bloomberg called Donald Trump a ""dangerous demagogue"" and a ""bomb-thrower"" Bloomberg considered making a third-party run for president this year.",center,center
