Title,Summary,Predicted Bias,Stance
Elizabeth Cheney blasted by older sister over gay-marriage stance,"Mary Cheney, one of ex-Vice President Dick Cheney’s two daughters, has taken to Facebook to blast her older sibling, Elizabeth, for her stance on same-sex marriage. Mary Cheney, openly lesbian and married to Heather Poe since 2012, reportedly posted to her personal page on the social media site.",right,center
Elizabeth Cheney blasted by older sister over gay-marriage stance,"Mary Cheney, one of ex-Vice President Dick Cheney’s two daughters, has taken to Facebook to blast her older sibling, Elizabeth. Mary Cheney, openly lesbian and married to Heather Poe since 2012, reportedly posted to her personal page on the social media site.",right,center
Elizabeth Cheney blasted by older sister over gay-marriage stance,"Mary Cheney, one of ex-Vice President Dick Cheney’s two daughters, has taken to Facebook to blast her older sibling, Elizabeth, for her stance on same-sex marriage. Mary Cheney is openly lesbian and married to Heather Poe since 2012.",right,center
Mary Cheney: Sister Is 'Dead Wrong' On Gay Marriage,"Mary Cheney, the younger sister of Wyoming U.S. Senate candidate Liz Cheney, criticized her sister's opposition to same-sex marriage. Mary Cheney is openly gay and married her partner, Heather Poe, in Washington, DC last year. Liz Cheney is challenging Sen. Mike Enzi in next year's Republican primary.",left,center
Mary Cheney: Sister Is 'Dead Wrong' On Gay Marriage,"Mary Cheney, the younger sister of Wyoming U.S. Senate candidate Liz Cheney, criticized her sister's opposition to same-sex marriage in a Facebook post. Mary Cheney is openly gay and married her partner, Heather Poe, in Washington, DC last year.",center,center
Mary Cheney: Sister Is 'Dead Wrong' On Gay Marriage,"Mary Cheney, the younger sister of Wyoming U.S. Senate candidate Liz Cheney, criticized her sister's opposition to same-sex marriage. Mary Cheney is openly gay and married her partner, Heather Poe, in Washington, DC last year.",center,center
"IRS official who refused to testify facing more scrutiny over scandal, past","Lerner is under fire for her role in singling out conservative groups for extra scrutiny. She says she didn't reveal the practice sooner because she wasn't asked. Lawyer: ""I have not broken any laws""",right,center
"IRS official who refused to testify facing more scrutiny over scandal, past","Lerner is under fire for her role in singling out conservative groups for extra scrutiny. She says she didn't reveal it sooner because she wasn't asked. Lawyer: ""You cannot lie to Congress""",right,center
"IRS official who refused to testify facing more scrutiny over scandal, past",Lerner is under fire for her role in singling out conservative groups for extra scrutiny. She says she didn't reveal the practice sooner because she wasn't asked.,right,center
White House Plays Down Data Program,The Obama administration tries to marshal new evidence in defense of its collection of private Internet and telephone data. Director of national intelligence concedes for the first time that the Prism program existed. Obama administration officials have held 13 classified hearings and briefings for members of Congress.,center,center
White House Plays Down Data Program,The Obama administration tries to marshal new evidence in defense of its collection of private Internet and telephone data. Director of national intelligence concedes for the first time that the Prism program existed. Officials say Congress has been briefed 13 times on the programs since 2009.,right,center
White House Plays Down Data Program,The Obama administration tries to marshal new evidence in defense of its collection of private Internet and telephone data. Director of national intelligence concedes for the first time that the Prism program existed. Obama administration officials have held 13 classified hearings and briefings for Congress since 2009.,center,center
N.R.A. Details Plan for Armed School Guards,"National Rifle Association task force calls for armed police officers, security guards or staff members in every American school. Report urges states to loosen gun restrictions to allow trained teachers and administrators to carry weapons.",center,center
N.R.A. Details Plan for Armed School Guards,"National Rifle Association task force calls for armed police officers, security guards or staff members in every American school. Report also urges states to loosen gun restrictions to allow trained teachers and administrators to carry weapons.",center,center
N.R.A. Details Plan for Armed School Guards,"National Rifle Association task force calls for armed police officers, security guards or staff members in every American school. The group also urges states to loosen gun restrictions to allow trained teachers and administrators to carry weapons.",center,center
NRA urges states to allow more armed officers in schools,The National Rifle Association is pushing for more school personnel to be armed. The move comes in the wake of the Newtown school massacre.,center,right
NRA urges states to allow more armed officers in schools,The National Rifle Association is pushing for more school personnel to be armed. The move comes in the wake of the Newtown school shooting.,center,right
NRA urges states to allow more armed officers in schools,The National Rifle Association is pushing for more school personnel to be armed. The move comes in the wake of the Newtown school shootings.,center,right
Mo Cowan Senate: Deval Patrick Names Former Chief Of Staff To Replace John Kerry,"William ""Mo"" Cowan will hold the seat in an interim capacity until an election in June. Cowan, 43, is a former chief of staff and former legal counsel to Patrick. The late Sen. Ted Kennedy (D-Mass.) requested that the interim pick not run in the general election.",left,center
Mo Cowan Senate: Deval Patrick Names Former Chief Of Staff To Replace John Kerry,"William ""Mo"" Cowan will hold the seat in an interim capacity until an election in June. Cowan, 43, is a former chief of staff and former legal counsel to Patrick. The late Sen. Ted Kennedy requested that the interim pick not run in the general election.",center,center
Mo Cowan Senate: Deval Patrick Names Former Chief Of Staff To Replace John Kerry,"William ""Mo"" Cowan will hold the seat in an interim capacity until an election in June. Cowan, 43, is a former chief of staff and former legal counsel to Patrick. The selection is a step forward for a state that has a troubled history with race relations.",center,center
William Cowan Named Interim Senator in Massachusetts,"William Cowan, 43, will become Massachusetts’ first black senator since Edward Brooke, a Republican, held the seat from 1966 to 1978. Cowan says he will not seek the permanent office or use the appointment as a springboard later. “This is going to be a very short political career,” he vowed.",center,center
William Cowan Named Interim Senator in Massachusetts,"William Cowan, 43, will become Massachusetts’ first black senator since Edward Brooke, a Republican, held the seat from 1966 to 1978. Cowan says he will not seek the permanent office or use the appointment as a springboard later. “This is going to be a very short political career,’ he vowed.",center,center
William Cowan Named Interim Senator in Massachusetts,"William Cowan, 43, will become Massachusetts’ first black senator since Edward Brooke, a Republican, held the seat from 1966 to 1978. Cowan is a former chief of staff and legal counsel to the state’s first black governor.",center,center
Gay Marriages Get Recognition From the I.R.S.,All same-sex couples who are legally married will be recognized as such for federal tax purposes. It is the broadest federal rule change to come out of the landmark Supreme Court decision in June. But the decision could have ramifications for many gay couples’ tax liabilities.,center,right
Gay Marriages Get Recognition From the I.R.S.,All same-sex couples who are legally married will be recognized as such for federal tax purposes. It is the broadest federal rule change to come out of the landmark Supreme Court decision in June. But the ruling creates complications for gay couples who live in 37 states that do not recognize their marriages.,center,right
Gay Marriages Get Recognition From the I.R.S.,All same-sex couples who are legally married will be recognized as such for federal tax purposes. It is the broadest federal rule change to come out of the landmark Supreme Court decision in June. But the decision could have ramifications for many gay couples' tax liabilities.,center,right
Same-Sex Married Couples To Get Federal Tax Recognition Regardless Of State,"The U.S. Treasury will recognize same-sex marriages even if they live in a state that does not. The decision was prompted by the Supreme Court’s ruling to overturn the Defense of Marriage Act. The policy only applies to married couples, and not those in domestic partnerships.",center,left
Same-Sex Married Couples To Get Federal Tax Recognition Regardless Of State,"The U.S. Treasury will recognize same-sex marriages even if they live in a state that doesn't. The decision was prompted by the Supreme Court’s ruling to overturn the Defense of Marriage Act. The policy only applies to married couples, and not those in domestic partnerships.",center,left
Same-Sex Married Couples To Get Federal Tax Recognition Regardless Of State,"The U.S. Treasury will recognize same-sex marriages even if they live in a state that doesn't. The decision was prompted by the Supreme Court's ruling to overturn the Defense of Marriage Act. The policy only applies to married couples, and not those in domestic partnerships.",center,left
"Obama urges new restrictions on assault weapons, magazines as part of gun control plan","President Obama calls for new restrictions on assault weapons, high-capacity magazines. He also calls for criminal background checks for nearly all gun sales. The plan is part of a broader effort to curb gun violence in the U.S.",center,right
"Obama urges new restrictions on assault weapons, magazines as part of gun control plan","President Obama calls for new restrictions on assault weapons, high-capacity magazines. He also calls for criminal background checks for nearly all gun sales. The plan is part of a broader effort to curb gun violence in the United States.",center,right
"Obama urges new restrictions on assault weapons, magazines as part of gun control plan","President Obama calls for new restrictions on assault weapons, high-capacity magazines. He also calls for criminal background checks for nearly all gun sales. The plan is part of a broader effort to curb gun violence in America.",center,right
"Obama Gun Control Proposals Unveiled, Marking Biggest Legislative Effort In A Generation","Obama proposes reinstating assault weapons ban, restoring 10-round limit on ammunition magazines. President also proposes providing mental health services in schools, allocating funds to hire more police officers. The proposal comes at the end of a month-long review process spearheaded by Vice President Joe Biden.",center,center
"Obama Gun Control Proposals Unveiled, Marking Biggest Legislative Effort In A Generation","Obama proposes reinstating assault weapons ban, restoring 10-round limit on ammunition magazines. President also proposes providing mental health services in schools, allocating funds to hire more police officers. The proposal comes at the end of a month-long review process spearheaded by Vice President Biden.",center,center
"Obama Gun Control Proposals Unveiled, Marking Biggest Legislative Effort In A Generation","Obama proposes reinstating assault weapons ban, restoring 10-round limit on ammunition magazines. President also proposes providing mental health services in schools, allocating funds to hire more police officers. The proposal comes at the end of a month-long review process.",right,center
Jackson Jr. Pleads Guilty,Former Rep. Jesse Jackson Jr. pleads guilty to conspiracy. Wife Sandra Jackson is expected to plead guilty to filing false tax returns. Jackson said he was clearheaded and had not been under treatment for alcohol or drug abuse.,right,center
Jackson Jr. Pleads Guilty,Former Rep. Jesse Jackson Jr. pleads guilty to conspiracy. Wife Sandra Jackson is expected to plead guilty to filing false tax returns. Jackson said he was clearheaded and had not been under treatment for alcohol or drug abuse.,right,center
Jackson Jr. Pleads Guilty,Former Rep. Jesse Jackson Jr. pleads guilty to conspiracy. Wife Sandra Jackson is expected to plead guilty to filing false tax returns. Jackson said he had never been more clear in his life.,right,center
E-Mails Show Jostling Over Benghazi ‘Talking Points’,"The 100 pages of e-mails showed a disagreement between David H. Petraeus, then the director of the C.I.A., and his deputy, Michael J. Morell. The final version of the talking points is stripped of material — including a reference to Libya being awash with weapons and fighters that made it a dangerous environment.",left,center
E-Mails Show Jostling Over Benghazi ‘Talking Points’,"The 100 pages of e-mails showed a disagreement between David H. Petraeus, then the director of the C.I.A., and his deputy, Michael J. Morell. The final version of the talking points is stripped of material that critics say would have raised questions about the State Department’s security posture.",left,center
E-Mails Show Jostling Over Benghazi ‘Talking Points’,"The 100 pages of e-mails showed a disagreement between David H. Petraeus, then the director of the C.I.A., and his deputy, Michael J. Morell. The final version of the talking points is stripped of material, including a reference to Libya being awash with weapons and fighters.",left,center
Clinton Benghazi Hearings Show Classified Report Could Not Determine Causes Of Attacks,"Secretary of State Hillary Clinton cites classified version of review of Benghazi attacks. Unclassified version found it was impossible to say what motivated attackers, she said. Clinton was speaking at hearings on the Obama administration's handling of the attacks.",right,center
Clinton Benghazi Hearings Show Classified Report Could Not Determine Causes Of Attacks,"Secretary of State Hillary Clinton cites classified version of review of Benghazi attacks. Unclassified version found it was impossible to say what motivated attackers, she said. Clinton was speaking at hearings on the Obama administration's handling of the attack.",right,center
Clinton Benghazi Hearings Show Classified Report Could Not Determine Causes Of Attacks,"Secretary of State Hillary Clinton cites classified version of review of Benghazi attacks. Unclassified version found it was impossible to say what motivated attackers, she said. Clinton was speaking at hearings on the administration's handling of the attacks.",right,center
"Facing Congress, Clinton Defends Her Actions Before and After Libya Attack","Hillary Rodham Clinton testifies before Senate and House committees. She says she accepts responsibility for security lapses in Benghazi, Libya. But she says she did not approve or deny security requests made to her.",center,center
"Facing Congress, Clinton Defends Her Actions Before and After Libya Attack","Hillary Rodham Clinton testifies before Senate and House committees. She says she accepts responsibility for security lapses in Benghazi, Libya. But she says she did not approve or deny security requests.",center,center
"Facing Congress, Clinton Defends Her Actions Before and After Libya Attack","Hillary Rodham Clinton testifies before Senate and House committees. She says she accepts responsibility for security lapses in Benghazi, Libya. But she says she didn’t approve security requests.",center,center
"NRA School Safety Report Recommends Arming Teachers, Loosening Gun Laws","NRA task force recommended that schools designate willing staff to be armed and trained. Task force also suggested that states loosen current legal restrictions on who can carry a firearm. American Federation of Teachers calls the report ""a cruel hoax that will fail to keep our children""",center,center
"NRA School Safety Report Recommends Arming Teachers, Loosening Gun Laws","NRA task force recommended that schools designate willing staff to be armed and trained. Task force also suggested that states loosen current legal restrictions on who can carry a firearm. American Federation of Teachers calls report ""a cruel hoax that will fail to keep our children""",center,center
"NRA School Safety Report Recommends Arming Teachers, Loosening Gun Laws","NRA task force recommended that schools designate willing staff to be armed and trained. Task force also suggested that states loosen current legal restrictions on who can carry a firearm. American Federation of Teachers calls the report ""a cruel hoax""",center,center
Massachusetts Gov. Deval Patrick  picks former staffer to fill Kerry's Senate seat,"William ""Mo"" Cowan will fill Sen. John Kerry's open seat until a special election in June. Cowan joined the Patrick administration in 2009 and reportedly quit earlier this month.",left,center
Massachusetts Gov. Deval Patrick  picks former staffer to fill Kerry's Senate seat,"William ""Mo"" Cowan will fill Sen. John Kerry's open seat until a special election in June. Cowan also served as Patrick’s chief legal counsel.",left,center
Massachusetts Gov. Deval Patrick  picks former staffer to fill Kerry's Senate seat,"William ""Mo"" Cowan will fill Sen. John Kerry's open seat until a special election in June. Cowan was Patrick's chief legal counsel.",left,center
Mary Cheney Criticizes Her Sister on Same-Sex Marriage,"Mary Cheney, the younger sister of Liz Cheney, a Wyoming Senate candidate, sharply criticized her sister’s stance on same-sex marriage. Mary Cheney, who is gay and married her longtime partner last year, wrote: “I love my sister, but she is dead wrong on the issue of marriage”",left,center
Mary Cheney Criticizes Her Sister on Same-Sex Marriage,"Mary Cheney, the younger sister of Liz Cheney, a Wyoming Senate candidate, sharply criticized her sister’s stance on same-sex marriage. Mary Cheney urged her own Facebook friends to share the message.",left,center
Mary Cheney Criticizes Her Sister on Same-Sex Marriage,"Mary Cheney, the younger sister of Liz Cheney, a Wyoming Senate candidate, sharply criticized her sister’s stance on same-sex marriage. Mary Cheney is gay and married her longtime partner last year.",left,center
"Lois Lerner, IRS Scandal Figure, Will Invoke Fifth Amendment At Oversight Hearing","Lois Lerner, the director of the exempt organizations unit at the Internal Revenue Service, plans to invoke the Fifth Amendment during her expected testimony before the House Oversight and Government Reform Committee on Wednesday. The hearing would have been Lerner's first public appearance, and first under oath, since she apologized for the IRS' inappropriate targeting of conservative groups at a May 10 meeting.",center,center
"Lois Lerner, IRS Scandal Figure, Will Invoke Fifth Amendment At Oversight Hearing","Lois Lerner, the director of the exempt organizations unit at the Internal Revenue Service, plans to invoke the Fifth Amendment during her expected testimony before the House Oversight and Government Reform Committee on Wednesday. The hearing would have been Lerner's first public appearance, and first under oath, since she apologized for the IRS' inappropriate targeting of conservative groups.",center,center
"Lois Lerner, IRS Scandal Figure, Will Invoke Fifth Amendment At Oversight Hearing","Lois Lerner, the director of the exempt organizations unit at the Internal Revenue Service, plans to invoke the Fifth Amendment during her expected testimony before the House Oversight and Government Reform Committee on Wednesday. The hearing would have been Lerner's first public appearance since she apologized for the IRS' inappropriate targeting of conservative groups.",center,center
I.R.S. Official Invokes 5th Amendment at Hearing,Lois Lerner invoked her Fifth Amendment right against self-incrimination. She refused to testify at a House hearing on the agency’s actions. The hearing offered few new revelations.,center,right
I.R.S. Official Invokes 5th Amendment at Hearing,Lois Lerner invoked her Fifth Amendment right against self-incrimination. She refused to testify at a House hearing on the agency’s actions.,center,right
I.R.S. Official Invokes 5th Amendment at Hearing,Lois Lerner invoked her Fifth Amendment right against self-incrimination. She declined to testify at a House hearing on the agency’s actions.,center,right
"Obama Defends NSA Programs, Says Congress Knew About Surveillance","Obama: ""Every member of Congress has been briefed"" News outlets revealed this week that vast spying programs began under Bush. Obama portrayed the programs as a trade-off between security and civil liberties.",left,center
"Obama Defends NSA Programs, Says Congress Knew About Surveillance","Obama: ""Every member of Congress has been briefed"" News outlets revealed this week that vast spying programs began under George W. Bush. Obama portrayed programs as a trade-off between security and civil liberties.",left,center
"Obama Defends NSA Programs, Says Congress Knew About Surveillance","Obama: ""Every member of Congress has been briefed"" News outlets revealed this week that vast spying programs began under George W. Bush. Obama portrayed the programs as a trade-off between security and privacy.",left,center
Obama administration defends 2nd mass surveillance project,"Former NSA official: FBI and NSA tapping into leading U.S. Internet companies to pull audio, video and other data. Washington Post: Microsoft, Yahoo, Google, Facebook, PalTalk, AOL, Skype, YouTube and Apple participate knowingly in the program. A number of the Internet companies say they only complied when legally bound to do so.",center,center
Obama administration defends 2nd mass surveillance project,"Former NSA official: FBI and NSA tapping into leading U.S. Internet companies to pull audio, video and other data. Washington Post: Microsoft, Yahoo, Google, Facebook, PalTalk, AOL, Skype, YouTube and Apple participate knowingly in the program. Officials: Metadata from the companies is used to identify suspicious individuals.",left,center
Obama administration defends 2nd mass surveillance project,"Former NSA official: FBI and NSA tapping into leading U.S. Internet companies to pull audio, video and other data. Washington Post: Microsoft, Yahoo, Google, Facebook, PalTalk, AOL, Skype, YouTube and Apple participate knowingly in the program.",center,center
"Republicans challenge Clinton claims on budget cuts, Benghazi cable","Republicans question Hillary Clinton's claims on budget cuts, Benghazi cable. They say complaints about a lack of funding are bogus. They also question the secretary's insistence she never saw urgent cables warning of an attack.",right,right
"Republicans challenge Clinton claims on budget cuts, Benghazi cable","Republicans question Hillary Clinton's claims on budget cuts, Benghazi cable. They say complaints about a lack of funding are bogus. The overall diplomatic security budget has ballooned over the past decade.",center,right
"Republicans challenge Clinton claims on budget cuts, Benghazi cable","Republicans question Hillary Clinton's claims on budget cuts, Benghazi cable. They say complaints about a lack of funding are bogus. The overall security budget has more than doubled since fiscal 2004.",center,right
Benghazi emails underscore State Department’s concern over failure to act on warnings,"Draft ""talking points"" obtained by The Weekly Standard and ABC News depicted efforts by State Department spokeswoman Victoria Nuland to strip out references to prior attacks in Benghazi. A review of now-public State Department records as well as a classified State Department cable, first reviewed and reported by Fox News, shows a steady stream of documented warnings.",center,right
Benghazi emails underscore State Department’s concern over failure to act on warnings,"Draft ""talking points"" obtained by The Weekly Standard and ABC News depicted efforts by State Department spokeswoman Victoria Nuland in the days after the attack. A review of now-public State Department records as well as a classified State Department cable, first reviewed and reported by Fox News, shows a steady stream of documented warnings to Washington.",center,right
Benghazi emails underscore State Department’s concern over failure to act on warnings,"Draft ""talking points"" obtained by The Weekly Standard and ABC News depicted efforts by State Department spokeswoman Victoria Nuland to strip out references to prior attacks. A review of now-public State Department records as well as a classified State Department cable, first reviewed and reported by Fox News, shows a steady stream of documented warnings to Washington.",center,right
White House Releases Benghazi Emails,White House releases full set of emails surrounding the development of talking points describing Benghazi attack. Nothing in emails supports theories that the talking points were changed in order to influence the 2012 election. CIA recently conducted an internal review of how and why the talking Points were changed. Many changes were made to original talking points over concerns about accuracy.,right,left
White House Releases Benghazi Emails,"White House releases full set of emails surrounding the development of talking points describing Benghazi attack. Nothing in emails supports theories that the talking points were changed in order to influence the 2012 election, officials say. CIA recently conducted an internal review of how and why the talking Points were changed.",right,left
White House Releases Benghazi Emails,White House releases full set of emails surrounding the development of talking points describing Benghazi attack. Nothing in emails supports theories that the talking points were changed in order to influence the 2012 election. CIA recently conducted an internal review of how and why the talking Points were changed.,right,left
Jackson pleads guilty over illegal campaign spending spree,"Former Rep. Jesse Jackson Jr. pleads guilty in federal court to charges that he spent $750,000 in campaign cash on personal items. Jackson faces up to five years in prison, but guidelines recommend slightly less. Sentencing has been set for June 28.",center,center
Jackson pleads guilty over illegal campaign spending spree,"Former Rep. Jesse Jackson Jr. pleads guilty in federal court to charges that he spent $750,000 in campaign cash on personal items. Ex-congressman faces up to five years in prison, but guidelines recommend slightly less. Sentencing set for June 28.",center,center
Jackson pleads guilty over illegal campaign spending spree,"Former Rep. Jesse Jackson Jr. pleads guilty in federal court to charges that he spent $750,000 in campaign cash on personal items. Jackson faces up to five years in prison, but guidelines recommend slightly less. Sentencing set for June 28.",center,center
Jesse Jackson Jr. Pleads Guilty in Campaign Money Case,"Jesse L. Jackson Jr. pleaded guilty to one felony fraud count in connection with his use of $750,000 in campaign money. Prosecutors recommended that Mr. Jackson receive a sentence of 46 to 57 months in prison. His wife, Sandi Jackson, pleaded guilty Wednesday to filing false income tax statements.",center,center
Jesse Jackson Jr. Pleads Guilty in Campaign Money Case,"Jesse L. Jackson Jr. pleaded guilty to one felony fraud count in connection with his use of $750,000 in campaign money. Prosecutors recommended that Mr. Jackson receive a sentence of 46 to 57 months in prison.",center,center
Jesse Jackson Jr. Pleads Guilty in Campaign Money Case,"Jesse L. Jackson Jr. pleads guilty to one felony fraud count in connection with his use of $750,000 in campaign money. Prosecutors recommended that Mr. Jackson receive a sentence of 46 to 57 months in prison.",center,center
IRS extends tax benefits to married gay couples,The rules would affect all legally married gay couples regardless of where they live. The rules would not apply to domestic partnerships.,center,center
IRS extends tax benefits to married gay couples,The rules would affect all legally married gay couples regardless of where they live. The rules would not apply to partnerships.,center,center
IRS extends tax benefits to married gay couples,"The rules would affect all legally married gay couples. The rules, though, would not apply to domestic partnerships.",center,center
Obama Poised to Back Comprehensive Plan to Curb Gun Violence,"President Obama will use a public event as soon as Wednesday to signal his intention to engage in the biggest Congressional fight over guns in nearly two decades. White House aides believe Mr. Obama can also ratchet up enforcement of existing laws, including tougher prosecution of people who lie on their background checks.",right,left
Obama Poised to Back Comprehensive Plan to Curb Gun Violence,"President Obama will use a public event as soon as Wednesday to signal his intention to engage in the biggest Congressional fight over guns in nearly two decades. White House aides believe Mr. Obama can also ratchet up enforcement of existing laws, including tougher prosecution of people who lie on background checks.",right,left
Obama Poised to Back Comprehensive Plan to Curb Gun Violence,President Obama will use a public event as soon as Wednesday to signal his intention to engage in the biggest Congressional fight over guns in nearly two decades. Obama will also promise to act on his own to reduce gun violence wherever possible.,right,left
"Federal prosecutors plan to file charges against Rep. Grimm, attorney says","The decision follows a two-year FBI investigation into various aspects of Grimm's business and campaign history. ""We are disappointed by the government's decision, but hardly surprised,"" says Grimm's attorney. The House Ethics Committee announced in November that Grimm was under investigation.",center,right
"Federal prosecutors plan to file charges against Rep. Grimm, attorney says","The decision follows a two-year FBI investigation into various aspects of Grimm's business and campaign history. The House Ethics Committee announced in November that Grimm was under investigation for possible campaign finance violations. Grimm has denied knowledge of any improprieties, and the FBI hasn't accused him.",center,right
"Federal prosecutors plan to file charges against Rep. Grimm, attorney says",The decision follows a two-year FBI investigation into various aspects of Grimm's business and campaign history. The House Ethics Committee announced in November that Grimm was under investigation for possible campaign finance violations. Grimm has denied knowledge of any improprieties.,center,right
Top House Republican Hints At Immigration Principles,House Republicans are considering a path to citizenship for undocumented immigrants. The plan would allow them to remain in the U.S. and work.,center,center
Top House Republican Hints At Immigration Principles,House Republicans are considering a path to citizenship for undocumented immigrants. The plan would allow them to remain in the United States and pay taxes.,center,center
Top House Republican Hints At Immigration Principles,House Republicans are considering a path to citizenship for undocumented immigrants. The plan would allow them to remain in the U.S.,center,center
"G.O.P. Aide Quits After Ridiculing Obama’s Daughters, Sasha and Malia","Elizabeth Lauten, 31, wrote an open letter to Sasha and Malia Obama on her Facebook page. She said they should “try showing a little class” and “dress like you deserve respect, not a spot at a bar” She later posted an apology for her “hurtful’ words, saying she had “judged the two young ladies in a way that I would never have wanted to be judged myself”",left,left
"G.O.P. Aide Quits After Ridiculing Obama’s Daughters, Sasha and Malia","Elizabeth Lauten, 31, wrote an open letter to Sasha and Malia Obama on her Facebook page. She said they should “try showing a little class” and “dress like you deserve respect, not a spot at a bar” She later posted an apology for her “hurtful” words.",left,left
"G.O.P. Aide Quits After Ridiculing Obama’s Daughters, Sasha and Malia","Elizabeth Lauten, 31, wrote an open letter to Sasha and Malia Obama on her Facebook page. She said they should “try showing a little class” and “dress like you deserve respect, not a spot at a bar” She later posted an apology for her “hurtful’ words.",center,left
Aide to GOP lawmaker apologizes for Facebook post ripping Obama daughters,"Rep. Stephen Fincher's spokeswoman apologizes for Facebook post. Lauten wrote that Obama's daughters should ""try showing a little class"" She also criticized the president and first lady for not respecting their positions.",center,center
Aide to GOP lawmaker apologizes for Facebook post ripping Obama daughters,"Rep. Stephen Fincher's spokeswoman apologizes for Facebook post. Lauten wrote that Obama's daughters should ""try showing a little class"" She also criticized the president and first lady for not respecting their position.",center,center
Aide to GOP lawmaker apologizes for Facebook post ripping Obama daughters,"Rep. Stephen Fincher's spokeswoman apologizes for Facebook post. Lauten wrote that Obama's daughters should ""try showing a little class"" She also criticized the president and first lady for their outfits.",center,center
Colorado's top cop defends pot law after challenges from neighboring states ,"Nebraska and Oklahoma ask the U.S. Supreme Court to declare Colorado's pot law unconstitutional. The two states say the drug is freely flowing into neighboring states. Colorado Attorney General John Suthers says the lawsuit is without merit. Colorado has raised more than $60 million in taxes, licenses and fees from legal marijuana.",center,center
Colorado's top cop defends pot law after challenges from neighboring states ,"Nebraska and Oklahoma ask the U.S. Supreme Court to declare Colorado's pot law unconstitutional. The two states say the drug is freely flowing into neighboring states. Colorado Attorney General John Suthers says the lawsuit is without merit. Colorado has raised more than $60 million in taxes, licenses and fees from marijuana.",center,center
Colorado's top cop defends pot law after challenges from neighboring states ,Nebraska and Oklahoma ask the U.S. Supreme Court to declare Colorado's pot law unconstitutional. The two states say the drug is freely flowing into neighboring states. Colorado Attorney General John Suthers says the lawsuit is without merit.,center,center
"Eric Cantor Defeated by David Brat, Tea Party Challenger, in G.O.P. Primary Upset","David Brat, a professor at Randolph-Macon College in Ashland, Va., toppled Mr. Cantor. Cantor had been widely considered the top candidate to succeed Speaker John A. Boehner.",center,center
"Eric Cantor Defeated by David Brat, Tea Party Challenger, in G.O.P. Primary Upset","David Brat, a professor at Randolph-Macon College in Ashland, Va., toppled Mr. Cantor. Cantor had been widely considered the top candidate to succeed Speaker John A. Boehner.",center,center
"Eric Cantor Defeated by David Brat, Tea Party Challenger, in G.O.P. Primary Upset","David Brat, a professor at Randolph-Macon College in Ashland, Va., toppled Mr. Cantor. Cantor had been widely considered the top candidate to succeed Speaker John Boehner.",center,center
U.S. Attorney Subpoenas Christie’s Campaign and New Jersey G.O.P.,Federal prosecutors in New Jersey have issued grand jury subpoenas to Gov. Chris Christie’s re-election campaign and the state Republican Party. The subpoenas are part of a preliminary inquiry into accusations that aides to Mr. Christie shut down access lanes to the George Washington Bridge as political retribution.,center,center
U.S. Attorney Subpoenas Christie’s Campaign and New Jersey G.O.P.,Federal prosecutors in New Jersey have issued grand jury subpoenas to Gov. Chris Christie’s re-election campaign and the state Republican Party. The subpoenas are part of a preliminary inquiry into accusations that aides to Mr. Christie shut down access lanes to the George Washington Bridge as political retribution.,center,center
U.S. Attorney Subpoenas Christie’s Campaign and New Jersey G.O.P.,Federal prosecutors in New Jersey have issued grand jury subpoenas to Gov. Chris Christie's re-election campaign and the state Republican Party. The subpoenas are part of a preliminary inquiry into accusations that aides to Mr. Christie shut down access lanes to the George Washington Bridge as political retribution.,center,center
nan,"Rep. Raúl R. Labrador, a Republican of Idaho, jumped into the race for House majority leader on Friday. Labrador is offering himself as the more conservative alternative who could pull the House rightward.",left,center
nan,"Rep. Raúl R. Labrador, a Republican of Idaho, jumped into the race for House majority leader on Friday. Labrador is offering himself as the more conservative alternative who could pull the House rightward.",left,center
nan,"Rep. Raúl R. Labrador, a Republican of Idaho, jumped into the race for House majority leader on Friday. Labrador offers himself as the more conservative alternative who could pull the House rightward.",left,center
Raul Labrador To Run for House Majority Leader,"Raul Labrador, a two-term Republican congressman from Idaho, said Friday he would run for the No. 2 job in the chamber. McCarthy, 49, began gathering commitments from other House Republicans on Wednesday, the day after then-Majority Leader Eric Cantor (R-Va.) suffered a stunning loss in the primary.",left,center
Raul Labrador To Run for House Majority Leader,"Raul Labrador, a two-term Republican congressman from Idaho, said Friday he would run for the No. 2 job in the chamber. McCarthy, 49, began gathering commitments from other House Republicans on Wednesday, the day after then-Majority Leader Eric Cantor (R-Va.) suffered a stunning loss.",left,center
Raul Labrador To Run for House Majority Leader,"Raul Labrador, a two-term Republican congressman from Idaho, said Friday he would run for the No. 2 job in the chamber. McCarthy, 49, began gathering commitments from other House Republicans on Wednesday, the day after Eric Cantor's primary loss.",center,center
Democratic Senate Candidate Faces Harsh Criticism Over Farmer Comments,Rep. Bruce Braley (D-Iowa) is running to succeed retiring Sen. Tom Harkin. Braley made comments about Sen. Chuck Grassley (R- Iowa) at a January fundraiser.,left,center
Democratic Senate Candidate Faces Harsh Criticism Over Farmer Comments,Rep. Bruce Braley (D-Iowa) is running to succeed retiring Sen. Tom Harkin. Braley made comments about Sen. Chuck Grassley (R- Iowa) at a January fundraiser in Texas.,left,center
Democratic Senate Candidate Faces Harsh Criticism Over Farmer Comments,Rep. Bruce Braley (D-Iowa) is running to succeed retiring Sen. Tom Harkin. Braley made comments about Sen. Chuck Grassley (R- Iowa) at a fundraiser in Texas.,center,center
Eric Holder Hears From The People Of Ferguson Face To Face,"Attorney General Eric Holder met with students at St. Louis Community College–Florissant Valley. Holder told the students he understands ""the mistrust"" between some residents and the police. Holder then went to Drake's Place restaurant in Ferguson to talk with community members.",right,center
Eric Holder Hears From The People Of Ferguson Face To Face,"Attorney General Eric Holder met with students at St. Louis Community College–Florissant Valley. Holder told the students he understands ""the mistrust"" between some residents and the police. Holder also met with residents at Drake's Place restaurant in Ferguson.",right,center
Eric Holder Hears From The People Of Ferguson Face To Face,"Attorney General Eric Holder met with students at St. Louis Community College–Florissant Valley. Holder told the students he understands ""the mistrust"" between some residents and the police.",right,center
Prominent Republicans call for Ariz. Gov. Jan Brewer to veto bill allowing denial of service to gays,"Gov. Jan Brewer will spend the next day or more pondering Senate Bill 1062. Bill would allow businesses to deny service to gays if they cite sincerely held religious beliefs. Business community, the state's Super Bowl Committee and both Republican U.S. senators calling for veto.",right,right
Prominent Republicans call for Ariz. Gov. Jan Brewer to veto bill allowing denial of service to gays,"Gov. Jan Brewer will spend the next day or more pondering Senate Bill 1062. Bill would allow businesses to deny service to gays if they cite sincerely held religious beliefs. Business, politicians, and civil rights groups are calling for a veto.",right,right
Prominent Republicans call for Ariz. Gov. Jan Brewer to veto bill allowing denial of service to gays,"Gov. Jan Brewer will spend the next day or more pondering Senate Bill 1062. Bill would allow businesses to deny service to gays if they cite sincerely held religious beliefs. Business, politicians, and civil rights groups have called for a veto.",right,right
GOP Staffer Apologizes For Lecturing Obama Daughters To 'Show A Little Class',"Elizabeth Lauten, the communications director for Rep. Stephen Fincher (R-Tenn.), wrote that the two teenagers should ""try showing a little class"" She also said they should ""dress like you deserve respect, not a spot at a bar"" Lauter later apologized for rushing to judgment on Facebook.",left,right
GOP Staffer Apologizes For Lecturing Obama Daughters To 'Show A Little Class',"Elizabeth Lauten, the communications director for Rep. Stephen Fincher (R-Tenn.), wrote that the two teenagers should ""try showing a little class"" She also said that they should ""dress like you deserve respect, not a spot at a bar"" LautEN later apologized for rushing to judgment.",left,right
GOP Staffer Apologizes For Lecturing Obama Daughters To 'Show A Little Class',"Elizabeth Lauten, the communications director for Rep. Stephen Fincher (R-Tenn.), wrote that the two teenagers should ""try showing a little class"" She also said that they should ""dress like you deserve respect, not a spot at a bar"" Lautan later apologized for rushing to judgment.",left,right
Nebraska and Oklahoma Sue Colorado Over Marijuana Law,The lawsuit was brought by attorneys general in Nebraska and Oklahoma. It asks the United States Supreme Court to strike down key parts of a 2012 voter-approved measure. The measure legalized marijuana in Colorado for adult use and created a new system of stores.,center,right
Nebraska and Oklahoma Sue Colorado Over Marijuana Law,The lawsuit was brought by attorneys general in Nebraska and Oklahoma. It asks the United States Supreme Court to strike down key parts of a 2012 voter-approved measure that legalized marijuana in Colorado for adult use.,center,right
Nebraska and Oklahoma Sue Colorado Over Marijuana Law,The lawsuit was brought by attorneys general in Nebraska and Oklahoma. It asks the United States Supreme Court to strike down key parts of a 2012 voter-approved measure that legalized marijuana.,center,right
"Nebraska, Oklahoma File Federal Suit Against Colorado Over Marijuana Legalization",Nebraska and Oklahoma filed a federal lawsuit in the U.S. Supreme Court Thursday. The states claim Colorado's legalization of recreational marijuana is unconstitutional under federal law. Colorado's attorney general says he intends to defend the state's marijuana laws.,center,left
"Nebraska, Oklahoma File Federal Suit Against Colorado Over Marijuana Legalization",Nebraska and Oklahoma filed a federal lawsuit in the U.S. Supreme Court Thursday. They claim Colorado's legalization of recreational marijuana is unconstitutional under federal law. Colorado's attorney general says he intends to defend the state's marijuana laws.,center,left
"Nebraska, Oklahoma File Federal Suit Against Colorado Over Marijuana Legalization",Nebraska and Oklahoma filed a federal lawsuit in the U.S. Supreme Court Thursday. The states claim that Colorado's legalization of recreational marijuana is unconstitutional. Colorado's attorney general says he intends to defend the state's marijuana laws.,center,left
Third-Highest Ranking Republican In U.S. House Calls For Legalizing Undocumented Immigrants,"McCarthy is the third-ranking Republican in the House of Representatives. He made his comments in an interview with KBFX-TV in Bakersfield, Calif. His district is 35 percent Latino.",center,left
Third-Highest Ranking Republican In U.S. House Calls For Legalizing Undocumented Immigrants,"McCarthy is the third-ranking Republican in the House of Representatives. He made his comments in an interview with KBFX-TV in Bakersfield, Calif.",center,left
Third-Highest Ranking Republican In U.S. House Calls For Legalizing Undocumented Immigrants,McCarthy is the third-ranking Republican in the House of Representatives. He said he agrees with giving undocumented immigrants a chance to legalize their status.,center,left
House Republicans to Offer Broad Immigration Plan,"Speaker John A. Boehner of Ohio and other Republican leaders are expected to release a one-page statement of immigration principles this week. The document is expected to call for border security and enforcement measures, as well as providing a path to legal status — but not citizenship.",center,center
House Republicans to Offer Broad Immigration Plan,"Speaker John A. Boehner and other Republican leaders are expected to release a one-page statement of immigration principles this week. The document is expected to call for border security and enforcement measures, as well as providing a path to legal status.",center,center
House Republicans to Offer Broad Immigration Plan,Speaker John A. Boehner of Ohio and other Republican leaders are expected to release a one-page statement of immigration principles this week. The document is expected to call for border security and enforcement measures.,left,center
"Indictment Expected for Grimm, Staten Island Congressman","Rep. Michael G. Grimm, a former F.B.I. agent and Marine, was expected to be indicted on federal fraud charges after a lengthy corruption investigation. The charges were expected to include mail fraud and wire fraud, and to focus largely on his conduct in connection with a health food restaurant he owned.",center,left
"Indictment Expected for Grimm, Staten Island Congressman","Rep. Michael G. Grimm, a former F.B.I. agent and Marine, was expected to be indicted on federal fraud charges. The charges against Mr. Grimm were expected to include mail fraud and wire fraud, and to focus largely on his conduct in connection with a health food restaurant he owned.",left,left
"Indictment Expected for Grimm, Staten Island Congressman","Rep. Michael G. Grimm, a former F.B.I. agent and Marine, was expected to be indicted on federal fraud charges. The charges were expected to include mail fraud and wire fraud, and to focus largely on his conduct in connection with a health food restaurant he owned.",left,left
GOP Congressman Expected To Be Indicted,"Rep. Michael Grimm (R-N.Y.) is expected to be indicted by the U.S. attorney for the Eastern District of New York. Grimm's lawyer: ""We are disappointed by the government’s decision, but hardly surprised"" Grimm is accused of filing erroneous campaign finance reports.",center,center
GOP Congressman Expected To Be Indicted,"Rep. Michael Grimm (R-N.Y.) is expected to be indicted by the U.S. attorney for the Eastern District of New York. Grimm's lawyer, William McGinley, said in a statement that the Justice Department ""has disclosed its intent to file criminal charges""",center,center
GOP Congressman Expected To Be Indicted,"Rep. Michael Grimm (R-N.Y.) is expected to be indicted by the U.S. attorney for the Eastern District of New York. Grimm's lawyer: ""We are disappointed by the government’s decision, but hardly surprised""",left,center
Representative Apologizes for Criticizing Iowa Senator,"Iowa Rep. Bruce Braley apologized to Senator Charles E. Grassley, Republican of Iowa. Mr. Braley was explaining why he should go to the Senate instead of his Republican opponent.",left,center
Representative Apologizes for Criticizing Iowa Senator,"Iowa Rep. Bruce Braley apologized to Senator Charles E. Grassley, Republican of Iowa. Mr. Braley was explaining why he should go to the Senate instead of his Republican opponent.",left,center
Representative Apologizes for Criticizing Iowa Senator,"Iowa Rep. Bruce Braley apologized to Senator Charles E. Grassley, Republican of Iowa. Mr. Braley was explaining why he should go to the Senate.",left,center
Dem running for Senate in Iowa mocks Grassley as farmer 'who never went to law school',"Iowa Rep. Bruce Braley is under fire after a video surfaced Tuesday of him mocking Sen. Chuck Grassley, R-Iowa. Braley apologized for the remarks in a written statement after the video was released.",right,right
Dem running for Senate in Iowa mocks Grassley as farmer 'who never went to law school',"Democratic Rep. Bruce Braley is under fire after a video surfaced Tuesday of him mocking Sen. Chuck Grassley, R-Iowa. Braley apologized for the remarks in a written statement after the video was released.",right,right
Dem running for Senate in Iowa mocks Grassley as farmer 'who never went to law school',Iowa Rep. Bruce Braley is under fire after a video surfaced Tuesday of him mocking Sen. Chuck Grassley. Braley apologized for the remarks in a written statement after the video was released.,right,right
Holder says he understands mistrust of police as Ferguson protests dwindle,"Holder: ""I am the attorney general of the United States. But I am also a black man"" Holder describes being stopped twice on the New Jersey Turnpike and accused of speeding. Holder also describes how once, while living in the Georgetown neighborhood of Washington.",left,center
Holder says he understands mistrust of police as Ferguson protests dwindle,"Holder: ""I am the attorney general of the United States. But I am also a black man"" Holder tells of being stopped twice on the New Jersey Turnpike and accused of speeding. Holder meets with federal officials investigating the case and Michael Brown's parents.",left,center
Holder says he understands mistrust of police as Ferguson protests dwindle,"Holder: ""I am the attorney general of the United States. But I am also a black man"" Holder tells of being stopped twice on the New Jersey Turnpike and accused of speeding. Holder meets with federal officials investigating the case.",left,center
"As Tension Eases on Ferguson's Streets, Focus Turns to Investigation",Attorney General Eric H. Holder Jr. arrived in St. Louis on Wednesday. Local law enforcement officials said they were hopeful that they had turned a corner in calming the restive community of Ferguson.,left,left
"As Tension Eases on Ferguson's Streets, Focus Turns to Investigation",Attorney General Eric H. Holder Jr. met with community leaders and federal investigators. Local law enforcement officials said they were hopeful that they had turned a corner in calming the restive community of Ferguson.,left,left
"As Tension Eases on Ferguson's Streets, Focus Turns to Investigation",Attorney General Eric H. Holder Jr. arrived in St. Louis on Wednesday. Local law enforcement officials said they were hopeful that they had turned a corner in calming the restive community.,left,left
Governor of Arizona Is Pressed to Veto Bill,"Gov. Jan Brewer, a Republican, faced pressure from many corners to veto the measure. An executive from Apple Inc. called Ms. Brewer to urge her to reject it. The bill’s remaining supporters took to the airwaves and the Internet to defend it.",left,center
Governor of Arizona Is Pressed to Veto Bill,"Gov. Jan Brewer, a Republican, faced pressure from many corners to veto the measure. An executive from Apple Inc. called Ms. Brewer to urge her to reject it. The state’s image is still scarred by a divisive immigration law passed in 2010.",center,center
Governor of Arizona Is Pressed to Veto Bill,"Gov. Jan Brewer, a Republican, faced pressure from many corners to veto the measure. An executive from Apple Inc. called Ms. Brewer to urge her to reject it. Three Republican state senators said the bill was “causing our state immeasurable harm”",left,center
Jan Brewer Announces Veto Of Arizona Anti-Gay Bill,"Arizona Gov. Jan Brewer says bill had ""the potential to create more problems than it purports to solve"" Brewer: ""I have not heard one example where business owners' religious liberty has been violated"" The state legislature passed the bill, known as SB 1062, last week.",left,left
Jan Brewer Announces Veto Of Arizona Anti-Gay Bill,"Arizona Gov. Jan Brewer says bill had ""the potential to create more problems than it purports to solve"" The state legislature passed the bill, known as SB 1062, last week. It has come under intense criticism from activists, lawmakers and business interests both in Arizona and nationally.",center,left
Jan Brewer Announces Veto Of Arizona Anti-Gay Bill,"Arizona Gov. Jan Brewer says bill had ""the potential to create more problems than it purports to solve"" The state legislature passed the bill, known as SB 1062, last week. It has come under intense criticism from activists, lawmakers and business interests.",center,left
GOP Smackdown: Rep. Labrador Enters The Race For House Majority Leadership,"Rep. Raul Labrador is the first Latino, first Mormon and first Idaho lawmaker to be House majority leader. Labrador would be the Tea Party alternative to McCarthy, who is favored by establishment Republicans.",right,right
GOP Smackdown: Rep. Labrador Enters The Race For House Majority Leadership,"Rep. Raul Labrador is the first Latino, first Mormon and first Idaho lawmaker to be House majority leader. Labrador would be the Tea Party alternative to Rep. Kevin McCarthy, who is the whip.",right,right
GOP Smackdown: Rep. Labrador Enters The Race For House Majority Leadership,"Rep. Raul Labrador is the first Latino, first Mormon and first Idaho lawmaker to be House majority leader. Labrador would be the Tea Party alternative to Rep. Kevin McCarthy.",right,right
Who is Dave Brat?,"Brat raised just over $200,000 for his campaign, while Cantor spent more than $1 million in April and May alone to try to beat back his challenge. Brat offset the cash disadvantage with endorsements from conservative activists like radio host Laura Ingraham and with help from local Tea Party activists angry at Cantor.",center,left
Who is Dave Brat?,"The 49-year-old teaches at Randolph-Macon College, a small liberal arts school north of Richmond. He raised just over $200,000 for his campaign, while Cantor spent more than $1 million in April and May alone. Brat offset the cash disadvantage with endorsements from conservative activists like Laura Ingraham.",center,left
Who is Dave Brat?,"Brat raised just over $200,000 for his campaign, while Cantor spent more than $1 million in April and May alone to try to beat back his challenge. Brat offset the cash disadvantage with endorsements from conservative activists like radio host Laura Ingraham and with help from local Tea Party activists.",center,left
Man Who Defeated Cantor Calls His Big Win 'A Miracle',Dave Brat unseated Eric Cantor with 56 percent of the vote. Brat shied away from explicitly identifying as a tea party candidate.,center,center
Man Who Defeated Cantor Calls His Big Win 'A Miracle',Dave Brat unseated Eric Cantor with 56 percent of the vote. Brat attributed his victory to God and to grassroots efforts.,center,center
Man Who Defeated Cantor Calls His Big Win 'A Miracle',Dave Brat unseated Eric Cantor with 56 percent of the vote. Brat attributed his victory to God and grassroots efforts.,right,center
"Federal prosecutors subpoena Christie's campaign, NJ GOP committee",Federal prosecutors have subpoenaed New Jersey Gov. Chris Christie's campaign and a state Republican Party committee. The subpoenas relate to the closure of traffic lanes near the George Washington Bridge last year. A state legislative committee has also issued subpoenas to the two organizations.,center,center
"Federal prosecutors subpoena Christie's campaign, NJ GOP committee",Federal prosecutors have subpoenaed New Jersey Gov. Chris Christie's campaign and a state Republican Party committee. The subpoenas relate to the closure of traffic lanes near the George Washington Bridge last year.,center,center
"Federal prosecutors subpoena Christie's campaign, NJ GOP committee",Federal prosecutors have subpoenaed New Jersey Gov. Chris Christie's campaign and a state Republican party committee. The subpoenas relate to the closure of traffic lanes near the George Washington Bridge last year.,center,center
U.S. Attorney Subpoenas Chris Christie Campaign Documents,"The U.S. Attorney's office in New Jersey has subpoenaed documents from Gov. Chris Christie's campaign. Christie administration closed down two of the three George Washington Bridge access lanes in September. The closures, which lasted for four days, caused massive traffic jams. The FBI and the Department of Housing and Urban Development are looking into separate controversies.",center,left
U.S. Attorney Subpoenas Chris Christie Campaign Documents,"The U.S. Attorney's office in New Jersey has subpoenaed documents from Gov. Chris Christie's campaign. Christie administration closed down two of the three George Washington Bridge access lanes in September. The closures, which lasted for four days, caused massive traffic jams. Christie has maintained that he had no involvement in, or knowledge of the plan.",center,left
U.S. Attorney Subpoenas Chris Christie Campaign Documents,"The U.S. Attorney's office in New Jersey has subpoenaed documents from Gov. Chris Christie's campaign. Christie administration closed down two of the three George Washington Bridge access lanes in September. The closures, which lasted for four days, caused massive traffic jams. The New Jersey state legislature is also investigating the lane closures.",center,left
Clintons Report Earnings of $139 Million in Seven Years,"Hillary Rodham Clinton released her most recent eight years of tax returns, showing that she and former President Bill Clinton earned $139 million in adjusted gross income from 2007 to 2014. The Clintons have grown immensely better off in the 15 years since they left the White House, primarily through book deals, paid speeches and other business ventures involving Mr Clinton.",center,left
Clintons Report Earnings of $139 Million in Seven Years,"Hillary Rodham Clinton released her most recent eight years of tax returns, showing that she and former President Bill Clinton earned $139 million in adjusted gross income from 2007 to 2014. The Clintons have grown immensely better off in the 15 years since they left the White House, primarily through book deals, paid speeches and other business ventures.",center,left
Clintons Report Earnings of $139 Million in Seven Years,"Hillary Rodham Clinton released her most recent eight years of tax returns, showing that she and former President Bill Clinton earned $139 million in adjusted gross income from 2007 to 2014. The Clintons have grown immensely better off in the 15 years since they left the White House, primarily through book deals and paid speeches.",center,left
"Clinton camp releases candidate's clean bill of health, tax returns",Hillary Clinton's doctor says she is in “excellent physical condition and fit to serve as president of the United States.” Clinton’s camp is touting the fact she is the first 2016 candidate to release any kind of health information.,right,center
"Clinton camp releases candidate's clean bill of health, tax returns",Hillary Clinton's doctor says she is in “excellent physical condition and fit to serve as president of the United States.” Clinton’s camp is touting the fact she is the first 2016 candidate to release any kind of health information.,right,center
"Clinton camp releases candidate's clean bill of health, tax returns",Hillary Clinton's doctor says she is in “excellent physical condition and fit to serve as president of the United States.” Clinton's camp is touting the fact she is the first 2016 candidate to release any kind of health information.,right,center
Arkansas Governor’s Son Thrust Into Spotlight Over Religious Exception Bill,"Seth Hutchinson, 31, wrote to his father, Arkansas Gov. Asa Hutchinson, warning that the proposal could damage Arkansas’s reputation and economy. The Hutchinson family is long one of the most influential families in Arkansas. Seth Hutchinson has not always been what he described as the family's political ‘black sheep’",left,left
Arkansas Governor’s Son Thrust Into Spotlight Over Religious Exception Bill,"Seth Hutchinson, 31, wrote to his father, Arkansas Gov. Asa Hutchinson, warning that the proposal could damage Arkansas’s reputation and economy. The Hutchinson family is long one of the most influential families in Arkansas. Seth Hutchinson has not always been what he described as the family's political “black sheep”",left,left
Arkansas Governor’s Son Thrust Into Spotlight Over Religious Exception Bill,"Seth Hutchinson, 31, wrote to his father, Arkansas Gov. Asa Hutchinson, warning that the proposal could damage Arkansas’s reputation and economy. The Hutchinson family is long one of the most influential families in Arkansas. Seth Hutchinson has not always been what he described as the family's political 'black sheep'",center,left
Arkansas Gov. Signs Amended Religious Freedom Bill,Gov. Asa Hutchinson (R) signed a revised version of the state's Religious Freedom Reformation Act on Thursday. Hutchinson had refused to sign an earlier version over concerns about discrimination against LGBT individuals. The amended legislation mirrors the federal RFRA.,center,center
Arkansas Gov. Signs Amended Religious Freedom Bill,Gov. Asa Hutchinson (R) signed a revised version of the state's Religious Freedom Reformation Act on Thursday. Hutchinson had refused to sign an earlier version over concerns about discrimination against LGBT individuals.,center,center
Arkansas Gov. Signs Amended Religious Freedom Bill,Gov. Asa Hutchinson (R) signed a revised version of the state's Religious Freedom Reformation Act. Hutchinson had refused to sign an earlier version over concerns about discrimination against LGBT individuals.,center,center
Benghazi Panel Wants To Interview Clinton About Emails,The House Select Committee on Benghazi sent a formal interview request to Hillary Clinton’s lawyer. Rep. Trey Gowdy (R-S.C.) said the committee is not interested in emails relating to personal or private matters.,center,left
Benghazi Panel Wants To Interview Clinton About Emails,The House Select Committee on Benghazi sent a formal interview request to Hillary Clinton’s lawyer. The request comes after reports revealed Clinton used a private email address and a server located in her New York home.,right,left
Benghazi Panel Wants To Interview Clinton About Emails,The House Select Committee on Benghazi sent a formal interview request to Hillary Clinton’s lawyer. Rep. Trey Gowdy said the committee is not interested in emails relating to personal or private matters.,right,left
House Panel Seeks Private Talk With Hillary Clinton About Email,"House committee chairman says Mrs. Clinton’s “email arrangement with herself is highly unusual, if not unprecedented’ The emails were on a server at her home in Chappaqua, N.Y. Some Republicans on Capitol Hill are growing frustrated with Reince Priebus, the Republican National Committee chairman.",center,right
House Panel Seeks Private Talk With Hillary Clinton About Email,"House committee chairman says Mrs. Clinton’s “email arrangement with herself is highly unusual, if not unprecedented’ The emails were on a server at her home in Chappaqua, N.Y. Some Republicans on Capitol Hill are growing frustrated with Reince Priebus.",center,right
House Panel Seeks Private Talk With Hillary Clinton About Email,"House committee chairman says Mrs. Clinton’s “email arrangement with herself is highly unusual, if not unprecedented’ The emails were on a server at her home in Chappaqua, N.Y.",right,right
"In first foreign policy speech, candidate Rubio pushes stronger U.S. leadership","Sen. Marco Rubio said if elected, he would prioritize a strong military, take aggressive steps to fight nations that undermine global commerce and ensure that U.S. is a world moral leader. The Florida Republican said that the United States was losing its place as a world military and moral power because of what he depicted as the Obama administration's overly cautious responses to crises overseas.",right,right
"In first foreign policy speech, candidate Rubio pushes stronger U.S. leadership","Sen. Marco Rubio said if elected, he would prioritize a strong military, take aggressive steps to fight nations that undermine global commerce and ensure that U.S. is a world moral leader. The Florida Republican said the United States was losing its place as a world military and moral power because of what he depicted as the Obama administration's overly cautious responses to crises overseas.",right,right
"In first foreign policy speech, candidate Rubio pushes stronger U.S. leadership","Sen. Marco Rubio said if elected, he would prioritize a strong military, take aggressive steps to fight nations that undermine global commerce and ensure that U.S. is a world moral leader. The Florida Republican delivered his speech at the Council on Foreign Relations in Manhattan on Wednesday.",right,right
NJ Gov Chris Christie to Throw His Hat in the Ring for White House Run,"New Jersey Governor Chris Christie expected to become the latest Republican to throw his hat in the ring for 2016. He’ll make the announcement today at 11am from his hometown of Livingston, New Jersey.",right,center
NJ Gov Chris Christie to Throw His Hat in the Ring for White House Run,"New Jersey Governor Chris Christie expected to become the latest Republican to throw his hat in the ring for 2016. He’ll make the announcement today at 11am from his hometown of Livingston, New Jersey.",right,center
NJ Gov Chris Christie to Throw His Hat in the Ring for White House Run,"New Jersey Governor Chris Christie expected to become the latest Republican to throw his hat in the ring for 2016. Christie faces an uphill climb for the nomination with low poll numbers, and a fundraising deficit.",right,center
Indiana Governor Says Legislators May Clarify Religious Beliefs Law,Indiana Gov. Mike Pence says he will seek legislation to clarify the intent of the law. Law aims to protect individuals or companies from being forced to take actions that impose a substantial burden on their religious beliefs. Critics say the law includes different wording that could open the door to wider discrimination.,center,center
Indiana Governor Says Legislators May Clarify Religious Beliefs Law,Indiana Gov. Mike Pence said he would seek legislation to clarify the intent of the law. The law aims to protect individuals or companies from being forced to take actions that impose a substantial burden on their religious beliefs.,right,center
Indiana Governor Says Legislators May Clarify Religious Beliefs Law,Indiana Gov. Mike Pence says he will seek legislation to clarify the intent of the law. Law aims to protect individuals or companies from being forced to take actions that impose a substantial burden on their religious beliefs.,right,center
Mike Huckabee Is Running For President,"Mike Huckabee, the Baptist minister who became Arkansas governor, announced he'll run for the 2016 Republican presidential nomination. Huckabee, 59, quit his job hosting his own Fox News show, ""Huckabee,"" in January. He ran for the GOP presidential nomination in 2008, capturing strong support from evangelical Christians.",center,center
Mike Huckabee Is Running For President,"Mike Huckabee, the Baptist minister who became Arkansas governor, announced Tuesday he'll run for the 2016 Republican presidential nomination. Huckabee, 59, quit his job hosting his own Fox News show, ""Huckabee,"" in January. He joins an already crowded 2016 Republican field.",center,center
Mike Huckabee Is Running For President,"Mike Huckabee, the Baptist minister who became Arkansas governor, announced he'll run for the 2016 Republican presidential nomination. Huckabee, 59, quit his job hosting his own Fox News show, ""Huckabee,"" in January. He joins an already crowded 2016 Republican field.",center,center
Obama Aide Calls Netanyahu’s Planned Visit ‘Destructive’ to U.S.-Israel Ties,Susan E. Rice: Netanyahu’s decision to travel to Washington to deliver the speech has “injected a degree of partisanship.” Her comments marked the strongest public rebuke to date by the Obama administration.,left,left
Obama Aide Calls Netanyahu’s Planned Visit ‘Destructive’ to U.S.-Israel Ties,Susan E. Rice: Netanyahu’s decision to travel to Washington to deliver the speech has “injected a degree of partisanship.” Her comments mark the strongest public rebuke to date by the Obama administration.,left,left
Obama Aide Calls Netanyahu’s Planned Visit ‘Destructive’ to U.S.-Israel Ties,Susan E. Rice: Netanyahu’s decision to travel to Washington to deliver the speech has “injected a degree of partisanship.”,left,left
"Clinton, advisers have lots to say on key trade legislation, except where candidate stands","Clinton says Obama should ask fellow Democrats about their concerns with the proposal. She said Obama had an ""amazing opportunity"" to negotiate better terms. Clinton called the pact the ""gold standard"" of trade agreements while serving as secretary of state.",right,right
"Clinton, advisers have lots to say on key trade legislation, except where candidate stands","Clinton says Obama should ask fellow Democrats about their concerns with the proposal. She said Obama had an ""amazing opportunity"" to negotiate better terms. Clinton has refused to take a position on the deal since announcing her candidacy.",right,right
"Clinton, advisers have lots to say on key trade legislation, except where candidate stands","Clinton says Obama should ask fellow Democrats about their concerns with the proposal. She said Obama had an ""amazing opportunity"" to negotiate better terms. Clinton said any deal should include the scuttled Trade Adjustment Assistance program.",right,right
Hillary Clinton's use of private email address while secretary of state draws scrutiny,The former secretary of state used a personal email account to send and receive messages. She was required to turn them over under the Freedom of Information Act. But it's not clear if she did.,center,right
Hillary Clinton's use of private email address while secretary of state draws scrutiny,The former secretary of state used a personal email account to send and receive messages. She was required to turn them over under the Freedom of Information Act. She did not do so.,center,right
Hillary Clinton's use of private email address while secretary of state draws scrutiny,The former secretary of state used a personal email account to send and receive messages. She was required to turn them over under the Freedom of Information Act.,center,right
Hillary Clinton Asks State Department to Vet Emails for Release,Lawyers were looking at documents related to the 2012 Benghazi attacks. They noticed no emails to or from an official departmental account for Mrs. Clinton. The State Department has said there does not appear to be any classified material in her emails.,center,left
Hillary Clinton Asks State Department to Vet Emails for Release,Lawyers were looking at documents related to the 2012 Benghazi attacks. They noticed no emails to or from an official departmental account for Mrs. Clinton. The State Department has said there does not appear to be any classified material in the emails.,center,left
Hillary Clinton Asks State Department to Vet Emails for Release,Lawyers were looking at documents related to the 2012 Benghazi attacks. They noticed no emails to or from an official departmental account for Mrs. Clinton. The State Department has said there does not appear to be any classified material.,center,left
Marco Rubio to Outline His Approach to Foreign Policy,"Marco Rubio, Republican of Florida, will outline his own approach to foreign policy. His first priority will be to “adequately fund” the nation’s military. He will promise to use American power “to oppose any violations of international waters, airspace, cyberspace or outer space”",left,center
Marco Rubio to Outline His Approach to Foreign Policy,"Marco Rubio, Republican of Florida, will outline his own approach to foreign policy. His first priority will be to “adequately fund’ the nation’s military. He will promise to use American power “to oppose any violations of international waters, airspace, cyberspace or outer space”",left,center
Marco Rubio to Outline His Approach to Foreign Policy,"Marco Rubio, Republican of Florida, will outline his own approach to foreign policy. His first priority will be to “adequately fund” the nation’s military. He will promise to use American power “to oppose any violations of international waters, airspace, cyberspace or outer space’",left,center
Marco Rubio Lays Out Hawkish Foreign Policy Doctrine Invoking Kennedy,"Sen. Marco Rubio invoked President John F. Kennedy in an assertive call to project American power abroad. Rubio said the world would be safer if the U.S. military had a bigger budget. The son of Cuban immigrants, Rubio has challenged Obama's efforts to normalize relations with Cuba.",right,left
Marco Rubio Lays Out Hawkish Foreign Policy Doctrine Invoking Kennedy,"Sen. Marco Rubio invoked President John F. Kennedy in an assertive call to project American power abroad. Rubio said the world would be safer if the U.S. military had a bigger budget. The son of Cuban immigrants, Rubio has challenged Obama's efforts to normalize diplomatic relations.",right,left
Marco Rubio Lays Out Hawkish Foreign Policy Doctrine Invoking Kennedy,Sen. Marco Rubio invoked President John F. Kennedy in an assertive call to project American power abroad. Rubio said the world would be safer if the U.S. military had a bigger budget. Rubio has challenged Obama's efforts to normalize diplomatic relations with Cuba.,right,left
Benghazi committee seeks 'transcribed' interview with Clinton over deleted records,"Committee Chairman Rep. Trey Gowdy, R-S.C., made the request in a letter sent Tuesday to Clinton's lawyer. Gowdy asked that Clinton agree to a ""transcribed"" interview -- and repeated a March 16 request for her to surrender her server so it can be examined.",right,center
Benghazi committee seeks 'transcribed' interview with Clinton over deleted records,"Committee Chairman Rep. Trey Gowdy, R-S.C., made the request in a letter sent Tuesday to Clinton's lawyer. Gowdy asked that Clinton agree to a ""transcribed"" interview -- and repeated a March 16 request for her to surrender her server so it can be examined.",right,center
Benghazi committee seeks 'transcribed' interview with Clinton over deleted records,"Committee Chairman Rep. Trey Gowdy, R-S.C., made the request in a letter sent Tuesday to Clinton's lawyer. Gowdy asked that Clinton agree to a ""transcribed"" interview -- and repeated a March 16 request for her to surrender her server.",right,center
Hillary Clinton Releases Tax Returns Going Back To 2007,"Hillary Clinton released her tax returns from 2007 to 2014 on her campaign website Friday. The former secretary of state and Democratic presidential candidate earned roughly $140,937,785 over the eight year span. The couple paid $43,885,310 in federal taxes and $13,625,777 in state and local taxes.",right,center
Hillary Clinton Releases Tax Returns Going Back To 2007,"Hillary Clinton released her tax returns from 2007 to 2014 on her campaign website Friday. The former secretary of state and Democratic presidential candidate earned roughly $140,937,785 over the eight year span. The Clintons paid $43,885,310 in federal taxes and $13,625,777 in state and local taxes.",right,center
Hillary Clinton Releases Tax Returns Going Back To 2007,"Hillary Clinton released her tax returns from 2007 to 2014 on her campaign website Friday. The former secretary of state and Democratic presidential candidate earned roughly $140,937,785 over the eight year span. The Clintons paid an effective federal tax rate of 35.7 percent and donated over 10 percent of their income to charity.",right,center
Arkansas governor seeks changes in religious freedom bill,"Hutchinson had initially said he planned to sign the bill but backed off as his state, overnight, became the new focal point of a nationwide backlash over such legislation. Indiana for days has faced similar criticism for a related religious freedom bill. Hutchinson said he wants to strike the ""right balance""",center,center
Arkansas governor seeks changes in religious freedom bill,"Hutchinson had initially said he planned to sign the bill but backed off as his state became the new focal point of a nationwide backlash over such legislation. Indiana for days has faced similar criticism for a related religious freedom bill. Hutchinson said he wants to strike the ""right balance""",center,center
Arkansas governor seeks changes in religious freedom bill,"Hutchinson had initially said he planned to sign the bill but backed off as his state, overnight, became the new focal point of a nationwide backlash over such legislation. Indiana for days has faced similar criticism for a related religious freedom bill.",center,center
John McCain Suggests Hillary Clinton's Use Of Personal Email Was Hypocritical,"Sen. John McCain (R-Ariz.) suggested Thursday that Hillary Clinton’s exclusive use of personal email while serving as secretary of state was hypocritical. ""This is the same individual that just excoriated the Bush administration for supposedly hiding communications within the administration,"" McCain said.",left,center
John McCain Suggests Hillary Clinton's Use Of Personal Email Was Hypocritical,"Sen. John McCain (R-Ariz.) suggested Thursday that Hillary Clinton’s exclusive use of personal email while serving as secretary of state was hypocritical. ""This is the same individual that just excoriated the Bush administration for supposedly hiding communications within the administration,"" he said.",left,center
John McCain Suggests Hillary Clinton's Use Of Personal Email Was Hypocritical,"Sen. John McCain (R-Ariz.) suggested Thursday that Hillary Clinton’s exclusive use of personal email while serving as secretary of state was hypocritical. ""This is the same individual that just excoriated the Bush administration for supposedly hiding communications within the administration,” McCain said.",center,center
Hillary Clinton: Obama Should Listen To Nancy Pelosi On Trade,Hillary Clinton urged President Barack Obama to listen to House Minority Leader Nancy Pelosi on trade. Pelosi took to the House floor Friday to oppose trade legislation Obama had personally lobbied for on Capitol Hill.,right,center
Hillary Clinton: Obama Should Listen To Nancy Pelosi On Trade,Hillary Clinton urged President Barack Obama to listen to House Minority Leader Nancy Pelosi on trade. House Democrats rejected Obama's trade agenda in overwhelming numbers on Friday.,right,center
Hillary Clinton: Obama Should Listen To Nancy Pelosi On Trade,Hillary Clinton urged President Barack Obama to listen to House Minority Leader Nancy Pelosi on trade. House Democrats rejected Obama's trade agenda in overwhelming numbers.,right,center
Hillary Clinton Urges Obama to Listen to Democrats on Trade Deal,"Hillary Rodham Clinton laid out a far more calibrated position on the deal than many Democrats and Republicans have taken. She declined to take sides on the Friday vote itself but instead allied herself with Democratic critics of the deal. Mrs. Clinton indicated that if she were president, she would not abandon the 12-nation Pacific trade deal.",center,left
Hillary Clinton Urges Obama to Listen to Democrats on Trade Deal,Hillary Rodham Clinton laid out a far more calibrated position on the deal than many Democrats and Republicans have taken. She declined to take sides on the Friday vote itself but instead allied herself with Democratic critics of the deal — without actually opposing it.,center,left
Hillary Clinton Urges Obama to Listen to Democrats on Trade Deal,Hillary Rodham Clinton laid out a far more calibrated position on the deal than many Democrats and Republicans have taken. She declined to take sides on the Friday vote itself but instead allied herself with Democratic critics of the deal.,center,left
"Huckabee announces 2016 White House bid, with focus on economy and security | Fox News","Former Arkansas Gov. Mike Huckabee announced Tuesday he is running for president. Huckabee ran for president in 2008, winning eight states including the first-in-the-nation Iowa caucuses before running out of money and exiting the race. Huckabee is the third Republican this week to announce a 2016 White House bid.",right,right
"Huckabee announces 2016 White House bid, with focus on economy and security | Fox News","Former Arkansas Gov. Mike Huckabee announced Tuesday he is running for president. Huckabee ran for president in 2008, winning eight states including the first-in-the-nation Iowa caucuses before running out of money and exiting the race. Huckabee has a strong following among the party’s evangelical Christian base.",right,right
"Huckabee announces 2016 White House bid, with focus on economy and security | Fox News","Former Arkansas Gov. Mike Huckabee announced Tuesday he is running for president. Huckabee, a former Baptist minister, ran for president in 2008, winning eight states including the first-in-the-nation Iowa caucuses. Huckabee has a strong following among the party’s evangelical Christian base.",right,right
Mike Huckabee on the Issues,"Mike Huckabee is a former Republican governor of Arkansas. He has been outspoken on a range of matters, particularly foreign policy and social issues like same-sex marriage.",center,left
Mike Huckabee on the Issues,"Mike Huckabee is a former governor of Arkansas. He has been outspoken on a range of matters, particularly foreign policy and social issues like same-sex marriage.",center,left
Mike Huckabee on the Issues,"Mike Huckabee is a former governor of Arkansas. He has been outspoken on a range of matters, particularly foreign policy and social issues.",left,left
"Washington gov, Seattle mayor ban official travel to Indiana in wake of 'religious freedom' law",Seattle Mayor Ed Murray and Washington Gov. Jay Inslee ban government-funded travel to Indiana. The statements are the latest boycott threats to emerge over claims that the law has the potential to discriminate against gays and others. 15 other states have introduced legislation in 2015 to craft or alter their religious freedom laws.,center,left
"Washington gov, Seattle mayor ban official travel to Indiana in wake of 'religious freedom' law",Seattle Mayor Ed Murray and Washington Gov. Jay Inslee ban government-funded travel to Indiana. The statements are the latest boycott threats to emerge over claims that the law has the potential to discriminate against gays and others. State lawmakers and Gov. Mike Pence have been defending and trying to explain the Religious Freedom Restoration Act.,center,left
"Washington gov, Seattle mayor ban official travel to Indiana in wake of 'religious freedom' law",Seattle Mayor Ed Murray and Washington Gov. Jay Inslee ban government-funded travel to Indiana. The statements are the latest boycott threats to emerge over claims that the law has the potential to discriminate against gays and others. 15 other states have introduced legislation to craft or alter their religious freedom laws.,center,left
Washington State To Boycott Indiana Over LGBT Discrimination Law,Washington Gov. Jay Inslee (D) announced Monday that he would ban state-funded travel to Indiana. The move comes after Indiana Gov. Mike Pence (R) signed a controversial new law. The law allows businesses to deny service to gay and lesbian individuals for religious reasons.,center,right
Washington State To Boycott Indiana Over LGBT Discrimination Law,Washington Gov. Jay Inslee (D) announced Monday that he would ban state-funded travel to Indiana. The move comes after Indiana Gov. Mike Pence (R) signed a law allowing businesses to deny service to gay and lesbian individuals for religious reasons. Connecticut Gov. Dan Malloy also took a similar stand.,center,right
Washington State To Boycott Indiana Over LGBT Discrimination Law,Washington Gov. Jay Inslee (D) announced Monday that he would ban state-funded travel to Indiana. The move comes after Indiana Gov. Mike Pence (R) signed a controversial new law allowing businesses to deny service to gay and lesbian individuals for religious reasons.,center,right
Susan Rice: Netanyahu Visit 'Destructive' To U.S.-Israel Relationship,"Susan Rice: Netanyahu's planned speech will be ""destructive"" to U.S.-Israel relations. Obama has said he will not meet with Netanyahu ahead of his speech in March. Netanyahu was invited to speak in front of a joint session of Congress by House Speaker John Boehner.",right,center
Susan Rice: Netanyahu Visit 'Destructive' To U.S.-Israel Relationship,"Susan Rice: Netanyahu's planned speech will be ""destructive"" to U.S.-Israel relations. Netanyahu was invited to speak in front of a joint session of Congress by House Speaker John Boehner. Obama has said he will not meet with Netanyahu ahead of his speech in March.",right,center
Susan Rice: Netanyahu Visit 'Destructive' To U.S.-Israel Relationship,"Susan Rice: Netanyahu's planned speech will be ""destructive"" to U.S.-Israel relations. Netanyahu was invited to speak in front of a joint session of Congress by House Speaker John Boehner. Obama has said he will not meet with Netanyahu ahead of his speech.",right,center
Susan Rice calls Netanyahu's Capitol Hill speech 'destructive' to US-Israel relations,Rice's comments were among the Obama administration's toughest on Netanyahu's speech. Netanyahu turned down an invitation to meet privately with leading Senate Democrats. Vice President Biden won't attend the speech.,left,right
Susan Rice calls Netanyahu's Capitol Hill speech 'destructive' to US-Israel relations,Rice's comments were among the Obama administration's toughest on Netanyahu's speech. Netanyahu turned down an invitation to meet privately with leading Senate Democrats during his trip to Washington.,left,right
Susan Rice calls Netanyahu's Capitol Hill speech 'destructive' to US-Israel relations,Rice's comments were among the Obama administration's toughest on Netanyahu's speech. Netanyahu turned down an invitation to meet privately with leading Senate Democrats during his trip.,left,right
"Chris Christie Announces Run, Pledging ‘Truth’ About Nation’s Woes","Gov. Chris Christie says he is the only candidate who is forthright and forceful enough to run the country. “Unlike some people who offer themselves for president in 2016, you won’t have to wonder whether I can do it or not,” he says.",right,left
"Chris Christie Announces Run, Pledging ‘Truth’ About Nation’s Woes","Gov. Chris Christie says he is the only candidate who is forthright and forceful enough to run the country. “Unlike some people who offer themselves for president in 2016, you won’t have to wonder whether I can do it or not,” he said.",right,left
"Chris Christie Announces Run, Pledging ‘Truth’ About Nation’s Woes","Gov. Chris Christie says he is the only candidate who is forthright and forceful enough to run the country. “I am not running for president of the United States as surrogate for being elected prom king of America,” he says.",right,left
Chris Christie Announces He's Running For President In 2016,New Jersey Gov. Chris Christie announced he's running for president in 2016. Christie told supporters of his plans in a phone call Tuesday morning. Christie led the state during catastrophic damage from Hurricane Sandy in 2012.,center,right
Chris Christie Announces He's Running For President In 2016,New Jersey Gov. Chris Christie announced he's running for president in 2016. Christie told supporters of his plans in a phone call Tuesday morning. Christie led New Jersey during catastrophic damage from Hurricane Sandy in 2012.,center,right
Chris Christie Announces He's Running For President In 2016,New Jersey Gov. Chris Christie announced he's running for president in 2016. Christie told supporters of his plans in a phone call Tuesday morning. Christie led the state during catastrophic damage from Hurricane Sandy.,center,right
"Ryan goes on offense over Medicare, accuses Obama of treating program like 'piggy bank'",Ryan says he thinks Medicare can be a winning issue for their campaign. Ryan wants to make changes to Medicare for those retiring a decade from now but leave benefits for current retirees and those retiring soon in place.,right,center
"Ryan goes on offense over Medicare, accuses Obama of treating program like 'piggy bank'","Ryan says he thinks Medicare can be a winning issue for their campaign. Ryan wants to make changes to Medicare for those retiring a decade from now, but leave benefits for current retirees and those retiring soon in place.",right,center
"Ryan goes on offense over Medicare, accuses Obama of treating program like 'piggy bank'",Ryan says he thinks Medicare can be a winning issue for their campaign. Ryan wants to make changes to Medicare for those retiring a decade from now but leave current retirees and those retiring soon in place.,right,center
Obama Medicare Attack In 2008 Targeted McCain For Cutting $800 Billion From Program,The most recent back-and-forth between the Romney and Obama campaigns concerns which candidate would do more harm to people's benefits. The money being taken out of the system by the Affordable Care Act is mostly derived from limiting the expected rate of growth.,left,right
Obama Medicare Attack In 2008 Targeted McCain For Cutting $800 Billion From Program,The most recent back-and-forth concerns which candidate would do more harm to people's benefits. The money being taken out of the system by the Affordable Care Act is mostly derived from limiting the expected rate of growth in the program.,center,right
Obama Medicare Attack In 2008 Targeted McCain For Cutting $800 Billion From Program,The most recent back-and-forth between the Romney and Obama campaigns concerns which candidate would do more harm to people's benefits. The money being taken out of the system is mostly derived from limiting the expected rate of growth in the program.,right,right
Ryan facing Catholic prof complaints over budget comments ahead of Georgetown speech,The Catholic Church says it has a responsibility to help the poor. It says it doesn't have a duty to provide financial aid to the rich.,center,center
Ryan facing Catholic prof complaints over budget comments ahead of Georgetown speech,The Catholic Church says it has a responsibility to help the poor. It says it doesn't have a duty to provide benefits to the rich.,center,center
Ryan facing Catholic prof complaints over budget comments ahead of Georgetown speech,The Catholic Church says it has a responsibility to help the poor. It says it doesn't have a duty to provide benefits to the wealthy.,center,center
Georgetown Faculty Latest to Chide Ryan ,Rep. Paul D. Ryan has been excoriated by some Roman Catholic leaders. He claimed this month that his budget plan was inspired by the moral teachings of his Catholic faith. The latest criticism comes in a letter signed by nearly 90 faculty members and priests at Georgetown.,center,right
Georgetown Faculty Latest to Chide Ryan ,Rep. Paul D. Ryan has been excoriated by some Roman Catholic leaders. He claimed this month that his budget plan was inspired by the moral teachings of his Catholic faith. The latest criticism comes in a letter released Tuesday and signed by nearly 90 faculty members.,center,right
Georgetown Faculty Latest to Chide Ryan ,Rep. Paul D. Ryan has been excoriated by some Roman Catholic leaders. He claimed this month that his budget plan was inspired by the moral teachings of his Catholic faith.,center,right
"Romney reaffirms belief in marriage as between man, woman",Obama made the groundbreaking news in an interview with ABC. Romney had signed a pledge sponsored by the National Organization for Marriage promising to support a federal ammendment defining marriage.,left,right
"Romney reaffirms belief in marriage as between man, woman",Obama made the groundbreaking news in an interview with ABC. Romney had signed a pledge sponsored by the National Organization for Marriage promising to support a federal ammendment.,left,right
"Romney reaffirms belief in marriage as between man, woman",Obama made the groundbreaking news in an interview with ABC. Romney said it's up to the public to be the judge.,right,right
Romney: My 'Preference' Is Marriage Between A Man And A Woman,"Romney said he supports states' rights to make decisions on domestic partnership benefits, including hospital visitation. Romney's comments were far more measured than some other Republicans, who have openly accused the president of disrespecting religion.",right,center
Romney: My 'Preference' Is Marriage Between A Man And A Woman,"Romney said he supports states' rights to make decisions on domestic partnership benefits. Romney's comments were far more measured than some other Republicans, who have openly accused the president of disrespecting religion.",right,center
Romney: My 'Preference' Is Marriage Between A Man And A Woman,"Romney said he supports states' rights to make decisions on domestic partnership benefits, including hospital visitation. Romney's comments were far more measured than some other Republicans, who have accused the president of disrespecting religion.",right,center
Chick-fil-A Draws Huge Crowds for Appreciation Day,Long lines were seen outside Chick-fil-A restaurants nationwide. Many customers documented their visits on social media sites and shared their reasons for eating at the chain.,center,left
Chick-fil-A Draws Huge Crowds for Appreciation Day,Long lines were seen outside Chick-fil-A restaurants nationwide. Customers documented their visits on social media sites and shared their reasons for eating at the chain.,center,left
Chick-fil-A Draws Huge Crowds for Appreciation Day,Long lines were seen outside Chick-fil-A restaurants nationwide. Many customers documented their visits and shared their reasons for eating at the chain.,center,left
"Chick-fil-A Appreciation Day brings out supporters, protesters","Chick-fil-A has become a symbol of whether you stand for or against same-sex marriage, or – alternately – the right to express your personal views without fear of retaliation. At one Atlanta location, the line for the drive-thru looped twice around the building and out into the street.",center,right
"Chick-fil-A Appreciation Day brings out supporters, protesters","Chick-fil-A has become a symbol of whether you stand for or against same-sex marriage, or – alternately – the right to express your personal views without fear of retaliation. At one Atlanta location, the drive-thru looped twice around the building and out into the street.",center,right
"Chick-fil-A Appreciation Day brings out supporters, protesters","Chick-fil-A has become a symbol of whether you stand for or against same-sex marriage, or – alternately – the right to express your personal views without fear of retaliation. At one Atlanta location, the restaurant was packed, while the line for the drive-thru looped twice around the building.",center,right
Santorum Defends Comments on Obama and Education,"Santorum: Obama has a ""very bad record on the issue of abortion and children who are disabled’ President Obama adviser calls comments “well over the line”",left,right
Santorum Defends Comments on Obama and Education,"Santorum: Obama has a ""very bad record on the issue of abortion and children who are disabled’ President Obama adviser calls remarks “well over the line”",left,right
Santorum Defends Comments on Obama and Education,"Santorum: Obama has a ""very bad record on the issue of abortion and children who are disabled""",left,right
Obama Boehner Fiscal Cliff Meeting: Grasping For Last-Minute Solution,President Barack Obama and House Speaker John Boehner met for nearly an hour on Thursday evening. Neither said much of anything about what was discussed. Boehner has refused to budge from his refusal to consider raising tax rates.,center,center
Obama Boehner Fiscal Cliff Meeting: Grasping For Last-Minute Solution,President Barack Obama and House Speaker John Boehner met for nearly an hour on Thursday evening. Neither said much of anything about what was discussed. Boehner refused to budge from his refusal to consider raising tax rates.,center,center
Obama Boehner Fiscal Cliff Meeting: Grasping For Last-Minute Solution,President Barack Obama and House Speaker John Boehner met for nearly an hour on Thursday evening. Neither said much of anything about what was discussed.,center,center
Boehner Sees One-in-Three Chance G.O.P. Will Lose House,"“I would say that there is a two-in-three chance that we win control of the House again,” he said in an interview with Fox News, to be shown on Tuesday. “We’ve got a big challenge, and we’'ve got work to do.”",center,center
Boehner Sees One-in-Three Chance G.O.P. Will Lose House,"“I would say that there is a two-in-three chance that we win control of the House again,” he said in an interview with Fox News, to be shown on Tuesday. “We’ve got a big challenge, and we’re got work to do.”",center,center
Boehner Sees One-in-Three Chance G.O.P. Will Lose House,"“I would say that there is a two-in-three chance that we win control of the House again,” he said in an interview with Fox News. “We’ve got a big challenge, and we’re got work to do.”",center,center
"Sparks fly as Biden, Ryan face off in feisty vice presidential debate",Biden went after the Romney/Ryan ticket with a directness that Obama did not. Ryan opened the debate with tough criticism of the Obama administration over its handling of the Libya terror attack.,right,left
"Sparks fly as Biden, Ryan face off in feisty vice presidential debate","Biden went after the Romney/Ryan ticket with a directness that Obama did not. Ryan accused Obama of ""projecting weakness"" with his foreign policy.",left,left
"Sparks fly as Biden, Ryan face off in feisty vice presidential debate",Biden went after the Romney/Ryan ticket with a directness that Obama did not. Ryan opened the debate with tough criticism of the Obama administration over its handling of the Libya attack.,left,left
"With Abortion in the Spotlight, a Challenge for Romney","The vote puts the Republican Party at odds with Mr. Romney, who supports rape and incest exceptions. The vote on the platform is an important part of the GOP’s outreach to its conservative base.",center,left
"With Abortion in the Spotlight, a Challenge for Romney","The vote puts the Republican Party at odds with Mr. Romney, who supports rape and incest exceptions. The vote on the platform is an important part of the GOP's outreach to its conservative base.",center,left
"With Abortion in the Spotlight, a Challenge for Romney","The vote puts the Republican Party at odds with Mr. Romney, who supports rape and incest exceptions. The vote is an important part of the GOP's outreach to its conservative base.",left,left
Netanyahu appears in conservative political ad airing in Florida,"Netanyahu, who has a famously frosty relationship with President Obama, mentions neither Obama nor Republican challenger Mitt Romney. The ad, paid for by nonprofit conservative advocacy group Secure America Now, could have a powerful influence in heavily-Jewish markets, including Miami.",right,right
Netanyahu appears in conservative political ad airing in Florida,"Netanyahu, who has a famously frosty relationship with President Obama, mentions neither Obama nor Republican challenger Mitt Romney. The ad, paid for by nonprofit conservative advocacy group Secure America Now, could have a powerful influence in heavily-Jewish markets, including Miami.",right,right
Netanyahu appears in conservative political ad airing in Florida,"Netanyahu, who has a famously frosty relationship with President Obama, mentions neither Obama nor Republican challenger Mitt Romney. The ad, paid for by nonprofit conservative advocacy group Secure America Now, could have a powerful influence in heavily-Jewish markets.",right,right
Netanyahu Appears in Conservative Group's Ad ,New ad will run in areas of Florida with large Jewish populations. Ad uses news clip of Israeli prime minister warning of risks of a nuclear Iran. Group that produced ad is run by two longtime Republican strategists.,right,center
Netanyahu Appears in Conservative Group's Ad ,New ad will run in areas of Florida with large Jewish populations. Ad uses news clip of Israeli prime minister warning of risks of a nuclear Iran.,right,center
Netanyahu Appears in Conservative Group's Ad ,New ad will run in areas of Florida with large Jewish populations. Ad uses news clip of Israeli PM warning of risks of a nuclear Iran.,right,center
Michele Bachmann Chick-Fil-A Visit: GOP Rep Shows Support For Company Amid Controversy,"""Chick-fil-A Day"" is a day of protest against gay marriage in the U.S. More than 100,000 people have signed a petition in support of gay marriage.",right,center
Michele Bachmann Chick-Fil-A Visit: GOP Rep Shows Support For Company Amid Controversy,"""Chick-fil-A Day"" is a day of protest against gay marriage in the U.S.",right,center
Michele Bachmann Chick-Fil-A Visit: GOP Rep Shows Support For Company Amid Controversy,"""Chick-fil-A Day"" is a day of protest against gay marriage in the U.S. A.",center,center
"Romney Reaffirms Opposition to Marriage, or Unions, for Gay Couples",Mitt Romney says he doesn’t favor civil unions if it’s identical to marriage. President Obama has publicly embraced same-sex marriage. The issue is emerging as an issue of the starkest possible contrast.,center,left
"Romney Reaffirms Opposition to Marriage, or Unions, for Gay Couples",Mitt Romney says he doesn’t favor civil unions if it’s identical to marriage. President Obama has publicly embraced same-sex marriage.,left,left
"Romney Reaffirms Opposition to Marriage, or Unions, for Gay Couples",Mitt Romney says he doesn’t favor civil unions if it’s identical to marriage. President Obama has embraced same-sex marriage.,center,left
Battle Over Medicare Savings Intensifies Between Obama and Paul Ryan,Paul Ryan's budget assumes same amount of Medicare savings as Obama's health care law. Obama campaign says Ryan’s budget plan “would end Medicare as we know it’ Romney campaign says Mr. Romney would restore the money being squeezed out of Medicare.,right,left
Battle Over Medicare Savings Intensifies Between Obama and Paul Ryan,Paul Ryan's budget assumes same amount of Medicare savings as Obama's health care law. Obama campaign says Ryan's plan would end Medicare as we know it. Republicans hit back with a television commercial asserting that the Romney-Ryan Medicare plan is better for older Americans.,right,left
Battle Over Medicare Savings Intensifies Between Obama and Paul Ryan,Paul Ryan's budget assumes same amount of Medicare savings as Obama's health care law. Obama campaign says Ryan's plan would end Medicare as we know it. Republicans hit back with a television commercial asserting that the Romney-Ryan Medicare plan was better for older Americans.,right,left
Paul Ryan Challenged On Budget By Georgetown Faculty,Nearly 90 Georgetown University faculty and administrators call Rep. Paul Ryan (R-Wisc.) to task for his misuse of Catholic social teaching. The group sent a letter to Rep. Ryan in advance of his appearance on the Catholic campus on Thursday.,center,left
Paul Ryan Challenged On Budget By Georgetown Faculty,Nearly 90 Georgetown University faculty and administrators have called Rep. Paul Ryan to task for his misuse of Catholic social teaching. The group sent a letter to Rep. Ryan in advance of his appearance on the Catholic campus on Thursday morning.,center,left
Paul Ryan Challenged On Budget By Georgetown Faculty,Nearly 90 Georgetown University faculty and administrators have called Rep. Paul Ryan to task for his misuse of Catholic social teaching. The group sent a letter to Rep. Ryan in advance of his appearance on the Catholic campus on Thursday.,center,left
Boehner: '1-in-3 chance' Republicans could lose House in November,"Boehner: ""We've got a big challenge, and we've got work to do"" Democrats face an uphill battle in their efforts to take back the House. Democrats would need 25 seats in the House to regain the majority.",left,center
Boehner: '1-in-3 chance' Republicans could lose House in November,"Boehner: ""We've got a big challenge, and we've got work to do"" Democrats face an uphill battle in their efforts to take back the House. Republicans hold a 242-190 seat advantage in the House, where Democrats would need 25 seats.",left,center
Boehner: '1-in-3 chance' Republicans could lose House in November,"Boehner: ""We've got a big challenge, and we've got work to do"" Democrats face an uphill battle in their efforts to take back the House. Republicans hold a 242-190 seat advantage.",left,center
John Boehner: '1 In 3 Chance' Republicans Lose Control Of House,"House Speaker John Boehner admitted there's a ""1 in 3"" chance that the Republicans will lose their majority in the House of Representatives. Boehner also dismissed top Obama campaign strategist David Axelrod's comment on Sunday that House Republicans are under a ""reign of terror""",right,right
John Boehner: '1 In 3 Chance' Republicans Lose Control Of House,"House Speaker John Boehner admitted there's a ""1 in 3"" chance that the Republicans will lose their majority in the House. Boehner also dismissed top Obama campaign strategist David Axelrod's comment on Sunday that House Republicans are under a ""reign of terror""",right,right
John Boehner: '1 In 3 Chance' Republicans Lose Control Of House,"House Speaker John Boehner admitted there's a ""1 in 3"" chance that the Republicans will lose their majority. Boehner also dismissed top Obama campaign strategist David Axelrod's comment on Sunday that House Republicans are under a ""reign of terror""",right,right
Biden-Ryan Debate: All About Joe,"Joe Biden did everything President Barack Obama did not last week, and a good bit more. Biden's sometimes over-the-top performance probably accomplished what he appeared intent on doing: rallying the Democratic base. Two instant surveys of Americans watching the debate showed mixed results.",center,center
Biden-Ryan Debate: All About Joe,"Joe Biden did everything President Barack Obama did not last week, and a good bit more. Two instant surveys of Americans watching the debate showed mixed results. Biden's sometimes over-the-top performance probably accomplished what he appeared intent on doing.",right,center
Biden-Ryan Debate: All About Joe,"Joe Biden did everything President Barack Obama did not last week, and a good bit more. Biden's sometimes over-the-top performance probably accomplished what he appeared intent on doing. Two instant surveys of Americans watching the debate showed mixed results.",right,center
Biden Takes Off Gloves in Vice-Presidential Debate,The vice presidential debate on Tuesday was supposed to be a reboot for the Obama campaign after the president’s dismal performance at his debate with Mitt Romney last week.,right,right
Biden Takes Off Gloves in Vice-Presidential Debate,The vice presidential debate was supposed to be a reboot for the Obama campaign after the president’s dismal performance at his debate with the Republican nominee for president.,right,right
Biden Takes Off Gloves in Vice-Presidential Debate,The vice presidential debate was supposed to be a reboot for the Obama campaign after the president’s dismal performance last week.,right,right
Mitt To Akin: Drop Out,Mitt Romney joins chorus of Republicans calling for Rep. Todd Akin (R-Mo.) to drop out of the U.S. Senate race in Missouri. Akin prompted outrage with his response to a question about supporting abortion in the case of rape.,center,center
Mitt To Akin: Drop Out,"Mitt Romney joins chorus of Republicans calling for Rep. Todd Akin (R-Mo.) to drop out of the U.S. Senate race in Missouri. Akin: ""Why can't Mitt Romney run his race and I'll run mine?""",left,center
Mitt To Akin: Drop Out,"Mitt Romney joins chorus of Republicans calling for Rep. Todd Akin (R-Mo.) to drop out of the U.S. Senate race in Missouri. Akin: ""Why can't Mitt Romney run his race and I'll run mine""",left,center
Romney calls on Rep. Akin to drop Senate bid over 'rape' comments,"Mitt Romney says Rep. Todd Akin's comments were ""offensive and wrong"" Missouri GOP senators say Akin's presence does not serve ""the national interest"" Akin says he's staying in the race, citing a ""tremendous outpouring of support"" from individual donors. The Republican congressman faces a 5 p.m. deadline to withdraw.",center,right
Romney calls on Rep. Akin to drop Senate bid over 'rape' comments,"Mitt Romney says Rep. Todd Akin's comments were ""offensive and wrong"" Missouri GOP senators say Akin's presence does not serve ""the national interest"" Akin says he's staying in the race, citing a ""tremendous outpouring of support"" from individual donors.",center,right
Romney calls on Rep. Akin to drop Senate bid over 'rape' comments,"Mitt Romney says Rep. Todd Akin's comments were ""offensive and wrong"" Missouri GOP senators say Akin's presence does not serve ""the national interest"" Akin says he's staying in the race, citing a ""tremendous outpouring of support"" from donors.",center,right
Israel Prime Minister Bibi Netanyahu Used In Conservative Attack Ad Against Obama,The ad features Netanyahu laying out Israel's security concerns about Iran's nuclear program. Republicans have used the ad to knock President Barack Obama's sometimes frosty relationship with the Israeli prime minister. The GOP also has attacked the president for declining an opportunity to meet with Netanyahu.,left,left
Israel Prime Minister Bibi Netanyahu Used In Conservative Attack Ad Against Obama,The ad features Netanyahu laying out Israel's security concerns about Iran's nuclear program. Republicans have used the ad to knock President Barack Obama’s sometimes frosty relationship with the Israeli prime minister.,left,left
Israel Prime Minister Bibi Netanyahu Used In Conservative Attack Ad Against Obama,The ad features Netanyahu laying out Israel's security concerns about Iran's nuclear program. Republicans have used the ad to knock President Barack Obama's sometimes frosty relationship with the Israeli prime minister.,left,left
Obama and Boehner Talk Deficits at the White House,"President Obama and Speaker Boehner hold first one-on-one deficit talks since 2011. Republican senator says party may have to give in to Obama's demand to raise top tax rates. Republicans insist on deep, long-term cuts in entitlement programs.",right,center
Obama and Boehner Talk Deficits at the White House,"President Obama and Speaker Boehner hold first one-on-one deficit talks since 2011. Republican senator says party may have to give in to Obama's demand to raise top tax rates. Republicans insist on deep, long-term savings in entitlement programs.",right,center
Obama and Boehner Talk Deficits at the White House,"President Obama and Speaker Boehner hold first one-on-one deficit talks since 2011. Republican senator says party may have to give in to Obama's demand to raise top tax rates. Republicans insist on deep, long-term reductions in entitlement programs.",right,center
"Obama, Boehner meet on fiscal crisis for first time in weeks",President Obama and House Speaker John Boehner met Sunday afternoon at the White House. Boehner publicly chided Obama on Friday for the lack of progress to date. Boehner is effectively caught between two competing wings of the Republican Party.,center,center
"Obama, Boehner meet on fiscal crisis for first time in weeks",President Obama and House Speaker John Boehner met Sunday afternoon at the White House. Boehner had publicly chided Obama on Friday for the lack of progress to date. Boehner is effectively caught between two competing wings of the Republican Party.,center,center
"Obama, Boehner meet on fiscal crisis for first time in weeks",President Obama and House Speaker John Boehner met Sunday afternoon at the White House. Boehner publicly chided Obama on Friday for the lack of progress to date. Boehner is facing some pressure from Republicans to give a little bit more.,right,center
"Santorum Calls For Ending Public Education, Prenatal Testing","Santorum: Obama's policies are not ""based on the Bible"" ""I've repeatedly said I don't question the president's faith,"" Santorum tells ""Face the Nation"" Obama campaign aide Robert Gibbs calls Santorum's rhetoric ""well over the line""",left,center
"Santorum Calls For Ending Public Education, Prenatal Testing","Santorum: Obama's policies are not ""based on the Bible"" ""I've repeatedly said I don't question the president's faith,"" Santorum tells ""Face the Nation"" Obama campaign aide Robert Gibbs calls Santorum's remarks ""well over the line""",left,center
"Santorum Calls For Ending Public Education, Prenatal Testing","Santorum: Obama's policies are not ""based on the Bible"" ""I've repeatedly said I don't question the president's faith,"" Santorum tells CBS. Obama campaign aide Robert Gibbs calls Santorum's rhetoric ""well over the line""",left,center
"Santorum: 'Phony theology' comment was about energy policy, not Christian faith","Santorum says he was referring to a ""world view that elevates the Earth above man"" Obama campaign says comments are ""a stark contrast with the president who is focused on creating jobs""",left,left
"Santorum: 'Phony theology' comment was about energy policy, not Christian faith","Santorum says he was referring to a ""world view that elevates the Earth above man"" Obama campaign says comments are ""a stark contrast with the president""",left,left
"Santorum: 'Phony theology' comment was about energy policy, not Christian faith","Santorum says he was referring to a ""world view that elevates the Earth above man"" Obama campaign says comment is a personal affront.",left,left
"Kathy Griffin apologizes for photo shoot with bloodied Trump mask, says she 'went too far'","Kathy Griffin says the image ""is too disturbing,"" and that ""it wasn't funny"" Griffin said she was going to ""take down the image""",left,right
"Kathy Griffin apologizes for photo shoot with bloodied Trump mask, says she 'went too far'","Kathy Griffin says the image ""is too disturbing,"" and that ""it wasn't funny"" The image was taken by controversial photographer Tyler Shields.",right,right
"Kathy Griffin apologizes for photo shoot with bloodied Trump mask, says she 'went too far'","Kathy Griffin says the image ""is too disturbing,"" and that ""it wasn't funny"" The image was taken by photographer Tyler Shields.",left,right
"Shooting Brings Rare Comity to the Capital, but Will It Last?","Congressman Steve Scalise, the majority whip of the House of Representatives, was one of the four people shot at a congressional baseball practice. A day earlier, on another ball field some seven miles southwest, a gunman opened fire on members of the Republican congressional baseball team.",center,left
"Shooting Brings Rare Comity to the Capital, but Will It Last?","Congressman Steve Scalise, the majority whip of the House of Representatives, was one of the four people shot at a congressional baseball practice. A day earlier, a gunman opened fire on members of the Republican congressional baseball team, striking four people.",center,left
"Shooting Brings Rare Comity to the Capital, but Will It Last?","Congressman Steve Scalise, the majority whip of the House of Representatives, was one of the four people shot at a congressional baseball practice. A day earlier, a gunman opened fire on members of the Republican congressional baseball team.",center,left
"GOP Whip Steve Scalise, Others Shot At Early Morning Baseball Practice","House Majority Whip Steve Scalise (R-La.) was still in critical condition on Thursday. Six people, including two congressmen, two police officers, a congressional aide and a lobbyist, were injured in the attack. The assailant, 66-year-old James T. Hodgkinson of Belleville, Illinois, was shot by police and later died of his injuries.",center,center
"GOP Whip Steve Scalise, Others Shot At Early Morning Baseball Practice","House Majority Whip Steve Scalise (R-La.) was still in critical condition on Thursday. Six people, including two congressmen, two police officers, a congressional aide and a lobbyist, were injured in the attack. The assailant, who authorities have identified as 66-year-old James T. Hodgkinson of Belleville, Illinois, was shot by police and later died.",center,center
"GOP Whip Steve Scalise, Others Shot At Early Morning Baseball Practice","House Majority Whip Steve Scalise (R-La.) was still in critical condition on Thursday. Six people, including two congressmen, two police officers, a congressional aide and a lobbyist, were injured. The assailant, 66-year-old James T. Hodgkinson of Belleville, Illinois, was shot by police and later died of his injuries at a hospital.",center,center
Senate intel panel subpoenas two Flynn businesses in Russia probe,The investigation focuses on whether Flynn and other Trump associates colluded with Russia to boost the Republican candidate in the 2016 elections. Flynn was fired in February because he misled Vice President Mike Pence about conversations he had with Russia’s ambassador about potentially easing sanctions.,center,center
Senate intel panel subpoenas two Flynn businesses in Russia probe,The investigation focuses on whether Flynn and other Trump associates colluded with Russia to boost the Republican candidate in the 2016 elections. Flynn was fired in February because he misled Vice President Mike Pence about conversations he had with Russia’s ambassador.,center,center
Senate intel panel subpoenas two Flynn businesses in Russia probe,The investigation focuses on whether Flynn and other Trump associates colluded with Russia to boost the Republican candidate in the 2016 elections. Flynn is also being investigated over whether he was fully forthcoming about his foreign contacts and earnings.,center,center
"House Intelligence Committee Will Subpoena Flynn, Schiff Says",Rep. Adam B. Schiff of California said Mr. Flynn had declined the panel’s request for documents and an interview as part of its investigation. It was unclear whether the subpoenas would seek documents or Mr. Michael Flynn’S testimony.,center,center
"House Intelligence Committee Will Subpoena Flynn, Schiff Says",Rep. Adam B. Schiff of California said Mr. Flynn had declined the panel’s request for documents and an interview as part of its investigation. It was unclear whether the subpoenas would seek documents or Mr. Michael Flynn�s testimony.,center,center
"House Intelligence Committee Will Subpoena Flynn, Schiff Says",Rep. Adam B. Schiff of California said Mr. Flynn had declined the panel’s request for documents and an interview as part of its investigation. It was unclear whether the subpoenas would seek documents or Mr. Michael Flynn’'s testimony.,center,center
"President Trump takes office vowing to restore prosperity, ‘fight’ for country",Donald Trump takes the oath of office Friday as the 45th president of the United States. He vows to restore prosperity and “fight” for the country “with every breath.”,right,right
"President Trump takes office vowing to restore prosperity, ‘fight’ for country",Donald Trump takes the oath of office Friday as the 45th president of the United States. He vows to restore prosperity and “fight” for the country “with every breath’,right,right
"President Trump takes office vowing to restore prosperity, ‘fight’ for country",Donald Trump takes the oath of office Friday as the 45th president of the United States. He vows to restore prosperity and “fight” for the country “with every breath”,right,right
Trump: Roy Moore will 'step aside' if sexual misconduct allegations are true,White House Press Secretary Sarah Sanders also cautioned against a rush to judgment. President Trump thinks Alabama Republican Senate candidate Roy Moore “will do the right thing and step aside” if the sexual misconduct allegations against him are true.,right,right
Trump: Roy Moore will 'step aside' if sexual misconduct allegations are true,White House Press Secretary Sarah Sanders also cautioned against a rush to judgment. President Trump thinks Alabama Republican Senate candidate Roy Moore “will do the right thing and step aside” if the allegations are true.,right,right
Trump: Roy Moore will 'step aside' if sexual misconduct allegations are true,White House Press Secretary Sarah Sanders also cautioned against a rush to judgment. President Trump thinks Alabama Republican Senate candidate Roy Moore “will do the right thing and step aside’,right,right
Alabama Republicans Defend Roy Moore: ‘It Was 40 Years Ago’,"Roy S. Moore is set to face Doug Jones, a Democrat, in a special election next month. The Washington Post reported that Mr. Moore had made sexual advances toward four teenage girls when he was in his 30s. The story was met with immediate backlash from Republicans in Alabama.",center,left
Alabama Republicans Defend Roy Moore: ‘It Was 40 Years Ago’,"Roy S. Moore is set to face Doug Jones, a Democrat, in a special election next month. The Washington Post reported that Mr. Moore had made sexual advances toward four teenage girls when he was in his 30s. The story was met with immediate backlash from Republicans in Alabama.",center,left
Alabama Republicans Defend Roy Moore: ‘It Was 40 Years Ago’,"Roy S. Moore is set to face Doug Jones, a Democrat, in a special election next month. The Washington Post reported that Mr. Moore had made sexual advances toward four teenage girls when he was in his 30s.",center,left
"For Now, Trump to Keep Ban on Importing Elephant Trophies","President Trump reverses a decision by his own administration over Zimbabwe. U.S. Fish and Wildlife Service had signaled its intention to end the 2014 ban, citing Zimbabwe’s conservation efforts. The decision faced backlash from both conservatives and liberals.",right,center
"For Now, Trump to Keep Ban on Importing Elephant Trophies","President Trump reverses a decision by his own administration over Zimbabwe. The decision applied to two African countries, though it did not name them. The White House argued that the hunting would bring money to local communities.",center,center
"For Now, Trump to Keep Ban on Importing Elephant Trophies","President Trump reverses a decision by his own administration over Zimbabwe. U.S. Fish and Wildlife Service had signaled its intention to end the 2014 ban, citing Zimbabwe’s conservation efforts.",right,center
Joe Lieberman emerges as Trump's top choice for FBI director,"President Trump said Thursday he is'very close' to naming a new FBI director to replace James Comey. Former Democratic Sen. Joe Lieberman, 75, met with Trump at the White House on Wednesday afternoon to discuss leading the law enforcement agency. Lieberman served in the Senate from 1989-2013, first as a Democrat and then as an independent.",right,right
Joe Lieberman emerges as Trump's top choice for FBI director,"President Trump said Thursday he is'very close' to naming a new FBI director to replace James Comey. Former Democratic Sen. Joe Lieberman, 75, met with Trump at the White House on Wednesday to discuss leading the law enforcement agency. Lieberman served in the Senate from 1989-2013, first as a Democrat and then as an independent.",right,right
Joe Lieberman emerges as Trump's top choice for FBI director,"President Trump said Thursday he is'very close' to naming a new FBI director to replace James Comey. Former Democratic Sen. Joe Lieberman, 75, met with Trump on Wednesday afternoon to discuss leading the law enforcement agency. Lieberman served in the Senate from 1989-2013, first as a Democrat and then as an independent.",right,right
"Lieberman Is a Finalist for F.B.I. Director, Trump Says","Joseph I. Lieberman, a former Democratic senator and vice-presidential nominee, is a finalist to replace James B. Comey. But members of Mr. Trump’s staff have quietly urged him to take more time to make such a critical hire. Mr. Lieberman served three terms in the Senate as a Democrat and one as an independent.",left,center
"Lieberman Is a Finalist for F.B.I. Director, Trump Says","Joseph I. Lieberman, a former Democratic senator and vice-presidential nominee, is a finalist to replace James B. Comey. But members of Mr. Trump’s staff have quietly urged him to take more time to make such a critical hire. By late Thursday, the president appeared increasingly likely to leave Friday without picking a new director.",left,center
"Lieberman Is a Finalist for F.B.I. Director, Trump Says","Joseph I. Lieberman, a former Democratic senator and vice-presidential nominee, is a finalist to replace James B. Comey. But members of Mr. Trump’s staff have quietly urged him to take more time to make such a critical hire.",left,center
Donald Trump Jr. releases messages with WikiLeaks from before election,Donald Trump Jr. confirmed on Twitter that he sent a series of messages to WikiLeaks before the 2016 presidential election. The Atlantic first reported on Monday that the messages were turned over to congressional investigators. The House Permanent Select Committee on Intelligence had access to the documents.,center,center
Donald Trump Jr. releases messages with WikiLeaks from before election,"Donald Trump Jr. confirmed on Twitter that he sent a series of messages to WikiLeaks before the 2016 presidential election. The Atlantic obtained the messages, which were turned over to investigators by Trump Jr’s attorneys.",center,center
Donald Trump Jr. releases messages with WikiLeaks from before election,Donald Trump Jr. confirmed on Twitter that he sent a series of messages to WikiLeaks before the 2016 presidential election. The Atlantic first reported on Monday that the messages were turned over to congressional investigators.,center,center
"Trump calls Flynn treatment 'unfair,' claims Clinton 'lied many times' with impunity",President Trump said he feels “badly” for former national security adviser Michael Flynn. Flynn pleaded guilty on Friday to giving false statements to the FBI about his Russia contacts. Trump also said his 2016 Democratic rival Hillary Clinton “lied many times’,right,right
"Trump calls Flynn treatment 'unfair,' claims Clinton 'lied many times' with impunity",President Trump said he feels “badly” for former national security adviser Michael Flynn. Flynn pleaded guilty on Friday to giving false statements to the FBI about his Russia contacts.,right,right
"Trump calls Flynn treatment 'unfair,' claims Clinton 'lied many times' with impunity","President Trump said he feels ""badly"" for former national security adviser Michael Flynn. Flynn pleaded guilty on Friday to giving false statements to the FBI about his Russia contacts.",right,right
Donald Trump Defends Michael Flynn By Saying Hillary Clinton Is The Real Liar,"President Donald Trump said Monday that he feels ""very badly"" for his former national security adviser, Michael Flynn. Flynn pleaded guilty on Friday to lying to the FBI about his contacts with Russian officials. Trump and his lawyer, John Dowd, now claim that the president already knew about Flynn lying.",center,center
Donald Trump Defends Michael Flynn By Saying Hillary Clinton Is The Real Liar,"President Donald Trump said Monday that he feels ""very badly"" for his former national security adviser, Michael Flynn. Flynn pleaded guilty on Friday to lying to the FBI about his contacts with Russian officials.",center,center
Donald Trump Defends Michael Flynn By Saying Hillary Clinton Is The Real Liar,"President Donald Trump said he feels ""very badly"" for his former national security adviser, Michael Flynn. Flynn pleaded guilty on Friday to lying to the FBI about his contacts with Russian officials.",center,center
Republicans prepare to go nuclear with Gorsuch vote as Dems seek new delay,"Senate Democrats are threatening to filibuster President Trump's Supreme Court nominee. Republican Sen. John Thune says his party will use the ""nuclear option"" to get the judge on the court. The nuclear option was first used by Democrats for circuit court appointments in 2013.",right,right
Republicans prepare to go nuclear with Gorsuch vote as Dems seek new delay,"Senate Democrats are threatening to filibuster President Trump's Supreme Court nominee. Republican Sen. John Thune says his party will use the ""nuclear option"" to get the judge on the court. The nuclear option was used by Democrats for circuit court judicial appointments in 2013.",right,right
Republicans prepare to go nuclear with Gorsuch vote as Dems seek new delay,"Senate Democrats are threatening to filibuster President Trump's Supreme Court nominee. Republican Sen. John Thune says his party will use the ""nuclear option"" to get the judge on the court. The nuclear option was first used by Democrats for circuit court nominations in 2013.",right,right
Donald Trump Sworn In As 45th President,Donald J. Trump took the oath of office Friday to become the 45th president of the United States. Chief Justice John Roberts administered the 38-word oath.,center,center
Donald Trump Sworn In As 45th President,Donald J. Trump took the oath of office Friday to become the 45th president of the United States. Chief Justice John Roberts administered the 38-word oath at 12:00pm.,center,center
Donald Trump Sworn In As 45th President,Donald J. Trump took the oath of office Friday to become the 45th president of the United States. He trailed Hillary Clinton in the general election nearly the entire way.,center,center
"Donald Trump Is Sworn In as President, Capping His Swift Ascent",Donald John Trump was inaugurated as the 45th president of the United States. He vowed to shatter the established order and reverse a national decline that he called “this American carnage”,center,left
"Donald Trump Is Sworn In as President, Capping His Swift Ascent",Donald John Trump was inaugurated as the 45th president of the United States. He vowed to shatter the established order and reverse a national decline that he called “this American carnage’,center,left
"Donald Trump Is Sworn In as President, Capping His Swift Ascent",Donald John Trump was inaugurated as the 45th president of the United States. He outlined a dark vision of an America afflicted by economic dislocation and foreign exploitation.,center,left
White House Responds To Sexual Misconduct Allegations Against Roy Moore,"President Trump says if allegations are true, Roy Moore will step aside. Vice President Mike Pence says if true, the allegations would disqualify anyone from office.",right,center
White House Responds To Sexual Misconduct Allegations Against Roy Moore,"President Trump says if allegations are true, Roy Moore will step aside. Vice President Mike Pence says the allegations would disqualify anyone from serving in office.",right,center
White House Responds To Sexual Misconduct Allegations Against Roy Moore,"President Trump says if allegations are true, Roy Moore will step aside. Vice President Mike Pence says the allegations would disqualify anyone from office.",right,center
Shooting spurs calls for new lawmaker security measures,"Rep. Dave Brat, R-Va., said lawmakers may need to "" recalibrate public events"" Rep. Mike Doyle, D-Pa., suggested boosting security at large lawmaker gatherings. Rep. Newt Gingrich said the threat of a deranged person should not change the current system.",right,center
Shooting spurs calls for new lawmaker security measures,"Rep. Dave Brat, R-Va., said lawmakers may need to "" recalibrate public events"" Rep. Mike Doyle, D-Pa., suggested boosting security at large lawmaker gatherings. Rep. Newt Gingrich said the threat of a deranged person should not change the system.",right,center
Shooting spurs calls for new lawmaker security measures,"Rep. Dave Brat, R-Va., said lawmakers may need to "" recalibrate public events"" Rep. Mike Doyle, D-Pa., suggested boosting security at large lawmaker gatherings. Rep. Newt Gingrich said the threat of deranged people should not change that.",right,center
"Top House Intel Dem: Flynn Not Cooperating With Russia Probe, Subpoenas Coming","The House intelligence committee is preparing to issue subpoenas against former national security adviser Michael Flynn. Rep. Adam Schiff, the ranking Democrat on the committee, said the committee is prepared to use “whatever compulsory process we need” to obtain information from Flynn if he does not cooperate with the subpoenas.",center,center
"Top House Intel Dem: Flynn Not Cooperating With Russia Probe, Subpoenas Coming",The House intelligence committee is preparing to issue subpoenas against former national security adviser Michael Flynn. Rep. Adam Schiff (Calif.) said the committee is prepared to use “whatever compulsory process we need” to obtain information from Flynn if he does not cooperate with the subpoenas.,center,center
"Top House Intel Dem: Flynn Not Cooperating With Russia Probe, Subpoenas Coming","The House intelligence committee is preparing to issue subpoenas against former national security adviser Michael Flynn. Rep. Adam Schiff, the ranking Democrat on the committee, said the committee is prepared to use “whatever compulsory process we need” to obtain information from Flynn if he does not cooperate.",center,center
Kathy Griffin Apologizes For Controversial Images Of Bloodied Trump Head,Kathy Griffin has issued a formal apology for the photo shoot. She claims the image is an “expression of art”,right,center
Kathy Griffin Apologizes For Controversial Images Of Bloodied Trump Head,Kathy Griffin has issued a formal apology for the photo shoot. She claims the image is an “expression of art’,right,center
Kathy Griffin Apologizes For Controversial Images Of Bloodied Trump Head,"Kathy Griffin has issued a formal apology for the photo shoot. She claims the image was an ""expression of art""",right,center
Trump Lashes Out at Kathy Griffin and Democrats,The president castigated Kathy Griffin for posing for a video showing her holding what looks like the severed and bloodied head of Mr. Trump. The video touched off a storm of protests from people on all sides of the political spectrum.,center,left
Trump Lashes Out at Kathy Griffin and Democrats,"The president castigated Kathy Griffin for posing for a video showing her holding what looks like the severed and bloodied head of Mr. Trump. The first lady, Melania Trump, questioned Ms. Griffin’s sanity.",center,left
Trump Lashes Out at Kathy Griffin and Democrats,"The president castigated Kathy Griffin, the celebrity comic and author, for posing for a video showing her holding what looks like the severed and bloodied head of Mr. Trump.",center,left
Democrats Concerned That The Supreme Court May Be Rigged For The Rich And Republicans,Democrats made an argument against the Supreme Court itself and its false presentation as a body above politics and power. The Democrats’ argument was directed at both their base and their caucus to provide a clear rationale for opposing the nominee.,right,left
Democrats Concerned That The Supreme Court May Be Rigged For The Rich And Republicans,Democrats made an argument against the Supreme Court itself and its false presentation as a body above politics and power. The Democrats' argument was directed at both their base and their caucus to provide a clear rationale for opposing the nominee.,right,left
Democrats Concerned That The Supreme Court May Be Rigged For The Rich And Republicans,Democrats made an argument against the Supreme Court itself and its false presentation as a body above politics and power. The question has been dogging Democrats ever since the infamous Bush v. Gore decision on the 2000 presidential election.,right,left
Democrats Plan to Filibuster to Thwart Gorsuch Nomination,Senate Democrats vow to filibuster the Supreme Court nomination of Judge Neil M. Gorsuch. The move signals an imminent partisan showdown over the nominee’s fate. Republicans hope to replace longstanding rules with a simple majority vote on his confirmation.,center,center
Democrats Plan to Filibuster to Thwart Gorsuch Nomination,Senate Democratic leader Chuck Schumer says he will try to lead Democrats in blocking an up-or-down vote. The Senate’s “cloture” rule requires a supermajority of 60 votes.,right,center
Democrats Plan to Filibuster to Thwart Gorsuch Nomination,Senate Democrats vow to filibuster the Supreme Court nomination of Judge Neil M. Gorsuch. The move signals an imminent partisan showdown over the nominee’s fate.,center,center
Donald Trump Jr. Communicated With WikiLeaks During Campaign,Donald Trump Jr. had multiple online conversations with WikiLeaks during the 2016 presidential campaign. The anti-secrecy group released a hacked trove of Democrats’ emails last year. Mr. Trump in recent weeks handed over Twitter messages he exchanged with WikiLeaks.,center,center
Donald Trump Jr. Communicated With WikiLeaks During Campaign,Donald Trump Jr. had multiple online conversations with WikiLeaks during the 2016 presidential campaign. The anti-secrecy group released a hacked trove of Democrats’ emails last year.,center,center
Donald Trump Jr. Communicated With WikiLeaks During Campaign,Donald Trump Jr. had multiple online conversations with WikiLeaks during the 2016 presidential campaign. The anti-secrecy group released a hacked trove of Democrats’ emails.,center,center
Donald Trump Jr. Messaged With WikiLeaks During Presidential Campaign,"Donald Trump Jr. communicated with WikiLeaks over Twitter direct message during the 2016 presidential race, according to a report in The Atlantic. The messages were given to congressional investigators probing whether Trump’s presidential campaign colluded with Russian officials to influence the outcome of the 2016 election. The Atlantic published several screenshots of the messages.",center,right
Donald Trump Jr. Messaged With WikiLeaks During Presidential Campaign,"Donald Trump Jr. communicated with WikiLeaks over Twitter direct message during the 2016 presidential race, according to a report in The Atlantic. The messages were given to congressional investigators probing whether Trump’s presidential campaign colluded with Russian officials to influence the outcome of the 2016 election. The Atlantic published screenshots of the Twitter messages.",center,right
Donald Trump Jr. Messaged With WikiLeaks During Presidential Campaign,"Donald Trump Jr. communicated with WikiLeaks over Twitter direct message during the 2016 presidential race, according to a report in The Atlantic. The messages were given to congressional investigators probing whether Trump’s presidential campaign colluded with Russian officials to influence the outcome of the 2016 election.",center,right
"F.B.I. 'Destroyed' Flynn’s Life for Lying, Trump Says, but 'Nothing Happened' to Clinton","President Trump said the F.B.I. ruined the life of his former national security adviser, Michael T. Flynn. Mr. Trump said he felt “very badly’ for Mr. Flynn, whom he fired in February.",left,center
"F.B.I. 'Destroyed' Flynn’s Life for Lying, Trump Says, but 'Nothing Happened' to Clinton","President Trump said the F.B.I. ruined the life of his former national security adviser, Michael T. Flynn. Mr. Trump said he felt “very badly” for Mr. Flynn, whom he fired in February.",center,center
"F.B.I. 'Destroyed' Flynn’s Life for Lying, Trump Says, but 'Nothing Happened' to Clinton",President Trump said the F.B.I. ruined the life of his former national security adviser. Michael T. Flynn pleaded guilty on Friday to lying to the FBI about his conversations with the Russian ambassador.,center,center
"Trump Calls Elephant Trophy Hunting A 'Horror Show,' Says He's Unlikely To Allows Imports",President Donald Trump says he's unlikely to change his mind and allow elephant trophy imports. He suspended the Obama-era ban on the importation of elephant trophies from Zimbabwe and Zambia. The decision drew a fierce response from celebrities and others across social media. The Humane Society CEO: “This is the kind of trade we don’t need”,center,left
"Trump Calls Elephant Trophy Hunting A 'Horror Show,' Says He's Unlikely To Allows Imports",President Donald Trump says he's unlikely to change his mind and allow elephant trophy imports. He suspended the Obama-era ban on the importation of elephant trophies from Zimbabwe and Zambia. The decision drew a fierce response from celebrities and others across social media. The Humane Society CEO: “This is the kind of trade we don’t need’,center,left
"Trump Calls Elephant Trophy Hunting A 'Horror Show,' Says He's Unlikely To Allows Imports",President Donald Trump says he's unlikely to change his mind and allow elephant trophy imports. He suspended the Obama-era ban on the importation of elephant trophies from Zimbabwe and Zambia. The decision drew a fierce response from celebrities and others across social media. The Humane Society of the United States said he was “grateful’ that Trump would reconsider.,center,left
Trump holds off reversing ban on elephant trophy imports,"President Trump says he is putting the ""big game trophy decision on hold"" The decision comes less than 48 hours after it was first announced that the Trump administration would reverse a 2014 ban made under President Obama.",right,right
Trump holds off reversing ban on elephant trophy imports,"President Trump says he is putting the ""big game trophy decision on hold"" The decision comes less than 48 hours after it was first announced that the Trump administration would reverse a 2014 ban.",right,right
Trump holds off reversing ban on elephant trophy imports,"President Trump says he is putting the ""big game trophy decision on hold"" The decision comes less than 48 hours after it was first announced that the Trump administration would reverse a 2014 ban on permits.",right,right
Donald Trump Says Joe Lieberman Is His Top Choice For FBI Director,"President Donald Trump is close to selecting an interim candidate to replace former FBI Director James Comey, he told White House reporters on Thursday. Former Sen. Joe Lieberman is his top choice, according to White House pool reports. Lieberman has no federal law enforcement experience and is most associated as a centrist Democrat.",center,left
Donald Trump Says Joe Lieberman Is His Top Choice For FBI Director,"President Donald Trump is close to selecting an interim candidate to replace former FBI Director James Comey, he told White House reporters on Thursday. Former Sen. Joe Lieberman is his top choice, according to White House pool reports. Lieberman was the 2000 Democratic vice presidential nominee.",center,left
Donald Trump Says Joe Lieberman Is His Top Choice For FBI Director,"President Donald Trump is close to selecting an interim candidate to replace former FBI Director James Comey, he told White House reporters on Thursday. Former Sen. Joe Lieberman is his top choice, according to White House pool reports.",center,left
"Double-Dip Recession Possible Without Tax Deal, Obama's Top Economic Aide Warns","White House economic adviser Larry Summers says Congress will pass tax cut deal. Senate Democrats have asked the administration for ""changes"" to the bill, Sen Dick Durbin says. House Democrats are resisting the deal, saying it gives away too much to the wealthy.",right,right
"Double-Dip Recession Possible Without Tax Deal, Obama's Top Economic Aide Warns","White House economic adviser Larry Summers says Congress will pass tax cut deal. Senate Democrats have asked the administration for ""changes"" to the bill, Sen Dick Durbin says. House Democrats are resisting the deal, saying it gives away too much to wealthy.",right,right
"Double-Dip Recession Possible Without Tax Deal, Obama's Top Economic Aide Warns","White House economic adviser Larry Summers says Congress will pass tax cut deal. Senate Democrats have asked the administration for ""changes"" to the bill, Sen. Dick Durbin says. Senate could vote on tax cut bill as early as Thursday.",right,right
Larry Summers: If Tax Deal Goes Down There's A 'Significant Risk' Of A Double Dip Recession,"Senior White House officials raise the stakes on Democrats in their efforts to get a deal passed on the Bush tax cuts. They warn inaction would ""significantly increase the risk"" of a double dip recession. Outgoing senior economic adviser Larry Summers: ""If they [Democrats] don't pass this bill in the next couple weeks""",left,left
Larry Summers: If Tax Deal Goes Down There's A 'Significant Risk' Of A Double Dip Recession,"Senior White House officials raise the stakes on Democrats in their efforts to get a deal passed on the Bush tax cuts. They warn inaction would ""significantly increase the risk"" of a double dip recession. The message was hardly subtle, but it certainly was debatable.",left,left
Larry Summers: If Tax Deal Goes Down There's A 'Significant Risk' Of A Double Dip Recession,"Senior White House officials raise the stakes on Democrats in their efforts to get a deal passed on the Bush tax cuts. They warn inaction would ""significantly increase the risk"" of a double dip recession.",left,left
Michael Steele Criticized for Afghanistan Comments,"Michael Steele: ""This is not something the United States had actively prosecuted or wanted to engage in"" The war in Afghanistan, which has entered its ninth year, was started by former President George W. Bush.",left,center
Michael Steele Criticized for Afghanistan Comments,"Michael Steele: ""This is not something the United States had actively prosecuted or wanted to engage in"" The war in Afghanistan was started by former President George W. Bush in response to the terrorist attacks.",left,center
Michael Steele Criticized for Afghanistan Comments,"Michael Steele: ""This is not something the United States had actively prosecuted or wanted to engage in"" The war in Afghanistan was started by former President George W. Bush.",left,center
"Senate Republicans Vow to Block Dem Legislation Until Tax Cuts, Budget Pass",All 42 members of the GOP caucus are sending the letter to Senate Majority Leader Harry Reid. They say they will bring matters to a standstill unless he swiftly brings those tax-and-spending issues to the floor. That means putting on the backburner a push to repeal the military's policy banning gays.,right,left
"Senate Republicans Vow to Block Dem Legislation Until Tax Cuts, Budget Pass",All 42 members of the GOP caucus are sending the letter to Senate Majority Leader Harry Reid. They say they will bring matters to a standstill unless he swiftly brings those tax-and-spending issues to the floor. A panel of administration officials and bipartisan lawmakers is getting to work Wednesday.,right,left
"Senate Republicans Vow to Block Dem Legislation Until Tax Cuts, Budget Pass",All 42 members of the GOP caucus are sending the letter to Senate Majority Leader Harry Reid. They say they will bring matters to a standstill unless he swiftly brings those tax-and-spending issues to the floor.,right,left
N.A.A.C.P. Challenges Tea Party on Racism,"N.A.C.P. president says the resolution was not an attempt to label the entire Tea Party movement as racist. Sarah Palin, the 2008 Republican vice presidential nominee, weighed in to defend the movement on Monday.",left,center
N.A.A.C.P. Challenges Tea Party on Racism,"N.A.C.P. president says the resolution was not an attempt to label the entire Tea Party movement as racist. Sarah Palin, the 2008 Republican vice presidential nominee, weighed in to defend the Tea Party.",right,center
N.A.A.C.P. Challenges Tea Party on Racism,"N.A.C.P. president says the resolution was not an attempt to label the entire Tea Party movement as racist. Sarah Palin, the 2008 Republican vice presidential nominee, weighed in to defend the movement.",right,center
Reid: Mosque Should Be Built Someplace Else,"President Obama has not endorsed the ""Ground Zero"" mosque. Senate Majority Leader Harry Reid says the mosque should be built elsewhere.",right,center
Reid: Mosque Should Be Built Someplace Else,"President Obama has not endorsed the ""Ground Zero mosque"" Senate Majority Leader Harry Reid says the mosque should be built elsewhere.",right,center
Reid: Mosque Should Be Built Someplace Else,"President Obama has not endorsed the ""Ground Zero"" mosque. Senate Majority Leader Harry Reid says the mosque should be elsewhere.",right,center
Reid Breaks With Obama Over Proposed Ground Zero Mosque,Reid says Park 51 project should be built elsewhere. White House says Obama didn't make political hay with remarks. Republicans criticize Schumer for not speaking out on the issue.,right,right
Reid Breaks With Obama Over Proposed Ground Zero Mosque,Reid says Park 51 project should be built elsewhere. White House says Obama didn't make political hay with remarks. Republicans criticize Sen. Charles Schumer for not speaking out.,right,right
Reid Breaks With Obama Over Proposed Ground Zero Mosque,Reid says Park 51 project should be built elsewhere. White House says Obama didn't make political hay with remarks. Republicans criticize Schumer for not speaking out on issue.,right,right
Glenn Beck Rips Progressivism at CPAC,"Glenn Beck blamed ""progressivism"" for America's problems in his keynote speech. Beck rejected the notion that the Republican Party should expand its tent to include progressives. The speech capped three days of panel discussions and high-profile speakers.",center,center
Glenn Beck Rips Progressivism at CPAC,"Glenn Beck blamed ""progressivism"" for America's problems. Beck rejected the notion that the Republican Party should expand its tent to include progressives. The speech capped three days of panel discussions and high-profile speakers.",right,center
Glenn Beck Rips Progressivism at CPAC,"Glenn Beck blamed ""progressivism"" for America's problems in his keynote speech. Beck rejected the notion that the Republican Party should expand its tent to include progressives. ""America is not a clown show,"" Beck said.",right,center
White House Used Bill Clinton to Ask Sestak to Drop Out of Race,"President Obama's chief of staff asked former President Bill Clinton to see if Rep. Joe Sestak would drop out of Pennsylvania’s Democratic Senate primary if given a prominent, but unpaid, advisory position. The White House disputed Republican claims that the conversations might be illegal or improper. “There was no such impropriety,” a White House counsel said.",center,center
White House Used Bill Clinton to Ask Sestak to Drop Out of Race,"President Obama's chief of staff asked former President Bill Clinton to see if Rep. Joe Sestak would drop out of Pennsylvania’s Democratic Senate primary if given a prominent, but unpaid, advisory position. The White House disputed Republican claims that the conversations might be illegal or improper.",center,center
White House Used Bill Clinton to Ask Sestak to Drop Out of Race,"President Obama's chief of staff asked former President Bill Clinton to see if Rep. Joe Sestak would drop out of Pennsylvania’s Democratic Senate primary if given a prominent, but unpaid, advisory position. White House disputed Republican claims that the conversations might be illegal or improper.",center,center
"While Blumenthal Retains Washington Support, Republicans Smell Opening in CT","Democratic Attorney General Richard Blumenthal was once thought to be a shoo-in for the seat being vacated by Sen. Chris Dodd, D-CT. Blumenthal's campaign disputed a report in the New York Times as an ""outrageous distortion"" of his service in the Marines. Blumenthal will face the winner of the GOP primary on August 10.",right,center
"While Blumenthal Retains Washington Support, Republicans Smell Opening in CT","Blumenthal's campaign disputed a report in the New York Times as an ""outrageous distortion"" of his service in the Marines. Sen. John Cornyn, R-TX, who heads the GOP campaign committee, said Tuesday, ""I think it's a blockbuster revelation"" Blumenthal will face the winner of the GOP primary on August 10.",right,center
"While Blumenthal Retains Washington Support, Republicans Smell Opening in CT","Democratic Attorney General Richard Blumenthal was once thought to be a shoo-in for the seat being vacated by Sen. Chris Dodd, D-CT. Blumenthal's campaign disputed a report in the New York Times as an ""outrageous distortion"" of his service in the Marines.",right,center
Richard Blumenthal Calls NYT Report 'Outrageous Distortion',Blumenthal says he's always tried to make it clear his Marine Reserve service never took him overseas. Blumenthal obtained at least five military deferments from 1965 to 1970 and took repeated steps that enabled him to avoid going to war.,right,left
Richard Blumenthal Calls NYT Report 'Outrageous Distortion',"Blumenthal says he's always tried to make it clear his Marine Reserve service never took him overseas. Blumenthal obtained at least five military deferments from 1965 to 1970 and took repeated steps that enabled him to avoid going to war, records show.",center,left
Richard Blumenthal Calls NYT Report 'Outrageous Distortion',Blumenthal says he's always tried to make it clear his Marine Reserve service never took him overseas. Blumenthal obtained at least five military deferments from 1965 to 1970 and took repeated steps that enabled him to avoid war.,right,left
Steele to Announce Decision on R.N.C. Run,Michael Steele is expected to disclose his intentions during a conference call with committee members on Monday evening. At least six top Republicans have already taken steps to run for party chairman. Several members have withdrawn their support for Mr. Steele.,center,center
Steele to Announce Decision on R.N.C. Run,Michael Steele is expected to disclose his intentions during a conference call with committee members on Monday evening. At least six top Republicans have already taken steps to run for party chairman. Several members have withdrawn their support for Mr. Steele.,center,center
Steele to Announce Decision on R.N.C. Run,Michael Steele is expected to disclose his intentions during a conference call with committee members on Monday evening. At least six top Republicans have already taken steps to run for party chairman.,center,center
"Etheridge, Caught on Video, Apologizes ","Rep. Bob Etheridge, Democrat of North Carolina, issued an apology on Monday for grabbing a young man by the hand, arm and neck. The man tried to ask him whether he supports President Obama’s agenda. “I deeply and profoundly regret my reaction and I apologize to all involved,” Mr. Etheridge said.",left,center
"Etheridge, Caught on Video, Apologizes ","Rep. Bob Etheridge, Democrat of North Carolina, issued an apology on Monday for grabbing a young man by the hand, arm and neck. The man tried to ask him whether he supports President Obama’s agenda. “I deeply and profoundly regret my reaction and I apologize to all involved,’ Mr. Etheridge said.",left,center
"Etheridge, Caught on Video, Apologizes ","Rep. Bob Etheridge, Democrat of North Carolina, issued an apology on Monday for grabbing a young man by the hand, arm and neck. The man tried to ask him whether he supports President Obama’s agenda. The video received widespread attention on Monday after it was posted on the Web site of Andrew Breitbart.",left,center
Bob Etheridge Attacks Student: North Carolina Congressman Gets Rough With Interviewer,"Rep. Bob Etheridge (D-N.C.) apologized for his combative behavior over the weekend in a statement released by his office. In the video, the North Carolina lawmaker is seen approaching the camera, while the reporter asks, “Hi, Congressman. How are you? Do you fully support the Obama agenda?”",center,left
Bob Etheridge Attacks Student: North Carolina Congressman Gets Rough With Interviewer,"Rep. Bob Etheridge (D-N.C.) apologized for his combative behavior over the weekend in a statement released by his office. In the video, the North Carolina lawmaker is seen approaching the camera, while the reporter asks, “Hi, Congressman. How are you? Do you fully support the Obama agenda?’",center,left
Bob Etheridge Attacks Student: North Carolina Congressman Gets Rough With Interviewer,"Rep. Bob Etheridge (D-N.C.) apologized for his combative behavior over the weekend in a statement released by his office. The North Carolina lawmaker is seen approaching the camera, while the reporter asks, “Hi, Congressman. How are you? Do you fully support the Obama agenda?”",center,left
G.O.P. Seizes on Mosque Issue Ahead of Elections,Top Democrat Harry Reid of Nevada said through a spokesman that those who plan to erect the Islamic center should look elsewhere. That separates Mr. Reid from President Obama’s support of the developers’ right to build the center.,right,left
G.O.P. Seizes on Mosque Issue Ahead of Elections,Top Democrat Harry Reid of Nevada said through a spokesman that those who plan to erect the Islamic center should look elsewhere. Republicans said Mr. Obama’s defense of the right of the developers to pursue the project showed that he was out of touch with Americans.,right,left
G.O.P. Seizes on Mosque Issue Ahead of Elections,Top Democrat Harry Reid of Nevada said through a spokesman that those who plan to erect the Islamic center should look elsewhere. Republicans said Mr. Obama’s defense of the right of the developers to pursue the project showed that he was out of touch.,right,left
Calling The Senate GOP's Bluff: Multiple Bills Likely To Come Up Before Tax Cuts,"Senate Majority Leader Harry Reid plans to file cloture this week on at least three measures. If it happens tonight, any of the bills could come before the Senate for a vote. Sen. Susan Collins' reportedly open to voting to proceed on repealing Don't Ask, Don't Tell.",right,center
Calling The Senate GOP's Bluff: Multiple Bills Likely To Come Up Before Tax Cuts,"Senate Majority Leader Harry Reid plans to file cloture this week on at least three measures. If it happens tonight, any of the bills could come before the Senate for a vote. There could be some cracks in the GOP coalition to stand firm against any non-budget or tax cuts legislation.",center,center
Calling The Senate GOP's Bluff: Multiple Bills Likely To Come Up Before Tax Cuts,"Senate Majority Leader Harry Reid plans to file cloture this week on at least three measures. A senior Democratic staffer told The Huffington Post that it was likely to happen tonight or tomorrow. If it happens tonight, any of the bills could come before the Senate for a vote.",left,center
Senate Republicans: No Legislation Until After Tax Cut Extension,"Democrats in the Senate hoping to pass nonbudget-related legislation in the lame-duck session were put on notice by their Republican colleagues Wednesday morning. Washington is locked in a battle over what to do about the Bush-era tax cuts, which expire at the end of the year.",center,right
Senate Republicans: No Legislation Until After Tax Cut Extension,"Democrats in the Senate hoping to pass nonbudget-related legislation in the lame-duck session were put on notice by their Republican colleagues. Washington is locked in a battle over what to do about the Bush-era tax cuts, which expire at the end of the year.",center,right
Senate Republicans: No Legislation Until After Tax Cut Extension,"Democrats in the Senate were hoping to pass nonbudget-related legislation in the lame-duck session. Washington is locked in a battle over what to do about the Bush-era tax cuts, which expire at the end of the year.",right,right
NAACP Condemns Tea Party Racism In Resolution,NAACP adopts resolution condemning racism within the political movement. Tea party organizers dispute claims of racism and call on the NAACP to withdraw the resolution. The final wording won't be released until the NAACP's national board of directors approves it.,right,left
NAACP Condemns Tea Party Racism In Resolution,NAACP adopts resolution condemning racism within the political movement. Tea party organizers dispute claims of racism and call on the NAACP to withdraw the resolution. Final wording won't be released until the NAACP's national board of directors approves it.,right,left
NAACP Condemns Tea Party Racism In Resolution,NAACP adopts resolution condemning racism in the tea party. Tea party organizers call on the NAACP to withdraw the resolution.,right,left
NAACP Resolution Calls on Tea Party to Repudiate 'Racist Elements' in Movement,"NAACP adopts resolution condemning ""racist elements"" in the Tea Party movement. The civil rights group calls on the movement's leaders to repudiate bigotry in their ranks. The St. Louis Tea Party accuses the NAACP of playing the ""race card""",left,right
NAACP Resolution Calls on Tea Party to Repudiate 'Racist Elements' in Movement,"NAACP adopts resolution condemning ""racist elements"" in the Tea Party movement. The civil rights group calls on the movement's leaders to repudiate bigotry. The St. Louis Tea Party accuses the NAACP of playing the ""race card""",left,right
NAACP Resolution Calls on Tea Party to Repudiate 'Racist Elements' in Movement,"NAACP adopts resolution condemning ""racist elements"" in the Tea Party movement. The civil rights group calls on the movement's leaders to repudiate bigotry. The St. Louis Tea Party accuses the NAACP of playing the race card.",right,right
GOP Senators Keep Pressure on Steele Over 'Inaccurate' Afghanistan Comments,"GOP Sen. Jim DeMint says Steele needs to ""refocus"" on the November election. Sen. John McCain says Steele's comments were ""wildly inaccurate"" Weekly Standard Editor Bill Kristol says Steele still needs to go. Steele issued a statement saying he hoped his statement would ""clear up any confusion""",right,right
GOP Senators Keep Pressure on Steele Over 'Inaccurate' Afghanistan Comments,"GOP Sen. Jim DeMint says Steele needs to ""refocus"" on the November election. Sen. John McCain says Steele's comments were ""wildly inaccurate"" Weekly Standard Editor Bill Kristol says Steele still needs to go. Steele issued a statement saying he hopes his statement will ""clear up any confusion""",right,right
GOP Senators Keep Pressure on Steele Over 'Inaccurate' Afghanistan Comments,"GOP Sen. Jim DeMint says Steele needs to ""refocus"" on the November election. Sen. John McCain says Steele's comments were ""wildly inaccurate"" Weekly Standard Editor Bill Kristol says Steele still needs to go.",right,right
Michael Steele’s Afghanistan Comments Stir Up Furious Reaction From Conservatives,RNC chairman Michael Steele was caught on camera saying that Afghanistan is a largely unwinnable war of President Obama’s choosing. Bill Kristol — still an influential voice among Republican lawmakers — wrote a letter to Steele calling for the RNC leader's resignation.,right,left
Michael Steele’s Afghanistan Comments Stir Up Furious Reaction From Conservatives,RNC chairman Michael Steele was caught on camera saying that Afghanistan is a largely unwinnable war of President Obama’s choosing. Bill Kristol — still an influential voice among Republican lawmakers — wrote a letter to Steele calling for his resignation.,center,left
Michael Steele’s Afghanistan Comments Stir Up Furious Reaction From Conservatives,RNC chairman Michael Steele was caught on camera saying that Afghanistan is a largely unwinnable war of President Obama’s choosing.,right,left
"Biden Tries, Again, to Sell Tax Compromise to Hill Democrats",Obama disputed that Democrats generally feel betrayed by his deal with Congressional Republicans on the tax cuts. The administration has been pushing back hard against criticism from fellow Democrats that the president has caved too much to Republicans. The White House circulated a series of e-mails quoting endorsements from private-sector economic forecasters.,center,center
"Biden Tries, Again, to Sell Tax Compromise to Hill Democrats",Obama disputed that Democrats generally feel betrayed by his deal with Congressional Republicans on the tax cuts. The administration has been pushing back hard against criticism from fellow Democrats that the president has caved too much to Republicans.,right,center
"Biden Tries, Again, to Sell Tax Compromise to Hill Democrats",Obama disputed that Democrats generally feel betrayed by his deal with Congressional Republicans on the tax cuts. Vice President Joseph R. Biden Jr. planned to return to Capitol Hill this afternoon to meet with House Democrats.,center,center
Michael Steele's End Could Be Near,RNC Chairman Michael Steele is expected by some to announce that he will not seek a second term as the head of the Republican National Committee. Multiple sources tell Fox News that they believe Steele will drop out of the race. His increasing seclusion and detachment from other Republican advisers has made his forthcoming decision difficult to ascertain.,right,center
Michael Steele's End Could Be Near,RNC Chairman Michael Steele is expected by some to announce that he will not seek a second term as the head of the Republican National Committee. Multiple sources tell Fox News that they believe Steele will drop out of the race.,right,center
Michael Steele's End Could Be Near,"RNC Chairman Michael Steele is expected by some to announce that he will not seek a second term as the head of the Republican National Committee, according to multiple reports. Many predict that Steele will call it quits after his current term.",center,center
RNC Chairman Steele to Announce Intentions on a Second Term, Steele is expected to announce he is not running for re-election. Some close to the GOP chairman say he wants to run for another term and is struggling to find enough support.,right,center
RNC Chairman Steele to Announce Intentions on a Second Term, Steele is expected to announce he is not running for re-election. Some close to the GOP chairman say he wants to run for another term.,right,center
RNC Chairman Steele to Announce Intentions on a Second Term, Steele is expected to announce he is not running for re-election. Some close to Steele say he wants to run for another term.,right,center
N.C. Congressman Apologizes for Physical Confrontation With Man in Washington,"North Carolina Rep. Bob Etheridge is seen in an amateur video grabbing the wrist and neck of an unidentified young man. Etheridge: ""No matter how partisan and no matter how difficult things get sometimes, that's no excuse for my response"" Etheridge, a Democrat, is running for re-election.",center,center
N.C. Congressman Apologizes for Physical Confrontation With Man in Washington,"North Carolina Rep. Bob Etheridge is seen in an amateur video grabbing the wrist and neck of an unidentified young man. Etheridge, a Democrat, is seen trying to snatch a cell phone camera out of the student's hands. He is running for re-election against Republican Renee Ellmers.",center,center
N.C. Congressman Apologizes for Physical Confrontation With Man in Washington,"North Carolina Rep. Bob Etheridge is seen in an amateur video grabbing the wrist and neck of an unidentified young man. Etheridge, a Democrat, is seen trying to snatch a cell phone camera out of the student's hands. He is running for re-election in November.",center,center
White House Asked Bill Clinton to Urge Sestak to Drop Out of Senate Race,"Clinton initiated conversations with Sestak at the behest of White House Chief of Staff Rahm Emanuel. Clinton initiated conversations at behest of Emanuel, who was Clinton's political director when he was president. A White House official said the plan always was for Sestk to remain in the House. ""This is punishable by prison. This is a felony,"" said Rep. Darrell Issa.",right,right
White House Asked Bill Clinton to Urge Sestak to Drop Out of Senate Race,"Clinton initiated conversations with Sestak at the behest of White House Chief of Staff Rahm Emanuel. Clinton initiated conversations at behest of Emanuel, who was Clinton's political director when he was president. A White House official said the plan always was for Sestk to remain in the House. ""This is punishable by prison. This is a felony,"" says Rep. Darrell Issa.",right,right
White House Asked Bill Clinton to Urge Sestak to Drop Out of Senate Race,"Clinton initiated conversations with Sestak at the behest of White House Chief of Staff Rahm Emanuel. Clinton initiated conversations at behest of Emanuel, who was Clinton's political director when he was president. A White House official said the plan always was for Sestk to remain in the House.",left,right
White House Asked Bill Clinton To Talk To Joe Sestak About Senate Run,"Source: Rep. Joe Sestak was offered a prominent but uncompensated, advisory position if he declined to enter the Pennsylvania Senate primary race. The offer was made by White House Chief of Staff Rahm Emanuel through a prominent intermediary -- former President Bill Clinton. The White House initiated the conversation, which occurred over phone.",right,left
White House Asked Bill Clinton To Talk To Joe Sestak About Senate Run,"Source: Rep. Joe Sestak was offered a prominent but uncompensated, advisory position if he declined to enter the Pennsylvania Senate primary race. The offer was made by White House Chief of Staff Rahm Emanuel through a prominent intermediary -- former President Bill Clinton. Source: No laws were broken in the process of offering the position.",right,left
White House Asked Bill Clinton To Talk To Joe Sestak About Senate Run,"Source: Rep. Joe Sestak was offered a prominent but uncompensated, advisory position if he declined to enter the Pennsylvania Senate primary race. The offer was made by White House Chief of Staff Rahm Emanuel through a prominent intermediary -- former President Bill Clinton. The White House initiated the conversation over phone.",right,left
Richard Blumenthal's Words on Vietnam Service Differ From History,Connecticut Attorney General Richard Blumenthal never served in Vietnam. He obtained at least five military deferments from 1965 to 1970. The deferments allowed Mr. Blumenthal to complete his studies at Harvard.,center,right
Richard Blumenthal's Words on Vietnam Service Differ From History,Connecticut Attorney General Richard Blumenthal never served in Vietnam. He obtained at least five military deferments from 1965 to 1970. The deferments allowed him to complete his studies and pursue a graduate fellowship.,center,right
Richard Blumenthal's Words on Vietnam Service Differ From History,Connecticut Attorney General Richard Blumenthal never served in Vietnam. He obtained at least five military deferments from 1965 to 1970. The deferments allowed him to complete his studies at Harvard.,center,right
Beck Wows the CPAC Crowd,Glenn Beck was the closing speaker of the Conservative Political Action Conference. He ripped the roof off a Washington hotel with a sweeping denunciation of progressivism. He aimed his fire at Republicans as well as Democrats.,left,right
Beck Wows the CPAC Crowd,Glenn Beck was the closing speaker of the Conservative Political Action Conference. He ripped the roof off a Washington hotel with a sweeping denunciation of progressivism.,left,right
Beck Wows the CPAC Crowd,Glenn Beck was the closing speaker of the Conservative Political Action Conference. He ripped the roof off a Washington hotel Saturday with a sweeping denunciation of progressivism.,center,right
Glenn Beck CPAC 2010 Speech VIDEO: Republicans Don't Need A Big Tent,"Glenn Beck closed three-day conservative conference by demanding GOP get its house in order. ""I haven't seen the Come-To-Jesus moment from Republicans yet,"" he said. Beck: Progressivism ""is eating the Constitution""",left,left
Glenn Beck CPAC 2010 Speech VIDEO: Republicans Don't Need A Big Tent,"Glenn Beck closed three-day conservative conference by demanding GOP get its house in order. ""I haven't seen the Come-To-Jesus moment from Republicans yet,"" he said. Beck: Progressivism ""is eating the Constitution.""",right,left
Glenn Beck CPAC 2010 Speech VIDEO: Republicans Don't Need A Big Tent,"Glenn Beck closed three-day conservative conference by demanding GOP get its house in order. ""I haven't seen the Come-To-Jesus moment from Republicans yet,"" he said.",right,left
Mueller Disputes BuzzFeed Report That Trump Told Michael Cohen To Lie To Congress,The special counsel’s office says it has “no indication’ that any of the information in the report is inaccurate’ The report claims that President Donald Trump directed his employees to lie to Congress about the Trump Tower Moscow deal.,left,center
Mueller Disputes BuzzFeed Report That Trump Told Michael Cohen To Lie To Congress,The special counsel’s office says it has “no indication’ that any of the information in the report is inaccurate’ The report claims that President Donald Trump directed his employees to lie to Congress about the Trump Tower deal.,left,center
Mueller Disputes BuzzFeed Report That Trump Told Michael Cohen To Lie To Congress,The special counsel’s office says it has “no indication’ that any of the information in the report is inaccurate’ The report claims that President Donald Trump ordered his staff to lie to Congress.,left,center
Mueller Statement Disputes Report That Trump Directed Cohen to Lie,"A spokesman for the special counsel, Robert S. Mueller III, challenged the facts of an article published by BuzzFeed News. The article said that Mr. Cohen had told prosecutors about being pressured by the president.",center,left
Mueller Statement Disputes Report That Trump Directed Cohen to Lie,"A spokesman for the special counsel, Robert S. Mueller III, challenged the facts of an article published by BuzzFeed News on Thursday. The article said that Mr. Cohen had told prosecutors about being pressured by the president.",center,left
Mueller Statement Disputes Report That Trump Directed Cohen to Lie,"A spokesman for the special counsel, Robert S. Mueller III, challenged the facts of an article published by BuzzFeed News on Thursday.",left,left
Rashida Tlaib's Expletive-Laden Cry to Impeach Trump Upends Democrats' Talking Points,"President Trump said he asked House Speaker Nancy Pelosi if Democrats planned to impeach him. A camera captured Rep. Rashida Tlaib of Michigan promising profanely to impeachment. Republicans, eager to portray Democrats as out to destroy Mr. Trump’s presidency, piled on criticism.",center,center
Rashida Tlaib's Expletive-Laden Cry to Impeach Trump Upends Democrats' Talking Points,"President Trump said he asked House Speaker Nancy Pelosi if Democrats planned to impeach him. A camera captured Rep. Rashida Tlaib of Michigan promising profanely to impeachment. Republicans, eager to portray Democrats as out to destroy Mr. Trump’s presidency, piled on the criticism.",center,center
Rashida Tlaib's Expletive-Laden Cry to Impeach Trump Upends Democrats' Talking Points,"President Trump said he asked House Speaker Nancy Pelosi if Democrats planned to impeach him. A camera captured Rep. Rashida Tlaib of Michigan promising profanely to impeachment. Republicans, eager to portray Democrats as out to destroy Mr. Trump’s presidency, piled on.",center,center
Trump announces deal to end partial government shutdown,President Trump says he will support a short-term spending bill to re-open the government. The deal would keep the government open for three weeks until Feb. 15. The shutdown was sparked by disagreement over President Trump’s demand for $5.7 billion in funding for a wall on the southern border.,center,center
Trump announces deal to end partial government shutdown,President Trump says he will support a short-term spending bill to re-open the government. The deal would keep the government open for three weeks until Feb. 15. The shutdown was sparked by disagreement over President Trump’s demand for $5.7 billion in funding for a wall or steel barrier.,center,center
Trump announces deal to end partial government shutdown,President Trump says he will support a short-term spending bill to re-open the government. The deal would keep the government open for three weeks until Feb. 15. The shutdown was sparked by disagreement over President Trump’s demand for $5.7 billion in funding for a wall.,center,center
"Trump Declares a National Emergency, and Provokes a Constitutional Clash",President Trump declared a national emergency on the border with Mexico on Friday. He wants to access billions of dollars that Congress refused to give him to build a wall there. Democrats called it an unconstitutional abuse of his authority.,center,left
"Trump Declares a National Emergency, and Provokes a Constitutional Clash",President Trump declared a national emergency on the border with Mexico on Friday. He wants to access billions of dollars that Congress refused to give him to build a wall. Democrats called it an unconstitutional abuse of his authority.,center,left
"Trump Declares a National Emergency, and Provokes a Constitutional Clash",President Trump declared a national emergency on the border with Mexico on Friday. He wants to access billions of dollars that Congress refused to give him to build a wall there.,center,left
"Trump declares emergency on border, eyes $8B for wall as he signs spending package",President Trump signs spending bill that includes just $1.4 billion for border security. White House plans to move $8 billion in currently appropriated or available funds toward construction of the wall. $3 billion of that money could be diverted with help from the emergency declaration.,center,center
"Trump declares emergency on border, eyes $8B for wall as he signs spending package",President Trump signs spending bill that includes just $1.4 billion for border security. White House plans to move $8 billion in currently appropriated or available funds toward construction of the wall. $3 billion could be diverted with help from the emergency declaration.,center,center
"Trump declares emergency on border, eyes $8B for wall as he signs spending package",President Trump signs spending bill that includes just $1.4 billion for border security. White House plans to move $8 billion in currently appropriated or available funds toward construction of the wall. $3 billion could be diverted with help from emergency declaration.,center,center
"Indicting Roger Stone, Mueller Shows Link Between Trump Campaign and WikiLeaks","Roger J. Stone Jr. was charged with seven counts, including obstruction, making false statements and witness tampering. The indictment made no mention of whether Mr. Trump played a role in the coordination, though Mr. Mueller did leave a curious clue about how high in the campaign the effort reached.",center,left
"Indicting Roger Stone, Mueller Shows Link Between Trump Campaign and WikiLeaks","Roger J. Stone Jr. was charged with seven counts, including obstruction, making false statements and witness tampering. The indictment is the first in months by Robert S. Mueller III, who is investigating Russia’s interference in the 2016 election and possible coordination with Trump associates.",left,left
"Indicting Roger Stone, Mueller Shows Link Between Trump Campaign and WikiLeaks","Roger J. Stone Jr. was charged with seven counts, including obstruction, making false statements and witness tampering. The indictment is the first in months by Robert S. Mueller III, who is investigating Russia’s interference in the 2016 election.",left,left
"House approves sweeping Dem election reform bill, amid First Amendment concerns","The House approved the plan 234-193. The measure is not expected to succeed in the Senate, where Majority Leader Mitch McConnell has said the bill is dead on arrival. The bill institutes a public financing system for congressional campaigns.",center,right
"House approves sweeping Dem election reform bill, amid First Amendment concerns","The House approved the plan 234-193. The measure is not expected to succeed in the Senate, where Majority Leader Mitch McConnell has said the bill is dead on arrival.",center,right
"House approves sweeping Dem election reform bill, amid First Amendment concerns",The House approved the plan 234-193. The measure is not expected to succeed in the Senate. The bill institutes a public financing system for congressional campaigns.,center,right
House Passes Democrats’ Centerpiece Anti-Corruption and Voting Rights Bill,"The sweeping legislation, passed 234-193, makes good on the campaign pledge to clean up Washington that helped catapult Democrats into the majority. It also serves as a campaign platform for Democrats ahead of 2020. It has virtually no chance of passing the Senate.",center,center
House Passes Democrats’ Centerpiece Anti-Corruption and Voting Rights Bill,"The sweeping legislation, passed 234-193, makes good on the campaign pledge to clean up Washington. It also serves as a campaign platform for Democrats ahead of 2020. It has virtually no chance of passing the Senate.",center,center
House Passes Democrats’ Centerpiece Anti-Corruption and Voting Rights Bill,"The sweeping legislation, passed 234-193, makes good on the campaign pledge to clean up Washington. It also serves as a campaign platform for Democrats ahead of 2020. The bill has virtually no chance of passing the Senate.",center,center
House Intelligence Committee Republicans Demand Chairman Adam Schiff's Resignation,"Nine GOP members of the House Intelligence Committee are calling on Rep. Adam Schiff (D-Calif.) to resign as its chairman. Schiff has maintained his strong belief that the Trump campaign colluded with Russia, after the nearly two-year probe came to an end.",center,left
House Intelligence Committee Republicans Demand Chairman Adam Schiff's Resignation,"Nine GOP members of the House Intelligence Committee are calling on Rep. Adam Schiff (D-Calif.) to resign as its chairman. Schiff has maintained his strong belief that the Trump campaign colluded with Russia, after the probe came to an end last week.",center,left
House Intelligence Committee Republicans Demand Chairman Adam Schiff's Resignation,"Nine GOP members of the House Intelligence Committee are calling on Rep. Adam Schiff (D-Calif.) to resign as its chairman. Schiff has maintained his belief that the Trump campaign colluded with Russia, after the probe came to an end last week.",center,left
Demands for Adam Schiff's Head Highlight Chasm That Only Widened With Mueller's Conclusion,"House Intelligence Committee is holding its first hearing since Robert S. Mueller III completed his report on Russia's interference in the 2016 election. Republicans demanded the resignation of the committee's chairman, Rep. Adam B. Schiff. The Republican demand and the barbed response of Mr. Schiff echoed well outside the wood-paneled hearing room.",center,center
Demands for Adam Schiff's Head Highlight Chasm That Only Widened With Mueller's Conclusion,"House Intelligence Committee is holding its first hearing since Robert S. Mueller III completed his report on Russia's interference in the 2016 election. Republicans demanded the resignation of the committee's chairman, Rep. Adam B. Schiff. The Republican demand and the barbed response of Mr. Schiff echoed well outside the hearing room.",center,center
Demands for Adam Schiff's Head Highlight Chasm That Only Widened With Mueller's Conclusion,"House Intelligence Committee is holding its first hearing since Robert S. Mueller III completed his report on Russia's interference in the 2016 election. Republicans demanded the resignation of the committee's chairman, Rep. Adam B. Schiff.",center,center
Trump’s Border Wall Shutdown Continues Into A New Congress With A Democratic House,"The partial government shutdown is nearing the two-week mark. About 800,000 federal employees face real problems with their household finances. About a quarter of the government ran out of operating money at midnight Dec. 21.",center,left
Trump’s Border Wall Shutdown Continues Into A New Congress With A Democratic House,"The partial government shutdown is nearing the two-week mark. About 800,000 federal employees face real problems with their household finances. About a quarter of the federal government ran out of operating money at midnight December 21.",center,left
Trump’s Border Wall Shutdown Continues Into A New Congress With A Democratic House,"The partial government shutdown is nearing the two-week mark. About 800,000 federal employees face real problems with their household finances. About a quarter of the federal government ran out of operating money at midnight.",center,left
Trump says he could keep shutdown going for months or years,"President Trump and Democratic congressional leaders dug in Wednesday for a lengthy partial shutdown in a newly divided government. During the contentious meeting in the Situation Room, Mr. Trump made his case for a wall on the southwestern border.",center,center
Trump says he could keep shutdown going for months or years,"President Trump and Democratic congressional leaders dug in Wednesday for a lengthy partial shutdown in a newly divided government. During the contentious meeting in the Situation Room, Mr. Trump made his case for a wall on the southwestern border and rejected Democrats’ proposals.",center,center
Trump says he could keep shutdown going for months or years,"President Trump and Democratic congressional leaders dug in Wednesday for a lengthy partial shutdown in a newly divided government. During the contentious meeting, Mr. Trump made his case for a wall on the southwestern border.",center,center
Trump’s immigration offer brings sharp reactions from Dems and GOP,"President Trump offered Democrats a three-year extension of protections for 700,000 Deferred Action for Childhood Arrivals (DACA) recipients, in exchange for the $5.7 billion he has been seeking for a barrier along the nation's southern border.",center,center
Trump’s immigration offer brings sharp reactions from Dems and GOP,"President Trump offered Democrats a three-year extension of protections for 700,000 Deferred Action for Childhood Arrivals (DACA) recipients. He has been seeking for a barrier along the nation's southern border with Mexico.",center,center
Trump’s immigration offer brings sharp reactions from Dems and GOP,"President Trump offered Democrats a three-year extension of protections for 700,000 Deferred Action for Childhood Arrivals (DACA) recipients, in exchange for the $5.7 billion he has been seeking for a barrier.",center,center
"As Mueller findings released, 2020 Dems demand to see 'whole damn report'","Sen. Bernie Sanders: ""I don't want a summary of the report! I want the whole damn report because nobody, especially this president, is above the law"" Sen. Kamala Harris: ""A short letter from Trump's hand-picked Attorney General is not sufficient"" Former Texas Rep. Beto O'Rourke: Trump is ""one of the most racist and uncivil presidents we have ever had""",left,center
"As Mueller findings released, 2020 Dems demand to see 'whole damn report'","Sen. Bernie Sanders: ""I don't want a summary of the report! I want the whole damn report because nobody, especially this president, is above the law"" Sen. Kamala Harris: ""The American people deserve to see the full report. The public deserves answers now-our democracy depends on it""",left,center
"As Mueller findings released, 2020 Dems demand to see 'whole damn report'","Sen. Bernie Sanders: ""I don't want a summary of the report! I want the whole damn report because nobody, especially this president, is above the law"" Sen. Kamala Harris: ""A short letter from Trump's hand-picked Attorney General is not sufficient""",left,center
Trump Declares National Emergency To Fund U.S.-Mexico Border Wall,President Donald Trump declares a national emergency at the southern U.S. border. He wants to unilaterally seize funding to begin building his long-promised wall. The move sets up a legal battle that could tie up the president’s signature project for months or years.,center,center
Trump Declares National Emergency To Fund U.S.-Mexico Border Wall,President Donald Trump declares a national emergency at the southern U.S. border. He wants to unilaterally seize funding to begin building his long-promised wall. The move sets up a legal battle that could tie up the president’s signature project for months.,center,center
Trump Declares National Emergency To Fund U.S.-Mexico Border Wall,President Donald Trump declares a national emergency at the southern U.S. border. He wants to unilaterally seize funding to begin building his long-promised wall. The move sets up a legal battle that could tie up the president's signature project for months or years.,center,center
House Democrats Pass Landmark Campaign Finance And Voting Rights Reform Bill,"The For The People Act was Democrats’ top priority upon winning control of the House in the 2018 elections. It would dramatically expand voting access, create publicly funded House elections, enhance the transparency of money in politics and end partisan gerrymandering. The vote broke down on party lines, with Republicans in hardened opposition.",center,left
House Democrats Pass Landmark Campaign Finance And Voting Rights Reform Bill,"The For The People Act was Democrats’ top priority upon winning control of the House in the 2018 elections. It would dramatically expand voting access, create publicly funded House elections, enhance the transparency of money in politics, restore voting rights to millions of ex-felons and end partisan gerrymandering.",center,left
House Democrats Pass Landmark Campaign Finance And Voting Rights Reform Bill,"The For The People Act was Democrats’ top priority upon winning control of the House in the 2018 elections. It would dramatically expand voting access, create publicly funded House elections, enhance the transparency of money in politics, restore voting rights to millions of ex-felons, strengthen executive branch ethics law.",center,left
FBI's show of force in Roger Stone arrest spurs criticism of Mueller tactics,Roger Stone was arrested early Friday morning at his Florida home. More than a dozen special agents clad in tactical gear raided Stone's property. Stone was indicted by a federal grand jury a day earlier as part of Mueller’s investigation into Russian meddling.,center,right
FBI's show of force in Roger Stone arrest spurs criticism of Mueller tactics,Roger Stone was arrested early Friday morning at his Florida home. More than a dozen special agents clad in tactical gear raided Stone's property. Stone was indicted by a federal grand jury a day earlier as part of Special Counsel Robert Mueller's investigation.,center,right
FBI's show of force in Roger Stone arrest spurs criticism of Mueller tactics,Roger Stone was arrested early Friday morning at his Florida home. More than a dozen special agents clad in tactical gear raided Stone's property. Stone was indicted by a federal grand jury a day earlier as part of Mueller’s investigation.,center,right
Trump Associate Roger Stone Indicted In Mueller Investigation,"Roger Stone, a longtime Republican operative, is charged with obstruction of an official proceeding, false statements and witness tampering. FBI agents arrested him at his home in Fort Lauderdale, Florida, and he appeared in court later Friday. Stone worked on presidential campaigns for Nixon, Reagan, Dole and others.",center,center
Trump Associate Roger Stone Indicted In Mueller Investigation,"Roger Stone, a longtime Republican operative, is charged with obstruction of an official proceeding, false statements and witness tampering. FBI agents arrested him at his home in Fort Lauderdale, Florida, and he appeared in court later Friday.",center,center
Trump Associate Roger Stone Indicted In Mueller Investigation,"Roger Stone, a longtime Republican operative, is charged with obstruction of an official proceeding, false statements and witness tampering. FBI agents arrested him at his home in Fort Lauderdale, Florida, and he appeared in court on Friday.",center,center
Nancy Pelosi Says Rashida Tlaib's 'Motherf**ker' Comment No Worse Than Trump,"Rep. Rashida Tlaib used a vulgar expletive to talk about impeaching President Donald Trump. House Speaker Nancy Pelosi said she didn't like the language, but doesn't think it's any worse than what Trump has said. Pelosi told MSNBC’s Joy Reid that the controversy concerns the “freedom of speech of an individual member”",center,left
Nancy Pelosi Says Rashida Tlaib's 'Motherf**ker' Comment No Worse Than Trump,"Rep. Rashida Tlaib used a vulgar expletive to talk about impeaching President Donald Trump. House Speaker Nancy Pelosi said she didn't like the language, but doesn't think it's any worse than what Trump has said. Pelosi told MSNBC’s Joy Reid that she doesn’t tell her colleagues what to say.",right,left
Nancy Pelosi Says Rashida Tlaib's 'Motherf**ker' Comment No Worse Than Trump,"Rep. Rashida Tlaib used a vulgar expletive to talk about impeaching President Donald Trump. House Speaker Nancy Pelosi said she didn't like the language, but doesn't think it's any worse than what Trump has said.",right,left
Ocasio-Cortez defends Tlaib after impeachment remarks: ‘I got your back’,"Rep. Alexandria Ocasio-Cortez took a stand for fellow House freshman Rep. Rashida Tlaib on Saturday after the latter’s expletive-laced comments in favor of impeaching President Trump. “I got your back @RashidaTlaib - the Bronx and Detroit ride together,” she tweeted.",right,right
Ocasio-Cortez defends Tlaib after impeachment remarks: ‘I got your back’,"Rep. Alexandria Ocasio-Cortez took a stand for fellow House freshman Rep. Rashida Tlaib on Saturday after the latter’s expletive-laced comments in favor of impeaching President Trump. “I got your back @RashidaTlaib - the Bronx and Detroit ride together,’ she tweeted.",right,right
Ocasio-Cortez defends Tlaib after impeachment remarks: ‘I got your back’,"Rep. Alexandria Ocasio-Cortez took a stand for fellow House freshman Rep. Rashida Tlaib on Saturday after the latter’s expletive-laced comments in favor of impeaching President Trump. The Democratic socialist lawmaker from New York, went on Twitter to weigh in, accusing the GOP of a having a double standard.",right,right
Trump Signs Bill Reopening Government for 3 Weeks in Surprise Retreat From Wall,President Trump agreed to reopen the federal government for three weeks while negotiations continue. The plan includes none of the money for the wall that Mr. Trump had demanded and was essentially the same approach that he rejected at the end of December.,center,center
Trump Signs Bill Reopening Government for 3 Weeks in Surprise Retreat From Wall,President Trump agreed to reopen the federal government for three weeks while negotiations continue over how to secure the nation’s southwestern border. The plan includes none of the money for the wall that Mr. Trump had demanded.,center,center
Trump Signs Bill Reopening Government for 3 Weeks in Surprise Retreat From Wall,President Trump agreed to reopen the federal government for three weeks while negotiations continue. The plan includes none of the money for the wall that Mr. Trump had demanded.,center,center
"Trump Caves To Democrats, Agrees To Reopen Government Short-Term Without Border Wall",President Donald Trump announced a short-term plan that will reopen the government for three weeks. Trump said he’s prepared to sign a bill to open the government through Feb. 15. Federal employees will get back pay “very quickly or as soon as possible’,center,left
"Trump Caves To Democrats, Agrees To Reopen Government Short-Term Without Border Wall",President Donald Trump announced a short-term plan that will reopen the government for three weeks. Trump said he’s prepared to sign a bill to open the government through Feb. 15. Federal employees will get back pay “very quickly or as soon as possible”,center,left
"Trump Caves To Democrats, Agrees To Reopen Government Short-Term Without Border Wall",President Donald Trump announced a short-term plan that will reopen the government for three weeks. Trump said he’s prepared to sign a bill to open the government through Feb. 15. Federal employees will get back pay “very quickly or as soon as possible.,center,left
Trump says he appreciates Mueller’s statement disputing BuzzFeed report,"Mueller’s team is investigating alleged Russian interference in the 2016 election and rarely issues statements about the state of the investigation or disputing reports in the press. BuzzFeed published the story on Thursday, citing two law enforcement officials who said Cohen acknowledged to Mueller’S office that he was told to lie to Congress about the potential real-estate deal in Moscow. It is the first known example of Trump explicitly telling a subordinate to lie directly about his own dealings with Russia.",center,right
Trump says he appreciates Mueller’s statement disputing BuzzFeed report,"Mueller’s team is investigating alleged Russian interference in the 2016 election and rarely issues statements about the state of the investigation or disputing reports in the press. BuzzFeed published the story on Thursday, citing two law enforcement officials who said Cohen acknowledged to Mueller’S office that he was told to lie to Congress about the potential real-estate deal in Moscow.",center,right
Trump says he appreciates Mueller’s statement disputing BuzzFeed report,Mueller’s team is investigating alleged Russian interference in the 2016 election and rarely issues statements about the state of the investigation or disputing reports in the press. BuzzFeed published the story on Thursday citing two law enforcement officials who said Cohen acknowledged to Mueller’S office that he was told to lie to Congress about the potential real-estate deal in Moscow.,center,right
Democrats Demand Immediate Release Of Mueller Report,"Democrats want access to special counsel Robert Mueller’s investigation into Russian interference in the 2016 presidential election before President Donald Trump has a chance to interfere. In a joint letter from the chairs of six committees in the U.S. House of Representatives, Democrats wrote they expect Attorney General William Barr to make the report public.",center,left
Democrats Demand Immediate Release Of Mueller Report,Democrats want access to special counsel Robert Mueller’s investigation into Russian interference in the 2016 presidential election before President Donald Trump has a chance to interfere.,center,left
Democrats Demand Immediate Release Of Mueller Report,Democrats want access to special counsel Robert Mueller’s investigation into Russian interference in the 2016 presidential election before President Trump has a chance to interfere.,center,left
2020 Candidates Demand Full and Immediate Release of Mueller Report,Democratic presidential candidates wasted no time Friday evening demanding the immediate public release of the long-awaited report. Several said that Americans deserved to know any findings about President Trump and the 2016 election.,center,right
2020 Candidates Demand Full and Immediate Release of Mueller Report,Democratic presidential candidates wasted no time Friday evening demanding the immediate public release of the long-awaited report from Robert S. Mueller III.,left,right
2020 Candidates Demand Full and Immediate Release of Mueller Report,Democratic presidential candidates wasted no time Friday evening demanding the immediate public release of the long-awaited report.,right,right
Adam Schiff urged to step down as chairman by House Intelligence Committee Republicans,"Every Republican on the House Intelligence Committee is calling on Rep. Adam Schiff to resign as chairman over his repeated claims of evidence of collusion between the Trump campaign and Russia. The demand follows the conclusion of Special Counsel Robert Mueller's Russia probe, which turned up no evidence of such collusion. President Trump tweeted Thursday that Schiff'should be forced to resign from Congress!'",right,right
Adam Schiff urged to step down as chairman by House Intelligence Committee Republicans,"Every Republican on the House Intelligence Committee is calling on Rep. Adam Schiff to resign as chairman over his repeated claims of evidence of collusion between the Trump campaign and Russia. The demand follows the conclusion of Special Counsel Robert Mueller's Russia probe, which turned up no evidence of such collusion. President Trump tweeted Thursday that Schiff'should be forced to resign from Congress'",right,right
Adam Schiff urged to step down as chairman by House Intelligence Committee Republicans,"Every Republican on the House Intelligence Committee is calling on Rep. Adam Schiff to resign as chairman over his repeated claims of evidence of collusion between the Trump campaign and Russia. The demand follows the conclusion of Special Counsel Robert Mueller's Russia probe, which turned up no evidence of such collusion. President Trump tweeted Thursday that Schiff'should be forced to resign'",right,right
"Trump warns shutdown could last 'years,' says he may declare 'national emergency' to build border wall","President Trump says he could declare a national emergency to build a border wall. Democrats say the partial government shutdown could last ""years"" Democrats passed legislation in the House that would fund the government but not the wall.",center,right
"Trump warns shutdown could last 'years,' says he may declare 'national emergency' to build border wall","President Trump says he could declare a national emergency to build a border wall. Democrats say the partial government shutdown could last ""years"" Democrats passed legislation in the House that would fund the whole government.",right,right
"Trump warns shutdown could last 'years,' says he may declare 'national emergency' to build border wall","President Trump says he could declare a national emergency to build a border wall. Democrats say the partial government shutdown could last ""years"" Democrats have passed legislation that would fund the whole government.",right,right
Trump's 'Compromise' Immigration Offer To Democrats Includes Major Changes Restricting Asylum Law,The bill would extend a temporary protection against deportation for some immigrants. It would also limit the number of people who can apply for asylum in the United States.,center,left
Trump's 'Compromise' Immigration Offer To Democrats Includes Major Changes Restricting Asylum Law,The bill would extend a temporary protection against deportation for some immigrants. It would also limit the number of people who can apply for asylum each year.,center,left
Trump's 'Compromise' Immigration Offer To Democrats Includes Major Changes Restricting Asylum Law,The bill would extend a temporary protection against deportation for some immigrants. It would also limit the number of immigrants who can apply for asylum each year.,center,left
Trump Offers Temporary Protections for ‘Dreamers’ in Exchange for Wall Funding,"The president offered temporary protections for roughly 700,000 young undocumented immigrants in exchange for $5.7 billion in funding for a wall along the southern border. The proposal, which Mr. Trump unveiled in a 13-minute address from the White House, appeared dead on arrival in the Capitol.",center,center
Trump Offers Temporary Protections for ‘Dreamers’ in Exchange for Wall Funding,"The president offered temporary protections for roughly 700,000 young undocumented immigrants in exchange for $5.7 billion for a wall along the southern border. But the proposal, which Mr. Trump unveiled in a 13-minute address from the White House, appeared dead on arrival in the Capitol.",center,center
Trump Offers Temporary Protections for ‘Dreamers’ in Exchange for Wall Funding,"The president offered temporary protections for roughly 700,000 young undocumented immigrants in exchange for $5.7 billion in funding for a wall. But the proposal, which Mr. Trump unveiled in a 13-minute address from the White House, appeared dead on arrival in the Capitol.",center,center
Pipe Bomb Suspect Arrested in Southern Florida,"Cesar Sayoc Jr., 56, of Aventura, Florida, was arrested on Friday morning. He has a lengthy criminal history in Florida dating back to 1991 that includes felony theft, drug and fraud.",center,center
Pipe Bomb Suspect Arrested in Southern Florida,"Cesar Sayoc Jr., 56, of Aventura, Florida, was arrested on Friday morning. He has a lengthy criminal history in Florida dating back to 1991 that includes felony theft and drug charges.",center,center
Pipe Bomb Suspect Arrested in Southern Florida,"Cesar Sayoc Jr., 56, of Aventura, Florida, was arrested on Friday morning. He has a lengthy criminal history in Florida dating back to 1991 that includes felony theft.",center,center
Cesar Sayoc Identified As Mail Bomb Suspect,"Cesar Sayoc, 56, of South Florida was taken into custody on Friday, FBI Director Chris Wray confirmed at a press conference. Sayoc has been charged with five federal crimes, including interstate transportation of an explosive, illegal mailing of explosives, and assaulting current and former federal officers.",center,left
Cesar Sayoc Identified As Mail Bomb Suspect,"Cesar Sayoc, 56, of South Florida was taken into custody on Friday, FBI Director Chris Wray confirmed at a press conference. Sayoc has been charged with five federal crimes, including interstate transportation of an explosive, illegal mailing of explosives and making threats against former presidents.",center,left
Cesar Sayoc Identified As Mail Bomb Suspect,"Cesar Sayoc, 56, of South Florida was taken into custody on Friday, FBI Director Chris Wray confirmed. Sayoc has been charged with five federal crimes, including interstate transportation of an explosive, illegal mailing of explosives, and assaulting current and former federal officers.",center,left
Defense Secretary James Mattis to leave as of January 1; Trump taps Patrick Shanahan as acting secretary of defense,"President Trump announced Sunday that Defense Secretary James Mattis will be leaving the administration on January 1, weeks earlier than planned. The announcement comes just days after Mattis' bombshell resignation letter made clear his policy disagreements with the White House. Deputy Secretary of Defense Patrick Shanahan will take over as acting defense secretary.",right,right
Defense Secretary James Mattis to leave as of January 1; Trump taps Patrick Shanahan as acting secretary of defense,"President Trump announced Sunday that Defense Secretary James Mattis will be leaving the administration on January 1, weeks earlier than planned. The announcement comes just days after Mattis' bombshell resignation letter made clear his policy disagreements with the White House. Deputy Secretary of Defense Patrick Shanahan will assume the title of acting secretary of defense.",right,right
Defense Secretary James Mattis to leave as of January 1; Trump taps Patrick Shanahan as acting secretary of defense,"President Trump announced Sunday that Defense Secretary James Mattis will be leaving the administration on January 1, weeks earlier than planned. The announcement comes just days after Mattis' bombshell resignation letter made clear his policy disagreements with the White House. Deputy Secretary of Defense Patrick Shanahan will assume the title of acting secretary.",right,right
"F.B.I. Agent Peter Strzok, Who Criticized Trump in Texts, Is Fired","Peter Strzok, the F.B.I. senior counterintelligence agent, has been fired for violating bureau policies, Mr. StrzOk’s lawyer said Monday. Mr. Trump and his allies seized on the texts in assailing the Russia investigation as an illegitimate “witch hunt’",center,left
"F.B.I. Agent Peter Strzok, Who Criticized Trump in Texts, Is Fired","Peter Strzok, the F.B.I. senior counterintelligence agent, has been fired for violating bureau policies, Mr. StrzOk’s lawyer said Monday. Mr. Trump and his allies seized on the texts in assailing the Russia investigation as an illegitimate “witch hunt”",center,left
"F.B.I. Agent Peter Strzok, Who Criticized Trump in Texts, Is Fired","Peter Strzok, the F.B.I. senior counterintelligence agent, has been fired for violating bureau policies, Mr. StrzOk’s lawyer said. Mr. Trump and his allies seized on the texts in assailing the Russia investigation as an illegitimate “witch hunt’",left,left
FBI Agent Peter Strzok Fired Over Anti-Trump Text Messages,"FBI Special Agent Peter Strzok has been fired from the bureau, his attorney said. The decision contradicts FBI Director Chris Wray’s earlier guarantee that the bureau would follow its regular process, the lawyer said.",left,center
FBI Agent Peter Strzok Fired Over Anti-Trump Text Messages,"FBI Special Agent Peter Strzok has been fired from the bureau, his attorney said. The decision contradicts FBI Director Chris Wray’s earlier guarantee that the bureau would follow its regular process.",left,center
FBI Agent Peter Strzok Fired Over Anti-Trump Text Messages,"FBI Special Agent Peter Strzok has been fired from the bureau, his attorney said. The decision contradicts FBI Director Chris Wray’s earlier guarantee that the bureau would follow its regular process, lawyer said.",center,center
President Wants to Use Executive Order to End Birthright Citizenship,President Trump said he was preparing an executive order that would nullify the long-accepted constitutional guarantee of birthright citizenship in the United States. House Speaker Paul D. Ryan of Wisconsin said in an interview that the president “obviously” cannot eviscerate birth right citizenship by executive order.,center,center
President Wants to Use Executive Order to End Birthright Citizenship,President Trump said he was preparing an executive order that would nullify the long-accepted constitutional guarantee of birthright citizenship in the United States. House Speaker Paul D. Ryan of Wisconsin said in an interview that the president “obviously’ cannot eviscerate birth right citizenship by executive order.,center,center
President Wants to Use Executive Order to End Birthright Citizenship,President Trump said he was preparing an executive order that would nullify the long-accepted constitutional guarantee of birthright citizenship in the United States. House Speaker Paul D. Ryan of Wisconsin said in an interview that the president “obviously’ cannot eviscerate birthright Citizenship by executive order.,center,center
Donald Trump Vows To End Birthright Citizenship,"President Donald Trump said he's considering an executive order to remove the right to citizenship for babies born in the U.S. to parents who aren’t citizens. The right is enshrined in the 14th Amendment, which cannot be changed by presidential order. But some Republicans, including House Speaker Paul Ryan, have said such an order would be outside the bounds of the president's authority.",center,left
Donald Trump Vows To End Birthright Citizenship,"President Donald Trump said he's considering an executive order to remove the right to citizenship for babies born in the U.S. to parents who aren’t citizens. The right is enshrined in the 14th Amendment, which cannot be changed by presidential order. But some Republicans, including House Speaker Paul Ryan, have said doing so would be outside the bounds of the president's authority.",center,left
Donald Trump Vows To End Birthright Citizenship,"President Donald Trump said he's considering an executive order to remove the right to citizenship for babies born in the U.S. to parents who aren’t citizens. The right is enshrined in the 14th Amendment, which cannot be changed by executive order. Trump has long supported ending birthright citizenship.",center,left
"Democrats urge Trump to cancel Putin summit, after indictment of Russian intel officers",Democratic leaders urge President Trump to call off his meeting with Russian President Vladimir Putin. 12 Russian intelligence officers are accused of hacking emails from the Hillary Clinton campaign and Democratic Party in 2016.,center,center
"Democrats urge Trump to cancel Putin summit, after indictment of Russian intel officers",Democratic leaders urge President Trump to call off his meeting with Russian President Vladimir Putin. 12 Russian intelligence officers are accused of hacking emails from the Hillary Clinton campaign and Democratic Party.,right,center
"Democrats urge Trump to cancel Putin summit, after indictment of Russian intel officers",Democratic leaders urge President Trump to call off his meeting with Russian President Vladimir Putin. 12 Russian intelligence officers are accused of hacking emails from the Hillary Clinton campaign and the Democratic Party.,center,center
Texas Congressman Who Settled Harassment Case With Taxpayer Funds Resigns,"Representative Blake Farenthold used $84,000 in taxpayer funds to settle a sexual harassment case. In December, he said he would not run for re-election amid scrutiny over the payment.",center,center
Texas Congressman Who Settled Harassment Case With Taxpayer Funds Resigns,"Representative Blake Farenthold used $84,000 in taxpayer funds to settle a sexual harassment case with his former communications director. He said that he would not run for re-election amid scrutiny over the payment.",center,center
Texas Congressman Who Settled Harassment Case With Taxpayer Funds Resigns,"Representative Blake Farenthold used $84,000 in taxpayer funds to settle a sexual harassment case. In December, he said he would not run for re-election amid scrutiny.",center,center
GOP Rep. Blake Farenthold Resigns After Sexual Harassment Allegations,"Rep. Blake Farenthold (R-Texas) announced his resignation in a statement and accompanying video. He used taxpayer funds to settle a sexual harassment lawsuit, Politico reported in December. The four-term congressman has repeatedly denied the accusations.",center,right
GOP Rep. Blake Farenthold Resigns After Sexual Harassment Allegations,"Rep. Blake Farenthold (R-Texas) announced his resignation in a statement and accompanying video. He used taxpayer funds to settle a sexual harassment lawsuit, Politico reported in December. The four-term congressman has repeatedly denied the allegations.",center,right
GOP Rep. Blake Farenthold Resigns After Sexual Harassment Allegations,"Rep. Blake Farenthold (R-Texas) announced his resignation in a statement and accompanying video. He used taxpayer funds to settle a sexual harassment lawsuit, Politico reported in December. The congressman has repeatedly denied the accusations.",center,right
Trump says 'too many voices are being destroyed' by social media censorship,President Trump took aim at social media tech giants for “discriminating” against Republicans and conservatives. He said that “too many voices are being destroyed” and promised that his administration would not allow it to happen. Both Facebook and Twitter have been under fire for allegedly censoring accounts.,right,right
Trump says 'too many voices are being destroyed' by social media censorship,"President Trump took aim at social media tech giants for ""discriminating"" against Republicans and conservatives. He said that “too many voices are being destroyed” and promised that his administration would not allow it to happen. Both Facebook and Twitter have been under fire for allegedly censoring accounts.",right,right
Trump says 'too many voices are being destroyed' by social media censorship,President Trump took aim at social media tech giants for “discriminating” against Republicans and conservatives. He said that “too many voices are being destroyed” and promised that his administration would not allow it to happen.,right,right
"Trump Attacks Justice Department As 'Deep State,' Calls For Jailing Top Clinton Aide","Trump tweets that former Clinton aide Huma Abedin should be jailed. He also says the Justice Department must act on ""Comey and others,"" referring to former FBI Director James Comey.",center,left
"Trump Attacks Justice Department As 'Deep State,' Calls For Jailing Top Clinton Aide",Trump tweets that former Clinton aide Huma Abedin should be jailed. He also says the Justice Department must act on former FBI Director James Comey.,center,left
"Trump Attacks Justice Department As 'Deep State,' Calls For Jailing Top Clinton Aide",Trump tweets that former Clinton aide Huma Abedin should be jailed. He also says Justice Department must act on former FBI Director James Comey.,center,left
Trump Accuses Former Clinton Aide of Failing to Follow Security Protocols,"President Trump made his first “Crooked Hillary’s” Twitter post less than 48 hours into the new year. He accused a former Clinton aide of “disregarding basic security protocols,” and called his own Justice Department a “deep state”",center,center
Trump Accuses Former Clinton Aide of Failing to Follow Security Protocols,"President Trump made his first “Crooked Hillary’s Twitter post less than 48 hours into the new year. He accused a former Clinton aide of “disregarding basic security protocols,” and called his own Justice Department a “deep state”",center,center
Trump Accuses Former Clinton Aide of Failing to Follow Security Protocols,"President Trump made his first “Crooked Hillary’s” Twitter post less than 48 hours into the new year. He accused a former Clinton aide of “disregarding basic security protocols,” and called his own Justice Department a “deep state’",center,center
"GOP Rep. Duncan Hunter, Wife Indicted On Campaign Finance Fraud Charges","U.S. Rep. Duncan Hunter (R-Calif.) and his wife, Margaret Hunter, were indicted Tuesday on charges of improperly using campaign funds for private use. The Justice Department said the pair used political money to pay for their children’s tuition and spent thousands of dollars at shopping malls, Washington restaurants and surf shops, among other expenditures.",left,center
"GOP Rep. Duncan Hunter, Wife Indicted On Campaign Finance Fraud Charges","U.S. Rep. Duncan Hunter (R-Calif.) and his wife, Margaret Hunter, were indicted Tuesday on charges of improperly using campaign funds for private use. The Justice Department said the pair used political money to pay for their children’s tuition and spent thousands of dollars at shopping malls, Washington restaurants and surf shops, among other expenditures.",left,center
"GOP Rep. Duncan Hunter, Wife Indicted On Campaign Finance Fraud Charges","U.S. Rep. Duncan Hunter (R-Calif.) and his wife, Margaret Hunter, were indicted Tuesday on charges of improperly using campaign funds for private use. The Justice Department said the pair used political money to pay for their children’s tuition and spent thousands of dollars at shopping malls, Washington restaurants and surf shops.",left,center
"Representative Duncan Hunter Is Indicted, Accused of Misusing Campaign Funds","Rep. Duncan Hunter, 41, becomes the second Republican congressman to be indicted this month. Mr. Hunter and his wife, Margaret, are charged with converting more than $250,000 in campaign funds to pay for personal expenses.",center,left
"Representative Duncan Hunter Is Indicted, Accused of Misusing Campaign Funds","Rep. Duncan Hunter, a Republican of California, is charged with converting more than $250,000 in campaign funds to pay for personal expenses. Mr. Hunter, 41, becomes the second Republican congressman to be indicted this month.",left,left
"Representative Duncan Hunter Is Indicted, Accused of Misusing Campaign Funds","Rep. Duncan Hunter, 41, becomes the second Republican congressman to be indicted this month. He and his wife, Margaret, are charged with converting more than $250,000 in campaign funds to pay for personal expenses.",center,left
Senate Democrats’ Vote to End Shutdown Infuriates Some on the Left,Liberal groups urge members to sign up for rallies aimed at pressuring Republicans to protect the young undocumented immigrants known as Dreamers. Democrats have largely avoided the internal insurrections that upended Republicans over the past decade.,center,center
Senate Democrats’ Vote to End Shutdown Infuriates Some on the Left,Liberal groups urge members to sign up for rallies aimed at pressuring Republicans to protect the young undocumented immigrants known as Dreamers.,center,center
Senate Democrats’ Vote to End Shutdown Infuriates Some on the Left,Liberal groups urge members to sign up for rallies aimed at pressuring Republicans to protect the young undocumented immigrants.,center,center
Liberals Fume At 'Worst Negotiator' Chuck Schumer After Deal To End Shutdown,Democrats provided votes to fund the government on Monday in exchange for an assurance from Senate Majority Leader Mitch McConnell that he would put an immigration bill on the floor in the coming weeks. Liberal groups are deeply skeptical whether Republicans will keep their word after years of inaction.,center,left
Liberals Fume At 'Worst Negotiator' Chuck Schumer After Deal To End Shutdown,Democrats provided votes to fund the government on Monday in exchange for an assurance from Senate Majority Leader Mitch McConnell that he would put an immigration bill on the floor in the coming weeks. Liberal groups are deeply skeptical whether Republicans will keep their word after years of inaction.,center,left
Liberals Fume At 'Worst Negotiator' Chuck Schumer After Deal To End Shutdown,Democrats provided votes to fund the government on Monday in exchange for an assurance from Senate Majority Leader Mitch McConnell that he would put an immigration bill on the floor in the coming weeks. Liberal groups are deeply skeptical whether Republicans will keep their word.,center,left
"Trump vows birthright citizenship ‘will be ended one way or the other,’ as Hill debate rages","President Trump says birthright citizenship will end “one way or the other” A day earlier, it emerged he was considering ending the policy by executive order. The issue has long been a contentious one in the U.S., particularly for those seeking to restrict illegal immigration.",right,right
"Trump vows birthright citizenship ‘will be ended one way or the other,’ as Hill debate rages","President Trump says birthright citizenship will end “one way or the other” A day earlier, it emerged he was considering killing the policy by executive order. The issue has long been a contentious one in the U.S.",center,right
"Trump vows birthright citizenship ‘will be ended one way or the other,’ as Hill debate rages","President Trump says birthright citizenship will end “one way or the other” A day earlier, it emerged he was considering killing the policy by executive order. The move has sparked disagreement among Republicans and condemnation from Democrats.",right,right
"John McCain, Top Democrats Call On Trump To Cancel Putin Meeting","Sen. John McCain, Senate Minority Leader Chuck Schumer and 18 members of the House Foreign Affairs Committee called on President Donald Trump to cancel his meeting with Russian President Vladimir Putin. A senior administration source told NBC on Friday that there was “zero” chance the controversial private meeting between the two men would be canceled. “There should be no one-on-one meeting between President Trump and Vladimir Putin,” Warner said.",center,left
"John McCain, Top Democrats Call On Trump To Cancel Putin Meeting","Sen. John McCain, Senate Minority Leader Chuck Schumer and 18 members of the House Foreign Affairs Committee called on President Donald Trump to cancel his meeting with Russian President Vladimir Putin. A senior administration source told NBC on Friday that there was “zero” chance the controversial private meeting between the two men would be canceled.",center,left
"John McCain, Top Democrats Call On Trump To Cancel Putin Meeting","Sen. John McCain, Senate Minority Leader Chuck Schumer and 18 members of the House Foreign Affairs Committee called on President Donald Trump to cancel his meeting with Russian President Vladimir Putin. A senior administration source told NBC on Friday that there was “zero’ chance the controversial private meeting between the two men would be canceled.",center,left
Democrats Say Trump Should Cancel Putin Meeting After Indictments,"12 Russian intelligence officers are accused of hacking Democrats’ emails and computer networks during the 2016 presidential race. Top Republicans were mostly mute, though a handful urged the president to use the indictments to get tough with Putin.",center,right
Democrats Say Trump Should Cancel Putin Meeting After Indictments,"12 Russian intelligence officers are accused of hacking Democrats’ emails and computer networks during the 2016 presidential race. The indictment is part of an open investigation led by Robert S. Mueller III, the special counsel.",left,right
Democrats Say Trump Should Cancel Putin Meeting After Indictments,12 Russian intelligence officers are accused of hacking Democrats’ emails and computer networks during the 2016 presidential race. The indictment is part of an open investigation led by Robert S. Mueller III.,left,right
"Jim Mattis, Defense Secretary, Resigns in Rebuke of Trump’s Worldview","Defense Secretary Jim Mattis resigns in protest of U.S. troop withdrawal from Syria. Mr. Mattis’s resignation letter was the sharpest, and most public, protest from inside the administration.",center,left
"Jim Mattis, Defense Secretary, Resigns in Rebuke of Trump’s Worldview",Defense Secretary Jim Mattis resigns in protest of U.S. troop withdrawal from Syria. Mr. Mattis’s resignation letter was the sharpest and most public protest from inside the Trump administration.,center,left
"Jim Mattis, Defense Secretary, Resigns in Rebuke of Trump’s Worldview",Defense Secretary Jim Mattis resigns in protest of U.S. troop withdrawal from Syria. Mr. Mattis’s resignation letter was the sharpest protest from inside the Trump administration.,center,left
Trump Says Defense Secretary Jim Mattis Will Retire In February,"Mattis served more than four decades in the military and headed the U.S. Central Command from 2010 to 2013. He won Senate confirmation as defense secretary on Jan. 20, 2017, shortly after Trump’s inauguration.",center,center
Trump Says Defense Secretary Jim Mattis Will Retire In February,"Mattis served more than four decades in the military and headed the U.S. Central Command from 2010 to 2013. He won Senate confirmation as defense secretary on Jan. 20, 2017, shortly after Trump's inauguration.",center,center
Trump Says Defense Secretary Jim Mattis Will Retire In February,"Mattis served more than four decades in the military and headed the U.S. Central Command from 2010 to 2013. The retired Marine general won Senate confirmation as defense secretary on Jan. 20, 2017.",center,center
"FBI fires Peter Strzok, months after anti-Trump texts revealed","Peter Strzok, a 21-year FBI veteran, was fired Friday afternoon. His attorney said the decision was a departure from standard practice and politically motivated. The FBI's Office of Professional Responsibility ruled that the former agent should not be removed from the special counsel's team. The president tweeted, ""finally,"" while asking whether the Russia case will be dropped.",center,right
"FBI fires Peter Strzok, months after anti-Trump texts revealed","Peter Strzok, a 21-year FBI veteran, was fired Friday afternoon. His attorney said the decision was a departure from standard practice and politically motivated. The FBI's Office of Professional Responsibility ruled that the former agent should not be removed from the special counsel probe.",center,right
"FBI fires Peter Strzok, months after anti-Trump texts revealed","Peter Strzok, a 21-year FBI veteran, was fired Friday afternoon. His attorney said the decision was a departure from standard practice and politically motivated. The FBI's Office of Professional Responsibility ruled that the former agent should not be fired.",center,right
Suspect arrested in Florida in connection with suspicious packages sent to Democrats,"A male suspect was arrested in Florida on Friday morning in connection with the rash of suspicious packages sent to prominent Democrats nationwide. Several of the packages went through a U.S. postal facility in Opa-locka, which is less than 10 miles from Aventura, Florida. The Department of Justice will hold a press conference at 2:30 p.m. ET.",center,right
Suspect arrested in Florida in connection with suspicious packages sent to Democrats,"A male suspect was arrested in Florida on Friday morning in connection with the rash of suspicious packages sent to prominent Democrats nationwide. Several of the packages went through a U.S. postal facility in Opa-locka, which is less than 10 miles from Aventura. The Department of Justice will hold a press conference at 2:30 p.m. ET.",center,right
Suspect arrested in Florida in connection with suspicious packages sent to Democrats,"A male suspect was arrested in Florida on Friday morning in connection with the rash of suspicious packages sent to prominent Democrats nationwide. Several of the packages went through a U.S. postal facility in Opa-locka, which is less than 10 miles from Aventura, Florida. The Department of Justice will hold a press conference at 2:30 p.m. ET Friday.",center,right
"Rep. Duncan Hunter, wife indicted on corruption charges in California","Rep. Duncan Hunter, R-Calif., and his wife, Margaret, were indicted on charges of illegally converting $250,000 in campaign funds for personal expenses. House Speaker Paul Ryan said he would remove the congressman from all committee assignments for the time being, calling the charges against Hunter “deeply serious”",center,right
"Rep. Duncan Hunter, wife indicted on corruption charges in California","Rep. Duncan Hunter, R-Calif., and his wife, Margaret, were indicted on charges of illegally converting $250,000 in campaign funds for personal expenses. House Speaker Paul Ryan said Tuesday evening that he would remove the congressman from all committee assignments for the time being.",center,right
"Rep. Duncan Hunter, wife indicted on corruption charges in California","Rep. Duncan Hunter, R-Calif., and his wife, Margaret, were indicted on charges of illegally converting $250,000 in campaign funds for personal expenses. House Speaker Paul Ryan said he would remove the congressman from all committee assignments for the time being.",center,right
Schumer bashed by the left over shutdown-ending deal,Senate Democratic Leader Chuck Schumer is taking heat from some of the most influential and deep-pocketed groups in the liberal base for caving to Republicans. Schumer and fellow Senate Democrats forced the shutdown over the weekend after insisting that any temporary spending bill to keep the government fully operational include permanent protections for DREAMers.,right,right
Schumer bashed by the left over shutdown-ending deal,Senate Democratic Leader Chuck Schumer is taking heat from some of the most influential and deep-pocketed groups in the liberal base for caving to Republicans. Schumer and fellow Senate Democrats forced the shutdown over the weekend after insisting that any temporary spending bill include permanent protections for the so-called DREAMers.,right,right
Schumer bashed by the left over shutdown-ending deal,Senate Democratic Leader Chuck Schumer is taking heat from some of the most influential and deep-pocketed groups in the liberal base. Schumer and fellow Senate Democrats forced the shutdown over the weekend after insisting that any temporary spending bill include permanent protections for the so-called DREAMers.,right,right
Texas Rep. Blake Farenthold resigns from Congress,"Rep. Blake Farenthold, R-Texas, announced his resignation Friday evening. He was sued by his former aide, Lauren Greene, in 2014, alleging a hostile work environment, gender discrimination and retaliation. She sued him and was paid $84,000 from a public fund on behalf of the congressman.",center,left
Texas Rep. Blake Farenthold resigns from Congress,"Rep. Blake Farenthold, R-Texas, announced his resignation Friday evening. He was sued by his former aide, Lauren Greene, in 2014, alleging a hostile work environment, gender discrimination and retaliation. She sued him and was paid $84,000 from a public fund.",center,left
Texas Rep. Blake Farenthold resigns from Congress,"Rep. Blake Farenthold, R-Texas, announced his resignation Friday evening. He was sued by his former aide, Lauren Greene, in 2014, alleging a hostile work environment, gender discrimination and retaliation.",center,left
Trump Accuses Social Media Firms of Discrimination Against Conservatives,President Trump said on Saturday that conservative voices were being unfairly censored on social media. He hinted that he might intervene if his allies' accounts continued to be shut down.,center,center
Trump Accuses Social Media Firms of Discrimination Against Conservatives,President Trump said on Saturday that conservative voices were being unfairly censored on social media. Mr. Trump said that “censorship is a very dangerous thing.”,center,center
Trump Accuses Social Media Firms of Discrimination Against Conservatives,President Trump said on Saturday that conservative voices were being unfairly censored on social media. Mr. Trump said that “censorship is a very dangerous thing’,center,center
Donald Trump's Social Media Solution? A Free-For-All For Both The 'Good And Bad',"Trump tweeted that “too many voices are being destroyed, some good and some bad, and that cannot be allowed to happen.” He did not reference any person in particular in his tirade against the tech companies.",center,left
Donald Trump's Social Media Solution? A Free-For-All For Both The 'Good And Bad',"Trump tweeted that “too many voices are being destroyed, some good and some bad, and that cannot be allowed to happen.” He added: “We will all just have to figure it out!”",center,left
Donald Trump's Social Media Solution? A Free-For-All For Both The 'Good And Bad',"Trump tweeted that “too many voices are being destroyed, some good and some bad, and that cannot be allowed to happen.” He added: “We will all just have to figure it out!’",center,left
"'Jail!' Trump slams 'crooked' Hillary aide Huma, calls on 'Deep State' DOJ to act","Trump appeared to call on the “Deep State” Justice Department to look at potential security issues in Huma Abedin’s handling of classified material. He seemed to suggest a double standard is at play, compared with the lack of punishment for Clinton and her aides.",center,right
"'Jail!' Trump slams 'crooked' Hillary aide Huma, calls on 'Deep State' DOJ to act","Trump appeared to call on the “Deep State” Justice Department to look at potential security issues in Huma Abedin’s handling of classified material. He seemed to suggest a double standard is at play, compared to the lack of punishment for Clinton and her aides.",center,right
"'Jail!' Trump slams 'crooked' Hillary aide Huma, calls on 'Deep State' DOJ to act","Trump appeared to call on the “Deep State” Justice Department to look at potential security issues in Huma Abedin’s handling of classified material. He seemed to suggest a double standard is at play, compared with the lack of punishment for Hillary Clinton and her aides.",right,right
Donald Trump Signals He Has Investigators Looking Into Obama Citizenship Issue In Hawaii,"Trump says he plans to decide by June whether to run for president. Trump tied for 2nd with Mike Huckabee in the 2012 GOP primary field at 17 percent. ""I want to see the birth certificate,"" said Trump in an interview on NBC's ""Today"" show.",right,center
Donald Trump Signals He Has Investigators Looking Into Obama Citizenship Issue In Hawaii,"Trump says he plans to decide by June whether to run. Trump tied for 2nd with Mike Huckabee in the 2012 GOP primary field at 17 percent. ""I want to see the birth certificate,"" said Trump in an interview on NBC's ""Today"" show.",right,center
Donald Trump Signals He Has Investigators Looking Into Obama Citizenship Issue In Hawaii,"Trump says he plans to decide by June whether to run for president. Trump tied for 2nd with Mike Huckabee in the 2012 GOP primary field at 17 percent. ""I'm not convinced that he has one,"" Trump said of the birth certificate issue.",right,center
"Trump Sends Investigators to Hawaii, Gains in GOP Presidential Primary Poll","Trump says he will decide by June whether to run for president. ""I'd like to beat him straight up,"" he says of President Obama. ""The world laughs at us,"" Trump says of a potential bid.",right,center
"Trump Sends Investigators to Hawaii, Gains in GOP Presidential Primary Poll","Trump says he will decide by June whether to run for president. ""I'd like to beat him straight up,"" Trump says of Obama.",right,center
"Trump Sends Investigators to Hawaii, Gains in GOP Presidential Primary Poll","Trump says he will decide by June whether to run for president. ""I'd like to beat him straight up,"" Trump says of President Obama.",right,center
Obama Taunts G.O.P.  for Ignoring Jobs Bill,"President Obama visits another bridge in need of repair, this one between Washington and Virginia. Mr. Obama takes his biggest shot not at the measure’s Republican opponents in the Senate, but at those in the House. House Republicans said the Democratic-controlled Senate should take up 16 House-passed measures.",center,center
Obama Taunts G.O.P.  for Ignoring Jobs Bill,"President Obama visits another bridge in need of repair, this one between Washington and Virginia. Mr. Obama takes his biggest shot not at the measure’s Republican opponents in the Senate, but at those in the House. House Republicans said Democratic-controlled Senate should take up some 16 House-passed measures.",right,center
Obama Taunts G.O.P.  for Ignoring Jobs Bill,"President Obama visits another bridge in need of repair, this one between Washington and Virginia. Mr. Obama takes his biggest shot not at the measure’s Republican opponents in the Senate, but at those in the House.",left,center
House Reading of Constitution Is Not Without Issues,Members of the House of Representatives began to read the United States Constitution aloud from the chamber’s floor on Thursday morning. Democrats and Republicans battled back and forth over the issue of language.,center,right
House Reading of Constitution Is Not Without Issues,Members of the House of Representatives began to read the United States Constitution aloud from the chamber’s floor on Thursday morning.,center,right
House Reading of Constitution Is Not Without Issues,Members of the House of Representatives began to read the United States Constitution aloud from the chamber’s floor on Thursday.,center,right
Weiner Denies Sending Photo but Is Less Sure About Its Origin,Rep. Anthony D. Weiner says he believes his Twitter account was hacked. He says he has hired an Internet security company and a lawyer to look into the matter. He does not believe the episode merited investigation by federal law enforcement.,center,left
Weiner Denies Sending Photo but Is Less Sure About Its Origin,Rep. Anthony D. Weiner says he believes his Twitter account was hacked. He says he has hired an Internet security company and a lawyer to look into the matter. The congressman says he does not know the woman who received the photo.,center,left
Weiner Denies Sending Photo but Is Less Sure About Its Origin,Rep. Anthony D. Weiner says he believes his Twitter account was hacked. He says he has hired an Internet security company and a lawyer to look into the matter. He did not rule out the possibility that the photo was of him.,center,left
Perry Goes After Obama Over Don't Ask Don't Tell,"Perry has recently stepped up his attacks on Obama for cultural issues. In a statement released Tuesday, he decried the Obama administration’s decision to use foreign aid to promote rights for gays and lesbians abroad.",left,center
Perry Goes After Obama Over Don't Ask Don't Tell,Perry has recently stepped up his attacks on Obama for cultural issues. He decried the Obama administration’s decision to use foreign aid to promote rights for gays and lesbians abroad.,left,center
Perry Goes After Obama Over Don't Ask Don't Tell,Perry has recently stepped up his attacks on Obama for cultural issues. Perry bought $1 million in broadcast television time ahead of the Jan. 3 caucuses.,left,center
Perry Ad Focuses on Gays and Christianity,"Campaign ad for Texas governor contrasts Christianity with homosexuality. Ad follows Obama's decision to end ""don't ask don't tell"" policy.",right,left
Perry Ad Focuses on Gays and Christianity,"Campaign ad for Texas governor contrasts Christianity with homosexuality. Ad follows Obama's decision to end ""don't ask, don't tell""",right,left
Perry Ad Focuses on Gays and Christianity,"Campaign ad for Texas governor contrasts Christianity with homosexuality. Ad follows Obama's decision to end ""don't ask don't tell""",right,left
Trump Pulling Out Of Debate,Donald Trump says he is pulling out of his own Dec. 27th debate. The announcement came just eleven days after Trump initially said he was partnering with the conservative magazine to host a forum with the remaining Republican presidential candidates.,right,left
Trump Pulling Out Of Debate,Donald Trump says he is pulling out of his own Dec. 27th debate. The announcement came just eleven days after Trump initially said he was partnering with the conservative magazine to host a forum with the remaining GOP presidential candidates.,right,left
Trump Pulling Out Of Debate,Donald Trump says he is pulling out of his own Dec. 27th debate. The announcement came just eleven days after Trump said he was partnering with the conservative magazine to host a forum with the remaining Republican presidential candidates.,right,left
"Trump Bows Out as Moderator of GOP Debate, Reserves Right to Run for President","Trump says he wants to make sure there's no ""conflict of interest"" in case he decides to run as a third-party candidate next year. He said he still plans to make an endorsement despite his threatened third- party run.",right,right
"Trump Bows Out as Moderator of GOP Debate, Reserves Right to Run for President","Trump says he wants to make sure there's no ""conflict of interest"" in case he decides to run as a third-party candidate. He said he still plans to make an endorsement despite his threatened third- party run.",right,right
"Trump Bows Out as Moderator of GOP Debate, Reserves Right to Run for President","Trump says he wants to make sure there's no ""conflict of interest"" in case he decides to run as a third-party candidate. He said he still plans to make an endorsement despite his threatened third- party run.",right,right
Perry Wins Endorsement of Sheriff Joe ,Texas Gov. Rick Perry says he would back a federal policy “to detain and to deport every illegal alien that we apprehend” Perry is trying to shore up his credentials on immigration.,right,left
Perry Wins Endorsement of Sheriff Joe ,Texas Gov. Rick Perry says he would back a federal policy “to detain and to deport every illegal alien that we apprehend” Perry was not suggesting any rounding up of illegal immigrants.,right,left
Perry Wins Endorsement of Sheriff Joe ,Texas Gov. Rick Perry said he would back a federal policy “to detain and to deport every illegal alien that we apprehend’,right,left
'America's Toughest Sheriff' Endorses Rick Perry,"Ar Arpaio is famous for pushing worksite raids and creating a ""Tent City"" Perry has been criticized for his immigration platform, which rests on the idea that deportation of all 11 million undocumented immigrants is impractical. Perry opposes a full border fence, although he calls for more enforcement along the southwest border with Mexico.",left,center
'America's Toughest Sheriff' Endorses Rick Perry,"Ar Arpaio is famous for pushing worksite raids and creating a ""Tent City"" Perry has been criticized for his immigration platform, which rests on the idea that deportation of all 11 million undocumented immigrants is impractical. Perry opposes a full border fence, although he calls for more enforcement along the southwest border with Mexico.",left,center
'America's Toughest Sheriff' Endorses Rick Perry,"Ar Arpaio is famous for pushing worksite raids and creating a ""Tent City"" Perry has been criticized for his immigration platform, which rests on the idea that deportation of all 11 million undocumented immigrants is impractical and unlikely.",left,center
Supreme Court Hears Argument In Wal-Mart Sex Bias Lawsuit,10-year-old lawsuit claims that Wal-Mart favors men over women in pay and promotions. Billions of dollars are at stake if it is allowed to go forward. Case could affect future of other class-action lawsuits that pool modest individual claims.,center,center
Supreme Court Hears Argument In Wal-Mart Sex Bias Lawsuit,10-year-old lawsuit claims that Wal-Mart favors men over women in pay and promotions. Billions of dollars are at stake if it is allowed to go forward. Case also could affect future of other class-action lawsuits.,center,center
Supreme Court Hears Argument In Wal-Mart Sex Bias Lawsuit,10-year-old lawsuit claims that Wal-Mart favors men over women in pay and promotions. Billions of dollars are at stake if it is allowed to go forward. Case could affect future of other class-action lawsuits.,center,center
Supreme Court Questions Claims in Sex Bias Suit Against Wal-Mart,"The lawsuit alleges that the company's corporate culture fosters the advancement of male workers over their female counterparts. The case started a decade ago when Wal-Mart worker Betty Dukes said the management at her Pittsburg, Calif., store was bypassing her for promotions. Two lower courts said the case could move toward trial.",center,center
Supreme Court Questions Claims in Sex Bias Suit Against Wal-Mart,"The lawsuit alleges that the company's corporate culture fosters the advancement of male workers over their female counterparts. The case started a decade ago when Wal-Mart worker Betty Dukes said the management at her Pittsburg, Calif., store was bypassing her for promotions. Justice Ruth Bader Ginsburg expressed some concerns about the particulars of the case.",center,center
Supreme Court Questions Claims in Sex Bias Suit Against Wal-Mart,"The lawsuit alleges that the company's corporate culture fosters the advancement of male workers over their female counterparts. The case started a decade ago when Wal-Mart worker Betty Dukes said the management at her Pittsburg, Calif., store was bypassing her for promotions. Justice Ruth Bader Ginsburg expressed some concerns about the particulars of the lawsuit.",center,center
Bachmann Newsweek Cover Goes for Insult But Gets Criticism in Return,"Bachmann declines to get into the scrum with Newsweek over its cover story. National Organization for Women President Terry O'Neill said that the cover is ""sexist"" Newsweek has defended the photo -- an extreme close-up of the crystal blue-eyed Bachmann.",left,left
Bachmann Newsweek Cover Goes for Insult But Gets Criticism in Return,"Bachmann declines to get into the scrum with Newsweek over its cover story. National Organization for Women President Terry O'Neill said that the cover is ""sexist"" Newsweek has defended the photo, saying that several of the images taken of her appeared the same way.",left,left
Bachmann Newsweek Cover Goes for Insult But Gets Criticism in Return,"Bachmann declines to get into the scrum with Newsweek over its cover story. National Organization for Women President Terry O'Neill said that the cover is ""sexist"" Newsweek has defended the photo, saying that several of the images taken of her appeared the same.",left,left
Newsweek's Michele Bachmann Cover Raises Eyebrows,"The cover shows Bachmann looking directly into the camera. The headline reads, ""THE QUEEN OF RAGE"" The cover is not the first time this has happened.",left,right
Newsweek's Michele Bachmann Cover Raises Eyebrows,"The cover shows Bachmann looking directly into the camera. The headline reads, ""THE QUEEN OF RAGE""",left,right
Newsweek's Michele Bachmann Cover Raises Eyebrows,"The cover shows Bachmann looking directly into the camera. The headline reads, ""Rage""",left,right
AARP Willing To Negotiate On Social Security Retirement Age,AARP says it's open to a discussion about raising the retirement age. AARP policy chief is pushing the organization to accept benefit cuts. Social Security will start paying out more in benefits than it absorbs in taxes this year.,right,center
AARP Willing To Negotiate On Social Security Retirement Age,AARP says it's open to a discussion about raising the retirement age. AARP policy chief is pushing the organization to accept benefit cuts. Social Security will start paying out more in benefits than it absorbs in taxes in 2036.,right,center
AARP Willing To Negotiate On Social Security Retirement Age,AARP says it's open to a discussion about raising the retirement age. AARP policy chief is pushing the organization to accept benefit cuts. Social Security will start paying out more in benefits this year than it absorbs in taxes.,right,center
Perry TV Ad: I Can Defend Faith from Obama’s “War on Religion,"Texas Gov. Rick Perry claims in a new TV ad that President Obama is waging a ""War on Religion"" The ad is a state-wide buy in Iowa that starts Wednesday. Perry is a Methodist.",left,center
Perry TV Ad: I Can Defend Faith from Obama’s “War on Religion,"Texas Gov. Rick Perry claims in a new TV ad that President Obama is waging a ""War on Religion"" Perry is a Methodist. The ad is a state-wide buy in Iowa that starts Wednesday.",right,center
Perry TV Ad: I Can Defend Faith from Obama’s “War on Religion,"Texas Gov. Rick Perry claims in a new TV ad that President Obama is waging a ""War on Religion"" The ad is a state-wide buy in Iowa that starts Wednesday.",left,center
House Republicans Read Constitution On Second Day In Power,Republicans have made strict adherence to the Constitution a key tenet of their effort to reduce the size of the federal government. The House GOP will reportedly make it a requirement that all new bills put forth in the legislative body include “a statement by the lawmaker who wrote it citing the constitutional authority to enact the proposed legislation”,center,left
House Republicans Read Constitution On Second Day In Power,Republicans have made strict adherence to the Constitution a key tenet of their effort to reduce the size of the federal government. The House GOP will reportedly make it a requirement that all new bills put forth in the legislative body include “a statement by the lawmaker who wrote it citing the constitutional authority to enact the proposed legislation”,center,left
House Republicans Read Constitution On Second Day In Power,Republicans have made strict adherence to the Constitution a key tenet of their effort to reduce the size of the federal government. The House GOP will reportedly make it a requirement that all new bills put forth in the legislative body include “a statement by the lawmaker who wrote it citing the constitutional authority to enact the proposed legislation’,center,left
Purpose Behind Congressional Reading of Constitution Questioned After Amendments Are Omitted,"Republicans decided that the obsolete parts of the document can be skipped since they've been superseded by amendment. The original decisions remain in the Constitution, including in the copies authorized by Congress. Democratic lawmakers decried the exercise altogether, saying the Constitution is a living document that shouldn't be followed to the letter.",center,center
Purpose Behind Congressional Reading of Constitution Questioned After Amendments Are Omitted,"Republicans decided that the obsolete parts of the document can be skipped since they've been superseded by amendment. The original decisions remain in the Constitution, including in copies authorized by Congress' Joint Committee on Printing. Democratic lawmakers decried the exercise altogether, saying the Constitution is a living document.",center,center
Purpose Behind Congressional Reading of Constitution Questioned After Amendments Are Omitted,"Republicans decided that the obsolete parts of the document can be skipped since they've been superseded by amendment. The original decisions remain in the Constitution, including in the copies authorized by Congress. Democratic lawmakers decried the exercise altogether, saying the Constitution is a living document that shouldn't be followed.",center,center
Anthony Weiner Twitter Photo Scandal: Congressman Breaks His Silence,"Weiner says he has hired a private security company to investigate how his account has been hacked. A lewd photo of a man's bulging underpants was sent to a 21-year-old female college student in Seattle from Weiner's Twitter account. ""I didn't send [that] picture out"" the congressman said, though he does not know who did.",right,center
Anthony Weiner Twitter Photo Scandal: Congressman Breaks His Silence,"Weiner says he has hired a private security company to investigate how his account has been hacked. A lewd photo of a man's bulging underpants was sent to a 21-year-old female college student in Seattle from Weiner's Twitter account. ""I didn't send [that] picture out,"" Weiner says, though he does not know who did.",right,center
Anthony Weiner Twitter Photo Scandal: Congressman Breaks His Silence,"Weiner says he has hired a private security company to investigate how his account has been hacked. A lewd photo of a man's bulging underpants was sent to a 21-year-old female college student in Seattle from Weiner's Twitter account. ""I didn't send [that] picture out,"" the congressman says, though he does not know who did.",right,center
"Rep. Weiner Denies Sending Lewd Photo, Can't Say Whether Image Is Him","Weiner says he's asked an Internet security firm and a law firm to take a ""hard look"" at the incident. He says he doesn't want to make a federal case out of it. The congressman repeatedly declined to say whether the picture was an image of him.",center,right
"Rep. Weiner Denies Sending Lewd Photo, Can't Say Whether Image Is Him","Weiner says he's asked an Internet security firm and a law firm to take a ""hard look"" at the incident. The congressman repeatedly declined to say whether the picture was an image of him. Weiner's office initially said the congressman's account was ""obviously hacked""",right,right
"Rep. Weiner Denies Sending Lewd Photo, Can't Say Whether Image Is Him","Weiner says he's asked an Internet security firm and a law firm to take a ""hard look"" at the incident. He says he doesn't want to make a federal case out of it. The congressman repeatedly declined to say whether the picture was of him.",right,right
Trump Plans Meeting on Arizona Birth Bill ,Donald Trump to meet with Tea Party leaders to discuss Arizona bill. Bill would require candidates for president to prove that they are natural born citizens.,right,center
Trump Plans Meeting on Arizona Birth Bill ,Donald Trump to meet with Tea Party leaders to discuss Arizona bill. Bill would require candidates for president to prove they are natural born citizens.,right,center
Trump Plans Meeting on Arizona Birth Bill ,Donald Trump to meet with Tea Party leaders to discuss Arizona bill that would require candidates for president to prove they are natural born citizens.,right,center
Obama Mocks Congress For Vote,"President Barack Obama says Congress has time to vote on the jobs bill. He also criticizes them for spending time on ""frivolous legislation"" The House voted 396-9 on a bill to reaffirm ""In God We Trust"" as the national motto.",right,right
Obama Mocks Congress For Vote,"President Barack Obama says Congress has time to vote on the jobs bill. He also criticizes them for spending time on ""frivolous legislation"" The House voted 396-9 to reaffirm ""In God We Trust"" as the national motto.",right,right
Obama Mocks Congress For Vote,"President Barack Obama says Congress has time to vote on the jobs bill. He also criticizes them for spending time on ""frivolous legislation"" The House voted 396-9 on a bill to reaffirm ""In God We Trust"" as national motto.",right,right
Obama: ‘In God We Trust' Vote Not Creating Jobs,"President Obama says ""God wants to see us help ourselves by putting people back to work"" House vote to reaffirm that ""In God We Trust"" is the U.S. motto passed in a 396-9 vote. House Republicans have argued that the procedural votes don't take up very much time.",right,left
Obama: ‘In God We Trust' Vote Not Creating Jobs,"President Obama says ""God wants to see us help ourselves by putting people back to work"" House vote to reaffirm that ""In God We Trust"" is the U.S. motto passed in a 396-9 vote. House Republicans have argued that the procedural votes don't take up much time.",right,left
Obama: ‘In God We Trust' Vote Not Creating Jobs,"President Obama says ""God wants to see us help ourselves by putting people back to work"" House vote to reaffirm that ""In God We Trust"" is the U.S. motto passed in a 396-9 vote. The phrase quoted by Carney is not in the Bible.",right,left
Bachmann Cover Controversy Prompts Response From Newsweek,Conservative blogosphere not pleased with Newsweek cover of Michele Bachmann. Newsweek responded to controversy by posting an “outtakes” gallery on its Daily Beast Web site.,right,center
Bachmann Cover Controversy Prompts Response From Newsweek,Conservative blogosphere not pleased with Newsweek cover of Michele Bachmann. Newsweek responded to controversy by posting an “outtakes’ gallery on its Daily Beast Web site.,right,center
Bachmann Cover Controversy Prompts Response From Newsweek,Conservative blogosphere not pleased with Newsweek cover of Michele Bachmann. Newsweek responded to controversy by posting an “outtakes” gallery on its Daily Beast site.,right,center
AARP Open to Social Security Cuts,AARP has been seen as one of the leading opponents of Social Security benefit cuts. The group’s stance could provide added ammunition to fiscal conservatives. AARP insisted that the Social Security trust funds should not be raided.,center,center
AARP Open to Social Security Cuts,AARP has been seen as one of the leading opponents of Social Security benefit cuts. The group’s stance could provide added ammunition to fiscal conservatives who have sought unsuccessfully to restructure Social Security.,center,center
AARP Open to Social Security Cuts,AARP has been seen as one of the leading opponents of Social Security benefit cuts. The group’s stance could provide added ammunition to fiscal conservatives.,center,center
AARP Pushes Back on Claim About Social Security Concessions as Lawmakers Push Reform,"AARP says it has not changed its position on Social Security. But it acknowledges ""benefit adjustments"" would be necessary to make the system solvent. Sen. Kay Bailey Hutchison, R-Texas, says AARP has marked ""a huge shift in the debate""",right,center
AARP Pushes Back on Claim About Social Security Concessions as Lawmakers Push Reform,"AARP says it has not changed its position on Social Security. But it acknowledges ""benefit adjustments"" would be necessary to make the system solvent. Sen. Kay Bailey Hutchison, R-Texas, says the AARP has marked ""a huge shift""",right,center
AARP Pushes Back on Claim About Social Security Concessions as Lawmakers Push Reform,"AARP says it has not changed its position on Social Security. But it acknowledges ""benefit adjustments"" would be necessary to make the system solvent. Sen. Kay Bailey Hutchison, R-Texas, says AARP has marked ""a huge shift""",right,center
Justices Take Up Crucial Issue in Wal-Mart Suit,Supreme Court appears closely divided on the theory put forth by the plaintiffs. Plaintiffs’ theory is that a centralized companywide policy gave local managers too much discretion in pay and promotion decisions. The case is the largest employment discrimination class action in history.,center,center
Justices Take Up Crucial Issue in Wal-Mart Suit,Supreme Court appears closely divided on the theory put forth by the plaintiffs. Plaintiffs’ theory is that a centralized companywide policy gave local managers too much discretion in pay and promotion decisions.,center,center
Justices Take Up Crucial Issue in Wal-Mart Suit,Supreme Court appears closely divided on the theory put forth by the plaintiffs. Plaintiffs' theory is that a centralized companywide policy gave local managers too much discretion in pay and promotion decisions.,center,center
Arizona Sheriff Joe Arpaio Endorses Rick Perry,"Arizona Sheriff Joe Arpaio, known for his tough and controversial stances on illegal immigration, endorsed Rick Perry for the Republican presidential nomination. Arpaio famously re-instituted chain gangs in 1995 and has also been a major supporter of his state's controversial SB1070 immigration law. Perry has faced criticism about his stance on immigration from the Right.",right,center
Arizona Sheriff Joe Arpaio Endorses Rick Perry,"Arizona Sheriff Joe Arpaio, known for his tough and controversial stances on illegal immigration, endorsed three term Texas Governor Rick Perry for the Republican presidential nomination on Tuesday morning. Arpaio famously re-instituted chain gangs in 1995 and has also been a major supporter of his state's controversial SB1070 immigration law.",right,center
Arizona Sheriff Joe Arpaio Endorses Rick Perry,"Arizona Sheriff Joe Arpaio, known for his tough and controversial stances on illegal immigration, endorsed three term Texas Governor Rick Perry for the Republican presidential nomination. Arpaio famously re-instituted chain gangs in 1995 and has also been a major supporter of his state's controversial SB1070 immigration law.",right,center
Trump Won't Go Forward With Debate,Donald Trump says he won't be moderating a Republican presidential debate. Only Newt Gingrich and Rick Santorum agreed to take part in the event.,center,center
Trump Won't Go Forward With Debate,Donald Trump says he won't be moderating a Republican presidential debate. Only Newt Gingrich and Rick Santorum agreed to take part in the debate.,center,center
Trump Won't Go Forward With Debate,Donald Trump says he won't be moderating a Republican presidential debate. Only Newt Gingrich and Rick Santorum said they would participate.,center,center
Maine Gov. LePage opens door to early exit,"Maine Gov. Paul LePage opened the door to making an early exit from the governor’s office following pressure from state lawmakers to step down. “I think some things I’ve been asked to do are beyond my ability,” LePage said on talk radio station WVOM. The governor apologized repeatedly for an expletive-ridden voicemail he recently left for a state lawmaker.",center,left
Maine Gov. LePage opens door to early exit,"Maine Gov. Paul LePage opened the door to making an early exit from the governor’s office following pressure from state lawmakers to step down. “I think some things I’ve been asked to do are beyond my ability,” LePage said on talk radio station WVOM.",center,left
Maine Gov. LePage opens door to early exit,Maine Gov. Paul LePage opened the door to making an early exit from the governor’s office following pressure from state lawmakers to step down. The governor apologized repeatedly for an expletive-ridden voicemail he recently left for Democratic state Rep. Drew Gattine.,right,left
Arguments Get Personal Between Donald Trump and Ted Cruz,"Donald J. Trump has escalated a war of words on Twitter against Senator Ted Cruz of Texas, his main competition.",center,center
Arguments Get Personal Between Donald Trump and Ted Cruz,Donald J. Trump has escalated a war of words on Twitter against Senator Ted Cruz of Texas.,center,center
Arguments Get Personal Between Donald Trump and Ted Cruz,Donald J. Trump stirred up new controversy this week in the Republican presidential primary.,center,center
Did Ruth Bader Ginsburg Cross The Line With Her Donald Trump Comments?,Supreme Court Justice Ruth Bader Ginsburg joked that she might move to New Zealand if Donald Trump wins the presidency. Some legal academics and observers are raising questions about the propriety of Ginsburg’s candor.,center,left
Did Ruth Bader Ginsburg Cross The Line With Her Donald Trump Comments?,Supreme Court Justice Ruth Bader Ginsburg joked that she might move to New Zealand if Donald Trump is elected president. Some legal observers are raising questions about the propriety of Ginsburg’s candor.,center,left
Did Ruth Bader Ginsburg Cross The Line With Her Donald Trump Comments?,Supreme Court Justice Ruth Bader Ginsburg joked that she might move to New Zealand if Donald Trump wins the presidency. Some legal academics and observers are raising questions about the propriety of Ginsburg's candor.,center,left
Trump gets into Twitter feud with former Mexican president,"Former Mexican President Vicente Fox called Donald Trump ""not welcome"" in the country. Fox called on Trump to apologize and ""stop lying"" on Twitter. Trump, as is often his way, fired back.",center,right
Trump gets into Twitter feud with former Mexican president,"Former Mexican President Vicente Fox called Donald Trump ""not welcome"" in the country. Fox called on Trump to apologize and ""stop lying"" Trump fired back on Twitter.",center,right
Trump gets into Twitter feud with former Mexican president,"Former Mexican President Vicente Fox called Donald Trump ""not welcome"" in the country. Fox called on Trump to apologize and ""stop lying"" on Twitter.",center,right
"Vicente Fox and Felipe Calderón, 2 Ex-Presidents of Mexico, Say No Way Country Is Paying for Donald Trump's Wall","Vicente Fox, who was president of Mexico from 2000 to 2006, called Mr. Trump “egocentric” and lacking in any political values. Mr. Fox’s successor, Felipe Calderón, expressed similar concerns about the wall this month.",left,center
"Vicente Fox and Felipe Calderón, 2 Ex-Presidents of Mexico, Say No Way Country Is Paying for Donald Trump's Wall","Vicente Fox, who was president of Mexico from 2000 to 2006, called Mr. Trump “egocentric” and lacking in any political values. Mr. Fox’s successor, Felipe Calderón, expressed similar concerns about the wall this month.",left,center
"Vicente Fox and Felipe Calderón, 2 Ex-Presidents of Mexico, Say No Way Country Is Paying for Donald Trump's Wall","Vicente Fox, who was president of Mexico from 2000 to 2006, called Mr. Trump “egocentric” and lacking in any political values. Mr. Fox’s successor, Felipe Calderón, expressed similar concerns about the wall.",left,center
"For Trump and Bloomberg, Cordial Ties Have Soured",Michael Bloomberg and Donald Trump have been friends for years. But the two men have not always seen each other in a positive light.,center,left
"For Trump and Bloomberg, Cordial Ties Have Soured",Michael Bloomberg and Donald Trump have been friends for years. But the two men have not always seen eye-to-eye.,center,left
"For Trump and Bloomberg, Cordial Ties Have Soured",Michael Bloomberg and Donald Trump have been friends for years. But the two men have not always seen each other in public.,center,left
Bernie Sanders Meets President Obama and Pledges to Work to Defeat Donald Trump,President Obama endorsed Mrs. Clinton in a video. Mr. Sanders said he would continue fighting for the issues that animated his campaign.,center,center
Bernie Sanders Meets President Obama and Pledges to Work to Defeat Donald Trump,President Obama endorsed Mrs. Clinton in a video. Mr. Sanders refused to say whether he would leave the race.,center,center
Bernie Sanders Meets President Obama and Pledges to Work to Defeat Donald Trump,President Obama endorsed Mrs. Clinton in a video.,center,center
"Obama endorses Clinton for president, on heels of Sanders meeting","Obama recorded the video on Tuesday, the day Clinton effectively wrapped up the nomination. The president made clear he would no longer stand on the sidelines, even as Vermont Sen. Sanders vows to stick out the race at least through the final primary in Washington, D.C., next Tuesday. Vice President Joe Biden voiced his support of Hillary Thursday evening.",center,right
"Obama endorses Clinton for president, on heels of Sanders meeting","Obama recorded the video on Tuesday, the day Clinton effectively wrapped up the nomination. The president made clear he would no longer stand on the sidelines, even as Vermont Sen. Sanders vows to stick out the race at least through the final primary in Washington, D.C., next Tuesday.",center,right
"Obama endorses Clinton for president, on heels of Sanders meeting","Obama recorded the video on Tuesday, the day Clinton effectively wrapped up the nomination. The president made clear he would no longer stand on the sidelines, even as Vermont Sen. Sanders vows to stick out the race at least through the final primary in Washington, D.C.",center,right
Pelosi wins another term as House Democratic leader; Ryan’s dynamic challenge falls short,Pelosi was challenged by Ohio Rep. Tim Ryan in a secret-ballot vote among House Democrats. She won by a 134-to-63 vote. Pelosi has led House Democrats since 2002.,right,left
Pelosi wins another term as House Democratic leader; Ryan’s dynamic challenge falls short,Pelosi was challenged by Ohio Rep. Tim Ryan in a secret-ballot vote among House Democrats. She won by a 134-to-63 vote. Pelosi has led House Democrats since 2002.,right,left
Pelosi wins another term as House Democratic leader; Ryan’s dynamic challenge falls short,"Pelosi was challenged by Ohio Rep. Tim Ryan in a secret-ballot vote among House Democrats. Ryan argued that newer lawmakers in the party need a bigger, fresher voice to represent them.",right,left
"Trump takes on Obama, Clinton over ‘radical Islam’ as candidates condemn terror",Donald Trump says President Obama should'step down' for not using the term 'radical Islam' Hillary Clinton calls the massacre an 'act of terror' in a statement. A joint campaign rally with Obama and Clinton set for Wednesday has been postponed.,center,right
"Trump takes on Obama, Clinton over ‘radical Islam’ as candidates condemn terror",Donald Trump says President Obama should'step down' for not using the term 'radical Islam' Hillary Clinton calls the massacre an 'act of terror' in a statement. A joint campaign rally with Obama and Clinton has been postponed.,right,right
"Trump takes on Obama, Clinton over ‘radical Islam’ as candidates condemn terror","Donald Trump says President Obama should'step down' for not using the term 'radical Islam' Hillary Clinton calls the massacre an 'act of terror' in a statement, but does not use the term.",right,right
Senate Overrides Obama's Veto Of 9/11 Victims Bill,"The Senate voted 97-1 to override President Barack Obama's veto of a bill. The bill would let 9/11 victims sue Saudi Arabia for its alleged role in the terrorist attacks. The House voted later on Wednesday to override the veto, causing the bill to become law.",center,center
Senate Overrides Obama's Veto Of 9/11 Victims Bill,The Senate voted 97-1 to override President Barack Obama's veto of a bill. The bill would let 9/11 victims sue Saudi Arabia for its alleged role in the terrorist attacks. It takes two-thirds of the Senate to override a veto.,right,center
Senate Overrides Obama's Veto Of 9/11 Victims Bill,The Senate voted 97-1 to override President Barack Obama's veto of a bill. The bill would let 9/11 victims sue Saudi Arabia for its alleged role in the terrorist attacks. It takes two-thirds of the Senate to override a veto.,right,center
"Congress rejects Obama veto of 9/11 bill, in first override of presidency",The House voted 348-77 to override President Obama's veto of the bill. This followed a 97-1 vote hours earlier in the Senate. The legislation gives victims' families the right to sue for any role elements of the Saudi government may have played in the 2001 attacks.,center,left
"Congress rejects Obama veto of 9/11 bill, in first override of presidency",The House voted 348-77 to override President Obama's veto of the bill. This followed a 97-1 vote hours earlier in the Senate. The legislation gives victims' families the right to sue in U.S. court.,center,left
"Congress rejects Obama veto of 9/11 bill, in first override of presidency",The House voted 348-77 to override President Obama's veto of the bill. This followed a 97-1 vote hours earlier in the Senate. The legislation gives victims' families the right to sue the Saudi government.,center,left
Donald Trump Rebukes Ruth Bader Ginsburg for Deriding His Candidacy,Donald Trump says he will announce his vice-presidential choice by Friday. The presumptive Republican nominee said he was not basing his selection on fund-raising prowess or potential.,center,right
Donald Trump Rebukes Ruth Bader Ginsburg for Deriding His Candidacy,Donald Trump says he will announce his vice-presidential choice by Friday. Mr. Trump said he was not basing his selection on fund-raising prowess or potential.,center,right
Donald Trump Rebukes Ruth Bader Ginsburg for Deriding His Candidacy,Donald Trump says he will announce his vice-presidential choice by Friday. The presumptive Republican nominee said he was not basing his selection on fund-raising prowess.,center,right
Ginsburg under fire from both sides over ‘highly inappropriate’ Trump comments,"Ginsburg doubled down on her criticism of the presumptive GOP nominee, calling him a “faker’ who is unqualified to be president. Even political figures and newspaper editorial writers who might agree with the comments swiftly said they were out of line for a high court justice.",center,center
Ginsburg under fire from both sides over ‘highly inappropriate’ Trump comments,"Ginsburg doubled down on her criticism of the presumptive GOP nominee, calling him a “faker’ who is unqualified to be president. Even political figures and newspaper editorial writers who might agree with the comments swiftly said they were out of line.",center,center
Ginsburg under fire from both sides over ‘highly inappropriate’ Trump comments,"Ginsburg doubled down on her criticism of the presumptive GOP nominee, calling him a ""faker"" who is unqualified to be president. The liberal icon justice had kicked off the storm with comments to The New York Times published Saturday.",right,center
"Vicente Fox, Ex-President of Mexico, Scoffs at Donald Trump’s Visit","Vicente Fox, Mexico's president from 2000 to 2006, said on Wednesday that the invitation from Mr. Peña Nieto was a mistake. Mr. Fox has been critical of Mr. Trump’s plan to build a wall on the border between the United States and Mexico.",center,center
"Vicente Fox, Ex-President of Mexico, Scoffs at Donald Trump’s Visit","Vicente Fox, Mexico's president from 2000 to 2006, said on Wednesday that the invitation from Mr. Peña Nieto was a mistake. Mr. Fox has been critical of Mr. Trump’s plan to build a wall on the border between the United States and Mexico.",center,center
"Vicente Fox, Ex-President of Mexico, Scoffs at Donald Trump’s Visit","Vicente Fox, Mexico's president from 2000 to 2006, said on Wednesday that the invitation from Mr. Peña Nieto was a mistake. Mr. Fox has been critical of Mr. Trump’s plan to build a wall on the border.",center,center
Former Mexican President Vicente Fox Slams President Enrique Peña Nieto For Meeting Trump,Vicente Fox says President Enrique Peña Nieto is taking an enormous political risk by inviting Donald Trump to Mexico. Fox says Peña will be viewed like a traitor if he does not stand up to the GOP nominee. Trump has spent more than a year railing against Mexico and its leaders.,right,left
Former Mexican President Vicente Fox Slams President Enrique Peña Nieto For Meeting Trump,Vicente Fox says President Enrique Peña Nieto is taking an enormous political risk by inviting Donald Trump to Mexico. Fox says Peña will be viewed like a traitor if he does not stand up to the GOP nominee.,right,left
Former Mexican President Vicente Fox Slams President Enrique Peña Nieto For Meeting Trump,"Vicente Fox says President Enrique Peña Nieto is taking an enormous political risk by inviting Donald Trump to Mexico. Fox warned that if he does not stand up to the GOP nominee, he will be seen as a traitor.",right,left
Former Mexican President Fox to Trump: We won't pay for 'that f***ing wall!',"Former Mexican President Vincente Fox said he won't pay for Donald Trump's proposed border wall. Fox also questioned Trump's allegiance to the Republican party or, for that matter, any political party.",center,right
Former Mexican President Fox to Trump: We won't pay for 'that f***ing wall!',"Former Mexican President Vincente Fox said he won't pay for Donald Trump's proposed border wall. Fox also questioned Trump's allegiance to the Republican party, or any political party.",right,right
Former Mexican President Fox to Trump: We won't pay for 'that f***ing wall!',Former Mexican President Vincente Fox said he won't pay for Donald Trump's proposed border wall. Fox also questioned Trump's allegiance to the Republican party or any political party.,right,right
Former Mexican President: 'I'm Not Going To Pay For That F**king Wall',"Former Mexican President Vicente Fox says Mexico will not pay for a wall along the U.S. border. Fox: ""Democracy cannot pick crazy people that doesn't know what's going on in the world today""",right,left
Former Mexican President: 'I'm Not Going To Pay For That F**king Wall',"Former Mexican President Vicente Fox says Mexico will not pay for a wall along the U.S. border. Fox said, as a taxpayer, he's not willing to fund Trump’s big idea.",right,left
Former Mexican President: 'I'm Not Going To Pay For That F**king Wall',"Former Mexican President Vicente Fox says Mexico will not pay for a wall along the U.S. border. Fox: ""Democracy cannot pick crazy people that doesn't know what's going on in the world""",right,left
Ted Cruz Accuses Donald Trump Of Planting 'Garbage' Affair Story,"The tabloid published a story earlier this week claiming that Cruz had extramarital affairs with five women. Cruz vehemently denied the rumors, which rippled through the Washington media establishment on Friday.",center,center
Ted Cruz Accuses Donald Trump Of Planting 'Garbage' Affair Story,"The National Enquirer published a story earlier this week claiming that Cruz had extramarital affairs with five women. Cruz vehemently denied the rumors, which rippled through the Washington media establishment on Friday.",center,center
Ted Cruz Accuses Donald Trump Of Planting 'Garbage' Affair Story,"The tabloid published a story earlier this week claiming that Cruz had extramarital affairs with five women. Cruz vehemently denied the rumors, which rippled through the Washington media establishment.",center,center
"Cruz blames Trump for affair story, hints he wouldn't support him in general election","The National Enquirer published an article alleging that Sen. Ted Cruz has had extramarital affairs. Cruz called the story ""garbage, complete and utter lies"" and said he would not support Donald Trump if he wins the GOP nomination.",right,center
"Cruz blames Trump for affair story, hints he wouldn't support him in general election","The National Enquirer published an article alleging that Sen. Ted Cruz has had extramarital affairs. Cruz called the story ""garbage, complete and utter lies"" and said he would not support Trump if he wins the GOP nomination.",center,center
"Cruz blames Trump for affair story, hints he wouldn't support him in general election","The National Enquirer published an article alleging that Sen. Ted Cruz has had extramarital affairs. Cruz called the story ""garbage, complete and utter lies"" He said he would not support Trump if he wins the GOP nomination.",center,center
"Paul LePage, the Governor of Maine, Now Says He’s Not Quitting",Maine Gov. Paul R. LePage says he will not step down. He made sweeping statements linking minorities to the state’s drug crisis. The governor then left him an expletive-laden voicemail message.,center,right
"Paul LePage, the Governor of Maine, Now Says He’s Not Quitting",Maine Gov. Paul R. LePage says he will not step down. He made sweeping statements linking minorities to the state’s drug crisis. He also left an expletive-laden voicemail message.,center,right
"Paul LePage, the Governor of Maine, Now Says He’s Not Quitting",Maine Gov. Paul R. LePage says he will not step down. He made sweeping statements linking minorities to the state’s drug crisis.,center,right
Paul LePage Says He Won't Resign After All,Maine Gov. Paul LePage said Wednesday that he has no plans to resign. He also said he will no longer talk to the media. LePage has been mired in controversy since calling a state lawmaker a racist in a voicemail.,center,center
Paul LePage Says He Won't Resign After All,Maine Gov. Paul LePage said Wednesday that he has no plans to resign. He also said he will no longer talk to the media. LePage has been mired in controversy since calling a Democrat a racist in a voicemail.,center,center
Paul LePage Says He Won't Resign After All,Maine Gov. Paul LePage said Wednesday that he has no plans to resign. LePage has been mired in controversy since calling a state lawmaker a racist in a voicemail.,center,center
Donald Trump Calls On Obama To Resign Over Orlando Shooting,President Obama and Hillary Clinton criticized over attack in Orlando. Donald Trump called on Obama to step down over the attack.,right,center
Donald Trump Calls On Obama To Resign Over Orlando Shooting,President Obama and Hillary Clinton criticized over attack in Orlando. Donald Trump called for Obama to step down.,right,center
Donald Trump Calls On Obama To Resign Over Orlando Shooting,President Obama and Hillary Clinton criticized over attack in Orlando. Donald Trump called on Obama to resign over comments.,right,center
"After Nightclub Massacre, Obama Expresses Outrage and a Familiar Lament",President Obama vows to respond forcefully to what he calls a devastating ‘act of terror and an act of hate’ The president says the country has again been traumatized by grievous violence. Donald J. Trump demands that Mr. Obama resign because he refused to say “radical Islam’ in his remarks.,center,left
"After Nightclub Massacre, Obama Expresses Outrage and a Familiar Lament","President Obama vows to respond forcefully to what he calls a devastating ‘act of terror and an act of hate’ The president says the country has again been traumatized by grievous violence. Donald J. Trump, the presumptive Republican presidential nominee, demands that Mr. Obama resign.",center,left
"After Nightclub Massacre, Obama Expresses Outrage and a Familiar Lament","President Obama vows to respond forcefully to what he calls a devastating ‘act of terror and an act of hate’ The president says the country has again been traumatized by grievous violence. Donald J. Trump, the presumptive Republican presidential nominee, demands that Obama resign.",center,left
Senate Set to Override Veto on Bill Allowing 9/11 Suits Against Saudi Arabia,"The override, the first Obama has faced in his presidency, is expected to begin in the Senate on Wednesday, followed by the House on Thursday. Some lawmakers have been scrambling to try to obviate the veto.",center,center
Senate Set to Override Veto on Bill Allowing 9/11 Suits Against Saudi Arabia,"The override, the first Obama has faced in his presidency, is expected to begin in the Senate on Wednesday, followed by the House on Thursday. Some lawmakers have been scrambling to try to obviate the veto rejection.",center,center
Senate Set to Override Veto on Bill Allowing 9/11 Suits Against Saudi Arabia,"The override, the first Obama has faced in his presidency, is expected to begin in the Senate on Wednesday. Some lawmakers have been scrambling to try to obviate the veto.",left,center
Nancy Pelosi Re-Elected House Minority Leader,"House Minority Leader Nancy Pelosi (D-Calif.) was re-elected to her leadership post Wednesday morning. But more than 60 Democrats voted against her, a stunning level of dissent at a time when the party is trying to pick up the pieces.",left,right
Nancy Pelosi Re-Elected House Minority Leader,"House Minority Leader Nancy Pelosi (D-Calif.) was re-elected to her leadership post Wednesday morning. But more than 60 Democrats voted against her, a stunning level of dissent at a time when the party is trying to pick up the pieces.",left,right
Nancy Pelosi Re-Elected House Minority Leader,"House Minority Leader Nancy Pelosi (D-Calif.) was re-elected to her leadership post Wednesday morning. But more than 60 Democrats voted against her, a stunning level of dissent.",left,right
Nancy Pelosi Beats Back House Democratic Leadership Challenge,"Rep. Nancy Pelosi, 76, was re-elected to an eighth term as House leader. Rep. Tim Ryan, 43, said the party had lost its connection to the American working class.",right,center
Nancy Pelosi Beats Back House Democratic Leadership Challenge,"Rep. Nancy Pelosi, 76, was re-elected to an eighth term as House leader. Rep. Tim Ryan, 43, said the party has lost its connection to the American working class.",right,center
Nancy Pelosi Beats Back House Democratic Leadership Challenge,"Rep. Nancy Pelosi, 76, was re-elected to an eighth term as House leader. Rep. Tim Ryan, 43, said Democrats had lost its connection to the American working class.",right,center
Obama Will Meet With Sanders On Thursday,"President Obama spoke to both Clinton and Sanders by phone following Tuesday's primaries and caucuses. Obama will meet with Sanders on Thursday, at Sanders' request.",center,left
Obama Will Meet With Sanders On Thursday,"President Obama spoke to both Clinton and Sanders by phone following Tuesday's primaries. Obama will meet with Sanders on Thursday, at Sanders' request.",center,left
Obama Will Meet With Sanders On Thursday,"President Obama spoke to both Clinton and Sanders by phone. Obama will meet with Sanders on Thursday, at Sanders' request.",center,left
"Clinton Is 'Sane' And 'Competent,' Unlike Trump, Bloomberg Tells U.S.","Michael Bloomberg said Hillary Clinton is a “sane, competent person,” unlike Donald Trump. “I’m a New Yorker,’ he said, “and New Yorkers know a con when we see one.” The billionaire ex-Republican has endorsed Clinton.",right,center
"Clinton Is 'Sane' And 'Competent,' Unlike Trump, Bloomberg Tells U.S.","Michael Bloomberg said Hillary Clinton is a “sane, competent person,” unlike Donald Trump. “I’m a New Yorker,’ he said, “and New Yorkers know a con when we see one.” The billionaire ex-Republican has endorsed Clinton for president.",right,center
"Clinton Is 'Sane' And 'Competent,' Unlike Trump, Bloomberg Tells U.S.","Michael Bloomberg said Hillary Clinton is a “sane, competent person,” unlike Donald Trump. “I’m a New Yorker,’ he said, “and New Yorkers know a con when we see one” The billionaire ex-Republican has endorsed Clinton.",right,center
"Bloomberg says Trump a 'dangerous demagogue,' endorses Clinton at DNC","Former New York City Mayor Michael Bloomberg says voters should back Hillary Clinton over Donald Trump. ""This is just too important to sit out,"" said the former Democrat. He called Trump a ""dangerous demagogue""",right,right
"Bloomberg says Trump a 'dangerous demagogue,' endorses Clinton at DNC","Former New York City Mayor Michael Bloomberg says voters should back Hillary Clinton over Donald Trump. ""This is just too important to sit out,"" he says.",right,right
"Bloomberg says Trump a 'dangerous demagogue,' endorses Clinton at DNC","Former New York City Mayor Michael Bloomberg says voters should back Hillary Clinton over Donald Trump. ""This is just too important to sit out,"" said the former Democrat.",right,right
