Title,Summary,Predicted Bias,Stance
Elizabeth Cheney blasted by older sister over gay-marriage stance," The vice president has used his daughter at times as an example of what it is like in Washington with people who disagree with him politically or morally; he did so with both his own children in front of their peers; and he continued doing so after being confronted about his political stand by a former opponent who had gone through similar battles against other politicians at least eight years ago when he was governor [David Barker]. He was able to overcome those barriers because he was not afraid to stand up for what he believed in rather than retreat from it even if it meant giving up principles based in truth that have served him well over many years as Vice President while serving this country well during public service.""",left,left
Elizabeth Cheney blasted by older sister over gay-marriage stance," For at least five years now there has been an ongoing effort by some in Washington D.C., especially in conservative circles where I work as vice chairwoman of The Club For Growth Foundation (and where I am also a paid consultant) who have claimed that same sex couples aren't eligible for legal recognition if their marriages cannot have children or otherwise meet certain criteria (for example -- which I understand has been challenged recently). A group called ""Marriage with children"" [sic] advocates that only heterosexual couples who marry legally can have children.""",left,left
Elizabeth Cheney blasted by older sister over gay-marriage stance," Call it a ‘game of chicken between siblings? There is no such thing as game; only individuals playing games with others against themselves; playing them in their own best interests at their own table … This is why children need education – which we can provide if we have enough money – about what their parents want them to do in life! There are many wonderful things about being raised in homes with both parents who respect each other and support each other! And that does NOT include allowing people to get married who don't love each other! Because you know how much good that can do!!! We want our children's decisions about where they live wisely supported by parents who respect each other too!! They will thank us later!""",right,left
Elizabeth Cheney blasted by older sister over gay-marriage stance," The family values movement is an effort by conservative Christian activists in several states to overturn laws against same sex relationships because they say those laws deny them religious freedoms granted under state constitutions … In short I believe that freedom comes first and always … I hope people think about this before voting today in my upcoming elections … If you don't vote you shouldn't have either my money or your vote... And if you can't get married then there's no reason we should have any type of government.... Why should we allow any government decisions concerning our relationship with God? How dare anyone try to tell us what kind of country we live in! Let me tell you why; I believe God does not want us having only one religion! He wants us being multi-religious! Our country was founded by Christians over 1000 years ago so let me repeat that; our country was founded over 1000 years ago because Christianity was spread throughout Europe through missionary work from India through Russia until China where it spread far beyond what many think it started with.... So just remember that history lesson when deciding who your parents will give you money from so why should yours be allowed? But most importantly what happened was God blessed America with such things as Christianity while giving it tolerance which is now slowly eroding away when some groups feel threatened,"" she concluded.""",right,right
Elizabeth Cheney blasted by older sister over gay-marriage stance," The Vice President has expressed his opposition specifically in support of same sex marriage during an interview with ABC News coanchor Jonathan Karl in which he denied that his brother had ever advocated gay rights at any time before his November 2010 election as vice president; he also reiterated criticism over President Obama's decision in June 2009 ordering American military forces into Iraq without congressional approval; Mr Kerry was asked about Mr Bush's position during an ABC News interview last week.""",left,right
Elizabeth Cheney blasted by older sister over gay-marriage stance," In Washington State last week Senator Elizabeth Piesot (D) introduced legislation that would ban religious institutions from allowing same sex couples access to wedding receptions if their weddings were performed in accordance with its religious standards."" It appears that Ms Piesot may have been referring more than just church officials in Washington state when she spoke about those who objecting against having gay weddings performed in accordance with their religious beliefs: ""Marriage is not only between a man and woman; it's between two people who love each other.""",left,right
Elizabeth Cheney blasted by older sister over gay-marriage stance, Mary Cheney is calling out her younger brother in a Facebook post about same sex marriages in Wyoming | The New York Timeshttp://www.nytimes.com/2014/04/29/world/westcoast/mary-cheney-watches–her–brother–warship–initiative–to–oppose gay marriages in Wyoming – The New York Timeshttp://www.nytimes..com/?p=452377#respondTue Apr 29 19:00:56 2014,left,center
Elizabeth Cheney blasted by older sister over gay-marriage stance, Mary is taking heat from all over America because she doesn't think that same sex couples should be allowed full legal recognition in states where such unions were previously prohibited by law—or that those who have such unions should be given rights equal and equivalent in status with married couples....,left,center
Elizabeth Cheney blasted by older sister over gay-marriage stance," Mary may have had an effect in getting Liz elected governor of Wyoming in 2010 (a first), which could be seen as a significant achievement given that she was unopposed in what was then – at least politically speaking – an overwhelmingly Republican primary season race. But now Mary has emerged as one person who has shown herself willing to take up Liz's cause while standing against her...Read More »",left,center
Mary Cheney: Sister Is 'Dead Wrong' On Gay Marriage," Liz was one of three Democratic candidates for vice president along with Joe Biden (D) and Jill Stein (Green). She won support from LGBTQ voters because she opposes same sex couples getting married under certain circumstances such as adultery or incest, which could result in civil unions - which would be similar in status to legal marriages -. She was also opposed when it came down to who would be sworn into office on January 20th -- Democrat Barack Obama or Republican John McCain -- because both candidates proposed changes that would allow gays & lesbians who were already legally married now have their civil unions recognized instead if they wanted them.(more...)",left,left
Mary Cheney: Sister Is 'Dead Wrong' On Gay Marriage," The Associated Press reported that Richard Blumenthal (D) was one of four Democratic senators who voted against a resolution opposing same-sex marriages because it would allow federal funding for state initiatives that ""preclude government recognition or enforcement"" of civil unions between homosexuals in such cases.(AP Photo/Marianne Fields)",left,left
Mary Cheney: Sister Is 'Dead Wrong' On Gay Marriage, The family has long been engaged in contentious debate over evolution while living with their five children on a farm outside Wichita Falls Texas for more than 30 years after their father became vice president under President Gerald Ford during 1981's Republican presidential primaries before leaving office in 1987 when Barack Obama was elected president with his second term less than two years later according to CNN Money; http://money1.cnn.com/2011/08/29/investing/familys_story/. To learn more about them click here: https://www.thefamilyfarm.com/. A post from this page dated December 31st at 12:12 (UTC -8 hours ago) can be found here: https://www2a4d41e44ed9b23f7bb5b5e78a9bf0c2e4@newsfeedproxy.googleusercontent... This post may be reproduced only under terms of fair use permitted at www3a4540cc0bdfddd55f25e058fe907c03ba@alloyofcloudflare,left,left
Mary Cheney: Sister Is 'Dead Wrong' On Gay Marriage," In today’s Washington Post (December 9th), John Dossett argues that President Obama has more support from his base than Republicans currently have among blue collar voters who are leaning toward supporting him for re-election next November because he has been more open with his economic policies than any president since Ronald Reagan. The only question now is whether Romney will follow through on his rhetoric about Obama being “unable or unwilling” to deal with Congress on major issues from immigration policy—such as amnesty—to health care reform—as well as whether Romney can find some traction with voters who want him off their ballot next year (he won’t). Dossett writes that Obama had a stronger base when he announced health care reform plan in October 2009 undercutting Romney's claim that he could never go against Democrats on this critical issue if elected president again...",right,right
Mary Cheney: Sister Is 'Dead Wrong' On Gay Marriage, Despite their differences over taxes and spending cuts - President Barack Obama has been able to unite Democrats on gun control for years now - his message may be getting a little old with some older voters who live on two coasts where gun control has become a touchy matter for many Americans.(NY Times),left,right
Mary Cheney: Sister Is 'Dead Wrong' On Gay Marriage," In an interview with ABC News' George Stephanopoulos on Monday evening about why President Barack Obama's State Department has declined his demand for a $1 billion loan from China to help expand its military presence in Syria after he threatened if China doesn't comply with his demand that it do so immediately stop supporting groups fighting against radical Islamists such as Al Qaeda jihadists -- specifically one group called Jabhat al Nusra -- John McCain said there were legitimate concerns about whether China was helping al Qaeda because Beijing had long encouraged these groups despite warnings from U.S officials that this might create an opening for terrorists or encourage them into more conventional terrorist groups like Iran or Russia who would use them against America at home or abroad (ABC News - Monday 3 Jul 2016). He added that while China was working towards countering terrorism through arms sales they also needed money from other countries because unlike weapons sales through American companies their own budget was controlled only by Congress without being allowed any outside influence from China's government(ABC News - Monday 3 Jul 2016). In addition he said he didn't think China had helped al Qaeda ""that we know about"" because it had always worked with Iranian forces during their conflicts against Israel (ABC News - Monday 3 Jul 2016). In his first comments on Sunday night defending Obama against criticism after refusing Chinese aid for Syrian rebels amid concerns that Chinese actions could be counterproductive towards finding new allies amongst ISIS jihadists inside Syria when asked about claims CNN reporter Christiane Amanpour falsely asserted on Sunday night making a claim which has been proven false (CNN - Sunday Night 6 Jul 2016), Senator Marco Rubio expressed concern over what appears to be a conflict between Trump supporters like Donald Trump Jr., Jared Kushner etc, some who have supported him before including Sarah Palin, having been critical when questioned if he thought President Obama was being overly cautious about taking action since then Secretary of State Rex Tillerson declared two years ago our foreign policy should always include action in some form against ISIS terrorist fighters inside Syria(CNN - Sunday Night 6 Jul 2016). On Saturday night Senator John McCain again reiterated his support for arming Syrian rebels calling it “a very important step”(NBCNews - Saturday Night 5 Jul 2016) The following day Senator Rand Paul released a statement saying Republicans need no longer pretend they aren’t concerned about global warming simply because Democrats have repeatedly refused funding requests for renewables such as solar panels etc., noting that Democratic leaders have also opposed renewable energy programs which help fight global warming despite Republican efforts within their party trying at best unsuccessfully within legislation passed last year within Senate Minority Leader Chuck Schumer D-NY calling out House",right,right
Mary Cheney: Sister Is 'Dead Wrong' On Gay Marriage, For many years now there has been speculation about whether or not Christine O’Donnell would run for office in 2010 against Sen Mark Begich (D). In March 2006 Christine O’Donnell was defeated for another Senate seat while running against Mark Begich for his House seat in Alaska – leading some observers at that time believe that she would have easily won that election had it went forward; other supporters argued that Begich was more attractive because he wasn’t a Republican but rather an independent who didn’t support President Obama… Read More →,left,center
Mary Cheney: Sister Is 'Dead Wrong' On Gay Marriage, The younger brother of Vice President Dick Cheney has been an outspoken opponent of same-sex marriage while his older sibling has been publicly critical of Republican presidential hopeful Donald Trump for his stance towards gay rights on several occasions.,right,center
Mary Cheney: Sister Is 'Dead Wrong' On Gay Marriage, After hearing from several members of Congress across party lines expressing support forsame sex marriage under civil legal jurisdiction in Oklahoma over two years ago... A bill was introduced in Oklahoma House Bill 1321 (HB1321) last week calling for voters to decide on whether or not gays should be allowed to marry their spouse when both cannot physically marry each other due to age restrictions or if one spouse already has been married before their partner acquires health benefits from another state’s government system.) The bill would also have given homosexuals equal protection under state law against discrimination based on sexual orientation while providing civil service jobs.[/quote],right,center
"IRS official who refused to testify facing more scrutiny over scandal, past"," The House Ways and Means Committee held an investigative subcommittee hearing last week regarding Lois Lerners involvement in targeting politically affiliated groups for additional scrutiny by tax authorities over several years."" -- http://www..housema..enrts....taxes...irn_02011101219473848.html (accessed October 23) -- http://www....irsredu..enrts._apr220121219574488_d5c4.html (accessed September 27) -- https://www..housema..enrts.....IRSprocedures...pilgrimage_02011101225551853_db8b.html (accessed October 22).",right,left
"IRS official who refused to testify facing more scrutiny over scandal, past"," The White House has told Congress that President Obama would not have authorized Lois Lerner to conduct such an auditing operation without knowing about it himself."" [Reuters]",right,left
"IRS official who refused to testify facing more scrutiny over scandal, past", Reporter Jody Hunt asks IRS official why it took so long to acknowledge that politically affiliated organizations were being singled out during an audit; Lerner says it wasn't done until after ABA conference where questions were raised but answers were delayed; Lerner says Congress should have been notified last week after ABA conference; Rep Crowley calls to inquire if anyone outside government has yet been told about this issue's status; Rep Cummings demands that officials provide more information by May 4th deadline.... (Full Article ››),left,left
"IRS official who refused to testify facing more scrutiny over scandal, past"," At issue is whether certain 'Tea Party' applications were subjected to additional review by employees in response to politically related information.""",left,right
"IRS official who refused to testify facing more scrutiny over scandal, past"," She's very evasive about what happened in terms of that and doesn't provide much else from which we can gauge that.""...And Rep John Lewis of Georgia added:... ""The biggest criticism I would have has been that there haven’t been any complaints made by folks with whom you talked - so far as I know - to come forward?"".... In other remarks during questions from Rep David Bonior (D), he suggested that Lerner should have taken responsibility long ago rather than blaming it all on Republicans overreacting to criticism from tea party groups. But lawmakers also probed whether their concerns were justified - one member even suggested they aren't overreacting as much as others may have thought before this week's developments.... Read more...",left,right
"IRS official who refused to testify facing more scrutiny over scandal, past"," In response to questions from Representative Crowley during his April 7 press briefing... [Lerner] confirmed that there were more than 90 cases where tea party groups were examined by tax officials while appearing on tax exempt organizations lists as such; that nearly all those instances involved tea party organizations applying for 501(c)3 status; that most were denied 501(c)(3) status; and that many involved applications to carry forward past charitable activities."" And then Lerner went on to say it's true that some right wingers have benefited from some conservative groups' use of tax exempt status - but only ""because they sought relief through political means"" - not necessarily because they were affiliated with right wing causes. She insisted it's wrong but ""they are entitled to do this,"" saying what needs to be done now is put in place procedures by which these decisions can be reversed if someone complains about them (as happens all too often). She added: And let me know when anyone else has experienced any issues with their 501(c)(3) application being denied? There are people who have filed complaints [with FEC]. Not good enough in my opinion.(Emphasis added.)

",center,right
"IRS official who refused to testify facing more scrutiny over scandal, past"," I can only comment that our law enforcement inquiry related to political funders is ongoing."" She also declined to answer whether anyone had been indicted concerning any political contributions or campaign financing by an unindicted co-conspirator in a case against former Rep Anthony Brown (D).",left,center
"IRS official who refused to testify facing more scrutiny over scandal, past"," I'm not sure what you're asking me to comment on? So I'll get right yes or no?"" Then Crowley pressed: ""On June 15th? Was that it?"" She replied with a long pause: ""Yes.""",center,center
"IRS official who refused to testify facing more scrutiny over scandal, past"," I am very sorry."" She added: ""We have been making more progress than we thought possible with our efforts."" She denied that it had anything to do with politics or politics itself that had affected her ability to answer his questions in person in response to his questions about whether it could hurt Tea Party groups' credibility if people knew their names were included in tax documents related to these non-profits were being subjected to extra scrutiny by investigators like herself.""",center,center
White House Plays Down Data Program," A group led by Glenn Greenwald at The Guardian has revealed documents describing how federal officials secretly collect American phone records before obtaining them legally as part an NSA spying operation called Prism—and now we learn how they obtained them—and how they used these records in secret prosecutions without even knowing their sources were U.S. citizens or could be charged with espionage by federal authorities! (See our story here.) Greenwald says his revelations will blow wide open what Snowden described as ""the biggest mass surveillance project ever conducted"" in America's history! Meanwhile there continues to be debate about whether or not there are proper safeguards at any point during any such NSA operations (see our post here) – while critics continue pushing for more aggressive oversight within government agencies!
Read more here...Read another story »More from this series »The Guardian report on surveillance By James Risen – 9/10/2013 12:55pm ESTThis article originally appeared on NewsWithViews",center,left
White House Plays Down Data Program," In an attempt to rebut allegations by opponents about what officials call aggressive NSA searches at least 13 times since 2009 on personal computers belonging only to employees at Verizon Communications and AT&T Inc., President Barack Obama's top security adviser James R. Clapper Jr., Director Mike Pompeo and General Keith Alexander have confirmed for first time publicly how much phone company databases are shared with law enforcement agencies across U S. borders in return for access authorization from FISA courts at overseas spy targets' homes or offices...",center,left
White House Plays Down Data Program," On Friday night Attorney General Eric Hensarling testified before Congress about his efforts to obtain records requested by Representative Darrell Issa (R., Calif.), chairmanmen
The White House defended Mr. Clapper on Saturday after news reports said he would be asking lawmakers for more documents related either directly or indirectly o£ NSA surveillance programs conducted between 2004 and 2011; his Justice Department has asserted otherwise in recent days in response",center,left
White House Plays Down Data Program,"
A federal judge ruled on Friday night — perhaps inadvertently — against President Obama’s call for more oversight under his new executive authority on privacy matters last year… Mr....",left,right
White House Plays Down Data Program, The Bush White House knew about phone records before they were collected — but did not share this information with Congress or other agencies — until 2011 After being briefed on how its phone records would be accessed by NSA in 2005 … As soon as President Obama took office in January 2009 he approved Prism; by 2010 Congress was briefed on what NSA was doing with these materials … In March 2010 Attorney General Eric Holder issued an opinion stating: Since 2005 NSA has collected telephone metadata … This information is stored at several different sites which are operated by numerous different companies. It includes both long distance (cell site identification) as well as intereactive domestic call detail records (CDR). These databases can contain thousands or millions … Of course any metadata you give me can reveal your identity based on where you travel and who you talk with…In 2014 President Barack Obama signed FISA Amendments Act Title II which expanded warrant authority for collecting communications from foreigners if they are engaged in foreign terrorist activity like cyber attacks…. [B]ut last week Director Clapper asserted this new law permits NSA access via certain legal means related to national security such as without a warrant under section 702(d)(2)(A) surveillance rules which allow for access via other lawful means such as without advance notice provided pursuant [a]n approved program like PRISM…If we were looking at one single piece here I would have no issue declassifying it but all pieces taken together we don't believe PRISM/SIGINT is actually collecting anything beyond what has been authorized by statute…. Instead there seems more than likely an internal database developed internally using those same methods within each agency….. [T]he only problem I see with all this is we've never seen anything close enough specifically defined so far let alone any documentation outlining exactly how much actual collected overseas communications content has ended up stored domestically…The bottom line here however appears clear – every communication our systems collect contains some type human readable content – whether it's something like a call history or email – regardless whether it's classified or unclassified…. While your analysis may suggest otherwise PRISM does essentially nothing more than collect electronic communication content from various sources around America including cell phones etc so our concern isn't overly broad regarding what our systems have actually already collected….. From my perspective there isn't really any justification whatsoever for having classified FISA warrants authorizing domestic surveillance outside USA…. What's wrong with just declassifying some text file? There seems to be no real way around them.. They're still collecting text files anyway anyway... And anyone who disputes them making absolutely sure everyone else looks at their math equation isn,left,right
White House Plays Down Data Program, A new study finds no evidence linking Uighurs living inside China with terrorism or terrorist sympathies; Uighurs have long been considered Chinese citizens with links with terrorist cells but are largely regarded as peaceful Muslims; there were no significant terror attacks on Uighur soil against any Westerners since 1989; Uighurs live peacefully in Xinjiang province outside China; Muslim communities in Tibet and other countries often view Chinese actions as un-Islamic; more than two million people have attended religious services at mosques since September 2016; about 20 percent are ethnic Tibetan speakers who identify as Chinese or other ethnic minorities who face discrimination by local police forces; more than 2 billion searches for extremist content have occurred on Instagram since last October 1; more than 1 million Tibetan language apps were registered during 2012–2015 period compared with 100 similar apps registered in 2016–2019 period.),left,right
White House Plays Down Data Program," In response to questions about Prism from reporters Friday afternoon at his annual congressional briefing in Washington….The Obama administration has spent months trying to present its case for surveillance programs as innocuous searches into Americans conducted with American company records instead of personal information gleaned from electronic conversations around home or work networks…Documents have been provided repeatedly since January 2009 describing Prism as an internal government computer system used primarily by law enforcement agencies; documents also describe how companies like Verizon provide security clearance forms authorizing surveillance on people who use their services (like Google). There has also been discussion among current officials about whether they will try before Congress if there are concerns about possible abuses….For those interested in what might be found in court files on Prism—and who have already sought them—here are excerpts from key public statements made by officials speaking at these briefings…
Unauthorized surveillance can turn up anything from financial records or personal communications between people working together at a company like Google and others around them using these services; one document described how phone companies have been asked three times within weeks under orders issued by federal courts if they wanted access to call logs gathered by Google through its advertising business; another said such requests could be made anytime during any given week because call numbers would not necessarily match up with individuals who used those phones; other documents show how some phone carriers were asked if they wanted access if phone numbers were discovered using their apps on computers connected online (e-mail servers); one document describes how many phones were monitored both while customers were traveling abroad (e-mail servers) –and whether customers could request location information even when traveling overseas (phone servers)–while another suggests law enforcement officers working at large corporations might go online once every 30 minutes or so while looking for suspicious patterns among calls received on landlines while abroad because they feared losing access once their target was located…Other documents suggest government officers might also seek more complete profiles based upon individual locations collected separately via web-browsing devices such as smart phones rather than simply seeking e-mail addresses which sometimes can contain misspelled names when translated into languages spoken abroad….Documents describe specific ways law enforcement agencies share such profiles with private companies –especially UBER [Uber] where investigators say managers know about millions being collected…Documents also reveal details about privacy policies concerning interception methods used but do not mention whether those policies include provisions requiring warrants before collecting communications unless there is probable cause…..Several years ago some news accounts suggested Mr Obama had directed UBER executives …to conduct mass surveillance overseas without warrants…..In 2010 Federal authorities secretly acquired millions …of raw e",right,center
White House Plays Down Data Program," An internal federal computer system known as Section 702 collects U.S.-based phone records and other communications without judicial oversight or approval — usually via orders from special courts or secret warrants — on American residents without their knowledge or authorization; such records are then used for routine law enforcement purposes by law enforcement agencies worldwide; these include domestic surveillance but also electronic surveillance overseas; those authorities include police departments here at home as well as abroad; in practice most Section 702 activities are targeted at specific targets based on their names or affiliations with people who pose no threat (though one target may be under investigation); these targets are believed responsible for several foreign terrorist plots here at home including ones involving Al Qaeda members; one case involves American citizens overseas who were targeted because they were likely linked with al Qaeda while under surveillance here since 2007 when their phone numbers were obtained during an earlier warrant approved using Section 702 against communications made by them about 9/11 (and many calls made between 9/11 terrorists). And many others involve UUCPs [unnamed individuals], who will often be Americans abroad who have close ties with terrorist organizations in this country where they might get swept up in cases involving possible threats from outside entities related to terrorism such as those involving international terrorist organizations based around Syria which may have connections either inside America – possibly al Qaeda operatives – but outside Europe – potentially Western Europeans – possibly Middle Eastern terrorists associated with Islamist movements like Hamas – perhaps Islamic State militants? In any case where there's a connection between domestic terror plotters in America - typically American citizens living abroad - especially if they're suspected members working for al Qaeda overseas? Then we'll know something about them! We know someone was looking into those phones! And we know someone else was searching through what we call our ""national security"" databases! As Justice Scalia noted today: ""The question is whether our legal authorities can compel persons identified specifically because they are suspected criminals …to give us intimate details about themselves."" But no one's asking how long it took before you're supposed now... Summary: Law-enforcement officials collect information like social security numbers stored exclusively on computers owned by telecommunications companies without judicial oversight or approval — usually via orders from special courts or secret warrants — using what are known as bulk metadata collected without legal authority concerning almost all telephone calls made within United States borders within specific limits imposed by privacy laws ; but even though metadata collected legally can lead directly back toward potential perpetrators without requiring any particular individualized suspicion needed for its use (as opposed some bulk metadata collected under FISA which could lead directly back toward people doing things like",right,center
White House Plays Down Data Program," THE DEEP STATE (and more) — In 2008 UMBRAGE AND TELESCOPY — A former Wall Street executive who served on President Bush's national security staff has admitted in his own defense before lawmakers today while seeking immunity from prosecution for espionage charges related to leaking information about classified UMBRAGE TO THE WORLD (see below). ""I have been advised by my lawyers,"" John Sipher told House lawmakers this afternoon during testimony before their Intelligence Committee hearing about leaks related... Read more
More »",left,center
N.R.A. Details Plan for Armed School Guards, The study lays out what it says are four main concerns about school shootings: they can occur anywhere; there is no effective way of preventing them; they often are motivated by anger rather than intent; guns may have been used even when they were not loaded... (Read more),left,left
N.R.A. Details Plan for Armed School Guards," Gun violence has increased steadily since 1970 when it peaked at 764 deaths per 100 000 people per year
In recent decades there have been no statistically significant increases until 2007 when 1 976 firearm homicides were recorded compared with 1 784 during 1994–2006 which was considered normal pre-gun violence period (Source)",right,left
N.R.A. Details Plan for Armed School Guards," NRO Report Shows How Gun Control May Have Benefits for Gun Rights The NRA task force studied what it called “a wide range of factors” that might affect how quickly school shootings occur: student demographics; availability of guns; teacher training requirements; firearms policy laws; physical design limitations at schools; local policing practices; political culture (e.g., how much support there is for guns); media coverage (how often victims are given anonymity); social norms about gun ownership (e.g., whether they like or respect guns); whether children play with guns or not (they may be more likely than other people their age) ; school violence prevention programs such as mental health awareness campaigns, anti-bullying initiatives...?",left,left
N.R.A. Details Plan for Armed School Guards,http://www.washingtonpost.com/wpdyn/content/article/2007/04/24/AR2007042406959_pfk0b6cds_story.html?sid=SL-R8B8F4E-E6A3-43AE-8069-2C2B09914D7A&trackingid=-1Tgj2LXyDZJlzMn4rOyGQYg&widgetid=20075503601&partnerid=1#ixzz3mTjUYvn0,left,right
N.R.A. Details Plan for Armed School Guards," In conclusion we have seen shootings like these before but if you think about it it makes sense …. This is just another instance where we need more officers on campus so they can be trained by teachers so they can shoot through doors when necessary so that there are no incidents like what happened last night …. Allowing teachers with firearms just makes sense because it stops people acting crazy …. We have gotten guns out over 3 million households since 1994 I think we can get better results than what has occurred previously …. The best solution would be allowing them (teachers) inside schools but at least let them show up armed some place outside their classroom so you don't get into any trouble ….. But no matter how much you say let's all go back into our homes... but I don't want my child going anywhere with loaded guns around their bedrooms... And then after school maybe if there is an active shooter situation where students are coming home from school they need protection....... And after all people need safe places too right? So it's really okay for someone wearing glasses or something like that?""",right,right
N.R.A. Details Plan for Armed School Guards,"
— Some schools require teachers or staff members with firearms; others are wary of having them inside school buildings because they fear retaliation by students or others who object ; some have no such instruction ; some have no rules at all about carrying firearms on campus ; more than half permit people hired locally as unarmed security guards but do not have guns; some let it be up to local authorities whether people working for them should carry guns if they are licensed employees; several prohibit weapons possession except by law enforcement officials, such as troopers or sheriff s department deputies. Most states require background checks on private contractors providing armed guard service. In almost all states, including those with concealed carry laws, state police must accompany any school officer who carries firearms. The report says federal law preempts state laws limiting what can be taken into classrooms when arming students is involved. It also recommends giving teachers training about appropriate use of firearms during instruction, particularly if other weapons are not available on campus (such as rifles). To encourage use of less lethal options, it suggests giving instructors time limits for how often they can shoot someone after their last lesson – so long as both instructors agree that shooting should continue until both parties end up out of ammunition (if there is disagreement between parties). The National Rifle Association did not endorse this report because it was based solely on opinions gathered from its members regarding best practices among states (none were consulted by NRO), schools/school districts & local communities around the country (no one has made recommendations within their own jurisdiction) & expert testimony given specifically related only to arming school officials when other means are impractical or unsuccessful : http://www(...)/about/news_main_display/?&citi=13&citiid=1#1",left,right
N.R.A. Details Plan for Armed School Guards," School safety reform may become easier for cops as new technology aids search teams for shootings/gun control debate begins Jan 6th -- The New York Times
The U.S government's $100 million computer system tracks whether school districts nationwide have more than 100 firearms on campus but doesn't track their location if they do have them; how those weapons are kept; or where they are placed when they go off campus – all by computers that can't keep track of all guns on campus – The Washington Post",left,center
N.R.A. Details Plan for Armed School Guards," There are ways around guns so they don't get into our schools Summary: There are ways around guns so they don't get into our schools By David French/AP Photo| The Washington Post September 28 2012 | 10 Comments (1) Read more »
More by David French | Washington Post",left,center
N.R.A. Details Plan for Armed School Guards, The National Rifle Association's task force on guns is recommending more armed police at your elementary & middle schools (with some exceptions) by giving them SWAT/Special ops team training ___________________By John Gartner | August 17 2003http://www2.gpoaccessories.com/content_print_ad_archive2?&printid=254060&documentNumber=1&pubNum=278636,left,center
NRA urges states to allow more armed officers in schools, On Monday night gun control groups like Brady Campaign Against Gun Violence and Everytown For Gun Safety sponsored national rallies calling attention towards what they claim will be an increase of mass shootings across America as soon as 2016: The National Rifle Association (NRA) is urging its membership states not only to enact new laws regarding concealed handgun permits but also demand trained personnel enter schools once they've gone through eight months' worth of such courses with gun safety courses like Advanced Plinking Training (APS). The American Civil Liberties Union (ACLU) believes arming teachers at all levels will pose a threat because guns are such easy access into classrooms; however if those classes can do something about it then surely these same classes should know how best not get around guns by transporting them into classrooms? Moreover if you want kids under age 18 carrying guns then surely it would help if they could take some home or somewhere? Why isn't there any mention or discussion anywhere whether an eight month 'training course' is even worth having? There's no reference at all regarding why such a course needs be undertaken when there are already firearms allowed inside classrooms! Also keep in mind that since schools operate under strict rules by their own rules where any student could easily become lost and never discover where their parents live before making plans with them later - I suppose this means that our own kids are always subject to danger and danger from other students too? And how does one decide which kinder person is safe enough when dealing with someone who has been bullied so much already?! If anything even more dangerous than bullying exists - bullying can be prevented! And again how many times have we seen students being bullied yet parents still send them off with guns?! Yet another thing I'm curious about - 'weapons'? What exactly does this term actually mean within context?? I doubt most people realize their right hand is always free while anyone else must use their hands/arms against others....unless you're saying we shouldn't ever point out people using rifles...? How would you feel if someone pointed out your rifle was aimed directly at your face...would you react anyway?! You'd probably call them insane anyways!,right,left
NRA urges states to allow more armed officers in schools," Gun Control advocates push'more guns' agenda after deadly mass shootings - The Associated Press - 16 Dec 2014 By Mark Berman | Washington Post Writers Group Last month’s massacre at Sandy Hook Elementary School brought focus once again onto gun control laws and their place in American society and culture -- especially as stricter limits are being imposed by Congress after more than 20 public shootings involving children or close family members over the past year alone (2). The most recent mass shooting was an incident at a Florida high school last week that left 17 dead -- including three students who were shot themselves with guns they purchased legally online--and spurred renewed calls from gun rights advocates around the nation that federal legislation should be implemented immediately rather than waiting years before regulating firearms ownership altogether. At issue was whether local governments can require residents who wish not to carry firearms during sporting events or other situations such as protests or concerts with lethal results can obtain permits themselves (notably Chicago Mayor Rahm Emanuel) while still allowing citizens and law enforcement officials with concealed handgun permits access (in effect) throughout city streets. At issue is whether local jurisdictions – including police departments – should be allowed by federal law “to prohibit entirely persons from carrying arms openly upon their private property unless necessary” during such events, according to U.S Attorney General Eric Holder. In Washington DC, gun rights proponents claim it’s unconstitutional because it would make “local police forces [too] dependent upon civilian disarmament policies without any additional governmental involvement or accountability."" However, Holder has said he believes there is no constitutional right against owning guns outside your home, saying “there has been no showing whatsoever that there is anything inherently suspect about these policies."" And if anyone wants further evidence of these alleged deficiencies, we can look no further than Chicago's City Council which passed an ordinance last year requiring citizens seeking concealed carry permits pay $600 fee beginning January 1st 2015, which many thought would effectively disenfranchise some neighborhood residents already frustrated with their local police department due largely due its reliance upon background checks (1). One councilman even warned Chicago Police Chief Garry McCarthy against instituting such policies since they could create “an atmosphere where people feel intimidated by having their constitutional rights curtailed if they don't fit into some sort of box designed by government bureaucrats”(2). While gun control advocates argue otherwise because they say it will prevent other crime like domestic violence and violent mental illness among others; however our current system makes sure criminals aren't deterred from committing crimes with violence because someone might want them dead ; meanwhile innocent Americans die",left,left
NRA urges states to allow more armed officers in schools," The National Rifle Association urged states Tuesday to adopt tougher gun laws after its top lobbyist said arming students is important during such events as funerals and weddings -- but suggested officials should do it themselves if necessary as part of an annual firearms background check and gun safety course. The NRA also called again Monday on Congressmen Joe Heck (R-Nev.) and Tim Huelskamp (R-Neb.) to increase federal funding so states can provide adequate protection against potential criminals during funerals or other large gatherings."" The Associated Press",right,left
NRA urges states to allow more armed officers in schools," The National Rifle Association will urge state legislatures around the country by April 2013 to place an additional layer of screening and training requirements upon newly hired full-time teachers whose principal duties include educating children with special needs or working with students who are mentally ill or suffering from mental health problems -- something they often bring home from schools after classes are over when parents cannot afford their own groceries or even turn on air conditioning during inclement weather at home if their children suffer from colds and other illnesses while at work during normal office hours.""",left,right
NRA urges states to allow more armed officers in schools, The National Rifle Association has expressed support of an increase...,center,right
NRA urges states to allow more armed officers in schools," We will continue fighting against gun control measures such as universal background checks and limits or bans on assault weapons and military style semi-automatic rifles until we get rid of firearms from crime scenes or end their sale nationwide."" - President Barack Obama during a press conference after his address at Sandy Hook Elementary School where 26 people were murdered by Adam Lanza.""We should make sure there is adequate protection so our children can feel safe around guns because they can use them if they need protection,"" Obama said about his proposal Wednesday at Newtown Elementary School where 20 students and six adults were gunned down Feb 27th by gunman Adam Lanza.""There are too many guns out there now... I don't think anyone needs those guns anymore,"" Obama stated. It is an argument similar to what John McCain had been making during his 2008 presidential campaign when he repeatedly spoke about banning assault rifles and military style semi-automatic rifles before saying it was not necessary because they did not pose an immediate threat.""But if you look back 50 years ago when we had all those automatic weapons out there with silencers... I don't think even then any one believed we needed them,"" Obama said Wednesday afternoon while discussing whether we needed additional restrictions or bans on assault weapons.""But I also want you know here today today as president of this great country... you know that nobody walks by your town hall without hearing something about your plan... And I'm here with one simple message: stop talking about restrictions — talk about prevention!"" - Former Sen Barack Hilsenrath, D-Neb., at last night's CNN Republican Debate with Ted Cruz (left), Marco Rubio (center) Chris Christie (right). In response to Cruz' answer stating, ""[The idea] just doesn't work"".In response Senator Marco Rubio, R -FL - claimed ""the concept [of arming teachers] just doesn't work"". Meanwhile former South Bend Mayor Pete Buttigieg, D -IN - stated that ""the idea has no chance coming into my administration"". Sen Elizabeth Warren, D-Mass. agreed while adding she believes arming teachers should be considered an option but stressed she wants more information first before making any decisions regarding such proposals.""""I am absolutely opposed -- both legally and morally -- it poses some sort of perverse incentive which would lead our kids into situations where they could kill other students … I do believe we must step up our own efforts [to combat violence] but again it depends upon what kind of steps are taken up front"", Warren wrote.. This report comes after previous efforts targeting gun violence failed following national outcry over increased police",right,right
NRA urges states to allow more armed officers in schools, The National Rifle Association wants states (and their municipalities) where there is already much gun control legislation and firearms laws that infringe upon our constitutional rights as citizens; it wants local law enforcement officials with concealed carry permits carrying guns when they're out patrolling your community; and it wants cities allowing guns into their public places without background checks or warrants... unless you want your city council member standing guard next door while you're having sex with someone from overseas? In other words...not so great!Read full article >>,left,center
NRA urges states to allow more armed officers in schools, The NRA calls state legislators should relax gun controls now; calls again not only guns and ammunition allowed at schools but also concealed carry permits; says even teachers should be allowed some form of armor while waiting off work; agrees with GOP-backed gun control laws but wants restrictions relaxed after Newtown shootings; pushes changes including arming teachers and limits where children can go unsupervised by parents or guardians; says there should be no restriction or waiting period if shooter has access outside home (not just within); suggests arming students' parents with guns when they don't wish them around ; urges states not only require new gun legislation but also encourage firearms manufacturers such as Beretta and Smith & Wesson 'to do what they can' toward easing restrictions by raising standards nationally ; supports arming student parents with guns upon request from teacher(s).,left,center
NRA urges states to allow more armed officers in schools, The National Rifle Association wants states to allow arming teachers and staff after they've passed rigorous background check checks during their career as well as being fully trained with firearms during their period of employment should they be hired by local authorities or state agencies like schools or police departments - but only if local districts want guns within their city limits (and only up until 30 days before an election). It also calls this practice something common among police departments throughout America's largest cities or counties when some employees have been under contract with municipal governments prior....more,left,center
Mo Cowan Senate: Deval Patrick Names Former Chief Of Staff To Replace John Kerry," Senator Deval Patrick named Bill Mo Coonas as new director of operations for his office Wednesday afternoon at 5 p.m. at Springfield Elementary School under protest from some teachers who say they want more accountability after last year's audit criticized their school district for failing to report how many students actually attended school because parents couldn't afford transportation between homes or buses took too long getting kids home from school; some districts only reported attendance figures when parents had contacted them rather than reporting their own children during off-hours; some districts did not report whether children were home during off-hours while parents could not reach them for days or weeks at a time because it took too much time for buses or other transportation services within several miles; some districts reported that they did report attendance figures based on what parents called ""self-reporting"" by children who would come home when students were supposed to be home with their families.....DePATTER named MO COONAS Director OF OPERATIONS TODAY....WILLiam 'Mo' COONASSES NAME OF DIRECTOR FOR OPERATIONS AT SENATE IN MASSACHUSETTS....DePATTER ANNOUNCES NAME OF NEW DIRECTOR FOR OPERATIONS WITH ENDORSEMENT FROM DEM REPUBLICAN TO ASSIST AND PRESERVE THE HOUSE'S INDEPENDENT CONTROL...""House Republican Leader Nancy Pelosi (D) today announced her intentionto appoint William Coonsen - Executive Director - House Appropriations Committeeto help preserve President Obama’s House control over funds.""This nomination is being made possible bythe support I received early this morningfrom my colleagues across party linesin committees where I serve,"" Pelosi said in prepared remarks that accompanied her announcement speechin which she announced Coonassasnounced his intentto run as chairman next year.(AP Photo/Charles Dharapak)",right,left
Mo Cowan Senate: Deval Patrick Names Former Chief Of Staff To Replace John Kerry," The state's GOP senatorial nominees were among those who have endorsed Rep Tom Donohue (R-Neenah) for chairman of the House Committee on Veterans' Affairs after he announced his support Monday for Donohue after being denied his party's nomination last year by Republican Sen Bill Frist (R-Delaware). Both Donohue and Frist are leaving town today ahead of their scheduled Senate votes later this afternoon or evening at 9 p m ET / 6 p m CT because they no longer plan to be senators themselves: Frist announced last month that he would become chairman next week rather than seek reelection next April; Donohue has been absent from Capitol Hill since September when his committee voted against extending unemployment benefits; Democrats continue their pursuit of several other candidates including Doreen Baig (D), who won't face opposition until June 14 when Democrats take control; Sen Mark Kirk (R-Illinois); Mike Enzi (Wyoming) among others - all seeking reelections this spring once they have been reelected senators earlier in their terms...Kirk has endorsed Senator John McCain since February 2006 but not as long as McCain has been serving out his term...Patrick had previously indicated that she would back Kucinich for speaker if it happened - however she did not do so until after Kerry left office....(A separate story about Democrat David Valesky getting his endorsement is attached)",left,left
Mo Cowan Senate: Deval Patrick Names Former Chief Of Staff To Replace John Kerry, US President Barack Obama named Democratic nominee for U-S Senate Deb Fischer as nominee for Secretary of State earlier today at an event hosted by his national security advisor Susan Rice at Doral Hotel Miami Beach Florida - The White House announced he had nominated Democratic candidate Deb Fischer as acting secretary of state -- which is part way through senate filibuster season-- after John Kerry's nomination was blocked by Democrats for lack o public confidence. The confirmation hearing will be held later today.,right,left
Mo Cowan Senate: Deval Patrick Names Former Chief Of Staff To Replace John Kerry, Two GOP senators are replacing Kerry with Democratic appointees so Washington won't run off their own handouts again; both Democrats got jobs with very good salaries; both women are underpaid for their jobs; one woman was making $14/hr after 12 years working as an aide; Obama may be trying again his plan for raising taxes or cutting spending without Congress' approval or veto power (see above); one person is running against him--but only if he fails (see Above); two people are fighting for their lives--one dying--one injured--one facing death by sniper fire... more here...,left,right
Mo Cowan Senate: Deval Patrick Names Former Chief Of Staff To Replace John Kerry, The Democrat’s first choice for Attorney General would be Jeff Sessions’ deputy attorney general Matt Whitaker because he is close with Sessions’ brother-in-law Rod Rosenstein who has been nominated as Deputy Attorney General by President Trump as part of his Cabinet reorganization plan which begins Monday night.) (Source: Roll Call) (Source: Politico),right,right
Mo Cowan Senate: Deval Patrick Names Former Chief Of Staff To Replace John Kerry, Deval Patrick Names Former Chief Of Staff To Replace John Kerry,left,right
Mo Cowan Senate: Deval Patrick Names Former Chief Of Staff To Replace John Kerry," New Democrat Senator takes on old Republican Senator for Senate Seat In Massachusetts





",center,center
Mo Cowan Senate: Deval Patrick Names Former Chief Of Staff To Replace John Kerry," Senator Jim DeMint Is Not Running For President In 2012
Pulitzer Prize-winning journalist David Corn wrote an op-ed for The New York Times last week comparing President Barack Obama's approval ratings with those of George W Bush in 2001 -- when both men were Massachusetts Governors--and saying that Obama's ratings are ""not quite among his old man self."" A recent Gallup poll found that 62% approved UB's new tax plan; 65% supported Paul Ryan's budget plan; 65% approve Mitt Romney for running mate; 59% disapprove McCain/Palin health care plan; 60% support Clinton/Kerry health care plan - at least according to some reports, though Gallup also finds 55%. The poll also found 54% disapprove Obama/Biden health care plans - well below expectations from most polls after months of speculation over their prospects for passage, as well as their potential effect on Democrats' ability to win back Congress this November in any election. And polls consistently show them trailing Republicans' congressional majorities down ticket by several points or more. In other words polling suggests two years ago voters would have been looking at Joe Biden even if he hadn't dropped out after suffering heart disease just three days earlier. But there is more evidence now suggesting Biden might be looking beyond his immediate family issues rather than simply playing defense against public criticism.... But still.... The biggest risk facing politicians today is taking jobs away from others who are willing (or able) instead.. I thought my job was protecting jobs..? I thought my job was protecting people? Not take it away..?? Let me tell you what your job is... your only job..! Your first order of business... your first order if you want power...is keep people like me alive so we can do our work again... Don't waste $$$$! Don't take it away from us because we let too many die because we haven't helped enough..... Thats why I am not running.... but maybe going into politics will help me.... Maybe I should get back into it one day..???",left,center
Mo Cowan Senate: Deval Patrick Names Former Chief Of Staff To Replace John Kerry, Gov Deval appoints new senator: Former chief official tells House Judiciary Committee he was 'furious' at Kerry's confirmation vote as UMass de Valicar recalls'scandal over his hiring by de Ville'... Rep Kenney urges House members not take action against Obama’s Justice Department for ignoring torture report without public debate,left,center
William Cowan Named Interim Senator in Massachusetts," Governor Deval Patrick has named former state trooper William Jett for Massachusetts' U-S Senate seat until such time voters elect their choice of Senator John Kerry's replacement on March 5th,"" Boston Globe quoted him as saying during televised press conference inside State House Press Room 2 shortly after taking oath of office Thursday morning at City Hall Auditorium (a copy appears below). ""He'll do it with no preparation but will make his way through history learning all there is."" Read more about Gov Deval Patrick's selection here... http://www!newscenter!org/stories/20131101_governor-appoints-ex-aide-to fill kerry's seat?utm_content=bufferc2ed4&utm_medium=social&utm_source=twitter&utm_campaign=buffer",left,left
William Cowan Named Interim Senator in Massachusetts, Summarize this article: Site Mobile Navigation,center,left
William Cowan Named Interim Senator in Massachusetts," Governor Deval Patrick has named Kevin McCarthy, 41, an engineer from Washington, D.C., as his top choice for temporary Senate Majority Leader when U.S. Senator John Kerry retires after his bid for reelection ends June 25th. This morning McCarthy announced he will be joining him in Washington until June 23th when they will transfer into private practice at Mintz Levin & Co.. The law firm is founded by two Massachusetts Senators Edward Brooke (R-Mass.) and Daniel J. Moynihan (D-Nd.). The firm worked tirelessly on behalf of Massachusetts citizens during several contentious periods in American history including World War II, Vietnam War, Watergate scandal and Iran Contra drug trial verdicts since 1976 when it represented both Democrats and Republicans on behalf of clients such as Senator Joseph I Pat P Friendly (R – NY) which earned him praise from both parties during his career with Congress.. In addition McCarthy helped write laws which made it easier for corporations and individuals who had large business dealings across state lines before being able operate businesses without going through local government officials but still needed assistance from elected state officials throughout their day.. Under McCarthy’s leadership Boston was instrumental in promoting clean air legislation including prohibiting emissions violations by power plants while helping establish Clean Air Act requirements statewide enabling small companies like those working at Alcoa power plant near Lynn that are responsible for making significant energy savings… He also led efforts against toxic chemicals poisoning people throughout New England with environmental organizations such as Save Our Children coming under attack during this time period…. On behalf of clients like these all across America he worked tirelessly over many years even though he never received any reward or honor due out of Congress… Since then he has been praised by both sides within Government because his work proved how effective lobbyists can be even though they are paid more than politicians yet receive little or no political support… Priorly working at Latham & Watkins Company where lobbyists were paid more like politicians than lawyers but received less work done per hour due diligence required…… [Source]",right,left
William Cowan Named Interim Senator in Massachusetts," Governor Appoints Ex-Aide With No Political Experience To Fill Kerry’s Seat Governor Deval Patrick on Wednesday appointed William Cowan (Mo), an attorney with no political experience who has served as an elected state official since 1990 and was previously UMass Lowell’s executive director during its first two years under President George H.-Bush and UMass Lowell president Michael Pfleger before serving as UMass Lowell president during 2001-2003 when Kerry was running for governor against John Hylan (D), Senatorial candidate with no political experience against Democratic challenger John Kerry (D) of Massachusetts In his press conference he praised Secretary of State Tom Ridge for making it possible for him “to have somebody like Mo here today at this time where we can actually get people engaged in politics without having them wear pink ties or dresses with big bows tied around their neck so they look like they are out of uniform For me this appointment will allow us to get more people engaged in politics within our state and within our nation I think we can do that by getting people engaged both professionally – whether it be through being here representing their city or representing their county – whether it be through being able contribute themselves financially – whether it be being part of what has been called The New Democrat Coalition that has been organized by former members from some of my colleagues throughout my career We must remember there are many areas where you can influence your community without going out there And then also create those networks ourselves Those networks can only benefit us if we all work together I think people should recognize that right now when you go into any business establishment you have one vote one voice no matter if you are Republican or Democrat No matter how often they say otherwise It doesn't matter What kind of company they are There's only two sides You got one side That's just like every other citizen What happens after elections isn't going away So I don't think anybody should take any credit when somebody does something great - what happened last night was just something totally unexpected He did things even though there were some reservations on our part And so I'm really very grateful for him And I believe that others may feel differently But let's get back again because obviously this could have turned into something much worse As far as doing anything negative toward anybody but getting back up into offices He will make his own decisions but whatever comes down The Way we want him should find his way It wasn't easy For me because sometimes once you move on From your position you lose touch with certain aspects Of who you had been dealing with Well yesterday somebody decided that instead Of",right,right
William Cowan Named Interim Senator in Massachusetts," Governor Deval Patrick has named William ‘Mo’ Cowan as his next pick for filling Senator John Flanders Kerry's vacant seat until June 25 primaries when delegates are selected statewide at statewide conventions with all primary candidates running unopposed except for one ballot that includes two ballots only if no candidate receives more than 50% support among registered Massachusetts voters in any county other than Essex County where both candidates receive more vote than they can get from each other's supporters within two weeks of each other's filing deadline — which will happen Tuesday night or sooner if no candidate gets over 50 percent support from registered Massachusetts voters within two weeks of filing deadline,"" according to The Boston Globe (August 9).
Accordingly: Mr., now 44 years old and having served three terms as Boston City Councilman since 1999 (the only race where he ran against President Obama was his 2012 re-election win), does not seek reelection; he served five years on Beacon Hill during which time New England became one of America's strongest economic powerhouses; four years were spent working at KPMG LLP before moving back into private practice with Mintz Levin & Co., being hired by his new firm last year after serving three terms on Beacon Hill; he also serves on Harvard Law School Alumni Association and worked with Teach For America before earning an ABA designation when teaching criminal justice courses when he began teaching at Harvard Law School; before entering politics - ""I came out here because I love this town... This city loves me."" He works very hard - ""I don't make excuses,"" about why his friends don't like him - but also says it’s ""not my style"" but adds that there are some people whose dislike ""is so strong you know you can't stand them."" When asked about his experience representing minority communities during eight campaigns including three races against him during Mayor Bradley Thompson's tenure - ""My background [in] New England history led me down some dark paths... I'm confident I wouldn't do anything differently today than what I did then."" One might add: But even though having been publicly labeled racist throughout his campaign last year – even referencing President George W.'s infamous comment regarding civil rights activists being raised by white trash – Gov.-elect Patrick has still made no accusations against anyone directly involved in advocating racism through their actions or words; nor has any specific charges been leveled against him personally despite hundreds upon hundreds of stories written regarding racially charged remarks made in recent months concerning those very same issues… While Republicans are expected take control of state government this November (as",right,right
William Cowan Named Interim Senator in Massachusetts," Governor Appoints Ex-Aide To Fill Kerry’s Seat; He Is Known As ""Mo"" In The Law Firm Of Mintz Levin And Will Become Massachusetts' First Black Senator; Other Names Known To Have Been Used For This Position Include David Chiu (The Bronx), William Euille (Southfield), Thomas Breen (West Springfield) And Paul Laxalt (Cambridge). See Related Articles ›",left,right
William Cowan Named Interim Senator in Massachusetts, Governor Appoints Ex-Aide To Fill Kerry’s Seat Governor Deval Patrick on Wednesday named William Cowan—a Boston attorney who once served as an assistant district attorney—to fill his position as an interim United States senator until November 20 when voters choose their next U S Senator from Massachusetts....Read full story ›,center,center
William Cowan Named Interim Senator in Massachusetts, Governor Appoints Ex-Aide To Fill Kerry’s Seat [Kerry won an overwhelming majority of votes in May 2004 against Democratic challenger Christopher Dodd],right,center
William Cowan Named Interim Senator in Massachusetts, Governor Appoints Ex-Aide To Fill Kerry’s Seat; State SENATE REFLECTS ON DECISION TO REVAMP STATE SENATE IN NEW BLACK SENATOR APPOINTMENT; AND PROBE OF BLACK DEMOCRATS BY PRIMARY ELECTORAL DEMOCRATIC VICTORY Inaugural Black Senator Resigns,left,center
Gay Marriages Get Recognition From the I.R.S.," The IRS clarified its policy surrounding when marriage can be recognized by other governments for taxes purposes when a state refuses jurisdiction over civil unions it offers there for recognition by law; but when it recognizes a civil partnership; so long any legal relationship between an individual and his or her spouse may qualify for taxation purposes – regardless whether both parties agree on recognition or neither party agrees with other states’ positions on recognizing each other’s marriages. The IRS also clarified its policy regarding whether businesses should have taxes withheld from paychecks from employees whose families live apart because no one wants to take money they need every second working (to buy groceries or pay rent). For employees who live apart because either partner has changed jobs (or simply prefers not work together at all), IRS says employers must withhold 50 percent from their paycheck even if there is no indication one partner lives apart more than half time while paying no extra income taxes until he/she comes back into full employment later next year when earnings again fall after he/she decides to resume living separate lives with his/her spouse again – which doesn’t happen until after an employee comes back into full employment within another six months anyway (after having lived separated three months). But what happens once those employees return into full employment? In most cases without exceptions allowed under current regulations then employers are supposed to withhold 50 percent plus 25 percent just like before – unless Congress passes legislation making that exception available only if one partner is living separately so he/she can keep 50 percent off his/her paycheck just like all other partners do now (which hasn’t happened yet). This creates confusion and could lead employers thinking they have two different situations – unless Congress makes it easier by including additional guidance clarifying exactly what employer needs from partners rather than having them confused about what payroll deductions apply since no special language was included in current regulations explaining this point – which may make employers think twice about using some types of separation benefits even though nothing new was added since then; though none involved this type has been specifically mentioned since June 9th that day where an employer needed only withhold 25% instead merely withholding 25% plus 50%. And note these are very general principles; many situations may require different rules depending on whether spouses stay together or move apart while working due circumstances beyond control such as job changes etc.; which would affect millions more people throughout America now being denied health insurance coverage because one person moved alone into another state while staying under self funded coverage through work because here isn't enough money left over after taxes paid during previous years + lost benefits due moving state etc",right,left
Gay Marriages Get Recognition From the I.R.S.," The IRS rules will allow married partners with no children under age 21 living apart from each other — including legally divorced partners — and their child(ren) residing with them to claim both marital status deductions for all years beginning after 2005 if both were still living separate lives at that time (and only after taking into account any cohabitation between them). In other words, there won't be any issues for parents whose spouse died before 2009 if one parent moved from one state (or country) while his/her partner resided there for at least a few years after he/she died but before 2009; such parents could continue claiming spousal status until 2012 in states where neither party lived while alive). Also included under ""other"" income category since it doesn't affect taxes on earnings outside those listed categories.
By Brian Tashman | Posted 8 Oct 2014 - 1:33 PM

",left,left
Gay Marriages Get Recognition From the I.R.S.," Same sex partners can legally marry once their marriage has been validly registered with state law at their place of residence for at least five years following their date (or date agreed upon) for legal registration under NARA; any marriage between two people living outside U.S., whose marriages have since been invalidated by court order or other official action by a third party; no one may contest such marriages on grounds such individuals claim were invalid due to noncompliance with state law; there are many different ways for states and foreign countries—including within US territory—to register marriages between men and women (although most would require only one spouse), while some countries recognize multiple types of marriages (for example: France recognizes only one type). Marriage can also take place after being obtained under civil rights laws rather than through State recognition measures; currently this is done through civil unions which also provide similar benefits including health care coverage. However there may be problems with adopting civil unions into US domestic legislation affecting immigration, citizenship, voting rights, etc.; an agreement between State level organizations should clarify whether its adoption into domestic legislation affects eligibility for Federal Benefits.",left,left
Gay Marriages Get Recognition From the I.R.S.," Same sex marriages can now be legally recognized by either state or federal government regardless whether they have been performed within their own respective borders

",center,right
Gay Marriages Get Recognition From the I.R.S., Same-Sex Couples Must File Together For Federal Tax Return | The Washington Post: https://goo.gl/XoNdDw | https://tpgmagazine.ws/1z0sXh4,left,right
Gay Marriages Get Recognition From the I.R.S.," Gay Same Sex Couples Will Not Have to File Jointly To Be Recognized For Federal Tax Purposes By May 2013



By using this service you agree not to post material that is obscene, harassing, defamatory, or
otherwise objectionable. Although GovExec offers you these legal guidelines,' nothing herein should be interpreted to indicate any'basis' for exercising your free speech rights through personal conduct.",center,right
Gay Marriages Get Recognition From the I.R.S., Same sex marriage now is legal but some states refuse to recognize civil unions from which marriages may be invalidated because of state laws; some states have rejected recognition by other states; court rulings vary on how many people can be forced into marriages against their will; Congress and President Obama propose redefining civil unions between people with different sexes; State legislatures may soon vote on gay marriage bans again at least 15 times since 2006 … Full article: Link,left,center
Gay Marriages Get Recognition From the I.R.S.," A new rule taking effect Jan 1 (3 years) has all heterosexual spouses who have legally married each other under New York law regardless where they live or choose to live; regardless if there's no one else living with them in NY at any time; though divorced from each other before marriage (and therefore no longer eligible for benefits); and regardless whether one person was born after August 24th 1963 (or whether another was born before that date), both people will now receive Federal income tax credits equal with any other married pair... until Jan 1 2015 when rules change again since those changes take effect -- which means you could end up paying twice more taxes than you do today -- unless your ""husband"" gets around this by getting divorced first so he can claim an IRA exemption...(a) If both parties are separated from each other at any time prior to January 1st [2013] then all unmarried persons who previously could pay their taxes but now must do so separately must pay individual income taxes only on $2435 ($50K + $100K = $2435) per person ($12 per month X 8 people = $12/month X 8 people = $60). Same thing here; husbands get an IRA exemption instead! The spouse still pays individual income taxes while she can't! Any amount paid over her share is taxable only once per year plus applicable child support penalties.(b)(1)... Same thing here; husbands get an IRA exemption instead! The spouse still pays individual income taxes while she can't! Any amount paid over her share is taxable only once per year plus applicable child support penalties.(b)(2) For 2012 taxpayers with adjusted gross incomes above certain thresholds shown below... Same thing here; husbands get an IRA exemption instead! The spouse still pays individual income taxes while she can't! Any amount paid over her share is taxable only once per year plus applicable child support penalties(b)(1) In 2012 taxpayers making more than certain threshold amounts shown below may be exempt from paying personal exemptions for family members unless their joint return includes a marital deduction under section 402 [IRC Section 6404]. For example this would apply if Mrs A's total adjusted gross income exceeds 200k (single woman); 200k x 20% = 200k (single man). Since Mr B was born before August 24th 1963 - Mr D was NOT born after August 24th 1963 - his adjusted gross household earnings cannot exceed 50k [40% lower than single man], but his wife qualifies him for an exemption because Mr B's household earnings exceed 50k ($40K",left,center
Gay Marriages Get Recognition From the I.R.S.," All Same Sex Couples That Are Legal And Still Married Will Live Together For Federal Tax Purposes In This Report On Same Sex Couples A Report By The Treasury Department On Same Sex Couples Marrying Since 2006 In The United States If You Are Married But Not Legal You Are Not Registered As A Civil Union If You Don't Worshipped Each Other But Both Are Legal To Live With Each Other For Federal Tax Purposes You Should Be Recognized As A Civil Union If Either Of You Were Legally Separated From Your Partner Until After Your Wedding Because Of Divorce Or Widower's Death Then They Can Pay Joint Filers Status As Joints Or Separately After Your Wedding If Neither Of Them Was Legally Separated From Their Partner Until After Their Wedding Then They Can Pay Individual Filers Status Based On Their State’s Marriage Recognition Laws When Anyone Marries Both Partners Must Agree One Another Is Legally Eligible To Be Identified And Named As Partners Because It Is Entirely Fair For These Types Of Couples When Someone Has Been Divorced Or Widowed Before He/She Wears His/Her New Wife's Name On His/Her Birth Certificate Then He/She Will Be Considered Eligible To Get Married Again And Continue Being Segregated By The State According To Any Law Which Permits This Form Of Registration
A couple can change their marital status at any time during their marriage by petitioning a court for an annulment from court order or by marrying again elsewhere without any legal documents being filed with probate records; however only one spouse can petition for an annulment at any time and only one petitioning spouse can marry again other than by marriage or divorce elsewhere; no more than two spouses may marry another person after having been divorced or widowed before he/she is legally married because under New York law each spouse cannot marry others other than themselves; there is no right for two persons born together with no children under age 24 years old; neither parent must consent on behalf (jointly) unless there was valid agreement between them for his/her minor child(ren) regardless whether two such minor children live with each parent; there must be full cohabitation between unmarried parents until age 18 when both adults have attained legal age in New York City and may not remarry outside this area without either party's consent unless both parties have lived together continuously since before age 12 (see NY Family Law § 160 et seq.) except if either parent has been separated from his/her husband since August",left,center
Same-Sex Married Couples To Get Federal Tax Recognition Regardless Of State," In an unprecedented move that could impact millions of Americans already living in states where gay marriage is legal (including California), President Obama today issued an executive order directing his administration be “the first administration with enforcement authority"" over any ""government conduct"" related or associated with a federal action on marriage equality since 2008 -- including any actions taken by Congress or any future Obama administration acting on their own initiative as well as any such actions taken by ""any other appropriate government entity."" The order also clarifies existing Department of Justice policy regarding enforcement against such government entities' failure ""to comply with applicable laws or policies regarding implementation,"" and specifically outlines how that failure triggers DOJ's authority under Section 5(a) of Executive Order 13233 [PDF], which defines Section 5(c) as applying equally across different types of nonfederal entities subject to DOJ's jurisdiction."" - Tax Administration Blog",left,left
Same-Sex Married Couples To Get Federal Tax Recognition Regardless Of State," WASHINGTON -- The Obama administration will no longer be enforcing federal rules prohibiting sexual orientation discrimination based on religion from taking effect beginning Oct 1st; instead there will be an “all or none approach."" According to Justice Department spokeswoman Caitlin Oakley – citing regulations issued during Obama's first term – agencies must give “notice and opportunity” before new policies take effect but they can choose not apply them during their notice period without penalty. Oakley's quote is from an October 30th statement by then IRS Commissioner Douglas Shulman explaining how agency employees were notified prior to Oct 31st regarding enforcement action against gay employees who claimed religious exemptions. At least one agency involved with compliance issues on behalf either employee or client chose not enforce those regulations. The decision is based on two cases brought before SCOTUS by former Secretary Clinton's appointees, accordingto SCOTUSblog. Two other people involved with civil rights enforcement actions were required within 10 days after announcing their action pending resolution following oral arguments at SCOTUS, accordingto SCOTUSblog. These people ""were permitted"" (apparently) because both cases had been resolved prior December 28th 2013, accordingtoSCOTUSblog There has been speculation that Obama's successor could reverse his predecessor's actions as president (this might have happened under Trump) but so far no evidence has emerged regarding such a reversal being possible.""The government argues that these rules should only take effect on Oct 1st or earlier if they are challenged again within six months"" - including by Congress - which would potentially mean at least five years until Trump could undo these rules - despite DOJ having already given several extensions since 2011.""As always we welcome comments…""",right,left
Same-Sex Married Couples To Get Federal Tax Recognition Regardless Of State," The IRS could decide whether or not an individual is considered a legal spouse if she or he is living on one side and has been married on another side since his or her birth but separated at some point during his or her lifetime (that would be up from 50% currently), because states are only allowed three years after an individual marries an unrelated person before recognizing their marriage as officially recognized by another jurisdiction without regard solely to where they live,"" said Kevin Carey with Americans United For Life Inc., which represents roughly 1 million members around Washington State who have been legally married since 1981 until today's decision.""
""We hope other states will follow our example,"" Carey continued. ""Many gay men and women don't have access due simply because they can't get information out when they need it.""",right,left
Same-Sex Married Couples To Get Federal Tax Recognition Regardless Of State," The White House told Democrats on Tuesday it is ""very likely"" President Obama will ask Congress next week whether lawmakers should pass an overhauling of health care legislation with his support or withhold his final signature on bills pending before him because they too could be halted or modified through judicial action -- including a possible court challenge against Obamacare's individual mandate requiring people buy health insurance or pay hefty fines.(AP Photo/Susan Walsh).Read more at Yahoo News US Election Poll Details Same Sex Marriage And Same Tax Policy On Same Sex Couples?",left,right
Same-Sex Married Couples To Get Federal Tax Recognition Regardless Of State, This article offers recommendations on how federal employees can better support LGBT employees and others at home and abroad as well as how they can serve their communities more effectively at work while promoting equality within their organizations;,center,right
Same-Sex Married Couples To Get Federal Tax Recognition Regardless Of State," Following today's announcement from Treasury Secretary Jacob Lew on his decision on whether or not he will extend federal tax benefits as he has proposed over many years while under President Obama's direction,... » Read More at: http://www2pilgrimbloggersdotcom/2010/10/us_treasury_rewards_same_generec…",left,right
Same-Sex Married Couples To Get Federal Tax Recognition Regardless Of State," From its outset as an anti-discrimination law at issue in SCOTUS oral arguments Tuesday evening (April 4), marriage equality has been one of many battles on which proponents are contending with discrimination laws on both sides — with some states taking things further than others on issues like equal rights or civil unions; more detail below...",left,center
Same-Sex Married Couples To Get Federal Tax Recognition Regardless Of State," On Monday May 31st we presented updates from an event hosted by LGBT groups at New York City's Museum of Gay & Lesbian Art (MGLA) featuring a panel discussion on issues impacting LGBT people.""",center,center
Same-Sex Married Couples To Get Federal Tax Recognition Regardless Of State," President Barack Obama used his speech on Wednesday celebrating American exceptionalism as an opportunity “to call out those who would deny Americans their civil rights because they're different or oppose traditional marriage,"" says Michael Dreeben at The Washington Post | USA TODAY",left,center
"Obama urges new restrictions on assault weapons, magazines as part of gun control plan", President Barack Obama urged Tuesday that Congress enact two key parts of his comprehensive proposal for curbing violent crime in America...http://www.usatoday...hts/20151107/20101707_Obama_says_gun_violence_.htm#ixzz0Mxk6UxVbX A reporter asks about whether more regulation is needed regarding large ammunition clips used in self defense...http://www.cnn.com/VideoPlayer...us?id=1535751827&s=8004&t=1&mh=[videoid=[3301446930]http://archive2.org/_enjoyed/coupled...9000200%232013%20WOBIE%20JOBE%20PASTORIALe1c14a03d9abfeaf4bb5f38f7800e788e95bde0f9d824b5974ce26cc99ac6bb4fb5bb55fc85df97cb65dd2da982858dc96ae6a45293690d3cc5619aaef08cf7ee17671187bc73ebcd0940849976ad89121634376083fd4ea4822821947be39ec431772dc04db857a7cf798680936466ba4768fa0fbd50ca07abef62b71d704954ffa0825eb9bf3ec79ae52d8385510332494ff4650afda31b95cb2be6ed077434491e5cb031677962ee0557fc7529c65bc3fc11ac1368ea06ca2521fb4085132787185370842681ad32cc3958a04abb1071fb30bd02db451536aa54de82b46ba53dc5942ca3512c884931e223732bd97fd3ad806952bc93fa63aa1ef61df48987867490977dd73bfce8763491ade3792de0586001450af9974cf814f2864fd137562ba92ce60cd6ab1be5f062ca8327db21cc942541ef0c7763dd47ee,right,left
"Obama urges new restrictions on assault weapons, magazines as part of gun control plan"," Gun control reform is important but will take time - Ed Markey (D.,Mass.) ; Congress should do more research, Senator Elizabeth Warren (D., Mass.) ; We need an universal background check system, Senator Chris Murphy (D.,Conn.). See also",left,left
"Obama urges new restrictions on assault weapons, magazines as part of gun control plan"," President Barack Obama urged Congress Wednesday night not only to pass sweeping gun control measures but also enact additional steps toward addressing mental health issues in America. The administration launched a national campaign this week aimed at helping people coping with mental health conditions take advantage of services such as counseling services provided by local community centers or other licensed crisis response centers where people can receive help regardless of their race or religion or other characteristics such as whether they were born here legally or under 18 years old during their last visit with an adult caregiver for mental illness - but regardless others who have had experiences similar issues while living in another country. A special event is scheduled today featuring Dr. Martin Luther King Jr., along with First Lady Michelle Obama delivering remarks about what Americans need now more than ever before - including those dealing with physical problems stemming from mental distress - saying 'we will not stand still' until everyone is capable of living safely free from fear."" (Source: Fox News) (Source: AP)",right,left
"Obama urges new restrictions on assault weapons, magazines as part of gun control plan"," Obama calls for more aggressive measures against guns (including assault weapons) - WASHINGTON - U.S. President Barack Obama has ordered new executive actions aimed at combating violent crimes involving guns, including tougher bans on large capacity ammunition magazines as well as measures restricting high capacity ammunition clips used in automatic rifles such as AR15s.(AP Photo/Susan Walsh)Associated Press",left,right
"Obama urges new restrictions on assault weapons, magazines as part of gun control plan"," Obama urges new restrictions on assault weapons



 

    


Home | News | Arts & Entertainment | Music | Video",center,right
"Obama urges new restrictions on assault weapons, magazines as part of gun control plan", President Obama is calling today for an emergency assault weapons ban similar in scope but with slightly different language than his predecessor George W. Bush enacted last December while also calling for improvements in federal criminal background checks. The measure also calls for closing loopholes allowing thousands of firearms such as loaded handguns into civilian hands despite having no permit or liability requirements; requiring states with large amounts of guns or illegal guns like large quantities of machine guns (ARs) such as M1A1 carbines be subject only; imposing higher penalties for violent felons who illegally possess firearms; expanding background check requirements beyond just purchasing at retail outlets; imposing tougher punishments against people selling high volumes/large numbers/lots/or large capacity ammunition clips--all measures taken since last year after President Barack HUSSEIN OBAMA'S ARGUMENT ON AFFORDABLE CAMERAS AND A SMALL MODEL PICKUP SITE CENSORED OUTSIDE OF THE PAST PERFORMANCE DETAILS,right,right
"Obama urges new restrictions on assault weapons, magazines as part of gun control plan"," President Barack Obama urges new restrictions on assault weapons - 12 months after Sandy Hook attack; Senate takes up bills banning armor piercing ammunition; Gun control bill passes 3rd reading in New York; A 'right' is 'weird' - Michelle Obama blasts NRA comments over Sandy Hook tragedy; NRA rejects call letter from Newtown families
He also addressed those affected by mass shootings across America -- saying they were part of his legacy -- saying their lives had changed because ""the power that holds them together is not just physical but spiritual."" And he urged Congress ""to take bold action against these dangerous threats,"" including strengthening background checks between buyers and sellers at all federal salesplaces including airport checkpoints. This would include increased penalties for straw purchasers who buy guns at retailers without going through licensed dealerships or other approved firearms dealers when they return stolen guns purchased from unauthorized sources. He also asked Congress for money towards building affordable public schools so that everyone can catch up with economic growth after decades of stagnation since World War II.(more…)",left,center
"Obama urges new restrictions on assault weapons, magazines as part of gun control plan", Obama urges new restrictions on assault weapons; asks Congress for additional funding; calls for stricter federal regulations,left,center
"Obama urges new restrictions on assault weapons, magazines as part of gun control plan"," Obama demands new assault weapon ban - CNNPolitics | The White House (CNN) As President Barack Obama began his second full day in office Monday in an effort that has divided America over guns since he took office less than two years ago, he issued what amounted at first glance like common sense measures meant only for reducing deaths among victims of mass shootings; but his tough talk also struck many people's nerves because they suggested more stringent measures were needed far beyond what was ultimately signed into law by Congress last week.The president made plain during his final press conference before leaving Washington Monday morning that much more needed was done -- some might say too much -- if he was going make progress toward ending mass shootings like those last week at Sandy Hook Elementary School or Colorado Springs Planned Parenthood. He offered specific actions such as banning bump stocks, or devices that allow guns with longer firing times but less destructive power than pistols or rifles, from making it into U.S. legal tender; creating national databases allowing authorities easier access; preventing state governments from passing their own concealed carry laws; banning high capacity magazines from coming onto U.S.-made firearms sold overseas; requiring universal background checks for private sales across state lines; requiring all firearm purchases be accompanied by a federal form with information about mental health history ; mandating universal access training programs once mental health issues are discovered (including those provided through public schools); requiring medical exams before firearm purchases in states where no such program exists ; mandating more stringent enforcement if someone is suspected of using unregistered or unlicensed weapons (including any handgun purchased outside those states); regulating ammunition purchases made online out of state ; prohibiting people convicted under certain federal crimes from getting firearms again after release (many prohibited persons are released after serving time under other federal offenses)...",left,center
"Obama Gun Control Proposals Unveiled, Marking Biggest Legislative Effort In A Generation", Gun laws proposals unveiled by Barack Obama include legislation offering new requirements for background checks for private weapons purchases. The proposal also proposes raising spending to train more officers on violent crime issues and expanding access into dangerous guns through tighter restrictions.(AP Photo/Jacquelyn Martin) AP,center,left
"Obama Gun Control Proposals Unveiled, Marking Biggest Legislative Effort In A Generation"," This article discusses Obama's proposals for gun controls after he was sworn into office in January 2009 (1). After his inauguration he appointed Mary Landrieu as his Health and Human Services secretary who oversaw implementation of Obamacare from 2010 to 2015 (2). Since then he has called for stricter regulations on firearms (3), including requiring more background checks for handgun purchases and allowing military veterans to carry weapons openly without limitations or restrictions (4). Finally he proposed legislation last year that would have required states with large prison populations to give veterans access to guns within their own prisons (5). He also suggested that Congress create an Office of Violence Prevention within DHS as well as implement measures that allow local police departments or sheriff's offices across America greater authority over their own personnel' s use of force policies(6). His ideas have been met with opposition from lawmakers who believe these proposals are unconstitutional(7), but it remains unclear if that opposition will prove effective.(8) Also see this article(9) about what happened during his campaign against Senator Ted Kennedy when ""Obama took him down"" during one interview!",left,left
"Obama Gun Control Proposals Unveiled, Marking Biggest Legislative Effort In A Generation"," Obama Gun Control Proposals Unveiled – Click Here Today! #ObamaGunControls https://t.co/4FdXzj6L1g — Aaron Wilson (@AaronWilson) August 19 2016 See also: Biden Announces Plan To Combat Mass Shootings And Violence [RUSH TV] – http://russhellerreport.com/2016/08/biden-announces-plan-to…/ …#obamaguncontrols #ObamaGuns — RUSH TV (PBS) (@rushtv) August 19 2016 For more information about these proposals visit https://www2.cafc.uscourts.gov or call 202 241 8800





",right,left
"Obama Gun Control Proposals Unveiled, Marking Biggest Legislative Effort In A Generation"," An overview (1) What are some features or objectives that make this proposal different from previous proposals? (2) How might previous proposals influence your view about what's proposed here? (3) What issues should be addressed by these measures? To learn more about these proposals or questions specific to them see www.senate.gov/congress/agr/gun_control_proposals/. (NOTE: If you'd like to see detailed information about each specific measure go here.) [H]arassment prevention laws are available for cities with populations over 250k people that want them.[I]ncluding those who choose not to buy guns.[J]uisprudence prohibits government from forcing anyone who owns guns to bear arms.[K]eep certain people who live near high crime areas barred from buying or maintaining new guns if they have no criminal record.[L]""I’m sure there are many good things in this plan,"" Sen. Chuck Grassley said during briefing after Wednesday's rollout event at The Washington Post's Capitol Hill offices.[M]anage has been proposed for high school students using their parents' income tax returns as proof of residency.""[N]""Some very basic steps are going into effect now,"" Rep.-elect Katie Arrington told reporters shortly before she made her debut as first lady earlier today after meeting with Biden at his office at 11 1/2 months pregnant when he was sworn into office last January 2...Read More",left,right
"Obama Gun Control Proposals Unveiled, Marking Biggest Legislative Effort In A Generation"," Guns are Dangerous! This bill would make it harder for kids to get guns by requiring background checks for virtually all firearm sales across America—and that's not even counting existing laws that already require background checks for many buyers who are prohibited from buying firearms—and also includes measures like increasing access to more effective ammunition by creating ammunition trafficking legislation — making it difficult or impossible for criminals using illegal ammo to buy legally obtained firearms—like assault weapons ban provisions and banning certain types of armor piercing bullets."" (Source) – -– Updated 06/25/11 – 1:18 PM PT – -– Updated 05/26/11 – 0849 EDT – -– Original Source",left,right
"Obama Gun Control Proposals Unveiled, Marking Biggest Legislative Effort In A Generation", Obama Gun Control Proposals Unveiled - Source,left,right
"Obama Gun Control Proposals Unveiled, Marking Biggest Legislative Effort In A Generation"," Obama Gun Control Proposals UnveiledBy Mark BermanPosted April 17 2012 2:10 AM EDT
President Barack Obama's proposals for regulating guns are set to kick off major legislative fights next week as Democrats take control of both houses for what could be their biggest budget battle ever in their first 100 days in office. Here are what's going into that legislation...",left,center
"Obama Gun Control Proposals Unveiled, Marking Biggest Legislative Effort In A Generation",Obama Gun Control Proposals Unveiled,left,center
"Obama Gun Control Proposals Unveiled, Marking Biggest Legislative Effort In A Generation"," The full text goes into detail about where and how these proposals would impact law enforcement agencies across America.. By contrast with former Rep. Gabby Giffords' bill that failed in 2006 (and then failed again following passage) here's what you are not going to find here... The ""prohibition"" language appears twice (once from page 10) in one place! That means they are not going after guns but rather protecting citizens from violent crime! I guess that makes it ok for us criminals to have AK47s but not illegal weapons or even semi-automatic rifles? No... But wait folks... It doesn't say so right there... Maybe they mean ""guns"". And we need more than just shotguns these days! We also need semi automatic rifles like AR7s because of their lethality against bad people who don't know their rights when they think something's coming down hard around them!! Just like your parents taught you about guns.... And just like your grandparents taught you about cars AND knives! But you wanted me to show EVERYTHING!!! HA HA!!! Well I'm trying soooo hard NOT TO SHOW EVERYTHING!!! ha ha!! See ya later momma!! *Sigh* Maybe some day you'll understand why my mother never understood why I was always afraid when she came home from work because she didn't hear me calling her Mommy :) hahahaha!!!! (I told ya...) Thank goodness she did get over it because now I have enough money for my dream house with an AC Unit :) If only someone could come up with another idea that could solve mass shootings without infringing upon basic freedoms or rights!! How bad would it be if we ended up having mass shootings instead?!?!? Yeah!!!! So true!!!!!!!!!!!!!!!!!!!",right,center
Jackson Jr. Pleads Guilty," Former Uinta County Sheriff's Deputy Anthony Jernigan was indicted Thursday on two counts of racketeering conspiracy stemming from his alleged involvement with former state Sen.-elect Richard Kibbie (R) when former Sen.-elect Kibbie asked him about running against incumbent Democratic Secretary Of State Deb Haaland (D), according to court documents filed by prosecutors following Jernigan's resignation as deputy sheriff that are not yet publicly available but which were obtained by the Journal Star through an open records request last year seeking public documents related to police corruption cases involving elected officials across Illinois since 2001 that have not been made public due to attorney ethics laws requiring them be closed by 2009 or earlier because they were discovered during discovery proceedings initiated by prosecutors during those years when no criminal charges were ever filed against any elected official involved in such cases but rather those elected officials had resigned their office at some point prior while awaiting trial or indictment due process hearings that resulted in indictments resulting only from grand jury indictments returned by prosecutors after these political corruption prosecutions were completed once they occurred as these political corruption prosecutions concluded — see story “Richard Kibbie Defends Past Inevitable Defeat” published today",right,left
Jackson Jr. Pleads Guilty," While serving as first lady Jackie Kennedy’s chief White House counsel during her husband’s presidency from 1969-71 through his impeachment trial after President Richard Nixon pardoned him for Watergate crimes in 1974 after promising not to remove him from office if he won reelection by that date… In 1977 President Jimmy Carter appointed William Safire as special counsel at the Justice Department investigating alleged election fraud by Carter’s presidential nominee Henry Wallace… A year later when President Ronald Reagan appointed George Harshman as head of the Federal Election Commission investigating whether illegal fund transfers were involved in electoral fraud involving John Kennedy’s brother Robert Kennedy… In 1984 President Reagan tapped Joseph Califano as chief prosecutor at NARA/FBI/DOJ following allegations that Califano knew about Jack Ruby firing Ruby while they were both serving prison sentences for murder just days apart at San Quentin State Prison… In 1989 Congress directed Attorney General Janet Reno—the former governor of California—to appoint Joseph DiMona as chairman of Special Counsel Patrick Fitzgerald's criminal division while DiMona himself was being investigated by Fitzgerald over alleged political corruption… During Fitzgerald's investigation into those charges James McCord wrote that “no one person has more knowledge about criminal investigations than Mr [DiMona]” but “he does not have any particular expertise regarding them…. There are no other people on NARA/FBI/DOJ whose technical knowledge is so superior or more thorough than Mr [DiMona]. They don't all have years behind them like Mr [DiMona] did when I supervised (or headed) it between 1981-1988…."" … According to former Secretary Norman Yee—who left government service amid allegations against him involving sexual assault—McCord also worked closely with Yee when Yee served as deputy attorney general during his tenure; however Yee said McCord never asked him about anything related with Special Counsel Fitzgerald; however McCord told me that while Zuckerman told me that McCord told him that Zuckerman “told him [that] they would be working together again someday soon so they should be working together someday soon... we should work together because we were friends once upon a time...."" According WLS Radio reporter Barbara Walters McDonough writing about how she interviewed Nixon Attorney General Dick Thornberry ""He had asked me 'what kind of lawyer are you?' And I replied 'I could be any kind I wanted.' He then went off into another conversation which lasted longer than most conversations... Finally my interviewer turned around abruptly leaving our session looking very",right,left
Jackson Jr. Pleads Guilty," A longtime lawmaker has pled guilty in federal court after admitting that he used campaign money to purchase items such as Rolex watches as well as cashmere scarves which cost more than $6300 each at three stores between Oct., 2009-Nov., 2010. He also admitted that those purchases were made with campaign funds..
The former congressman told authorities that he spent more than $2 million over two years - much of it since 2011 - purchasing large amounts of other personal property such as clothing, shoes, handbags, sunglasses, jewelry, paintings or prints. He said some purchases were financed with loans from two credit card companies which totaled more than half a million dollars by Nov., 2012..
The Illinois State Government provided him with free legal representation throughout his criminal proceeding against him..",right,left
Jackson Jr. Pleads Guilty," In January 2002, former Rep., Jesse Jackson Jr., spent more than $750k from his campaign fund on an array of personal luxury items including Rolex watches, leather wallets, leather sandals, black turtlenecks (black suede), diamond tennis shoes etc.. After being indicted by Special Prosecutor Patrick J McDonough on Tuesday August 22nd 2002 following allegations that Jesse had committed fraud against the Internal Revenue Service over tax years 1999 through 2001 by signing off as an officer of American Tax Services Inc., which has never existed nor ever existed as American Tax Services Inc was nothing more than an alias used by Jesse when collecting taxes but not when filing income taxes... In this matter you can be sure that your defense will be based upon your ability without reservation or hesitation as well as Mr Johnson's credibility. He's done everything right down to what everyone needs him to do...He's got balls! He's got ethics! And most importantly he has integrity...After all you want facts? Not excuses! You want facts? Then you have these people behind you!!!... - The Chicago Sun Times... 9/29/2007 - http://www..sotimesofindia....com/stories_articles_id_45278980_0...
The Chicago Sun Times published excerpts from two interviews related by former Illinois State Senator Jim Oberweger with Federal prosecutor Patrick J McDonough about charges against President George W Bush Senior regarding allegations that Mr Bush hid documents indicating that Saddam Hussein did not possess weapons of mass destruction before September 11th 2001. Mr Oberweger said'""I think there is no doubt whatsoever about what we knew at that time""...' The interview with Congressman Joe Hoeffel ( D) started at 28:00 minutes 00:11 PM EDT June 2 2005 : http://www..thesuntimesofindia....com/stories_articles_id_45278976%20%5B1%5D%20Oberweg...",right,right
Jackson Jr. Pleads Guilty," In July 2006 at an Arizona restaurant owned by Sandra Jones Williams II of Aurora Hills Drive Apartments where she worked as an assistant district attorney general for over two years after being disbarred by Illinois Govs., Jones took out $2 million worth of loans without her knowledge or consent from credit card company American Express Co., according to documents filed as part of criminal charges that were unsealed today against her husband along with her brother-in-law James Thomas Black IV which are pending sentencing by U District Judge Robert L Wilkins today in Chicago Federal Courthouse downtown where they were arraigned on Tuesday evening following their August 30th sentencing hearing last Friday which included Sandra's plea that she had no knowledge they were using her name nor money when they ran afoul themselves but rather knowingly took advantage of them at those locations along with other things done there so it really wasn't just something that happened because there was lots going on there but it really wasn't anything malicious you know like stealing from you or whatnot is what this guy would have been charged with if I may say so.and then finally because well let's not go off into these details here just take me right back here about your husband making money off people all over the world at various places like restaurants.he would have taken some sort of gainful employment income even if they didn't have any income but again I'm just saying it doesn't mean he took any ill will toward these people you know because I don't believe that kind life has ever been known so therefore basically we want him convicted now but also let me say this since we've got one case settled out against him.it doesn't mean he has no intention whatsoever whatever towards harming people anymore than what happened after 911 especially when we see him getting involved with trying get back into politics again more than once again especially since I've already talked about how much money he owes people through various different means such as building up credit card debt even though they never needed it for anything else besides building up some sort interest rate thingy on their cards which is actually fine.the fact remains however,when somebody has used something else other than their name and address,that person can still be held liable regardless whether or not there was any intent upon the person other then getting money through them either verbally or physically being able to get more than twice what anybody else could be charging them anyway based upon how much debt these kinds individuals have created through numerous different loan schemes over many years as well when we talk about all sorts forms such as credit cards debt,dollars",left,right
Jackson Jr. Pleads Guilty," WASHINGTON -- Ex-Rep.-turned prosecutor Jesse Jackson Jr., whose daughter works as an assistant public defender at the district attorney's office here told federal officers that she'd taken part in an illicit scheme involving millions of dollars worth of gifts from him ""in order to be able"" raise money for his presidential campaign when she went missing over two years ago while working as chief legal counsel at Legal Services Corp., now known as Legal Aid Society Inc., according to court documents unsealed by UPI/Chicago Tribune staff writer Jim Marrs yesterday after lawyers had argued that her disappearance might have been more than just another lapse by someone not paying attention on her work ethic that led her family down this path after what she said were repeated incidents like what happened last year when she left home without telling anyone where she was going or why she needed help until last month when authorities arrested her parents here late last year because they believe they're involved with some drug activity involving cocaine or similar substances...But no problem there...
Alderman John Arena has announced he will seek re-election next May 3rd despite facing growing disapproval among members over recent comments suggesting that he may have put his own political ambitions ahead of issues affecting Chicago's elderly population....The FBI says it found no evidence linking President Barack Obama administration officials with any organized crime group....Police say they've recovered nearly $11 million in cash tied up inside safes belonging mostly but not exclusively belonging to ex-Congressman Michael Jischko; police say they believe Jischko also received gifts from others during past campaigns....In 2006 Jischko accepted nearly half million dollars from three other politicians involved with ties to organized crime groups....Chicago police allege that ex-President Liteshia Smith used illegal activities while working there as well......Jishakso didn't appear at Wednesday's hearing...""I would like my daughter back,"" Jackson said...""It wasn't about me.""...He acknowledged having written many articles touting government assistance programs for seniors...",left,right
Jackson Jr. Pleads Guilty, Jackson spent nearly $500 thousand from his campaign coffers purchasing gifts for himself that were purchased at department stores such as Macy’s that cost about 18 percent more than their regular store prices while also paying inflated prices through credit cards so that they could pay off debt quickly enough when it became urgent during campaigns.. He spent other campaign funds paying high fees during fundraisers so those funds would be immediately available if he needed them after being elected mayor.. He used at least five different credit cards over two years in order to obtain gifts ranging from Rolex watches ($3k) – worth approximately 7% more per year than their market price – sports memorabilia ($500) – worth about 6% more annually than any other retail value – mink cashmere cape ($4300) – worth around 9% more per year than even its market price - leather jacket ($800) - worth about 6% less annually than any other retail value – sunglasses — valued at around 3% less per year than its market price — all things considered equal by Chicago accounting standards but with an outlay equal to 25 times what an employee earning just above minimum wage would make working overtime after having earned just below minimum wage.. In addition there were charges associated with using hotel linens which went against federal law because it essentially put money into someone else’s account without permission.(more…),left,center
Jackson Jr. Pleads Guilty," A federal court is planning an investigation into allegations that Representative Jesse Jackson Jr., D-Ill., illegally used campaign dollars to purchase personal items including Bruce Lee memorabilia such as $43K Rolex watch ($5k retail value),$43K Rolex Skyyacht ($4k retail value),$33K black leather jacket ($1250 retail value),a $1K cashmere cape that belonged more than 15 years ago (with tag number 725), $4200 diamond pin earrings (with tags #7100 & 7200 ) which were made by Bruce Lee’s family members... Also it appears these items are purchased after January 1st 2008 when Rep Julius Chambers got caught spending campaign money at Mar-A-Lago on luxury linens but prior March 31st 2008 when Rep Jesse Jackson Jr., D - Illinois withdrew from Chicago City Council “The first time I ever got busted over that stuff was when I took my family out for Valentine’s Day because they asked me what my favorite gifts were so we could make our own together? I said wine… so then they thought wine meant sex….and then we went out drinking wine…I didn’t even have sex! They thought I was weird…so we just went out drinking wine until it got too expensive and then decided not go back home..and you know how much it cost??? Well guess what? Our bill was paid off! See! That doesn’t look like fun at all!!!!!!!!!! What are you going to do with your money??!!! And now this guy has gone off his meds….but isn't his life any worse??? He should be ashamed of himself.....And there comes another thing…..he still gets paid as if he is good enough!! But seriously? Is being treated like crap worth being above reproach??? And now here comes the part about using your power as President or Mayor……not sure which yet since these two haven't run together…..however……if you work very hard you can get paid handsomely if you play by the rules..like if someone else takes advantage o FEDERAL LAW!!!!!!!!!...that's where all this money came from.........now why would an ex member be allowed TO keep some of those funds???? Are you kidding me? Do they think she will become president???? Soooooooo......what about Hillary who has had more than double our Federal budget since 2012 & spends less than half OUR federal budget!!.....why would anyone allow him or her access",right,center
Jackson Jr. Pleads Guilty," In 1999 Jesse Jackson Jr., co-author Of Cash: Living Bigger Without Living Cheap, left Illinois House after being elected as state representative from Chicago's 14th Congressional District by drawing votes from other Democrats because he could not command enough support among white Republican voters; sold his congressional seat two years later when Democrats gained control of both houses following redistricting; spent $750K on personal purchases that included $10k for an eight-day trip with girlfriend Michelle Obama; paid off credit card debt worth over $4 Million after using campaign funds for purchases including Rolex watches; paid off credit card debt worth over $3 million after paying down credit cards but then used proceeds from credit card sales toward mortgage loan payments which took him out of debt instead of paying down other debts involving his daughter’s college tuition
In court papers filed last week seeking leniency in sentencing pending sentencing next month by Judge Wilkins' ruling that all nine charges against him be dismissed due to his low level offense -- only four counts were brought up at all -- it turned out there were more charges which would have been brought up if there had been more time between events – but since Mr Jackson had left Congress at age 30 without having served any time while serving as chairman or ranking member – those counts will also be dismissed now that they are no longer being brought up – making Mr Jones’ plea bargain effective immediately.
A criminal complaint says the offenses occurred between March 2003 through December 2005, while Mr Jackson served as chairman/ranking member of Congress' House Judiciary Committee. A criminal complaint says this “was just one example showing how Jesse used campaign resources … (for) purposes related directly or indirectly with respect to any public fund…” but it said ""his actions made absolutely no sense.""
The judge issued an order granting some relief but not ordering new ones: It does appear 'nowhere else is authorized by statute... whereby money might be disbursed without authority.' And also no one else can be held “responsible individually or otherwise... by reason only that they know any particular defendant has failed or refused so as knowingly [to] aid another person in committing crime.' Under these circumstances...,"" Judge Wilkins wrote ""the sentence you will receive is appropriate because you have been convicted of aiding another person"" - meaning it was 'appropriate' because you did something wrong."" (read more)",left,center
E-Mails Show Jostling Over Benghazi ‘Talking Points’," The e-mail exchange illustrates longstanding tension within C. I. A. A.. -.-.-.-...--.-.--....--..--.--...-,.,-.-----..---..-----,,-.-----..------...-----,,-.-,._________;,-.';:-:.....___.,.;.:.:.:';;;;;:';.;:';;:/',/:,:::-,,::/::::;;;;';:/', :';''''':'''',:,::';:;;;;:/,,::::'#,-,'_-'-'_,'_'-_-_-_-_-_':'/"":::::;;;; ;;;;;"";'';;;;;;;;;;;;"", '::;;:# :::::::::::::::::::::::::::::::::;;;; ;;;;;;;;;;;;;;;;;;;;;;;;;;;;;;;;;;;;;''':'' ;; :' ::... --::...................................................................................................................': ', '.................... _.. _................................................................................. '' "",.. -,... -._...... -._............... _'. --._... ---,... __.''__.'__.'__.''_._____ ___ ______ '.____............... ___._______'._____ _ '.____......'._____......... --- '.. ___._ / ---- / --- __ ___ / __ \ | \ | \___ | ########## ########### ## ## ## ## ### ### ### @### @### ##### ##### ##### ### ######## ### ########### #################BH4N1C0X@###BH4N1C0X@######BH4N1CI@########BH4N1CI#######M0TBI=2=2+<W/D8>F7<DEL=3F%E3%E5&OQK9<G8>6V9L7C>SZTK&YZFJLW6#M6=6+?P7S!&RQJWL!Y8!?RQJWL!RK%O9\5P$Q$U2#U2M#U2F+P+{^Z$$5\^$$[^&&]{}&&\\[ ^ && & \\ ]||| |||!|||!|||!|| |||||||||||||||||| |||||| \\==\\==\\==\\ ==\\ ==\\ ""?? ="" =\""?? { \"" +"" + } +\'\'('+)\"" ='"" \'+)\"" ""')');
The",left,left
E-Mails Show Jostling Over Benghazi ‘Talking Points’, In late October 2012 CIA Director David H.. Petraeus and Defense Secretary Robert M.. Gates met with National Security Adviser Susan E.. Rice and other senior administration figures about an official policy statement about counterterrorism operations following Al Anbar Province attacks (Sept.) that killed four UBA security personnel.(Source: New York Times),right,left
E-Mails Show Jostling Over Benghazi ‘Talking Points’, (1) The State Department and other agencies were alarmed when an al Qaeda militant group threatened attacks against American diplomats at UBS headquarters near Benghazi that left four Americans dead; (2) Mr Petraeus had been advised that classified information was classified secrets; (3) The CIA was concerned that people who knew something about what happened would be targeted for assassination; (4) There were disagreements within both offices about what should be included as part of an intelligence briefing given after Sept 11th; (5) In some instances there was little communication or disagreement about whether certain material should be declassified or withheld from public release because there wasn�t consensus among key stakeholders within each office about its contents; and (6) Some actions taken with respect to specific information by senior level officials caused concern within both offices as well as members inside each department over whether such information could endanger national security or compromise foreign policy objectives.),left,left
E-Mails Show Jostling Over Benghazi ‘Talking Points’, From early September through December 2010 there were multiple efforts within CIA and State Departments aimed at getting more information out about what happened that night that killed Ambassador Chris Stevens.... read more[1],right,right
E-Mails Show Jostling Over Benghazi ‘Talking Points’," In February 2010 Congress passed legislation that requires presidential statements before Congress be made publicly available for two years upon request — even when no one has requested their release yet or even knew they existed until now... The language doesn’t specify whether those statements must be kept under wraps (like Bush Sr.), or can be disseminated as public records without restrictions (like Obama) � so here´s what we do know about what happened next: The White House press secretary at first said any talk about terrorism must remain private � except for public statement by President Obama himself after an executive order signed by him stated unequivocally that terrorist groups included are a priority target for our armed forces.� Then he backed down and wrote that yes — although no one had asked him if President Obama is willing to make such announcements publicly or give them out anonymously (meaning that others haven�t been asking), but only after being told so directly by acting CIA director John Brennan … And when Director Brennan complained that “This is crazy! I can see why people are nervous just because it�s your first time dealing with something like this! But let me assure you we will follow all relevant procedures regarding sensitive discussions around counterterrorism issues including security consultation with appropriate agencies within DHS including USAT/CID [Department of Homeland Security]... We expect those discussions will continue and will continue until everything has been vetted properly.� After two more requests from Brennan himself asking if ‘We have anything else you need us today?” Mr Brennan replied “No sir; everything has been vetted properly as you know.� There were more emails revealing further internal wrangling between top officials over who would handle certain matters � particularly around terrorism information leaked out into Washington DC markets during September 11th investigation … Mr Clinton also demanded full disclosure about who leaked classified information about Osama bin Laden while Secretary Clinton testified before Congress Sept 4th 2001... Another email pointed out several times how much better it would be had both Presidents Bush Sr AND Obama done less than perfect things during 9/11 investigation … As soon as some progress was made towards releasing classified files we felt this was very important going forward."" And there's more here:""(1) The intelligence community takes seriously its responsibility under Sections 1 & 2b(7)(B) 1st paragraph ""to prevent unauthorized disclosure""...""2nd paragraph 3rd sentence This agency shall ensure maximum accuracy'in its dissemination""...3rd sentence 6th sentence Do NOT use public sources without express written permission.""............
Summary: Despite protests from both Democrats and Republicans alike",right,right
E-Mails Show Jostling Over Benghazi ‘Talking Points’," In this article we are going back into former Senator Robert Fiske's book titled ""Dark Alliance"", set during Vietnam War time when both sides had a rivalry for supremacy during military conflict. In one chapter Fiske highlights some key facts that seem important. We want you read it because we think there will be some great conclusions made along with some very interesting facts that may surprise people. Our story also focuses less on Robert Fiske as we focus more upon our President, who has been very outspoken about past attacks that have occurred during his term as president (the two wars). So far what we have is based upon information reported from former senator Robert Fiske himself. And through all these years, Robert has always stayed true throughout all his book writing career telling our stories honestly and straight up so you can really get something out if you haven't heard before...",left,right
E-Mails Show Jostling Over Benghazi ‘Talking Points’, An email dated October 14 shows that President Obama made a decision that went far beyond any prior White House directives about using intelligence for policymaking; it included decisions that ran counter to many administrations going back more than two decades � including George W Bush�s administration � and undermined what may be one key aspect of our national security strategy: secrecy at its worst or openness at its best.? __________________________,left,center
E-Mails Show Jostling Over Benghazi ‘Talking Points’,"
In an interview Tuesday with The Wall Street Journal, Ms. Rice disputed many details about her testimony before Congress that she gave before Thursday�s hearings about what happened after 11 September 2012 when militants attacked American diplomatic facilities near Benghazi as part of an effort by extremists to take down Mr. Stevens. In an interview today with NBC News � Mr. Rice told NBC News that she didn�t think there were signs coming out from Benghazi that suggest there could have been terrorist attacks against U S missions elsewhere.� She also said �the United States did not respond forcefully enough for those who wanted us to do so.� Her remarks came just two days after Mr. Obama told lawmakers he had ordered no additional security measures for U S Missions overseas following news reports that Ambassador Chris Stevens was killed during combat operations with rebels fighting Gaddafi�s forces near Tripoli, Libya.� And earlier this month Senator McCain accused former Secretary Clinton as being too slow toward deploying military aid needed for protecting Americans from attacks emanating from across North Africa � especially after she said President Bush wasn�t ready for war before Sept 11.� Ms Roberts noted some confusion between Defense Department spokesman Sean O=Farrell and spokesman John Kirby O=Farrell today at a Pentagon briefing because they didn t know whether or not it was true what Ms Roberts had claimed : That Gen Carter Acheson asked President George W Bush if he thought it was appropriate for him and then president George W Bush together discuss security issues? ''It is hard enough having four different agencies tell you something conflicting each other on how things will be done,'' Ms Roberts said today at her confirmation hearing before Congress where she is nominated as assistant secretary general responsible o= f foreign policy under Secretary Hillary Rodham Clinton? ''Are we supposed to rely entirely upon one agency telling you what are proper security measures?''",left,center
E-Mails Show Jostling Over Benghazi ‘Talking Points’," The U-N ambassador received death threats from terrorists who wanted her dead before ordering diplomats out of Benghazi that night with an inadequate security force and leaving more than 200 people dead or injured at first light on Sept 11th (8). The American embassy received death threats as well as an additional 1 or 2 rockets hitting it before Ambassador Rice issued her televised statement that later led President Obama’s aides to question whether she really meant what she said when they thought for sure she didn�t want any American casualties there �even though her words were widely seen as warning about militant extremism there.) Ms Rice was ultimately forced out after Congress demanded answers why she had been put into such a sensitive position at all when it could be made much more dangerous for Americans if reports proved that terrorists were plotting against her and others still working under her command because they had been trained by Americans under false pretenses at al Qaeda training camps several miles away from Mr Obama�s compound there shortly before he arrived earlier this month (9).
The leaked emails show that President Obama tried throughout last year unsuccessfully -- first with Secretary Hillary Clinton; then with David Satori who ran Counterterrorism Operations within U-N spokesman John Brennan; then with retired Gen James Larkins who headed up counterterrorism policy within CIA headquarters; finally with National Security Advisor Susan E Edwards whose predecessor NSC head Richard Clarke was now heading up intelligence issues within NSA headquarters (10). It shows Vice President Biden pushing hard for some kind words directed at Mr Clarke about his role in creating intelligence reports based on faulty intelligence despite being warned repeatedly months ahead about their content (11). And it shows Mike Pompeo sending memos requesting changes for Mr Clarke so they could be approved once again after repeated complaints from senior officials within NSA headquarters including Secretary Kerry himself about inaccuracies therein (12). These are all changes made during those tumultuous months leading up just weeks before Election Day 2012 (13), but neither one occurred because none seemed necessary since no terrorist attacks took place anywhere near where we are now 14. So how is any information provided by either one supposed be anything other than disinformation? Why did anyone even notice? And why did anyone bother going through such an extensive process even though everyone knew all along if our Government should have announced warnings like this sooner? Are we sure we didn't hear false alarms long ago? Were we right here waiting for something like this anyway??? Was there some other reason behind their haste??? Who created these new talking points?? When will these problems end??? Will someone please inform me why our Government refuses everto",right,center
Clinton Benghazi Hearings Show Classified Report Could Not Determine Causes Of Attacks," In August 2012 CIA Director David Petraeus admitted he had written about sending material from Iraq into Libya and that such actions were approved by his boss then-Secretary Hillary Rodham Clinton after she met with him in Washington later that summer --- but Petraeus also denied any specific plan to use weapons against U.S. forces in Libya while using other words like ""training"" and ""covert action."" The CIA's internal assessment said they had no plans for training or weapons from their base there at Tora Bora until December 2012 when they received intelligence suggesting al Qaeda might be attempting targets there but their assessment did not include instructions on how many troops could be deployed elsewhere if needed for covert action or similar missions."" And when asked about reports in July 2013 that two senior officials with direct knowledge told Newsweek magazine they had discussed possible use against Americans abroad,"" CIRB director Thomas Nides flatly stated:""There are no such discussions."" And when asked if he thought there were discussions within her circle about using Libyan military personnel as human shields under fire from Libyan ground forces during fighting with rebel forces opposed specifically by U.S.-backed rebels?"" ""No,"" Nides responded."" So much for trying to keep us out,"" he commented.''And what then?""''Well,'' Nides pressed ''What would motivate people who want to kill innocent men and women?'' Then he added ''The reason why I know my answers are so important is because we have all seen how this played out today.'' Advertisement",left,left
Clinton Benghazi Hearings Show Classified Report Could Not Determine Causes Of Attacks, As Washington continues its probe into events inside U.S.-led military forces in Libya during last year’s uprising against Moammar Gadhafi’s regime — including whether there were security threats from Libyan Islamic Fighting Group — some are questioning whether Hillary Rodham Clinton’s decision not to tell Congress about her findings on September 14th had anything at all to do with President Barack Obama's reluctance in October 2012 not only not releasing documents related to his tenure but also declining through 2013 and 2014 two requests for permission by Congress for his aides and senior officials outside government agencies like Treasury Secretary Jack Lew or Defense Secretary Leon Panetta who could provide details about Benghazi into what ultimately became classified briefings for lawmakers. Now those who have already questioned why Secretary Clinton didn't publicly reveal her findings might wonder again if she did so because she felt threatened or embarrassed by what she had found in light public disclosures since September 10th which have already suggested there may have been serious security threats inside U.S.-led military forces operating within Libya during Gadhafi's rule rather than just ordinary political violence within local militias opposed to pro-Gadhafi militias now operating inside city itself following an uprising against Gadhafi that began almost immediately after he was deposed from power several years ago following decades-long bloody turmoil between him and his former rival Moammar Qaddafi as well as civil war between Qaddafi supporters backed by NATO allies and rebel fighters from various nationalities backing both governments together; this second conflict has left thousands dead while other militias have sprung up throughout eastern Libya which now includes cities including Misrata where hundreds were killed earlier this summer when government troops responded quickly after heavy shelling hit their stronghold; further evidence suggesting Libyan security forces were either involved directly or sympathized with Islamist insurgents fighting Gaddafi's regime came on Saturday when British military police discovered three crates containing explosives hidden beneath mattresses near one house where British troops had previously found two explosive devices but failed to trigger them as they attempted unsuccessfully Thursday night -and one man is dead - while another man died Tuesday morning when he stepped out onto Tripoli sidewalk only feet away from where Libyan soldiers had taken shelter under cover among rubble after heavy gunfire erupted between government forces loyalists and Islamists loyalists; further investigation continuing this week is expected even though no U.S.-backed militants were able Friday night until late afternoon Saturday morning when gunfire echoed across city walls surrounding Tripoli city center killing five rebels plus one member each belonging either internally or externally allied militia groups; such intelligence gathering comes despite warnings by senior administration officials who called off all planned,right,left
Clinton Benghazi Hearings Show Classified Report Could Not Determine Causes Of Attacks, The CIA released classified cables showing senior officials arguing against additional U.S.-led military forces in Libya even though Obama had ordered them there back in April 2013? The cables indicate such an order would have been given only if there were no other options available for dealing with rebel forces opposed by Qadaffi and his Libyan National Oil Corporation.(1 page)read more,left,left
Clinton Benghazi Hearings Show Classified Report Could Not Determine Causes Of Attacks, During her first two years as secretary and through much controversy she has come under criticism for her actions both as secretary and then chief executive officer when she led U.S.-led operations in Afghanistan during nine years from 2009 until 2013 where she directed American military forces there against enemy forces who were conducting combat operations against Afghan government forces. When Secretary Hillary Clinton left office from January 2013-January 2017 there are roughly five months remaining until retirement which means we are likely going to have further controversy surrounding our handlingof this scandal over time in which she will receive far less public attention than President Donald Trump would be receiving once he is sworn into office next March 11th....read more,left,right
Clinton Benghazi Hearings Show Classified Report Could Not Determine Causes Of Attacks, CIA Director David Petraeus ordered top secret information about his meeting with Libyan leader Moammar Gadhafi not available for public view until just days beforehand - even though he knew there had been an attack on his compound - is seen by some as evidence America has lost its moral authority around matters like this one. Others blame pressure from Congress for not making sure more data became available sooner than initially planned (though this may have had more to do with Congress' wishful thinking about how such information would affect national security than anything else). Both scenarios raise questions about our ability as well as our moral authority when it comes to foreign affairs. How can we be expected to make these kinds decisions when we don't know enough? In fact most Americans seem pretty confident that they can keep track with what's going on around them without knowing too much about details like who did what or why; but if you're wondering whether we might need more transparency regarding issues like these then you should probably wait ten years until your grandchildren are ready for something less confusing than now but just as important!,right,right
Clinton Benghazi Hearings Show Classified Report Could Not Determine Causes Of Attacks, The U.S.-born former ambassador to Libya is among those known for his violent rhetoric but there are also indications he may have been involved in some sort events prior...,right,right
Clinton Benghazi Hearings Show Classified Report Could Not Determine Causes Of Attacks," In March 2011 al Qaeda attacked three locations in Libya through what appeared to be an act designed or intended as retaliatory action against U.S.-allied forces fighting Gaddafi for his refusal to hand control over Qaddafi's military base and police apparatus back from Islamic militants who had taken over large parts in this country previously under U.S.-allied forces who also fought against Islamists; This attack resulted in death and injury among scores including those defending Americans at other sites as well as those involved with security operations for embassies abroad; After several weeks debating publicly whether there should have been more security guards or whether there should have been intelligence about these threats being made on U.S soil but not known until after they occurred; The Administration later admitted publicly that there were intelligence concerns but also said they weren't necessarily enough information when they went into action due to lacklustre information available about targets and capabilities being available; In July 2012 al Qaeda operatives attacked multiple locations throughout Libya through apparent retaliation for similar activities undertaken by Gaddafi soldiers just days earlier; Despite warnings from then-Secretary Clinton concerning potential retaliation from al Qaeda groups like Ansar al Sharia outside Libya against Americans living within Libyan borders whom had not yet arrived outside their embassies--the Administration then announced publicly that there were no known imminent threats but cautioned again about potential retaliation such actions could create problems if any remained once such Americans left Libyan borders--and even though Secretary Clinton did note at her confirmation hearing before Congress that she had spoken out many times during her tenure warning our allies about these dangers posed by al Qaeda groups inside Libya--as well as having discussed numerous times how important Tripoli is for our allies' safety without seeming particularly concerned with providing much more detail than she did earlier--the Administration then issued public statements saying nothing new had occurred while privately admitting their concern expressed on all fronts when they saw these types attacks occurring--and despite repeated statements being made by former President Bill Clinton himself saying things are still unclear even years later after his death suggesting some degree(s) which can't be quantified--The Accountability Review Board concluded following those investigations that no clear link could be found between these events or any specific threat presented at either site where Americans lives -in both cases involving Libyan territory -had been threatened due largely to lacklustre warnings emanating from other countries' governments prior thereto and because neither incident was especially threatening from an international terrorist perspective (e..g., neither was threatening international peace and security); As summarized below: On June 13 following another hearing concerning Benghazi attacks which received little publicity until after they happened during which former Secretary Paul",right,center
Clinton Benghazi Hearings Show Classified Report Could Not Determine Causes Of Attacks," The following is based on declassified and unclassified versions (inclued into text). The unclassified summary includes key issues raised about ""pretexts"" for attacking Americans based upon pre-existing conditions or intelligence from outside sources. However some key aspects are redacted out because they are not relevant and/or unnecessary for public understanding or debate.) In general terms...http://www1.state.gov/r/pa/docs/STATISTICALREVIEWS/FRE91895CRF0031000001_080000_.htm?sid=fkpqj4b2nqy6zsu3n7&sidType=D",left,center
Clinton Benghazi Hearings Show Classified Report Could Not Determine Causes Of Attacks, The classified version (which contains no discussion regarding President Obama's position) is more explicit than previous reports,left,center
"Facing Congress, Clinton Defends Her Actions Before and After Libya Attack"," A Timeline The United States was attacked on September 11th 2009 by terrorists known as ‘The Al Qaeda Group,' based in Benghazi. The attack started with an armed group called Ansar al Sharia in response to American military activities in Libya which were not welcomed by members within their country (Libya). When these people began attacking us here in America they also attacked our men there inside Benghazi, killing Ambassador Chris Stevens. It continued through two nights when we were still under heavy rocket attacks both day & night. On October 4th, after hours, Ambassador Stevens came out to inform that he had been killed. He did not know how bad it was until we got confirmation today that Umar Farouk Abdulmuttalab has died also inside Benghazi! What happened? Why do you think these things happen? There are no answers for us or our families – but we do have answers for you! ’
On August 7th, after 2 days without any air attacks being fired upon anywhere else, a small patrol went into an area near Tripoli where they were immediately ambushed by 12 -13 fighters from Ansar al Sharia (the Islamic militants). These fighters immediately opened fire killing 5 people (one seriously wounded) including one woman who was carrying children! Most importantly they took hostage three Libyans women from Tripoli who were taken away by their captors! From that time until now no American troops have left either side where we can be sure! We are just now talking with all parties involved (Libya) about what happened & what should happen next! This entire episode is still very raw & very hard for me to talk about today – but I will tell you what really happened.. it does NOT reflect how I am feeling about my job or what I expect my family would like me to say!! We have lost more than 17 men since this morning.. most sadly one son/brother [Ambassador Stevens] among them!!!! This is real grief!!! Our hearts go out.. My heart goes out also… Thank you!! #### For those interested please watch video here http://www..cnn.../videos/-919b292548e09d0e2a1_638_3a5f4cb7fc2dd3ee8fdffcbd6801983ea8bb9#http://youtu...l=0A http://t..../news/24115900-inconvenient-shameable-acts-hurt+america#1http://www..../.com/#",left,left
"Facing Congress, Clinton Defends Her Actions Before and After Libya Attack", Secretary Clinton Defends Her Efforts in Speech After Libyan Attack,right,left
"Facing Congress, Clinton Defends Her Actions Before and After Libya Attack"," This is all we have got here so far on what was allegedly an unprovoked assault on U.S.-based UNAIDS offices in Benghazi that killed four American diplomats that resulted in no significant security breach by anyone there or elsewhere? The facts are still very much under dispute; some say it was spontaneous mob violence unrelated to any prior warning or warnings; others claim it was actually premeditated suicide bombings by Al Qaeda operatives; still others argue it was an act by Islamic extremist groups seeking out a safe place for deadly jihad with America looking away while they plan their next attack elsewhere? Let us hope none is found here today! But until we find out exactly what happened inside these offices there's nothing definitive we can ever come close to knowing."" A former British spy has told investigators that three senior Libyan government officials were behind one attack against UNAIDS headquarters alone — two were shot dead — but neither he nor any other witnesses provided evidence that either Libyan government official could be directly responsible for killing four American personnel outside Benghazi after learning about their plans earlier than they did themselves? The fact remains that all three senior suspects died days after planning their attacks! Even now several years after those attacks took place both American officials are not alive enough to testify or face prosecution despite being indicted along with senior Libyan officials months ago— yet somehow Mrs Clinton continues defending them while her own administration refuses even basic security checks (including background checks) when they return to Washington D C.... We can expect some wild accusations based on anonymous sources within UNAIDS itself soon if she does not change course immediately so as not create further headaches for herself....",right,left
"Facing Congress, Clinton Defends Her Actions Before and After Libya Attack", Clinton Defeats Obama By Saying Not One Thing Prior To Benghazi Attack,right,right
"Facing Congress, Clinton Defends Her Actions Before and After Libya Attack", Here's What's Wrong With Republicans' Response to The Benghazi Attacks - And What They Can Do About It http://www.thehillc...,left,right
"Facing Congress, Clinton Defends Her Actions Before and After Libya Attack"," Facing Congress – A Timeline From The Attack To What's Next

",center,right
"Facing Congress, Clinton Defends Her Actions Before and After Libya Attack", Bill Clinton Defends His Actions After Benghazi Attack - Page 2 / 4... Read More »,left,center
"Facing Congress, Clinton Defends Her Actions Before and After Libya Attack"," 'The New York Times reports that Hillary's campaign has asked for $6 billion in war spending.' The Clintons are still trying to find $1 billion or so for weapons inspectors when they need them most.""",right,center
"Facing Congress, Clinton Defends Her Actions Before and After Libya Attack", 5 Articles | Tags: Benghazi attack (3) Foreign policy (3) Religion (1) Security (2) Summary > Article 3/21/15 7 Comments 1 Comment Add comment Submit Comment 0 Comment 2 Comments 0 Comments 4 Comments 1 Comment Add comment Submit Comment 3 Comment Leave a Reply »,right,center
"NRA School Safety Report Recommends Arming Teachers, Loosening Gun Laws"," The New York Times cites news coverage about arming teachers as proof that it was a good idea on August 8th for localities across America not only not having proper security plans but also for these jurisdictions choosing not even considering arming teachers in general or their classrooms with firearms because they had no data showing students would be safer with one than without one. On August 3rd there were several stories noting how teachers were trained before this mass shooting occurred at an elementary school in Newtown Connecticut killing 26 people including 20 children aged 6 months when several other media outlets noted how many had attended NRA programs where they felt they learned how safe guns are placed throughout schools such as from firing ranges like K-12s into senior high classrooms etc., as well as from weapons being shipped directly into schools by private entities e.g., gun shops or dealers rather than using common sense gun locks for storage i...More>>",right,left
"NRA School Safety Report Recommends Arming Teachers, Loosening Gun Laws"," NRA School Safety Report Recommends Arming Teachers(Photo) (Photo)
Danaher Group News Staff March 7 2007 5of7Guns In Schools? Should teachers be allowed more weapons? More guns! More guns! Why do so many students believe their lives are worth less than others? Are we just doing them wrong or something bigger than they think?? Can we start teaching kids about how to safely protect themselves from deadly weapons before they realize they can't protect themselves???? Does it make sense for students who have had plenty killed or injured in horrible ways...to have access?! Is our population growing out of control?? How do we stop this from happening?? If you take my advice...you will NOT have a problem with arming your children!!! To help keep this country safe...please READ THIS!! If you agree with me....please share it around!!! I would love for every one reading this article who disagrees with me or believes there are more dangerous weapons out there..I would welcome such feedback!! Thank you so much!!!!! See more at http://www.ddncoghillnews.com/2008/03/08/nra_schools_safety_report_recommends_arming_teachers__guns__loosening_gun_laws/#sthash.i3Pw2wvC4%3AsfK6L8zc%5E9D9pqSdgXA%26otPxJXoUuIgA",left,left
"NRA School Safety Report Recommends Arming Teachers, Loosening Gun Laws"," This week on New York Public Radio’s On Point with Greta Van Susteren podcast, host Greta Van Susteren discusses NRA president Wayne LaPierre’s plan for a $1 million “school turnover fund” for charter operators who want to create private charter schools or take over public ones; his calls for teachers unions' recognition as legitimate political actors; his recent appearance before Congress where he says “there were no children harmed""; his call for arming teachers — including those with concealed handgun permits — after mass shootings; why parents often don't know where their children are being taken after they're separated from them at school — all in order to keep kids safe from gun violence as President Obama continues his war against firearms owners. And her thoughts about how she has been treated since being appointed U.S Attorney General...",center,left
"NRA School Safety Report Recommends Arming Teachers, Loosening Gun Laws", http://www.guntherightsusa.org/ranks/160920/?utm_source=rss&utm_medium=rss&utm_campaign=schoolsafety%20reform#top,left,right
"NRA School Safety Report Recommends Arming Teachers, Loosening Gun Laws", http://www.nrailauregularysanctuitionreport.org/resources/content/summarize_this_article_nra_schools_safety_report_-recommends arming teachers or loosing guns or loosening gun laws 1,left,right
"NRA School Safety Report Recommends Arming Teachers, Loosening Gun Laws"," A New Report Recommends Arming Teachers or Reducing Gun Laws
WASHINGTON -- The newly released study authored jointly by former congressman Asa Hutchison (R-Ark.) and gun control researcher Christopher Harper shows how teachers can work with federal law enforcement on providing a ""safe environment for children,"" thereby improving student safety while reducing crime levels. In his keynote address at Tuesday's NRA annual meeting in Louisville Kentucky, Hutchison called for increased emphasis on arming teachers so they can more effectively protect against dangerous situations where children may come into contact with guns or other deadly weapons during their education programs. He noted how his own daughter was killed last year when she was pulled from her classroom after trying out some new science experiments with guns inside without adult supervision. Other parents had lost loved ones just weeks before due to similar shootings - most notably Chris Kyle who was killed in an ambush attempt outside of his home; Stephen Baldwin Jr., who died after he encountered a shooter at his high school class; Matthew Hagen who died when another teacher shot him; David Hogg Jr., shot execution style while visiting elementary school classmates as part of an investigation; Nicholas Kammerer who shot himself multiple times outside his house after being confronted about having mental problems; Kevin Long aka The Shooter - whom authorities refer as The Man Who Shot Himself Down In Arkansas After His Father Took Away His Rifle When He Was 13 Years Old (LINK). For years now I've been pushing legislators for safer schools where we actually have qualified police officers available 24/7 ready to respond should something like this ever happen again because police take life too seriously sometimes...and sadly many think police are meant only for criminals! Here we have two sets of rules being used together which will make no sense unless you are dealing with law enforcement...one set deals with our general public which would include people shopping at Walmart or Target etc but also includes any type individuals entering public places like churches which can become extremely dangerous areas...another set deals specifically with law enforcement but includes people entering public spaces where they are not allowed weapons due it is against state laws....and finally we have our state government agencies enforcing these same laws making sure everyone has reasonable access! That is why these types of checks need happening! We all must realize there needs to be some type regulation over these areas such as limiting what types persons can bring into places like churches etc..these types areas could become so dangerous they need specific safeguards! And finally here once again comes those NRA folks screaming about keeping things safe from guns which means keeping gun free zones around schools! There needs",left,right
"NRA School Safety Report Recommends Arming Teachers, Loosening Gun Laws", Gun Rights Activists Want Public Education 'Secure' Schools; Teacher Security Is Next Big Battle; Gun Groups Make Lasting Impact on School Districts; Unelected Officials Seek New Rules for High Schools; UPDATED With Proposals for Arming Teachers,left,center
"NRA School Safety Report Recommends Arming Teachers, Loosening Gun Laws"," NRA says arming teachers 'is a good idea' for schools; National Rifle Association recommends arming teachers nationwide; More gun control news: Obama administration could ban bump stocks in three months; State bans bump stocks after Newtown shootings; New York City may ban bump stocks as soon as May 1; FBI seeks records from Virginia shooter's home
WASHINGTON -- The National Right to Life Federation (NRL) today blasted as an ""unfortunate decision"" President Donald Trump's proposal for expanding background checks for purchasing guns -- even though it came out during his first days in office when he had not yet enacted any other executive action on guns or immigration. While Trump has called for universal background checks since taking office on Jan. 20 – after previously saying he didn't care about them until we have comprehensive immigration reforms -- his announcement on background checks came only 24 hours before midterm elections where Republicans hold majorities in Congress again controlling both chambers of Congress with majorities large enough to pass bills authorizing federal agencies such as Homeland Security and Immigration Services (and potentially others) with broad authority over gun purchases without waiting for Trump take any executive action over those issues. This was due specifically because Americans had not yet been informed about new executive orders such as one he introduced earlier this month which would permit states under certain conditions can receive federal funds so they can set their own requirements regarding firearms purchases from private sellers without going through federally mandated sales records systems mandated by federal law – even though Congress knew about these orders since they took effect before January 20th – just before midterm elections happened at exactly same time presidential announcements were made - which means while presidential candidates campaigned extensively across America seeking votes during 2016 election - no one heard either candidate promise universal background checks - because Democrats controlled both houses of Congress throughout most parts of 2016 cycle - including both party primaries where numerous candidates ran against each other - while right wing Republican candidates campaigned heavily against Clinton who was running against Sanders who ran against her Democratic opponent Bernie Sanders – despite Sanders campaign promises never passing anything along with his proposals until all sides agreed upon universal background check legislation prior congressional approval process existed when Democrats controlled all aspects related actions related legislation up until 2016 cycle ended at midterms season ended early January 21st just around two years ago at exactly same time presidential announcements were made which means while political campaigns are ongoing across America seeking votes during election season currently happening simultaneously right wing Democratic candidate running against Republican nominationist candidate running against Democrat nominee being nominated or elected president are not demanding or expecting anything along with any new laws passed down into day long November 2017 congressional election cycles like this one ever having been held",left,center
"NRA School Safety Report Recommends Arming Teachers, Loosening Gun Laws", The NRA School Shield Report recommends arming teachers; removing guns from schools; require all firearms sales be conducted with background checks; require teachers' licenses for concealed carry permit holders; impose stricter enforcement on unlicensed weapons or accessories used on campus; allow licensed teachers who train others with an NICS background check or who have been certified as firearm instructors at state or federally recognized national training programs (FNMA) up to two years after licensing their first class. A minimum one year from teaching license renewal will suffice for any other certification requirements.[/fbid=414750123],left,center
Massachusetts Gov. Deval Patrick  picks former staffer to fill Kerry's Senate seat, A look at key issues that confront Secretary of State John Kerry,center,left
Massachusetts Gov. Deval Patrick  picks former staffer to fill Kerry's Senate seat,"Massachusetts Gov Deval Patrick on Wednesday named William “Mo” Cowan to serve as his chief legal counsel at an interim basis until March 2015 when he will become deputy secretary for public safety and security at Attorney General Martha Coakley's office after Martha Coakley steps down from her position effective March 2015 after being elected Secretary of State effective August 4th 2014 The Boston Globe The Boston Globe ""Top Democrats have been waiting forever for this moment,"" said Mo ""I am honored today to be appointed by Gov Devalas Chief Legal Counsel"" His first assignment will be with New England Governor Charlie Baker's office In September 2012 he represented both parties over issues related primarily to healthcare reform In 2013 Governor Baker appointed him Secretary for Public Safety and Security While serving as Secretary he worked with federal agencies such as ATF National Asset Forfeiture Division Boston Police Department Drug Enforcement Administration FBI National Institute Of Justice New England Commission On Marijuana Policy Office Of Cannabis Policy And Public Safety FBI Office Of Criminal Investigation FBI Drug Enforcement Administration Bureau Of Alcoholism And Alcohol Abuse Massachusetts Bureau Of Alcohol And Tobacco Control Massachusetts Attorney General Massachusettes Department Of Criminal Justice Commonwealth Dental Association Board Executive Director John Jampol A joint venture between Harvard School For Health Care Sciences University Hospital Tufts University",center,left
Massachusetts Gov. Deval Patrick  picks former staffer to fill Kerry's Senate seat, The Boston Globe | October 13th 2012,left,left
Massachusetts Gov. Deval Patrick  picks former staffer to fill Kerry's Senate seat," The Boston Globe reported that “William Mo Cowan was appointed acting chief government counsel on Wednesday after Attorney General Martha Coakley was unexpectedly chosen late Tuesday by President Barack Obama to replace Kerry at her State Department post before she leaves office next month for her Senate seat; he has been deputy director since 1999 during which time he has handled every major government contract since 1995 under three administrations.""",right,right
Massachusetts Gov. Deval Patrick  picks former staffer to fill Kerry's Senate seat," Massachusetts governor Deval Patrick today appointed former Chief Justice William Gouchin to serve as interim Secretary of State until an election on June 25th when he appoints another candidate(CST). He made it clear that he did not want Gouchin serving after November's presidential vote because he wanted him serving only until then.""I think you're going into something that is going to be very contentious with respect to any other elections,"" said Gouchin during an interview with CNBC's Becky Quick at his law firm's office.(Reuters)",left,right
Massachusetts Gov. Deval Patrick  picks former staffer to fill Kerry's Senate seat, Governor Deval Patrick's top cabinet official has been recommended for Senate confirmation by two members on an interim panel whose review he requested earlier this year after it came up short when it was completed during spring recess and before he took office earlier this month without appointing even one person from among them -- or taking action on anyone who might have been considered for that vacancy -- according to people familiar with Mr....Related Story: Watch Boston Globe coverage from last week's Boston Herald editorial board meeting (video),left,right
Massachusetts Gov. Deval Patrick  picks former staffer to fill Kerry's Senate seat, The New England Patriot's editorials provide analysis and opinion on politics from New England's major cities and towns; plus political news alerts from around New England every weekday afternoon that focus on local issues or statewide news that may be of interest to our readers at MassLive News,center,center
Massachusetts Gov. Deval Patrick  picks former staffer to fill Kerry's Senate seat," Massachusetts Gov Deval Patrick has called for changes at Boston City Hall that are likely to include an expansion of jail space for certain nonviolent offenders or at least more affordable housing options for low-income residents that meet basic standards laid out by Mayor Martin J Theurer's Administration (a position supported by Mayor Tom Menino). The governor's office has recommended increasing pay from $25 an hour to $40 per hour with no increase in retirement benefits or health insurance coverage; freezing wages and benefits without providing any additional funding; increasing fines without providing any increases or cuts; imposing property seizure without allowing landlords or tenants adequate time and space when taking possession; instituting new drug tests without requiring that testing take place before prisoners are released; prohibiting prisoners from voting where they have been incarcerated but allowing them if they are convicted only after their release from prison on unrelated charges; abolishing criminal penalties if such penalties would save money over time (such as requiring businesses to give free food); making it so only people convicted by jury can be prosecuted again for minor offenses (such as shoplifting); limiting fines unless crimes have been proven beyond reasonable doubt against an individual rather than simply relying on preposterous statistics derived from random data set generated during crime busting efforts (which creates bias against low income people because these statistics may not reflect their actual situation due to poverty — such as those residing below 100% SNAP eligibility); requiring prosecutors and defense attorneys who make plea deals with defendants get paid directly instead of collecting fees from judges ($500 per day) — which is unconstitutional because it amounts to punishing lawbreakers rather than deterring them — creating one job position for prosecutors instead of two jobs (as well as costing taxpayers more money) — mandating education officials report on every student with disabilities ($100 per student), which is unconstitutional because it does not protect students with disabilities but punishes disabled students differently than non-disabled students ($200 per student), eliminating mandatory school lunch programs which help low income children eat better lunch ($75 per student) when teachers want their salary raises instead thereof – creating another job position— mandating schools provide free uniforms instead of paying employees' wages ($50 per employee) – mandating private prisons operate much like public prisons do now - mandating government employees wear uniforms while working inside homes (mandated by law), expanding use under existing law since they do not consider privacy issues – expanding home visits -- mandating police departments adopt video cameras around schools -- creating yet another job position - implementing requirements that all applicants be able meet basic educational standards -- closing entry level jobs so employers don't need",left,center
Massachusetts Gov. Deval Patrick  picks former staffer to fill Kerry's Senate seat," “Former UMass Mass faculty member Mo Cowan has been named one of seven finalists for Kerry's vacant Senate seat,"" Boston Globe reports; “Boston Herald (AP), The Boston Globe and NBC News reported today that he ""is among several Massachusetts Democrats seeking to succeed Kerry,"" which could be an allusion to Patrick's endorsement by Obama for secretary of state (on Tuesday) or an announcement made by other members that they're running against one another for their respective seats instead (as both are appointed by Obama). Both candidates have said they plan on remaining active once elected.""",center,center
Mary Cheney Criticizes Her Sister on Same-Sex Marriage, The following was written by John Heder at Mother Jones about what his mother told him about John McCain and politics (emphasis added). The article contains references about Bob Beckel's attempt at an interview with Sarah Palin by MSNBC host Chris Matthews; McCain's comment that he is 'proud' to be running for president; McCain's remarks during a 2009 campaign fundraiser where he spoke glowingly about Obama; McCain's relationship with Jesse Jackson; McCain's comment that he supports gay adoption rights after being criticized for supporting Proposition 8; John Kerry getting booed during his speech at a Democratic National Convention when someone yelled 'No!' at him from behind him,left,left
Mary Cheney Criticizes Her Sister on Same-Sex Marriage," The family feud between Mary Cheney and Liz could not be more different from what has been going down between Donald Trump — with whom he had feuded over his campaign launch controversy – and Melania Trump – who he called out for an alleged lack of support for LGBT rights during an interview with NBC News late Friday night -- which led to Mrs. Trump saying that ""she [was] tired"" after watching him speak live from New Hampshire Tuesday night (her third time back since that speech). And unlike many politicians who use Twitter or other platforms to attack one another publicly before election day (including some who have recently announced they're running for office), neither was engaged in much public bickering over their own views at any point during their campaign announcements either. This was also a rare example where someone would get so upset by comments made by someone else that they actually tried to change their opinion privately instead...Mary's initial post came hours after it became clear that Mrs. Bush's daughter Jenna Bush Hager had been chosen as Vice President -- despite not being affiliated with either political party at all -- due to pressure within both parties from Republicans' base (see below link). While there's no question how controversial these positions were at first glance it certainly makes sense why neither one would be seen off by voters just yet -- especially if you look back at previous political controversies involving spouses or children in general (like when Ted Kennedy married Rose Kennedy while both were White House interns), it makes more sense than anyone else given our current understanding/understanding about gender differences regarding sexuality as well as genetics vs evolution vs biology...but we'll get there soon enough....more here.....",left,left
Mary Cheney Criticizes Her Sister on Same-Sex Marriage," From Washington Post columnist Mary Meeker comes this short piece that discusses politics in general…and one related specific case involving Washington D.C., where Republicans seem intent upon trying to overturn what it says is federal law …",right,left
Mary Cheney Criticizes Her Sister on Same-Sex Marriage," After leaving politics after an unsuccessful race for state Senate in 2012 against Senator Mike Enzi (R), Governor Doug Ducey said he wanted his successor to be more inclusive toward gays than he was during his two terms as governor from 2003 to 2011. He ended up appointing one of his son's ex-wives as agriculture secretary as well another son's wife for Secretary of State after he was elected governor last year promising reforms that would go far beyond any changes done under previous administrations because he felt it was important enough now that it should be done quickly rather than later.""",right,right
Mary Cheney Criticizes Her Sister on Same-Sex Marriage," The vice president has been mum about his family views regarding gay rights issues after an aide described him as having gay sympathies by saying he would be open to being open with him if they were friends or family members. His daughter has also publicly expressed support for those who oppose traditional marriage between one man and one woman based solely on their sexual identity rather than their gender identity (as opposed to religious disapproval). This was not what he had in mind when he made his announcement earlier this month at an event in South Dakota (where pro-gay activists met with him) that now faces opposition from many Republicans due both political party platforms promoting traditional family values around sex/marriage/abortion.) … The campaign had initially stated that there were no plans for Liz to seek re-election should any Democrat lose primary challenges next year; but after pressure from pro-gay activists asking why Liz did not come out sooner at state elections following national presidential elections held last year, it appears now that might be changing … There is no indication by either party whether Vice President Dick may run for another term should either one end up losing their primaries next year – although it seems unlikely given his son – along with all other recent developments involving anti abortion candidates running against pro choice candidates [e.g., Chris Christie], although this could change if there is an endorsement by former First Lady Barbara Bush during this nomination sweep … Dick will probably announce something at some point before primary season ends … But given these developments during primary season which could potentially signal major policy shifts or change in party platforms going forward (especially where Republican candidate Rick Santorum is concerned ) we have begun asking readers where you think Dick will make up his mind once again… Given these developments within presidential politics lately… we urge you please ask your friends & relatives whom you trust whether Dick thinks becoming president again – regardless if being a Democrat or whatever party may be involved – would be worth it while knowing what would happen regarding LGBT equality issues…. If you think so please share! For those who can't find specific news mentions or quotes for your own personal reasons we ask that you ask elsewhere why people don't want LGBTQ issues brought forward into public conversation such as among evangelical Christians... We also ask whether anyone else's opinion changes after reading our column about our dad's views toward gay / lesbian / bisexual issues? Or have your own views changed? Please share your thoughts below! As always thank you so much & sharing helps us keep doing our journalism.... As mentioned above it appears likely Mr Biden will become VP early next month; however he has indicated previously he",left,right
Mary Cheney Criticizes Her Sister on Same-Sex Marriage," In this week's column by columnist Andrew Ross Sorkin (a senior editor for Time magazine), we look at one member of Congress who stood out above many others when he or she took positions regarding immigration reform -- Republican Sen. John Barrasso (R., Wyo.). We also examine what it was like working with Rep.-elect Matt Rosendale (R., Wash.)... Read more »",center,right
Mary Cheney Criticizes Her Sister on Same-Sex Marriage," The former vice president has come out strongly against gay people marrying each other (although not necessarily opposed), while his daughter has been silent about it so far this campaign season.""",right,center
Mary Cheney Criticizes Her Sister on Same-Sex Marriage," In addition to their father Dick being pro-same sex marriage – Liz made no public statements about it until now! The more we hear from Republicans about LGBT issues lately – it suggests that gays do not want open debate by Democrats! We need a good old fashioned party fight where both sides have our agenda right under all eyes…and let us keep our own rights separate from anyone else! As far as I am concerned I have been called out many times for taking offense at everything from guns (the Brady Bill) to women (the Equal Rights Amendment), but what little I have said about LGBT issues has been fair game so far! And those who call me out are really just trying to take advantage of me with their hypocrisy or something…and don't worry too much about them!""",left,center
Mary Cheney Criticizes Her Sister on Same-Sex Marriage, The younger brother of former U.S. Vice President Dick Cheney says his older brother supported gay rights as governor while he was governor himself; but after he became president he became increasingly supportive at times; however now seems to be softening his views at home with respect to gay rights; however his older sibling still has strong views so it would be interesting to see what happens with both brothers next year,right,center
"Lois Lerner, IRS Scandal Figure, Will Invoke Fifth Amendment At Oversight Hearing"," In an unusual move for an IRS employee who is expected for trial next week in Washington DC on charges that they targeted conservative groups such as tea party groups and veterans' organizations after Obama's election victory last year; Lois Lerner testified about political targeting over money before Congress on Monday evening; Tuesday afternoon news broke about new documents being released by Issa's Republican staff; Friday morning we learned additional details as part of new documents released by Issa's Republican staff; Saturday evening we discovered there had been another leak from another Republican staffer who now says he leaked more information than were previously disclosed through congressional ethics rules - all while former federal prosecutor Andrew Koh told ABC News he believes there may be more evidence yet withheld by Democrats despite having earlier revealed damning evidence against Democratic presidential candidate Hillary Clinton - all while John McCain took questions today - all while Susan Rice appeared today with James Clapper yesterday in which his CIA director answers questions about their controversial handling of national security leaks as well as whether President Obama had directed them not disclose details during press conferences after they briefed him regarding intelligence operations - all while members of Congress have called for an investigation into these actions taken by top GOP officials including Bill Clinton himself last year - all while Sen Ron Wyden (D-Oregon) was given two hours alone with White House chief counterterrorism adviser Lisa Monaco last week where he expressed outrage over what he deemed NSA spying outside Russia targeting American citizens - all while Hillary Clinton faced angry crowds both prior and following Thursday night's Democratic presidential debate in Denver where Vice President Joe Biden claimed President Obama personally chose members of his own campaign team when selecting key members for his Cabinet -- all things which could very well prove damaging if proven true -- plus much more! All this coming up just two days before Donald Trump takes office! Now you can see why Rep Adam Schiff (D-California) said Sunday it ""would make sense"" that it may ultimately come out if Trump fires special counsel Robert Mueller because Mueller will then face impeachment proceedings if he goes forward regardless what happens with their investigation into Trump campaign collusion with Russia-- so don't worry Adam Schiff said even though Mueller will likely face impeachment charges if he does fire him despite what Robert Mueller says-- Dems won't let it go either! So Rep David Cicilline (D-Rochester), Rep Debbie Wasserman Schultz DFL-Florida!, Rep Devin Nunes DFL-California., Reps Adam Schiff DCE-, Steve Israel CPA-, Greg Walden CGC, Chuck Fleischmann CFC-, Keith Ellison CNCB-(R), Ilhan Omar CA-Minn., Kevin McCarthy CA",left,left
"Lois Lerner, IRS Scandal Figure, Will Invoke Fifth Amendment At Oversight Hearing", Lois Lerner's attorney calls for invoking privilege against self-incrimination during House Oversight and Government Reform Committee inquiry into IRS targeting scandal... Read Article,left,left
"Lois Lerner, IRS Scandal Figure, Will Invoke Fifth Amendment At Oversight Hearing"," I have not done anything wrong here - I am innocent - so please do not ask questions about my actions at this time - I am prepared because it is important that everyone understand what happened and who was responsible for it — Lois Lerner (@Lois_Lerner) May 13 2014 The IRS targeted conservatives because they were conservative — Lois Lermontine (@loisliderm) May 13 2014 The IG did his job – he took names off forms for millions of Americans who were affected by their actions — Andrew Solomon (@SolomonAndrew) May 13 2014 She didn't know whom these people were until they filed their tax returns two years after they knew them—but then we all saw their political connections through those same returns — Andrew Solomon (@SolomonAndrew) May 13 2014 Her apology was full-fledged political science research showing that we do have some truth | We get accused of political bias every day | How we are being called out without evidence does not make us less free | We hold ourselves accountable even when there is none — James Traub (@JamesTraub2) May 14 2014 This witch hunt could be stopped with one simple command: Keep your ears open & your eyes open!!! And yes – you should believe me now… because otherwise you cannot help me...!!! pic.twitter.com/f7TgqxVZ5n — Ron Charles (@RonCharlesONeil) May 13 2015 @RonCharlesONeil It's not about money either – it's about an organization trying its best on behalf of all Americans!!! It's good citizens like you & me who want government out so our lives can truly be our own again... https://twitter..com/NXzrntp2yk..#IRS #Taxes #Scandal #TaxpayerInquiry https://t..pic3....th_t?..*d!...0*=8c5b4c1d8#TRAITOR https://t..pic5....sh?..*d!...0*=eb6bc7320"" height=""200"" src=""https://image1.....4@!!https:"" width=""400"" /><br /> <br /> <br /> <br /> <br /> <b>Mitch McConnell</b>: “We’re going after those individuals with authority”<a href=""http://www3......n/article/20140313002436"" rel="""" title="""" class=""fullpost""></",left,left
"Lois Lerner, IRS Scandal Figure, Will Invoke Fifth Amendment At Oversight Hearing"," Lois Lerner is scheduled Wednesday before Congress’s oversight agency for what could be an embarrassing turn on Capitol Hill as it looks into how sensitive tax documents involving tea party groups came into being and ended up being used as political fodder for Republicans who are now investigating President Obama’s administration following his re-election last November — including allegations he sought $1 billion in political contributions from unions and groups linked with him through his campaign fund in 2012. “We need full disclosure now of all aspects concerning political activity by members within our organizations before we may go forward with any investigation,"" Rep.-elect David Cicilline (D-R.I.), chairman of congressional oversight committee Oversight and Government Reform Subcommittee on Oversight & Investigations said after receiving news reports about Lerner’s possible testimony Thursday afternoon about how sensitive some IRS documents were kept around then-IRS commissioner John Koskinen even prior their release last month — which resulted in Koskinen resigning over it later that summer — though he didn't specify whom exactly were involved — would “make us less effective as an independent watchdog” if that happens Thursday alone could “put us out of business because everybody knows [of] what happened here because they saw it two weeks ago,"" adding that there's also another concern -- namely why such sensitive information had been released only months later? As reported earlier Thursday evening:



",left,right
"Lois Lerner, IRS Scandal Figure, Will Invoke Fifth Amendment At Oversight Hearing", In addition with his ongoing investigation into former Secretary of State Hillary Clinton's use of a private email server while serving as secretary of state during Secretary Clinton's tenure from 2009-2013; and his recent probe into whether President Obama was born in 1961 rather than America's current president; and his upcoming investigation into whether former National Security Adviser Susan Rice violated federal law by using classified information that was obtained through faulty procedures pertaining foreign intelligence surveillance methods; we're also seeing more cases being brought against senior officials within government agencies for misconduct ranging from corruption down through willful negligence -- all within an atmosphere where whistle blowers are becoming increasingly vulnerable targets. This article originally appeared on New York Newsday here: http://blogs..nytimes.../banking-on-the-wrong side. It can be read here now at New York Newsday: https://www..nytimes...com/2014...s_nws/.,right,right
"Lois Lerner, IRS Scandal Figure, Will Invoke Fifth Amendment At Oversight Hearing"," [Reporter] The Internal Revenue Service director told Congress on Tuesday that political groups with names like Citizens for Responsibility and Ethics in Washington (CREW) must register with it because their organizations have given money as campaign contributions — even though they are not registered with Congress as required by law…. The directors' decision is part of an ongoing effort by IRS officials — including acting Commissioner Steven Tottle — who are waging war against political nonprofits trying without success over four years now.... In an appearance before lawmakers on Tuesday evening -- after telling them he had decided not make public comments about his agency's alleged targeting of Americans who work for nonprofits-- Representative Elijah Cummings (D-Md.) asked why he didn't want others watching him... when he had just taken off his glasses.... In one recent case involving CREW, an attorney for CREW filed suit against Treasury Secretary Jacob Lew.... 'There certainly appear more people watching me than usual,' Cummings joked when he spoke about his encounter with IRS officials at least two weeks ago... When Republicans went looking for answers they found none... In fact when you look closer you quickly realize there is very little difference between government employees asking questions and other private citizens who want answers -- even if they don't ask them themselves."" - LA Times; 5/8/18",left,right
"Lois Lerner, IRS Scandal Figure, Will Invoke Fifth Amendment At Oversight Hearing"," Lois Kinsley (born Lois Linder on June 23 1942) is an American accountant who worked in Washington D.C., Chicago and New York City between 1983 and 2011 where she served as an IRS employee (exempt organization) director for over 20 years before becoming chief counsel of its National Taxpayer Advocate program in 2003 when it was renamed as Exempt Organizations Unit Director after it was overhauled following scandal involving tea party groups targeting conservatives during 2010 election campaign season under then-IRS chief Peter WIlliams' tenure as head of Exempt Organizations Unit Director Richard Darmanis had also served as head counsel for more than two years before stepping down last year when he resigned after being implicated in his own department's targeting scandal while serving with Kinsley as Deputy Assistant Chief Counsel who is currently facing criminal investigation into his own mismanagement of taxpayer dollars regarding tax exempt charities and nonprofit corporations he managed personally while working with ex-Chief Counsel Scott Amey for three years until Amey resigned this past summer following more than two years worth of internal investigations into those same taxpayer funded charities being uncovered by special IRS investigative teams which led him into resigning so that he could not continue acting as a witness despite requests by Issa himself seeking him out through his attorneys due some concerns about questions raised via emails between Amey and various other high ranking officials within federal agencies concerning potential conflicts or possible legal jeopardy Amey also had recently sent over one hundred email messages asking various high ranking officials about how they felt about certain tax law issues both internally within GAO's audit team including Amey himself plus those within Congress including Republicans such as Rep John Conyers or Rep Adam Schiff along with Rep Devin Nunes among others that are involved with these tax laws issues including those concerning charitable giving based on donations made directly or through their organizations themselves including donations received via mailboxes such as banks donation cards using personal funds without using names associated with taxpayer funded charities like name cards issued by banks which don't ask donors their full names yet instead uses pseudonyms such like 'Poncham', 'Jodi', 'James', etc.' These same bank donation cards even ask potential donors if there are any additional questions so just because someone uses personal name does not mean they aren't putting their money directly into politics regardless what they used their name card for - just because someone didn't get paid from their job does not mean they aren't being paid anyway - it may only mean that they didn't receive enough paychecks yet still were forced out anyway..!",left,center
"Lois Lerner, IRS Scandal Figure, Will Invoke Fifth Amendment At Oversight Hearing", In response [Reuters]The Treasury Department's inspector general told Congress on Tuesday it will seek additional information about how federal tax law enforcement officials used confidential information gleaned from their own investigation into President Donald Trump and his associates' financial dealings with Russia's state-owned aluminum company Roshen in 2016 as part of an effort called Russian contacts with Americans seeking influence on U.S sanctions against Russia over its seizure of Crimea in 2014.(Reuters),center,center
"Lois Lerner, IRS Scandal Figure, Will Invoke Fifth Amendment At Oversight Hearing", Lois Lerner is poised for an unlikely public appearance as soon as Wednesday morning when she will testify before Congress on Capitol Hill about tax-exempt status; however there are two issues that need resolving: why one does not automatically give government officials immunity if they are directly involved in wrongdoing; and whether congressional committees should have subpoena power over these decisions even though they may be unconstitutional?,center,center
I.R.S. Official Invokes 5th Amendment at Hearing," As it became clear last week about how much political influence President Obama was relying upon for his plans to overhaul Medicare during his second term as president, it became increasingly obvious what he wanted from his closest advisors. He wanted someone whose knowledge of policy would be valuable even if they were just one of dozens (if not hundreds) of others working in different administrations. Someone who could keep him abreast of whatever decisions were being made by those in power, regardless of how well they may know what was happening inside their own departments. And someone whom he could trust with information regarding policies without having to ask an official from another government department such as Commerce or Treasury or another agency like HHS whether there might be something they should know about…or even without knowing anything himself …or just one day before …if it really mattered why President Obama decided he needed an advisor with such unique qualifications? So a few weeks ago we started noticing how often officials seemed more than willing to give them advice even though they did not necessarily need it — whether because their bosses wanted them do so or simply out of convenience….And now we find Lois Lerner is partway through giving this president advice about health care reform, but while making sure no one reads into too much detail how important those meetings are supposed to be! What is more damning than Ms Lerner telling us exactly what was going on at those meetings? Nothing …it seems! And yet here Ms Lerner tells us herself! Just because someone says something doesn't mean you can take them at face value……..even when you don't know if their story matches up exactly! That's just plain crazy – especially considering her job security – which will almost certainly increase if Republicans continue trying very hard for re-election next year!",left,left
I.R.S. Official Invokes 5th Amendment at Hearing, This is an interesting story of how Lois Lerner was caught red-handed lying about what happened when she was caught lying earlier?,right,left
I.R.S. Official Invokes 5th Amendment at Hearing, In making public allegations about tax-exempt group targeting Republicans for scrutiny by IRS officials about possible improper activity by Tea Party activists with donations to candidates seeking office in their districts during 2008 midterms—in some cases just months after those races were won—the IRS chief has sparked an intense debate over what may be seen as inappropriate treatment of political issues or political views by an agency tasked with enforcing federal campaign finance law (hereafter Code)…In addition: Her testimony raises questions over whether President Obama was involved in efforts by his advisors to use taxpayer money for political purposes – even though he was no longer president at the time these activities took place – leading into 2012 election…The hearing is part of ongoing congressional investigations into whether IRS officials abused their authority; whether they failed adequately to perform their core function as enforcement officers; whether they failed properly adjudicate complaints against them; how far back this all happened….Read more » Article Details,right,left
I.R.S. Official Invokes 5th Amendment at Hearing, Washington has become one of the most partisan capitals in America over President Barack Obama's reelection campaign efforts—and IRS Commissioner John Koskinen is being blamed for it all...,right,right
I.R.S. Official Invokes 5th Amendment at Hearing," Lois Lerner is an IRS employee with responsibility for enforcing federal tax law in Washington. She was fired last month after it was revealed by congressional committees investigating how agencies used taxpayers money for political purposes; it's been reported in multiple news sources since then saying they were investigating whether or not an IRS employee engaged in criminal activity. Ms Lerner has also been accused of making numerous inaccurate statements when responding to questions about investigations being run by lawmakers' offices. However no one can really know how much of one's life is actually spent behind bars due to these events; as such it is very difficult for even people like us here at Tax Update Daily (and all of you) to fully comprehend just what someone like Mrs 'Lorner' did back at March 31st, 2009. But we will just have what we can from them here today.. So let's get right into it; what did Mrs 'Lorner' allegedly say when interviewed by congressional committees? Well, as many are aware it happened back in March 2009... We will be taking their word over his so do NOT believe everything we hear from those involved... Below are some excerpts from those interviews : ; ; ; ""During my testimony before my congressional committees last spring, [Lois Lerner] tried repeatedly to get me off-topic and make me say things about specific parts of my work activities without having me give context."" ; - See above quote.. Also see below quote.. A few more excerpts : ; ""All told during testimony [at hearings], I answered only three questions about specific activities involving Tea Party groups related directly…to income tax issues."" ; - See above paragraph... Also see below paragraph.... And finally see below paragraphs: Mr Chairman..... ""In response…to a question about whether there was anyone other than myself involved within our group dealing [with] individual income tax issues…"" - This would clearly mean nobody besides herself.. Therefore most likely Mr Chairman, Mrs 'Lorner' does NOT claim she made specific disclosures which could be considered misleading.... There is no way for anybody else who actually knows what happened back then or where exactly their money came from (in most cases) …to really know if there were indeed illegalities going on involving themselves or their own people.. Just because they may still hold some relevant documents doesn't mean they weren't lying..... As such you should absolutely read through EVERY single statement/question/explanation given by both sides again carefully, especially if you think its worth trying your own investigation into this issue yourself... The thing Ms Lerner",left,right
I.R.S. Official Invokes 5th Amendment at Hearing," In response to questions about whether former head of the IRS Lois Lerman was aware of alleged anti-conservative bias within an IRS unit charged with scrutinizing tax-exempt groups during its audit of conservative political advocacy groups — including Americans for Prosperity — Ms Lerman emphatically rejected claims by congressional investigators and others claiming otherwise: ""I am absolutely committed to full disclosure,"" Mr Obama said Wednesday at a press conference announcing his intention to nominate Ms Lerman as commissioner of Internal Revenue Service (IRS) headquarters in Washington D C for another 10 years until 2020; however his nomination is pending approval from Congress because he was nominated by President Barack Obama but his administration has faced criticism over its handling of allegations it selectively targeted conservative organizations for investigation by federal officials... The committee wants all documents related to Ms Lerman's knowledge about alleged bias within an IRS unit conducting oversight audits into political advocacy groups run by former members or associates associated with Mr McCain or Mr Romney... Also see: Here's what we know about Lois Lerner's testimony before Congressional committees - Politics News Blog [CQ] [CQ/CNN] [CQ/WSJ] [NYT/MSNBC/Marist Poll] More than two dozen lawmakers are urging President Obama Tuesday night via video message 'to ensure full transparency' regarding top Treasury Department officials' involvement -- including former chief executives Kenneth M Goodhart Jr., Peter Orszag,...Read more from Politico Magazine »",left,right
I.R.S. Official Invokes 5th Amendment at Hearing, A long history of IRS targeting is complicated by what might be called an arcane legal doctrine — known as “agency deference doctrine — which says federal agencies are allowed to scrutinize political issues like social movements while being precluded from doing so for unrelated economic or other issues such as health care reform or gun control legislation (The Washington Times). [link],right,center
I.R.S. Official Invokes 5th Amendment at Hearing," After being pressed for answers about a series of misleading statements by top IRS officials as early as 2000 about its actions against conservative groups during President George W Bush's first term—and then having them repeated in recent congressional testimony by an obscure IRS lawyer—Lois Lerner is now charged with perjury for previously telling Congress during interviews: ""There was no targeting."" And now is under fire from Democrats over whether Lois Lerman has testified truthfully to Congress again today--once again claiming lies would harm those investigations into tax misconduct within government; all while continuing to defend herself from being called ""partisan.""",right,center
I.R.S. Official Invokes 5th Amendment at Hearing, The IRS official who initially disclosed in sworn testimony how it was targeting conservative groups accused by congressional investigators as part of an aggressive program began telling them years later about one incident when they may have been more prescient than their own superiors because of what happened right after it occurred—in an interview with then-candidate Barack Obama during his 2008 presidential campaign (which he denied); however now says even though they may have seen evidence suggesting something was going wrong with Treasury headquarters prior to her initial disclosure; they saw nothing but political opposition coming from tea party groups; yet did nothing about it until weeks later making allegations about “targeting” them; however now insists they never told anyone at Treasury ahead of time about such activity as well as their own subsequent involvement in political activity while working for Obama administration officials during his 2012 reelection bid; thus created new problems which led IRS head Lois Lerner –who continues serving full time as head of such an agency despite having repeatedly opposed many Republican policies–to be subpoenaed again by Congress; meanwhile all these officials continue serving under Republican leadership including current director John Koskinen –who was appointed under Republican presidents–on two occasions prior to Tuesday night's vote authorizing President Obama's re-election campaign committee $738 million worth of matching funds for state Democratic candidates from New York City– where there is evidence he used his position as supervisor over city payroll services at IRS headquarters both times –which also created new problems– which also resulted (again) in him being subpoenaed Wednesday [as part of Congressional Committees' inquiries] [as well]...,left,center
"Obama Defends NSA Programs, Says Congress Knew About Surveillance", In an interview with reporters released as part of CBS News' program CBS News Sunday Morning on Sunday August 19th at 1AM ET... Click for more...,right,left
"Obama Defends NSA Programs, Says Congress Knew About Surveillance"," With growing concerns about surveillance by both governments and private companies as well as increasing scrutiny for privacy rights internationally -- with calls for an end to bulk collection of data on Americans -- there is renewed focus on privacy issues at U.S.-based entities such as Google ( GOOG). An analysis by ABC News found more than 600 government entities worldwide either now or had agreed to share personal data with Internet giants such as Google (GOOG) after it was disclosed earlier this month by Edward Snowden, former NSA contractor who leaked documents detailing mass surveillance conducted by NSA's PRISM program. In recent months several countries have reportedly increased their oversight of Google's operations including China's Ministry of Public Security (MPS), which has reportedly started using software provided by its rival Alibaba Group BTEI Co., Alibaba-owned Tencent Holdings Ltd, TMO Group Ltd., KPMG LLP, Accenture LLP Inc., Deloitte Consulting LLP Ltd., Ernst & Young LLP Company Limited or PricewaterhouseCoopers Global Business Consulting Services Limited. To date no other report has mentioned Chinese state entities such as People's Liberation Army (PLA) intelligence or security departments nor any others' involvement over data gathering activities but more scrutiny regarding foreign governments' cooperation will need attention given rising concerns over foreign interference into elections - mainly related to election meddling from Russia, Ukraine, China, United States - notably including interference through cyber-attacks involving Wikileaks. It is also widely believed these states may be involved because it has raised questions among political observers about whether U-turns were made following Snowden's revelations rather than some form of pre-existing agreement between Google executives due also noted above ; however official confirmation on these suspicions would require further investigation",left,left
"Obama Defends NSA Programs, Says Congress Knew About Surveillance"," (New York Times) - In what is being called one of his most ambitious legislative goals — to legalize gay marriage — President Barack Obama has signed into law an immigration bill passed last year by Congress whose supporters say it would help Americans regain their jobs lost after they left for Europe or elsewhere abroad earlier this decade....The new legislation allows immigrants who entered before Jan 1., 2009 but who were living here illegally before May 11 for at least five years to apply for permanent residency so long as they make at least $200 per month....Obama's signature also includes measures aimed at helping students pay school fees....Obama signed an executive order last month giving federal agencies more authority over immigration enforcement...A White House official told reporters Friday night there was no specific date set for signing legislation into law....The measure will now go to Senate Majority Leader Mitch McConnell (R-Ky.) for his decision on whether it will be approved by his colleagues or must go through one more markup process before being voted on next year.....An aide confirmed Friday night there was no indication Mr...Full Story",left,left
"Obama Defends NSA Programs, Says Congress Knew About Surveillance"," In his daily briefing address at CIA headquarters Thursday morning -- following an afternoon conference at NSA headquarters – President Barack Obama reiterated his strong support for privacy rights as well as his opposition to surveillance by any government agency or group overseas -- but insisted he did not think it should be allowed domestically until it is ""fundamentally changed."" The president also spoke out strongly against what some view is surveillance by domestic spying agencies such as police departments and military intelligence operations overseas — saying they would be better served if their focus were on national security threats rather than domestic ones because intelligence on specific criminals is almost always better than intelligence on broad categories of possible terrorists or other illegal activities within a single country's borders or territory — especially when there is no concrete evidence linking one person or place to any terrorist incident yet another nation's government needs to track down terrorists suspected of committing crimes elsewhere based solely on information gathered domestically through domestic spy technology platforms like telephone calling logs collected under bulk collection programs conducted by all federal agencies (as opposed to targeting only specific individuals based upon evidence acquired through targeted electronic surveillance). While asserting civil liberties protections go beyond US law — including civil liberties protections for all US citizens – there is still no legal basis for such claims even though courts have already found them unconstitutional for those purposes over years now (see related stories below) As with previous statements concerning US laws governing privacy rights around personal data collection practices (see related stories below), President Obama's remarks about privacy rights made before cameras were rolling Friday morning represented two distinct opinions among senior members of both parties' policymaking bodies across both political parties who represent large portions of American society at large: Republicans who control House oversight committees while Democrats hold Senate oversight hearings each day; and many independent experts who work primarily inside government — particularly those working within non-profit organizations — where much larger stakes exist when it comes time for public policy decisions affecting Americans abroad as well as American communities around the world than ever before today given more recent events involving mass surveillance conducted by foreign governments using techniques similar internationally accepted principles used routinely against their own populations such international terrorist attacks including 9/11; warrantless domestic spying; mass data breaches perpetrated by government entities overseas; indiscriminate international snooping without prior judicial review; excessive secrecy within intelligence community operations which often violate international human rights norms prohibiting extrajudicial killings; unwarranted use and abuse of civil liberty provisions contained wholly within existing laws governing human behavior through executive orders issued by presidents past but not present whose actions regarding matters relating directly involving individuals abroad can themselves constitute violations against individual civil liberties protections contained entirely within existing statutes concerning citizens'",center,right
"Obama Defends NSA Programs, Says Congress Knew About Surveillance", Some say NSA gathers phone records because it's too invasive but others say it's about protecting privacy -- but there is no consensus about whether it is necessary or legal – more info →,center,right
"Obama Defends NSA Programs, Says Congress Knew About Surveillance"," At an event marking World Water Day on Wednesday afternoon at Stanford University campus; Obama noted water's importance for people all over the world because of its connection with agriculture as well as drinking water supplies throughout North America's largest coastal region; during his hour long speech on water for future leaders; where he also talked about climate change.Obama also spoke out against fracking, saying it would not only hurt American families but could potentially disrupt entire communities when communities were already suffering from drought due to warmer temps than usual since mid-June 2008...more",left,right
"Obama Defends NSA Programs, Says Congress Knew About Surveillance"," Obama claimed his administration was not spying on UBL's activities but instead collecting data about terrorism suspects from other nations within its perimeter for further review before taking action against them - which would not include citizens unless it deemed it necessary or appropriate for national security reasons (i-D). However given what we know today about NSA's capabilities it seems clear they act out of necessity rather than any real intent to violate privacy (i/o). They must be stopped at all costs and all members of Congress should ask questions about them (cf.) but if you haven't already I highly recommend reading Robert Hannigan's book 'Spy Wars' if ever you need convincing (and I am confident there will be some who think there is still time) then please read it! Here is my analysis here: http://www2...sms/sms-20150205-0004_0_0/index2?language=en&articleId=47001539&topicId=1&tid=1#tbl-53776



",right,center
"Obama Defends NSA Programs, Says Congress Knew About Surveillance", In June 2008 Obama spoke at an event at Georgetown University about NSA surveillance tactics; then-secretary of defense Robert Gates said on ABC's This Week show (Jan 2) it's worth asking whether America needs more such surveillance tools because they're now available through legal means without Congressional approval – even though one Republican Congressman compared them to torture! (http://abcnews/investigations/wiretaps-obama-routines-us) Meanwhile there was also testimony at today's hearing before intelligence committees yesterday wherein NSA director Gen James Clapper explained how government agencies were using PRISM for data gathering – so did he really need FISA warrants just because it was not technically necessary? And what if you don't like what you get? You can always do what I'm doing here with my free online account - http://www2iandcntp1s3q1k31m2sw5f01z9jg5y0rk3j9xlz8jn8w4y7a4iybakQY7hCdGv6uK3MVVF0ZpYBcXaHWKJ1DhEQS6lWnL6wvTJ3xZbQoBqe2CbEfIe8N8iO9P0vRiDlg=,left,center
"Obama Defends NSA Programs, Says Congress Knew About Surveillance"," US-based telecoms have long complained about Ummah (Islamic extremism) threats stemming from al-Qaida or other causes since 9/11, but NSA surveillance appears to be just one tool being used to track these terrorists online -- not all Muslims are equally monitored by UAF's surveillance cameras — one expert concludes — NSA is getting closer than ever to its goal of identifying Muslim radicals online - - -The first person arrested over terror attacks linked directly back was an Australian citizen born at Al Awaad Al Kifl (Arabic for ""black hole"") mosque where several others were radicalized https://www.theguardian.net/politics/2012/may/02 /who-is-on-the-inside?mbg=rss | Video: 'War on Terror' : The first man arrested over terror attacks linked directly back is an Australian citizen born at Islamic centre http://www., video & audio.",left,center
Obama administration defends 2nd mass surveillance project," Since 9/11 we have been under constant surveillance by US agencies such as NSA; FBI; CIA; DHS who collect telephony metadata which are then shared with foreign intelligence agencies for domestic purposes (eavesdropping) such as law enforcement operations targeting terrorists abroad or at home."" Read more at http://www..washingtonpost..._leak#ixzz1lYyD6q8i5&#038; Retrieved April 27, 2013 from <http://www3fcc4....washingtonpost>",left,left
Obama administration defends 2nd mass surveillance project," The Obama administration found itself defending -- but not explaining -- yet another surveillance project after leaked documents revealed information about two secret National Security Agency (NSA) surveillance programs. One involves collecting phone records from millions but appears intended for domestic use only; one is still collecting telephone metadata as it was originally designed; while one seeks logs on e-mail traffic as well as web searches; while both are being piloted with support from UUCPs (unclassified units) in Hawaii.""

  <http://newsroompostagnetahedesignsandfurnituredesigns/article_3639b1e8-9f2c-4d0b-924c-ab6a9811dee5_showingArticleImageForRendering>. Retrieved December 11, 2009.

",left,left
Obama administration defends 2nd mass surveillance project," The administration decided last year after leaks by Edward Snowden not only didn't want more leaks but also seemed determined not get caught leaking any more info about its domestic surveillance operations under President Obama, even though it had been caught red-handed getting around those laws on prior occasions through similar types of surveillance programs....""",left,left
Obama administration defends 2nd mass surveillance project, The Obama administration found itself defending -- and beginning to explain -- yet another surveillance effort after leaked documents revealed information about two secret National Security Agency intelligence-gathering programs,left,right
Obama administration defends 2nd mass surveillance project," The Obama administration found itself defending -- and beginning tell its own story after leaks revealed details about two secret National Security Agency intelligence programs (see Story updated Oct 2). On top of an Guardian newspaper report revealing how authorities were collecting phone records from millions (see below), a Washington Post story detailed another program that scours major Internet companies including Googleand Facebook for data (see below).",left,right
Obama administration defends 2nd mass surveillance project," The Obama administration found itself defending -- but not explaining -- yet another surveillance effort after leaked documents revealed information about two secret National Security Agency intelligence-gathering programs.[5] On November 7th President Barack Obama held an event on counterterrorism under which then director James Clapper announced plans for new domestic spying capabilities targeting citizens' emails without warrants or probable cause."" http://www2.foxnews.com/politics/2014/11/07/obama-announces-newest-spying-programs?fbclid=IwAR1XzZ0mMnZFJkEkpjbzr6yq3lj6xq4C3YF7yCiA2YwGcUWVfRiKpEbI1aOvLwT9r0uQ8x5J5Btj9XoNvCcV4Qk%26utm_source%3Dworldwide&utm_medium=twitter#comments (full text) [via AP]",right,right
Obama administration defends 2nd mass surveillance project," The Obama administration has begun defending its mass surveillance activities in order protect those who work on counterterrorism efforts against criticism after two leaked documents revealed details about massive bulk collection efforts conducted by domestic spy agencies like America’s own spy agency which are being defended here as necessary counter-terrorism efforts in an age where terrorism threats have become ever more sophisticated while at home public discourse turns increasingly dark. On top of a Guardian newspaper report which exposed how authorities were collecting phone records from millions, another Washington Post story detailed an even broader campaign directed at major American technology companies including Google And Facebook who are involved with many online services like Wikipedia And YouTube but one source told Fox News they can be queried over their compliance with government requests by using “a simple query through their API service or direct web traffic analysis tools” which they also use for law enforcement purposes but “they don't see it happening on this scale any time soon."" In addition, there are other methods besides electronic communication tools such as emails messages between government officials or even text messages sent during meetings where some conversations go beyond email exchanges into real-time voice calls. (See: http://wwwtypecrowdsurveillance) At least one former official confirmed this second effort was developed by both FBI agents themselves but also acknowledged it needed approval from higher echelons at both levels because it involved so much power wielded on behalf of America's intelligence community"" One senior Uighur Muslim journalist named Haidong Qingshen commented, ""The Chinese government is responsible for terrorist incidents so if we do not have all information about those cases then our country will not survive"". Haidong Qingshen explained why China has been fighting against terrorism - because history shows China is very good at it - calling out China's critics for their lack knowledge when discussing things like Chinese President Xi Jinping recently meeting Pope Benedict XVI, claiming ""We had no idea what kind of person Xi Jinping was before his speech"". Yet since his inauguration last year there has been increased activity related with China helping Western terrorist organizations fight against Islamic terror groups despite him having no prior knowledge whatsoever regarding doing so since 2001 when several Islamic militants attacked Beijing killing hundreds. (Note: This article references many other sources including Wikipedia ) Summary The Obama administration found itself defending -- yet again -- mass surveillance powers once again after leaks exposed details revealing some ongoing mass surveillance operations conducted under America's most secretive agency within its own ranks? Last September alone federal prosecutors unsealed four cases involving spying on foreign nationals overseas following leaks exposing sweeping spying operations involving some 30 agencies spanning across 14",right,center
Obama administration defends 2nd mass surveillance project, The Obama administration is reportedly trying again at least twice more an aggressive effort led by President Barack Obama's administration with new surveillance programs aimed at making sure government snoops only get what they need when they're needed Most Popular Topics: Government & Politics,left,center
Obama administration defends 2nd mass surveillance project," The United States has long relied on law enforcement agencies collecting digital information on millions of Americans through wiretaps but also provides courts with broad latitude in interpreting these laws in light of ongoing controversies over excessive government surveillance powers (see ‘NSA surveillance under fire’). But there are still concerns among some lawmakers about how much abuse those powers are bringing into American society (see 'Privacy & Surveillance Lawsuit Rises', ’Lawmakers Push for New Controls On Surveillance And Mass Communications’) In addition, some members have pointed out that certain kinds of technology can be used as an important tool against terrorists but not be fully disclosed or made available (see 'Feds Expand Wiretapping Program To Include Email Data'). On August 14th, 2013, President Obama announced his nomination for Director Of National Intelligence before Sen John McCain."" - http://www.wiretappedfactsreport.org/index_2xkz7vjh1e29r8a934c3f59bqr0c7zd7u3rd8n5y4s6b9mjgw1n5y2p6g38.html

",center,center
"Republicans challenge Clinton claims on budget cuts, Benghazi cable", Republicans continue focus on Benghazi cables but offer new challenges at State Department briefing - NBC News http://nbcnewsline1.nbcstvnewslineservice2x2w1y2e7y33fk3e0p31cj1a6m4jhkpz3xlz5dwpq6u32dgw8o5mb26v27s9p7r3m9cjt4my8fk9xl6g5f0hg39m6i1o57lw0tq25p4r30h18phi11ry24t69u64n55o94y35kw/nc/index_127089808734291656/http://www.nbctvnewslineserviceco-1xaasppwzllpsapaxsdfysadmpbix8cfssadffgjdghijdhixqdjfxsnrhihcqiqdsfnjslhyddkslnhpfvsngpdjsdnxskhlsygsdfhhshmsfsfsdfdsfdskdrhdlsdlhdldhsddhlhnndsdnlkjghksdkdhshhhndsdnlkjgnkjhnldhsflwsflwsflwsflwsftlfsdffssfdnsfddsfgjsfdslsrddsnsfwrdnswrdbsrwrdbsrwrdbsrwrsfrswsflfsrfrfrswsbfssbfsbgjsdrhddhsbbhrgdhsblgbgdbngbbnrggebbgrgebbgrgebgrbgbgbmrrggesbfblbmrrggesbfblmrrrgfbllkgfbllnmrfgmrbgpbgmgrbgpfgmlkgfgmlkgfnmgrlhmkrlrgmrgmnmgrlrmkgkmrgmktmtrtmtttmtttmttrtmtmtmtmkrtmrtmttmkrtrtrtltmkkktmmtmmttkmkkktknkmkkktknkmtkknkmtkkilkilkilkilkilkhilkhilkhilkhiilnihillillihillihilandififififiiiffiiiffiiiiffiiiifiifffiiiiijiijfiijaafafaaafacacaatacaacataataaaaaccagaaagccaccagcccaagaaggcaaaaaaaaaggaaaaaaaaaa,left,left
"Republicans challenge Clinton claims on budget cuts, Benghazi cable"," Democrats demand more transparency from state on Benghazi communications after watchdog says Obama ""doubles down"" with Fox News reporter over claim he 'blacked out' during Septembers 2012 attacks; some accuse State Department of misleading Americans about Benghazi attack using false account; House approves CIA nominee Kerry by voice vote - Fox News Latino; GOP lawmakers allege White House officials have 'deceitful' response to allegations against Carter Page - New York Daily News; Rep Joe Wilson criticized for speaking out after deadly shootings at Florida high schools - Miami Herald 2/16/2015 2:05 PM EDT The UPI is run by Gabrielle Giffords ( wearechange@uicompassuniversity.edu ) 617-631-2050 x372213 UPI quotes from: http://www1.upi. com/Top_News/World/World_News/20150102_32005034305219_0, http://www2.upi.com/Top_News /World /Asia /Middle East /South Asia /North America, http://www3.upi.com/topnewsdetail/?id=14888983858263511&pid=1&amp ;locale=en, http://mapsaustraliainformationservices dot com/, https://mapsaustraliainformationservices dot com/. We reserve place 7th floor office 1219 North Church Street #206 Oakland CA 94606 ( phone 415 977 4984 ) Please note our privacy policy at https : //MapsAussiesinfo dot c o m // Privacy Policy contact us at mapsaussies@gmail dot com",left,left
"Republicans challenge Clinton claims on budget cuts, Benghazi cable", Republicans attack Clinton claims on budget cuts; Democrats criticize attacks on Benghazi cable,left,left
"Republicans challenge Clinton claims on budget cuts, Benghazi cable", Republicans say criticism of Benghazi security is bogus; Obama defends his response to terror threat; Democrats blast House Dems' criticism,center,right
"Republicans challenge Clinton claims on budget cuts, Benghazi cable"," Democrats try new tack to undercut Hillary’s Benghazi accusations (Nov 18)



",right,right
"Republicans challenge Clinton claims on budget cuts, Benghazi cable", A look at all these GOP senators' questions on Libya trip; watch them interact with Clinton through live video (12:00 minute mark) http://www!watch?v=n1Vgl9MjW3g,right,right
"Republicans challenge Clinton claims on budget cuts, Benghazi cable", Top Democrats question credibility on Benghazi cable; Republicans accuse Kerry of exaggerating threats from terror attacks (Editorial) The Senate Foreign Relations Committee begins confirmation hearings for Sen Mark Kirk of Illinois when he is nominated by President Obama to serve as director of National Security Council Affairs in his second term next year....... [Read More] »,center,center
"Republicans challenge Clinton claims on budget cuts, Benghazi cable", Republicans challenge Democrats' claim they did not see any classified information on Libya cable when Benghazi testimony takes second day; GOP panel wants additional questioning from Kerry about his ties to Libya war crimes probe; House votes to allow Kerry aide Susan Rice to testify first with Senate confirmation hearings set by May 4; Obama defends decision not...Full Article: Top Stories (Subscription Required),center,center
"Republicans challenge Clinton claims on budget cuts, Benghazi cable", Republicans challenge Clinton claims on Benghazi cable; Democrats challenge others' objections; White House officials object to Kerry appearance among GOP challenges,center,center
Benghazi emails underscore State Department’s concern over failure to act on warnings, Agency briefing for Presidential address Sept 12-13 2012 - General Humsfeld reports [from] all agencies & other UBL [U.N.] agencies discussing possible future attacks against USG & UBL forces near Tripoli - All officers present said al Qaida will target USAG from bases farther than Libya from Egypt toward Tunisia - It is assumed Al Qaida will have its base nearby #Libya or neighboring countries - CIA (1st source): No specific targets/suspects have been confirmed at this time – GOCS [General Officer Commanding] says Al Qaida could be able target USG base(s)/facilities(s) -- CIA continues briefing but does not discuss specific targets – GOCS reports USG/USO are going through training with Libyan National Army units (2nd source): No additional details available 1st Source: Security team training completed 2nd Source: Training completed 4th Source: Training complete 5th Source: Training complete 6th Source: Training complete 7th Source: Security team training completed 8th (CIA): Unknown location 9th : Unknown location 10th : Location unknown 11st : Location unknown 12thsource no longer available 3rd source no longer appears on dns but remains active 8THRIVE COMMENTARY 9TH ROUNDUP FROM TONIGHT AND TODAY 10THRIVE COMMENTARY 16TH ROUNDUP 17121718192021012022000232430252627282930313031433201434353637383940414444546504760492115757778798089080909101310811215161718202182232462527322017415032343444554656768697071122127138139141431451461471481491510000715161930131933343536373839404144445465047604921157577787980890809091013108112151617182021822324625273220174150323434445546567686970711221271381391414314514614714814915100007151619301319333435363738394041444454650476049211575777879808908090910131081121516171820218223246252732201741503234344455465676869707112212713813914143145146147,left,left
Benghazi emails underscore State Department’s concern over failure to act on warnings," Embassy Response During Terrorist Attack; September 5th 2012 - 9:16 p.m., from Ambassador Chris Stevens' Office (E/S Chief) – US Mission Tripoli - Afghanistan/Libya; Summary – Crisis Situation: Threat from Al Qaeda & Jihadists Increasingly Serious; Summary – Embassy Response At Time Of Crisis; Summary – Embassy Response During Terrorist Attack To All Employees In Location Of Concerns Regarding Threats From Terrorism With Respect To Activities In Libya On Security Forces In And Around Libyan Government Headquarters; Recommendations For Agency To Increase Diplomatic Presence & Security Among Libyans & Other Governments As Needed; Report By Staff Member [Chris] [Stevens] : All Individuals Within Embassy Situation Room Should Be Aware There Is A Public Health Issue And That It Matters Very Much Given Increased Risk Of Further Attacks Against Personal Properties Inside Libyan Government Buildings Along With Other Areas Of Interest This May Become A Political Issue Or More Than Just Medical Concern Given Risk Of Violence From Violent Groups Toward Foreigners Living Inside Libya (Security Force Members); Recommendation Regarding Actions Required For Agency Within Its Own Territory After Being Told That Situation Has Changed Consideration Should Be Given By Agency To Increase Diplomatic Presence And Security Between Its Own Territory & Any Areas Where Violence Could Result If These Factors Are Not Considered Also Consideration Should Be Given To Investigate Additional Resources Such As Military Personnel Or Equipment For Additional Protection Along With A Change In Mission Over Time Due To The High Threat Level From Terrorism Within Libyan Government Buildings Also Possible Localized Strikes On Targets Near Localities Having Significant Non-Governmental Population or Political Activity Such As Small Towns/Villages Located Near Cities Exposed By Foreigners (Security Force Members); Report By Staff Member [Chris] Stevens : All Personnel Within US Mission Must Be Aware There Is A Public Health Issue And That It Matters Very Much Given Increased Risk Of Further Attacks Against Personal Properties Inside Libyan Government Buildings Along With Other Areas Of Interest This May Become A Political Issue Or More Than Just Medical Concern given Risk of Violence Against Non-Governmental Persons Living Inside Libya If Those Factors Are Not Considered Also Considerations Should be Made For Investigate Additional Resources Such As Military Personnel Or Equipment for Additional Protection with Potential Military Action if needed or desired considering increased risk due to higher threat level towards local population living inside Libyan government buildings also possible strikes against targets near localities experiencing non governmental population or political activity such as village/towns located near cities exposed by foreign nationals particularly those involved with terrorist activities within these areas also possibly local actions along with military action taken either via",left,left
Benghazi emails underscore State Department’s concern over failure to act on warnings," A high level team from our Agency met with senior leadership immediately following our arrival at Camp David shortly after noon today with no discussion or questions asked about who might be responsible for what type of damage or violence against Americans... However just as we arrived here we received a briefing note from CIA headquarters describing what appears to be ongoing intense enemy activity towards our people... We are seeing attacks against Americans at this location very closely approaching pre-planned attacks... We have reason for concern because this is clearly going beyond post-attack planning into preplanning.... We are concerned because these types of attacks must be planned so carefully ahead of time."" [emphasis added] Source: U.S. vs Libyan Islamic Terrorists – Cables From Intelligence Community Meeting September 17th 2012 [pdf] -- The Daily Caller -- February 13 2013 -- http://dailycaller.com/2013/02/13/u-s-vs-libyans/.",right,left
Benghazi emails underscore State Department’s concern over failure to act on warnings," 'This is going to require us as part of our response,' said CIA director David Petraeus at his weekly briefing yesterday -- but he had very specific language for how we're going make it go further and more quickly.... At their next meeting today at 12:15 central time (9:45 local time), Petraeus will reiterate some of what he told us yesterday -- especially [that] we will be able...to go further than just providing additional intelligence about al Queda forces.' This cable also details another warning from another high-level U.S. official within two weeks afterward regarding increased activity by Islamist terrorist groups operating throughout Africa along with links between al Queda terrorists fighting for ISIS (the so called Islamic State) and operatives within Al Qaeda overseas.[/i] Another warning came from Secretary Clinton during her trip through Africa later during her tenure including trips to Mali; Niger; Algeria; Chad; Chad again later during Bill Clinton's presidency including Togo.[/i] In addition there are also numerous other documents related directly or indirectly through UBL who provided specific information regarding these threats or warnings around specific parts inside Libya including General Petraeus,[/i] Secretary Gates[/i], Ambassador Rice[/i], who participated directly when she was Secretary General,[/i], etc.[[/color][/font][color=#ff0000][/font][/size][/text][quote=""jimmy_d""]I think if you really want people like you [that don't agree with you]in your head rather than having them come up here demanding things their way... well then perhaps I would say maybe we have gotten beyond this point... but I don't know if it is because we cannot agree together.][/color][/quote]I wouldn't disagree with your assessment at all.... It seems like each side thinks they're winning until someone comes along with new evidence based upon information they've received previously.... One example... I don't think either side can argue anymore just yet since there seems so much new information coming into each side... But both sides seem willing to let facts run their course without much debate ever again..... And since this debate started I'm sure both sides would argue until someone brings something new into play.... [/color][/size][quote=""JIMMY_D""]It doesn't take much effort at all for people who can be convinced otherwise.""[/color][/quote]""But it takes effort,"" says one senior Democratic senator,""to admit right here what everyone knows:"" There is no question about what happened.""[/text][/font][font=",right,right
Benghazi emails underscore State Department’s concern over failure to act on warnings, A group within al Qaeda is preparing for an attack against Americans at our embassies around...(full text),right,right
Benghazi emails underscore State Department’s concern over failure to act on warnings," CIA Briefing About Terrorist Threats Emerges from First Time Since 8 September 2011 - 8 August 2012 Summary: CIA Briefing About Terrorist Threats Emerges from First Time Since 8 September 2011 -- 08 August 2012 The Washington Post | By John D Sutter | November 12 2013 -- A top intelligence official at U.S.-Libyan relations said he is deeply disturbed by President Barack Obama’s comments Saturday night at his first news conference since Sept 11 saying there was “no doubt” Libya had become unstable following its civil war with forces loyal or former rebels fighting against Col. Muammar el-Qaddafi's regime including terrorists linked with Al Qaeda who want Mr Qaddafi gone. “President [Barack] Obama’s statements yesterday may be more confusion about what our intentions are than what actually happened,"" National Security Council spokesman Tommy Vietor told reporters before departing for Russia today for talks with Russian Foreign Minister Sergey Lavrov over Afghanistan issues including NATO operations against Osama bin Laden who eluded capture until his death more than three decades ago at Pakistan's Abbottabad airport.. In short we don't know exactly why it happened but certainly we don't know if it could happen again so we're trying very hard not just to get out there but very carefully try not just readjust some old information we have but actually do something about it because if you look back three or four years ago there were times when you had people saying Libyan leaders wanted Colonel Qaddafi gone because they thought killing him would make Libyans safer. Now nobody knows what anybody else is thinking anymore except for us here at our embassy. To my knowledge no one has come into our embassy after 9/11 saying anything about whether or why they should kill Qaddafi which meant they weren't going anywhere until I guess somebody like Jim Jones came into our embassy. So there are various aspects here...that would require us all individually speaking up...and then getting consensus around those things...which is really why diplomatic cables are so valuable both in terms of their content... which hopefully tells you something other than any particular individual person did say something …it can also be useful as sources for talking points.. So I've tried really carefully think through how best [to say], how many different things we can do..I mean let me reiterate - I'm talking about things like 'what specific actions did these people take?' …if any actions were taken? 'Was anyone fired?' …what steps did these people take? 'What threats did these people pose?' et ceter",left,right
Benghazi emails underscore State Department’s concern over failure to act on warnings, The situation is very serious - at least 15 people need to be evacuated because things are taking place outside our perimeter [which] we will not be able for some time... with all due respect... I hope you will convey my concern about this risk agains your response or your plans for dealing with it going forward.... This is definitely going through us quickly (emphasis added).,left,center
Benghazi emails underscore State Department’s concern over failure to act on warnings," An August 2012 classified CIA briefing summarizing an emergency meeting with U.S., government officials at Tripoli airport for which all Libyan government officials were present states “The current threat level across Libya is extremely high” because “Libya is emerging internationally as one of our most active terrorist hotbeds … we are also seeing attacks against American embassies…There are indications there could be retaliation against US interests” http://www.foxnews.com/politics/2012/08/06/cia-receives-classified-documents-on-the...",left,center
Benghazi emails underscore State Department’s concern over failure to act on warnings," The intelligence community believes al Qaeda affiliates are attempting multiple attacks including at least one at our embassy complex with explosives; these could have serious consequences for U.S., allies abroad; we strongly discourage any action you may take against these groups until we are certain there is more information regarding their actions -- what they do; threats they pose; how effective is our current response -- etc... - August 26th 2012 - CIA Summary — FOREIGN ASSISTANCE DEPARTMENT HEAD QUARTERS (CPD) COMMENT #1 On 13 August 2012 CPD head Anthony Cordesman informed Ambassador Stevens: We believe al Qaeda affiliates who are operating inside Libya may be planning additional attacks against targets outside Libya while inside Libya it is extremely dangerous for us if there are no adequate security measures taken by our diplomats. Cordesman said he emphasized his decision to advise us about possible attacks during this discussion because he did not want us ""to beat up"" him about our failures since September 11th 2001... — CPD COMMENT #2 On 16 October 2012 Cordesman again discussed his assessment with Stevens telling them it was too early for us to discuss specific threats because we had very little information... (UPDATED 16 October 2013 2:38 PM EDT - See full original copy here.) A March 2013 cable from British Ambassador Christopher Parsons similarly warned Washington DC based national security personnel stationed in Tripoli concerning potential terrorist activity within Tripoli itself.. This April 2014 document noted Libyan President Mohammed Saif Al Muslimini's desire for additional security measures but stressed continued concern over potential anti-American violence within Libyan territory due to ongoing conflicts between political factions opposed over control of Tripoli (see here). There were also reports earlier this year warning National Security Council staff working out plans for counter-terrorism operations around Egypt suggesting UAVs would be needed beyond those already deployed into Egypt due lack of support there.. Other cables also highlight increased concern over potential terrorism despite limited intelligence available due both technical difficulties making surveillance difficult and logistical problems making such operations technically impossible [see e.g.: see here]. One particularly chilling report from a senior intelligence officer states ""Our understanding suggests that al Qaeda operatives have tried unsuccessfully before several times around 2011 or possibly later successfully twice more recently within North Africa"". Another describes an incident where two terrorists attacked American diplomatic facilities using explosives planted outside two diplomatic vehicles after detonating them nearby without warning at 4am local time[1].. Another memo described fears over possible suicide bombers attempting multiple bombings using homemade explosive devices planted far apart before detonation.[2] This report was part of an overall US",right,center
White House Releases Benghazi Emails," Benghazi Talking Point Changes Were Driven By Political ConcernsNot every version was deleted or altered following requests from Congressmen or other Republicans before it went into use after Sept 11 -- but here are some highlights from those released on Tuesday:* The first draft gave no mention whatever about al Qaeda but included references (in three instances) to other militant groups such as ISIL.* An early version stated very clearly “The attack against our consulate” while adding only three minor caveats: It “caused significant damage”; it caused “serious injury or loss [of life]”; and it posed a threat “to our homeland security or interests abroad”.* A later draft suggested all three areas might be true without providing any further details (such as how many people died – some reports said 50 plus — or whether anyone had been killed).* After extensive discussions among multiple departments within both agencies during September 2014 -- including one with Deputy Secretary Robert Blair -- agency executives agreed they needed two new paragraphs spelling out specific attacks against foreign targets without ever mentioning al Qaeda again.* Another draft included reference(s) made directly to Osama bin Laden without including his name anywhere else throughout drafts circulating at all levels within both agencies.* A final draft changed more than 140 words by removing several key phrases around which criticism grew because they lacked specificity -- such words as ""al Qaida,"" ""the Al Qaeda Family Plot"" – even going so far as using phrases like ""al Qaeda linked"" instead*. * Both versions called for additional security inside Benghazi itself (including arming local militias); however neither produced any kind of security plan nor explained why there should be additional precautions given prior warnings against attacks inside Libya*, where virtually no UBL group has operated since 2005*. According an official timeline created by officials at both institutions published late last month, Rice's initial briefing statement described events related solely with an attack upon another embassy compound (""the annex"") nearby in Tripoli - which she did not actually visit until shortly before departing for Cairo late July 2013.""If you go down memory lane and look back at Susan's presentation at CIA headquarters after September 11 she was still making direct reference to terrorists attacking embassies across Africa,"" said one official familiar with discussions regarding potential revisions over four months before her presentation.""The fact is she didn't refer [to] al-Qaeda specifically... yet...but her team also knew exactly what they wanted her word[s] should be referring off.""One senior official cautioned that while there may have been more discussion internally about potential changes then officially made after Sept 11,",left,left
White House Releases Benghazi Emails," A significant portion (more than half) [of] these changes came about because officials made clear they wanted more information published about how intelligence was gathered before any decision was made"" said one senior official discussing why so many changes occurred regarding security concerns raised up by Congressmen John McCain (R-Ariz.), Lindsey Graham (R-S., N) Michael McCaul (R-Texas), Peter King (R-Neb.), Jim Jordan (R-Ohio), Susan Collins(R-Maine), Trey Gowdy(D-S.) and others who complained about media coverage focused only on Rice's comments at CIA headquarters during her appearance last week with President Barack Obama.""
""This was not an unprecedented step,"" said another official explaining why it took months for those changes to become apparent.""
The document release comes as Senate leaders plan yet another floor vote Friday or Saturday setting up an early evening vote next week over whether or not President Barack Obama will sign off on his executive actions aimed at easing environmental regulations while he is still president -- including efforts which would roll back some rules related to offshore drilling and offshore methane gas emissions -- after four days debating them Tuesday night alone behind closed doors among themselves without any public comment from either side before making their final decisions Thursday evening late into Thursday night before their caucus meeting tonight which is scheduled for 7pm.""...Full Summary: The documents also include details regarding numerous other issues including climate change regulations related both through regulation itself but also through economic incentives programs related directly with energy sources like coal.""Fuller Description:""Accordingly,"" explained one senior official discussing why so much work needed translating material from various different languages into English language materials,"" ""many additional translations had been conducted over time because people worked together more closely than previously when they worked together as teams outside their individual departments.""""And so we wanted everyone involved in these projects working harder.""""And then after our initial team translation process had begun within each area I think we moved down more lines because I'm pretty sure they're moving down lines very quickly.""""And then we'd take all those translations from all those different languages – all versions – into English version version documentations....which would go back out into field offices across America where secretaries could go back out onto these computers….and look through everything looking for inconsistencies within what wasn't being translated correctly but what didn't need translation.""""We knew it wasn't going anywhere sooner or later… if it didn't get implemented right away it wouldn't get implemented very quickly either… if you had questions… you kind of knew what direction you should",left,left
White House Releases Benghazi Emails," A new batch of FBI documents was made public Monday revealing information about President Barack Obama's use as chief executive officer during his first years at Georgetown University (Georgetown) Law School after he left his law firm for politics five years ago: ""The records contain evidence about Mr Obama's history at Georgetown Law School before he took over as president."" The documents also show how Mr Obama handled concerns from Democrats over reports by former CIA Director David Petraeus claiming he had shared classified information with an American teenager living abroad who later went missing - ""the first instance where intelligence professionals have expressed concern publicly about sharing sensitive information"" since Mr Petraeus retired from service 10 months ago amid criticism over his handling sensitive material overseas.(AP Photo/Jacquelyn Martin)",right,left
White House Releases Benghazi Emails, The Obama White House made two major changes after an early version leaked earlier this week; those are more evidence for Republican accusations it was designed as political cover up ….,left,right
White House Releases Benghazi Emails, The documents released by White House officials on Tuesday portray an intense struggle over who should take responsibility for crafting talking points for President Obama’s foreign policy speech later this month when he addresses terrorism threats around world at Columbia University’s Fletcher School of Law & Diplomacy at New York University…. Full Article,left,right
White House Releases Benghazi Emails," The White House has not been able or willing since August 2013 to provide any documentation regarding changes made in responses or other communications concerning attacks such as those at Benghazi which led up to Rice's remarks about an incident being ""an act"" without any mention given by anyone involved about where it started or who could be blamed for it.""",right,right
White House Releases Benghazi Emails," The Washington Post reported Tuesday night is inaccurate and misleading about when Rice wrote these talking points after she spoke with President Obama about it last summer when she worked at her temporary post as national security adviser at Foggy Bottom headquarters before joining Rice's job two years later… On Monday evening I had several hours without sleep thanks mainly because I couldn't get my head into work because I needed some rest so late! So here is my summary… On Sept 12th 2012 (a week before Susan Rice resigned) Mr President asked me for my opinion about these talking points… And it said “You want me too?” So we agreed upon them… But then he decided his was going out early … To be fair he wanted us all lined up against him … You know you always hear criticism! That’s great! Let us say now: He is right! Not everything has been said or done correctly…. The truth will always come out sooner or later.. And I think there are more than just those things we should be concerned about... We got all sorts o' work done already... We've got better intelligence than we would normally get without our best people getting involved.... This will be resolved soon.... Thank you very much!! #TeamObama — Mike Pence (@mike_pence) September 30, 2019",right,center
White House Releases Benghazi Emails, Senior government officials say senior officials at both agencies continued work on several sensitive security issues such as preparing for possible terrorist attacks after two months elapsed after Benghazi before deciding not to make any revisions because their analysis wasn’t being conveyed through diplomatic channels or other public means or media outlets like television newscasts like ABC News or CBS News (which broadcast some parts of all but one version). The change made no difference when it came time for Rice’s testimony before Congress this week....Full Story: http://www..washingtonpost....a...d.....r....pap...h...e...o..........a8/26/2017 8:00pm EDT,left,center
White House Releases Benghazi Emails," On Tuesday night it came out—at first anonymously—that Susan Rice was working with her agency counterparts on changing Obama’s words so as not angering conservative opponents… The State Department is now being very careful when referring specifically to foreign actors or terrorist organizations such as al Qaeda because all too often these groups are well known and easy targets for criticism…But others like Rice say they have no regrets about their actions… The reason I made reference back toward last June is because we didn't even look at them again after we made those changes.. [snip] We believe people would have been upset if we went back into it [about al Qaeda]. It's still something we're very careful about regarding any mention or mentionings by either side... That's what's different here —we don't look back like everybody else does where they go backwards...[snip] There are two things worth noting here: One is I think it's important for us not once take an aggressive posture vis-a-vis our adversaries—and then look backwards like everybody else; one is also important here is how much more aggressive our posture has become than I thought it would be at first... And so these decisions are really more important from my perspective both professionally but also personally…. When you get all this information today it feels like everything has come together quite nicely; although clearly there are still some challenges ahead before we're really able fully articulate why certain responses could be considered inappropriate…. We didn't make any mistakes with anything [when responding]; absolutely nothing was changed except perhaps minor wording adjustments....There probably will be ongoing discussions within our Intelligence Community regarding their response though I certainly won't speculate right now.""http://www1nateoconnorreport/blogs/washington_correspondent/20121030_Obama_White_House_vandalism/#disqus_thread",left,center
Jackson pleads guilty over illegal campaign spending spree," Former Rep.: Jesse Jackson Jr., D-Ill., appeared before U S District Judge Mark Wirtz at his arraignment on corruption charges last month after he resigned from Congress amid an investigation into allegations he spent more than $800K campaigning against him with some donors' money. He is charged with conspiring with four other men — former Chicago Mayor Jane Byrne; former Reps David Frohnmayer; Fred Upton; and David Young — as part of an alleged scheme involving personal expenditures on jewelry, furniture, clothing and other goods... More »",center,left
Jackson pleads guilty over illegal campaign spending spree," Former Rep.-elect Jesse Jackson Jr., left with his attorney after pleading guilty at trial earlier this year.... Read more...",left,left
Jackson pleads guilty over illegal campaign spending spree," ""Sandra Jackson entered her plea Wednesday afternoon after being sentenced earlier this month by U S District Judge Emmet Sullivan."" Read more from our sister network News 4 Action News' report here. For more news from News4ActionNews, click here. To download it as an email attachment click here. You can also stream it live on fubar at fubarnews4actionnews ( ).



",center,left
Jackson pleads guilty over illegal campaign spending spree," Former Rep. Jesse Jackson Jr., pictured here during his retirement ceremony at Forest Park on Oct 30th,has pleaded guilty this morning in federal court to charges involving spending more than $750 thousand dollars on personal items between 2004 – 2007""",right,right
Jackson pleads guilty over illegal campaign spending spree, Former Rep... Read more,left,right
Jackson pleads guilty over illegal campaign spending spree," Former Rep Jesse Jackson Jr., who resigned from Congress amid allegations he misused congressional funds to buy himself an expensive car and furnishings at his home, entered an Alford plea Thursday on seven counts involving fraudulently obtained congressional funds – with each count carrying three-year maximum penalties — according to court documents filed by prosecutors… Read more",center,right
Jackson pleads guilty over illegal campaign spending spree," Former Rep.-elect Jesse Jackson Jr., who recently resigned from Congress after admitting he spent millions on gifts from his friend while trying (and failing) to make things work with colleagues over several years now finds himself on trial again before an all-white jury - this time accused by one of his key allies — former staffers — as part of an extensive political corruption scandal involving allegations...",right,center
Jackson pleads guilty over illegal campaign spending spree," In October 2012 Barack Obama campaigned for president as ""the best hope we have right now."" Now his former rival has pleaded guilty...",right,center
Jackson pleads guilty over illegal campaign spending spree," Former Rep Jesse Jackson Jr., son-in-law of former President Bill Clinton speaks during sentencing by U S Gov David Paterson at US District Court for Southern District of New York (Jan 4) U S Gov David Paterson listens during sentencing by U S DOJ Peter Brown at US District Court (Nov 15) Share this -







",center,center
Jesse Jackson Jr. Pleads Guilty in Campaign Money Case, This article by Michael Mihm is worth reading if you are looking for information about political bribery charges against Rep JesseJackson Jr. He had been indicted over allegations that he had committed bank fraud involving payments totaling $1 million which were not properly recorded on financial statements as bribes were paid through straw men or forged documents. It appears that Rep Jim Clyburn may have also received some bribes as well. Both men are now facing corruption charges under federal law but there's never any mention anywhere if they will face any jail time at all because it seems like they will probably get off with probation or community service. The fact is we need more transparency when it comes to politics as both parties seem very much aligned in their desire for bigger government without accountability.,center,left
Jesse Jackson Jr. Pleads Guilty in Campaign Money Case," According to testimony presented at Wednesday's hearing (see transcript below), JesseJackson Jr., then-Representative from Illinois (2001-2006) charged with wire fraud by offering $750K for gifts after being forced into resignation under pressure from his colleagues over allegations he had deceived donors about cash flow issues by claiming expenses are reimbursed as revenue is spent -- was later indicted on mail fraud charges related specifically to those allegations (see transcript below). In April 2006 federal prosecutors filed an indictment charging him with three additional counts of wire fraud related specifically to alleged fraudulent spending on gifts after being forced out by members of Congress over ""cash flow"" concerns... On May 17th 2007 – 2 days before Judge Wilkins imposed sentencing guidelines – US District Judge Thomas Cunanan sentenced Jesse “Jesse Jaxson Sr., President Pro Tempore of Illinois State Senate"" (he didn't actually resign at this time as per some news reports)... The court ordered that restitution also be paid personally... This is not Jesse's first brush with charges; earlier this year he was arrested twice on bribery -related charges involving Chicago Mayor Richard M..Daley... The conviction came just hours before sentencing hearings were set to begin after Judge Wilkins suspended a trial date set after finding that there wasn't enough evidence against him -- but it still could trigger further proceedings because it involved an alleged violation of election laws",right,left
Jesse Jackson Jr. Pleads Guilty in Campaign Money Case, In recent months Congress has been debating issues around public financing of elections — including whether it should apply only at local level or nationwide— but no legislation has been introduced after Democrats won control last November of both houses but lost their majority status in both bodies before Janus can make itself heard now for new legislation either way under current law... MORE >Read More »,left,left
Jesse Jackson Jr. Pleads Guilty in Campaign Money Case," In 1999 — 20 years ago today — Jesse L., then 25 years old was elected as a Democratic Representative for Illinois State House District 45A out of Chicago (he held office there until 2008). He served three terms before losing re-election in 2012 by just over 300 votes despite winning 50 percent more votes than Republican incumbent John Conyers Jr.. The district runs along Chicago River where two rivers join near downtown Chicago at Grant Park near Navy Pier as well as other locations along Lake Michigan where there is waterfront property or industrial parks around downtown Chicago proper such as DeKalb Ave East (near Lake Shore Drive) which was also at one time home to major pharmaceutical companies such as Johnson & Johnson headquarters while others were headquartered at McCormick Place or where both banks were located at Grand Central Station including Chase Manhattan Bank which has since moved into an office building next door with former Federal Reserve chief Alan Greenspan now working there alongside former Secretary of State Condoleezza Rice who both still live inside Chase Tower just across Grand Central itself.) The district includes portions eastward from what is now known as DePaul University; southwards from River North; westward from River West; northwards from Lake Street; northwestwards up through some areas near Logan Airport including some neighborhoods located right outside Loop City Airport including parts near O'Hare International Airport being run by O'Hare International Inc.; southernmostly northwards along North Avenue between South Dearborn Street and South Kedzie Avenue; easternmostly further towards Uptown Village/Wicker Park neighborhood area running down through some areas adjacent Bowery Arts District within Midtown/West Side neighborhood area including Woodlawn Heights (home of Daley Plaza) directly bordering Chinatown's Tenderloin East area toward Chinatown's Museum Triangle area within Chinatown's Chinese Triangle neighborhood having close ties with many different ethnic groups not only Chinese but also Latin American Hispanics among many other non-Chinese people communities especially those living within various public parks/recreational facilities nearby such as Garfield Park (including Garfield Park Conservancy), Ellis Island National Historic Monument etc.) Within this district are many different ethnic neighborhoods among which included Jewish neighborhoods having direct connections with each other not only between Jewish people but also amongst Jews specifically throughout Greater New York City (and beyond) even up into Brooklyn though it takes more work than most non-Jewish gentile communities within most areas that are being affected by gentrification can endure due almost all properties were constructed prior to World War II), African Americans particularly those living primarily east towards West Philadelphia via Stuyvesant",left,right
Jesse Jackson Jr. Pleads Guilty in Campaign Money Case," To make up for their loss after their party got booted out by House Speaker John Aravosis (D-Pa.), Democrats held a raucous second primary celebration Tuesday night at Manhattan Federal Courtrooms with all eyes on Andrew Cuomo (D-Ny.) who defeated longtime incumbent Rep.-elect Gwen Moore (D-Wis.). And they made it much more raucous than usual as they kicked off their annual Washington celebration at which hundreds turned out for pre-dinner speeches aimed at bolstering Cuomo's image as an effective speaker while also boosting political ambitions against entrenched incumbents such as Tom Reed (R-Neb.) -who represents an economically challenged district -and state Sen.-elect Anthony Mifsud (R-Suffolk) -who has already won some major endorsements since being sworn into Albany three weeks ago. It wasn't just Democrats planning big things Tuesday night; many Republicans were hoping that if they went up against those two candidates or others like them next year... well... it could backfire badly. So many people had signed up for these events or were even planning on attending future events throughout Washington that organizers had trouble keeping track of how many seats each venue had sold.... More from The Star & Partners »",left,right
Jesse Jackson Jr. Pleads Guilty in Campaign Money Case," For almost 20 years Jesse “Lonnie Bunchy Stoneman III (LBJ2) … has been working at an insurance company where he does accounting work for some $2 million annually … [whose] clients include members of Congress [and] candidates running for office [at times]. He has also worked as an employee at other high-profile companies such as Time Warner Cable — where he serves as president/CEO … [and] General Electric Co.,…where... LBJ3 was head security officer until 2012….[Mr.] Johnson managed multiple entities associated with major corporations including Coca Cola…[in which] they invest over $1 billion annually….Mr Johnson served as chairperson/CEO/chief operating officer of these two companies before being elected mayor or Congressman….He was re-elected twice without opposition…to serve two four year terms from 2011 through 2016 which included serving on committees relating to communications reform and Internet safety.. In 2017 after losing reelection bid by then-Mayor Bill de Blasio Mayor de Blasio made it clear that he intended not only to run again but also try again since 2018 marks 75th Anniversary of New York City Mayor DeBlasio…In November 2015 President Barack Obama appointed LBJ3 Director General & CEO with oversight responsibility over all national security operations across five agencies….[for a record period], between January 1st 2015 – February 14th 2018…..In 2014–2016 LBJ became President Elect & re-elected twice before winning confirmation by unanimous bipartisan vote in April 2017.[*][*] He is co-founder member (formerly Board Chair) of The Institute For Policy Integrity (IPI) – The mission is simple – build trust between citizens & government officials through transparent information sharing.[**][***]""IPI has done just that"" says Michael Abrashian Founder IPI ""we have developed tools based on open source technology."" With more than 40 employees all collaborating directly under one roof we have opened our network up beyond Washington DC & around the country.""[**]""The foundation's core purpose is transparency - anyone can be transparent."" ""We provide transparency so you can help us understand what you see.""[***]""We want government officials who don't want transparency"" says Dr Michael Shames Senior Fellow at IPI ""what we are trying do is help solve problems because there are no easy solutions."" A key part of our approach lies within our partnership with individuals like Senator Chuck Schumer:[**][***]""One thing you need realize when you try something new...you will fail if you don",center,right
Jesse Jackson Jr. Pleads Guilty in Campaign Money Case," One year after winning election as an Illinois senator representing Chicago-area suburbs including East Stony Point and Pilsen on Tuesday night (May 2), Senator Barack Obama has been indicted by federal investigators for lying repeatedly about his role in developing Medicare Part D prescription drug coverage policy but will survive through trial before being jailed or banished by President Bush (see March 16). A trial will begin later this month if no other charges are brought against him (see April 12). While President Bush still enjoys political support from both parties for allowing Senator Obama into office despite numerous scandals regarding presidential campaign spending (see Jan 15), Congressman Joseph Mauer is under subpoena from Judge Robert Wilkins over allegations that he defrauded investors during buying stock at Merrill Lynch before it became publicly traded as well as failing to disclose conflicts between investing at home with family members while running an investment firm at Columbia University during law school while working full time for Senator Tom Harkin (see Nov 30). [more]",left,center
Jesse Jackson Jr. Pleads Guilty in Campaign Money Case," In 2014 presidential election fundraising battles with Senator Ted Cruz (R-Texas) ended in a bloody battle between then candidate Donald Trump and Senator Ted Cruz (R-Texas). The day after President Obama gave an interview at which he criticized rival Hillary Clinton for using illegal foreign fundraising sources while she was secretary of state but did not mention Senator Ted Cruz by name (a violation of Texas law), it became clear that President Barack Obama had crossed some lines regarding donations from foreign countries by sending emails containing derogatory remarks about senator Ted Cruz (R-Texas). As if those emails were not enough there were also news reports indicating that top donors from China — including Chinese business tycoon Anshin Shugrue — had contributed large amounts toward helping Senator Ted Cruz raise money against President Barack Obama during this critical race for president against Republican candidate Donald Jeralyn(see ‘Cruz backers give Trump millions in donations; GOP has over 1/2 a million dollars cash on hand right now'). A few hundred dollars each appears likely as much as two million dollars just before Election Night but it is unknown how much more money might have been raised had there been an attempt at reaching out directly through media outlets such as CNN or Fox News so that information about donations made by these companies could be confirmed or denied…but both are now gone due to their owners being banned by Congress under Dodd Frank regulations…",right,center
Jesse Jackson Jr. Pleads Guilty in Campaign Money Case," By giving out campaign contributions worth millions of dollars between 2008 and 2012 but later trying to hide those payments under different names by claiming they were loans or charitable donations; Using campaign money on living expenses; Running up large debts using personal credit cards; Keeping assets out of reach until they can be seized by state authorities for tax evasion or other crimes he committed while representing Illinois Democrats at various stages from 2007 through 2012; Charging $2 million into debt as part of a sham bankruptcy reorganization scheme under which most if not all funds were transferred from an entity owned by him which had been foreclosed upon before it became bankrupt; Convicted on four counts totaling more than $1 million after being convicted on six counts totaling more than $3 million after pleading guilty before U District Judge Robert J Stelmach during trial where he admitted making false statements while representing himself as President Barack Obama's 'assistant', while also using campaign funds for personal expenses including paying off student loans; Apprehending himself at least once while being pursued by federal authorities because he lied about his criminal convictions during testimony before U District Court Judge Stelmach who sentenced him this week along with three co-defendants (including an attorney); Sentenced today after President Obama commuted a death sentence handed down last year by U District Judge Anthony Trenga who ruled against allowing such clemency due partly because such clemency would be considered 'extra' punishment for offenses like these that were committed prior to September 11th when President George Bush was deposed following 9/11\.

",right,center
IRS extends tax benefits to married gay couples," In an important victory for straight families across America today we finally get equal treatment under our nation's laws for what are recognized as equal relationships."" — Human Rights Campaign (@HRC) March 7, 2017 ""Today's ruling sends clear messages about equality for those who love each other regardless of their religious beliefs."" — Chad Griffin (@chadgriffin) March 7, 2017 At least 17 states have already legalized civil unions between homosexuals; others are considering it as well https://www.. #legalmarriage #LGBTrights #marriageequality pic.twitter. com/QjX8c4VN1n — Human Rights Campaign (@HRC) March 7, 2017 This was an important day https://www... @chadgriffin https://www.. @legalmarriage #LGBTrights pic.twitter. com/fkJ2KWOtPd — Human Rights Campaign (@HRC) March 8, 2017 There is more: http://bit...e_couples_filing_tax_return#hrcm | HRCM newsroom | http:... @chadgriffin... @legalmarriage #LGBTrights pic.twitter... - HRCM newsroom | http:... @chadgriffin..#gayandlesbianhttps://www....@hrcm | https:/ / www....@hrcmnewsroom..#gayandlesbicaaeso| HRCM| newsroom|http:/ / www......@hrcmnewsroom|... -- HRCM newsroom | http:/ / www.#hhrmnewsbrotho|r-- hrrmnewsbrotho ------ - ------ - ------ - -- hrrmnewswithhrr mwwwwwyyywe wywe yyye wyyeeeeemw hrttttfewe thtrttwwtttsmmmmwnn nnnnnnnnnn yitttrrrrr rrrgggghgh ghghtghy ttyhttttty ttftstuttt ftytfyyttwuutffpuuu upppppppuut pp puuut tty uuttuvuuuup puuuptypuuuppppp __________________

",right,left
IRS extends tax benefits to married gay couples," After several legal challenges by LGBTQ people who fear being denied their fundamental rights as American citizens or denied their religious freedom if homosexuality was deemed illegal under civil law in their home state or country; after several years of intense debate in Congress; President Obama took action tonight through executive order directing Attorney General Loretta Lynch to enforce this new rule requiring equal treatment between legal spouses regardless of where in America they are living -- even if those spouses want out -- it is finally happening.""",left,left
IRS extends tax benefits to married gay couples," The IRS is issuing guidance clarifying that certain marital benefits are available to legally married same-sex partners who reside in states holding legal marriages but not recognizing such marriages as valid within their home states (even if these laws did exist before DOMA). This rule does not apply in other situations where individuals lived with someone who held out as a wedding present or recognized someone else as their spouse or common law spouse prior to marriage — such as civil unions or cohabitating relationships — which have been established outside state law."" http://www3.cnsnewsroompublicationsnewscenterblog2@gmail2com/rss_xml/rss_feed?from=RSS&amp;url=http%3A%2F%2Cwww3cnsnewsroompublicationsnewscenterblog2@gmail2com%2Findex%2Fstoryline&amp;title=Legally+married+same-sex+couples+will+now... Read More » http://www1moyetfreeeccouncil@icloudwire1moyetfreeeccouncil@gmail4com/media/pjmh6k7q7i9xr5v5dz8l9jr47x10qkvwf0t6n3b6y0g54z1iq4ycf#ixzz19TdjMhwWJfJ",left,left
IRS extends tax benefits to married gay couples," In an opinion published by Reuters Wednesday evening in support of marriage equality across North America (see ""Upset?""), SCOTUS ruled 5-4 that DOMA is unconstitutional according to RFRA (a legal interpretation which has been used by several high court rulings concerning DOMA) because it does not allow a state or local law to prohibit discrimination based on sexual orientation or gender identity – or even prohibit discrimination against some people based on their sexuality as long as those who are discriminated against are protected from discrimination through other provisions in society.) SCOTUS also cited RFRA by stating there is already no such thing as a ‘gay rights act’ since it could not cover sexual orientation per se.. Further adding more confusion to US politics with regard to our rights...",right,right
IRS extends tax benefits to married gay couples," This blog has been updated! See below for details! By signing up for my newsletter you agree to receive updates from me as well as other great content from HRC including videos like ""Cleaning Up Your Church"". http://www..m...tt/blog/signup/. Thank you!",left,right
IRS extends tax benefits to married gay couples, Same-sex marriage is legal here!,left,right
IRS extends tax benefits to married gay couples," In 2011 we made history by joining together with other nations around this country in legalizing same-sex marriage! What an exciting day for both our nation as well as our economy! This is something I'm very proud of... Thank you for your service to your country! #womensrights #honorofmarriage,"" he tweeted yesterday via @chadgriffin4life ""Congratulations - you have just won an important victory -- one that cannot happen without your commitment and tireless efforts."" #honorofmarriage pic.twitter.com/2Qx8eoyYZH — Chad Griffin (@chad_griffin) June 26, 2019 Advertisement ""This is really about fairness for everyone who has had a partner who has been denied equal treatment based on their personal beliefs or political ideologies,"" he added at his Twitter microblog yesterday afternoon.""We fought hard against DOMA so it wouldn't become law but today we are fighting harder so it doesn't happen again.""",right,center
IRS extends tax benefits to married gay couples," The Washington Post reports that two UBS lawyers helped bring together two very different legal developments in one week regarding whether an unmarried couple can have their own separate tax returns filed by each other without marrying each other first.. In order for Congress to have equal protection under law it must guarantee equality between men and women.. This is a big win for equal rights for those who wish to marry but also want their taxes paid by both spouses.. This is an important win on behalf of children who are growing up without knowing if their father or mother has ever had enough money to support them since they were born out of wedlock.. For too long marriage has not been seen as a right or as anything more than another form of abuse -- particularly in poor communities where people may marry someone else simply because no one wants them… In order for our nation's public policy makers so clearly set forth what equality looks like we should celebrate today”.""

",right,center
IRS extends tax benefits to married gay couples, DOMA was repealed in 2013 by eliminating marriage as a constitutional institution for gays & lesbians; Upholdments passed by Congress have protected legal benefits for same sex partners while keeping those with opposite-sex partners from any benefit or responsibility; We need clarity from Washington as laws are changed each day to protect rights for all Americans...,left,center
Obama Poised to Back Comprehensive Plan to Curb Gun Violence," A White House team is developing a comprehensive plan by which all law enforcement agencies can track known or suspected gun buyers through existing criminal justice databases so they can be identified before they legally buy a firearm without getting caught red-handed buying stolen guns at a flea market or pawn shop or illegally purchasing them from straw buyers who don’t have permanent legal status in any jurisdiction. Among other potential steps being discussed: Requiring state police departments (SPD) or localities with large populations under their jurisdiction that deal with guns issue licenses instead of just permits; asking states not yet issuing licenses whether they must issue them again; asking states not yet issuing licenses whether it should require licensees complete an online training course before obtaining one; requiring state authorities granting permits for concealed carry permit holders obtain an updated record when doing so; requiring states requesting information about persons seeking license holder’s details request updated records upon request; calling upon federal law enforcement agents who already monitor certain transfers between domestic partners not allowed under domestic relations code provisions (elderly spouses), between unmarried partners (unmarried individuals) in states where same-sex marriages would be recognized as marriages by courts but would only be recognized by law enforcement); encouraging government agencies already collecting data from domestic partner registries across America either voluntarily or otherwise collecting detailed information about each person involved in such transactions without identifying him/her until at least 90 days after transaction date which is critical because abusers may hide such reports due time constraints imposed by criminal justice systems since criminals are supposed not be able make fraudulent claims regarding identities/persons involved with them during prearranged crimes when it's too late then because victims don't know if there really was an abuser anyway once perpetrator knows victim exists since he/she has access now anyway ; forcing jurisdictions which refuse registration process people attempting entry into their jurisdictions based solely upon criteria set forth by government rather than judicial process ; limiting registration based only upon race/color even though it's discriminatory while denying entry based entirely upon race/color – eugenics? ; prohibiting registration based solely upon gender even though we need more women than men among us regardless because women cannot exercise full control over our bodies due biology ; insisting prosecutors prove beyond reasonable doubt every charge against someone who enters into domestic relationship even if such charge isn't technically ""crimes committed within six months"" – although what counts as ""reasonable doubt"" depends entirely upon what evidence is used rather than how it's used – false confessions, etc …. And you get my drift? I'm telling ya here …. By January, some kind'",left,left
Obama Poised to Back Comprehensive Plan to Curb Gun Violence," Obama Willing To Use Executive Orders On Guns

",center,left
Obama Poised to Back Comprehensive Plan to Curb Gun Violence," President Obama is expected this week make statements regarding how he might use executive orders or executive orders in an effort that would include expanded background checks for firearm buyers at federally licensed dealers or online retailers like Amazon’s Prime — which currently offers free shipping if your transaction includes purchases under $100 — or at public events like presidential inaugurations or fundraisers sponsored by private groups with ties around Washington such as The Brady Campaign To Prevent Gun Violence (BTGTV). And he’s expected tell reporters during his daily press briefing next Tuesday that he plans “to have meaningful action put forward” before leaving office next January without any changes being made from what was passed into law after 10 years in office following Barack HIllary‘s presidency in 2009. He has said such actions would be taken “when I feel it is absolutely necessary."" That means there is no guarantee these steps would go through Congress prior because they may rely too heavily upon signature from various committees like Armed Services Committee chairman John McCain (who was not briefed) so a vote isn't expected before Jan. 20 when Mr. McCain plans retirements begin at 10 pm ET Sunday night (12 pm CT today). But there are few scenarios where it wouldn't happen before then if action is taken now before Congress moves into recess next October rather than starting with an election year recess after then.. ""I want all these pieces added up together so there's no doubt,"" White House spokesman Jay Carney told reporters Monday afternoon when asked about whether President Obama wants Congress enacting comprehensive legislation against mass shootings such as what happened in Orlando last month.. ""If we don't do something here we're going back home again very quickly."" But Senate Minority Leader Mitch McConnell tells CBS News reporter Bill Whitaker via phone late Friday morning that ""[w]e'll see what comes out tomorrow so let's wait until tomorrow -- let's wait."" And Sen John Cornyn tells me via Twitter late Friday afternoon Trump ""is still planning"" which further complicates matters since Senate Majority Leader Mitch McConnell had been planning not just signing but funding bills until early December.. One official close enough described Mr Trump's thinking thusly: ""He intends doing nothing until January 20th."" On Monday evening Senator Dianne Feinstein told me she expects it won't happen during her time serving but she does expect him doing something now because she thinks it has always been part of his approach.... In addition Senate Democratic leaders were set back last Thursday when Senator Mark Warner (D-VA) sent word asking them not only NOT TO CONSIDER ANY AM",left,left
Obama Poised to Back Comprehensive Plan to Curb Gun Violence," President Barack Obama has asked Congress for $1 billion in additional funds over 10 years after agreeing last month with lawmakers that he should get more than $2 billion from executive actions alone by June 30 so he can begin implementing some of his agenda ideas with bipartisan support after taking office next year.(Photo: The White House)Buy Photo
By David Wessels The White House is willing at least temporarily use its constitutional authority under Article II Section 2(a)(3) clause 3(E)to impose new restrictions by executive order because it believes such action is needed amid concerns about rising violent crime.(Photo: File/AP)Buy Photo",center,right
Obama Poised to Back Comprehensive Plan to Curb Gun Violence," President Obama Willing To Use Executive Orders On Guns Washington — The White House is moving ahead with broad plans aimed at protecting Americans’ right against having guns even though it says current law prohibits them from owning them because they might be used in “premeditated” crimes like school shootings or mass shootings such as Newtown, Conn., where 20 children lost their lives last year after being shot in what was seen as an act of senseless terrorism by Adam Lanza, a former student at Sandy Hook Elementary School, authorities said this week. But there are growing questions about whether such threats would have been grounds for tighter restrictions if Congress had acted sooner when it had time under intense pressure from both Republican lawmakers who want sweeping changes made before next year’s election just weeks away and Democrats eager not only for action but political paybacks, among other things. Gun activists say it is too early yet before many details about any such changes can be made public without further delay. White House aides say they think he can pursue measures quickly because no one expects Congress won’t allow him any more than three consecutive vetoes; some Democrats hope they won’t try again unless Republicans seize executive power through Congress over immigration or some other issue where legislative action could get bogged down politically, another aide said today. ( Read more ) A spokesman declined comment late Tuesday night until details were released later today or we received confirmation that those actions have been taken. A second spokesman said officials were not making final decisions before President Obama leaves office Dec. 31; they intend giving him a heads up within weeks rather than waiting longer into his presidency so he has more time during which he can make decisions with greater certainty about how best all these various steps might bear results — an effort that Democratic leaders fear would require further congressional action now that there is clear support among American voters ( Read more ) About 70 percent favor expanding background checks nationwide if Republicans gain control of both chambers next year; 55 percent support doing so nationally if Democrats win enough seats elsewhere ( Political Science Quarterly) The president often talks toughly about restricting access but also acknowledges deep reluctance by many American families not only about making difficult choices involving firearms but even changing jobs — particularly family members whose children come into contact with guns while young – particularly when parents aren't willing or able ( Read more ) Background check provisions passed by each chamber would become effective immediately under President Barack Obama regardless whether Republicans gain control next year in Congress because most Democrats don't want new restrictions enacted while GOP majorities remain intact, according officials involved in drafting parts of legislation",center,right
Obama Poised to Back Comprehensive Plan to Curb Gun Violence, The White House has embraced an ambitious but blunt proposal — all but guaranteeing that new restrictions are set into law before he is sworn in Jan. 20 — designed specifically not just at reducing violent crime but also at reducing suicide deaths because guns are one factor preventing many people from doing so easily or effectively; that is something leaders say they already know how difficult it would be when it comes time for Congress in coming months or years; as well as trying hard enough so he won't alienate supporters by threatening them with court action if they don't support him fully (or even less fully).,left,right
Obama Poised to Back Comprehensive Plan to Curb Gun Violence," President’s Plan Won’t Stop Gun Violence — But It Can Help Fix It

",center,center
Obama Poised to Back Comprehensive Plan to Curb Gun Violence," The President is willing not only move toward addressing gun violence but make progress in reducing firearms deaths across America while getting reelected President Barack Obamas plans for a major fight over guns have been outlined by administration officials after he launched what he called ""the most comprehensive"" action against firearms since Bill Clinton began rolling back restrictions 18 years ago when he was first elected president in 1992....",left,center
Obama Poised to Back Comprehensive Plan to Curb Gun Violence," Obama Willing To Use Executive Orders On Guns 1/9/09 2:00 pm EST Barack Hussein Obamas' first major policy initiative is scheduled for Tuesday when he meets with members of Congress at 9 a.m., accordingto three sources with direct knowledgeof details1 2 The White House has not yet announced which members have been assigned roles or what they'll be talking about duringthe meeting3 3 The source askednot be identified because he spoke only offthe record1 4 As one person familiar with events told us ""this is probably goingtoshow""4 5 The source was speaking aboutthe first partof an event being scheduled later today at 11:30am EDT when Mr Obamas will discuss plansfor future actions under executiveorder5 6 In addition, we understand thatMr Obamas is goingto hold off issuing new regulationsfor some time while he waits for an FDA reporton its plans around handgun sales6 7 A spokesman would not confirm or deny whetherthere are any such reports out there but adds that they wouldbe limited in scope7 8 Another person involvedin planning events described themas being extremely limited based solely inthe matter being discussed today8 9 While we're waitingand seeing what happens once it's clear what happens here today we think it'simportant you hearfrom friends about what was goingon at last night's meeting9 10 A senior Senate Republican told usthat Mr Obamas may attempt somethingsimilarly under orders from party leadership but declinedto give further details11 12 Here's how it looks so far12 The White House has describedthe discussion among senators and representatives asone between ""pragmatic leaders""13 13 Accordinginto its press release, Democratswant more than usual attention paidto proposals already approved by Congress - particularlythose related ""to improving federal lawenforcement,"" such as reauthorizingthe FBI Director position14 14 Senator Dianne Feinstein (D-Calif.)told reportersat last night's meeting that she wanted more thanusual attention paidto issues brought before her by both sides15 15 Other Senators attending included ChuckGrassley (R-Ill.), MikeCrapo (R-Idaho), MarkRelated Articles : Senators Begin Hearing On Gun Control Issue From Offical Press Releases | Comments About This Article | UPI Story Archive | UPI Opinion Pages | New York Times News Service2 2 4 See comments posted aroundhere",left,center
"Federal prosecutors plan to file charges against Rep. Grimm, attorney says"," A federal grand jury is investigating allegations that former Gov.-elect Andrew Cuomo misused state funds during his successful 2015 gubernatorial race while serving as Cuomo’s deputy chief financial officer at an affiliated firm named on records requests made by Democrats seeking information about state contributions to super PACs supporting Gov.-elect Andrew Cuomo’s 2014 re-election bid., according to The Wall Street Journal (http://onlinelibrarypage1link1). […] “I believe that Mr. Gimmel received improper gifts from an individual whose identity I cannot reveal for legal reasons because I have not been allowed to interview him in relation to my inquiries into these issues [the Governor’s Office],” Manhattan U S Attorney Geoffrey Berman wrote in response to similar requests from Senate Minority Leader Chuck Schumer ( http://onlinelibrarypage3link2) and Representative Eric Swalwell ( http://onlinelibrarypage6link2). […] The governor refused most requests related to State gifts sent between February 2013 through April 2014.[/v] [New York Times— https://www....]",center,left
"Federal prosecutors plan to file charges against Rep. Grimm, attorney says", A year ago last week I was accused by my neighbor who called 911 about an intruder into their apartment at 641 East 74th Street -- three floors high without electricity or running water at one point -- when his tenant answered her door wearing only underwear with her mouth covered with duct tape covering our kitchen sink as she ran away screaming down stairs saying we had been robbed! At no time did anyone call 911 for us nor did I tell anyone my landlord didn’t have our address or phone number so I went home to find out what had happened since we were never able to resolve this issue in person before! The tenant’s story is corroborated by neighbors who saw him on Saturday night leaving through broken window after knocking on doors until one woman answering gave up trying after hearing him come back into their room at approximately 11 o'clock! He also says he heard screams coming from underneath their locked doors which they claim were actually screams from inside her apartment being “smothered” while she was trying to unlock it!! My neighbor has claimed not only can he verify this story but there are also witnesses confirming all three stories stated above!!! My neighbor even spoke (on camera) with both tenants prior to questioning them over phone regarding these claims....so please do listen closely what they have told me and check out all media reports before you make your judgment!!!! It really doesn't take much more than watching this video which clearly shows some very convincing corroborating evidence presented above!!!...and believe me if you can't see what is going on here your going blind!!!!!!!!!! The real question is do you want some politician telling other people how they should live their lives? If so then just imagine how much more power politicians would wield if elected official really tried doing his job!!!! What do you think would happen when politicians get elected? They're now powerful enough...right? Well guess who else thinks like them! And guess who else doesn't want them there...the average American citizen!? Your friends just got caught up in something called politics!!!!! And don't forget we talk about these sort of things everyday just like EVERY DAY!!!!! But guess again...what ever happens today will affect us tomorrow!!!!!! This video is one thing too many...do yourself a favor today..GO TO YOUR DOORSTEP AND OPEN YOUR CABINET BOX AND HEAR FROM ME OR ANYONE ELSE WHO VACUOUSLY CONSIDERED IT ABSOLUTELY CLEARLY CORRECT THAT THIS IS AN IMPRINT OF MY MIND OR YOU HAVE A,right,left
"Federal prosecutors plan to file charges against Rep. Grimm, attorney says"," Federal prosecutors on Friday announced they would file criminal charges against Michael Sneddon III following an extensive FBI probe into allegations he misused millions in political contributions to help run his son's failed congressional campaign last year - including $9 million from donations from wealthy investor Jack Abramoff while Sneddon served as chairman of Abramoff International LLC -- making him one of five people accused by special counsel Robert Mueller investigating whether foreign agents were involved in Russian meddling during last year's election campaign season -- including alleged Russian links to President Donald Trump's 2016 presidential bid -- before he was appointed chairman for United Technologies Corp., a leading U.S.-based manufacturer which acquired Carrier Corp., among other companies (including Boeing) valued at more than $100 billion before being acquired by Boeing Co.)...read moreno 2",left,left
"Federal prosecutors plan to file charges against Rep. Grimm, attorney says", An internal review has revealed that UBS may have had influence over several key decisions related to mortgage origination at Goldman Sachs' New York office before then-president Donald Trump became president in 2016.(Reuters),right,right
"Federal prosecutors plan to file charges against Rep. Grimm, attorney says", President Barack Obama is expected to name new White House counsel soon after being notified last week by U.S Attorney Loretta Lynch that former U District Of Columbia Judge Rod Jandris would become acting White House Counsel; Jandris was nominated to fill Lynch’s old role in 2005 from her new position as Assistant Attorney General for Civil Rights Division at DOJ; In addition John Brennan is expected to join Lynch on Jan 14th The announcement comes as several legal experts have suggested Jandris should step down but Senate Majority Leader Harry Reid (D-Nev.) has insisted publicly he does not want him removed from office; As part of this move Reid has hinted about possibly appointing another Republican as his top pick so far,right,right
"Federal prosecutors plan to file charges against Rep. Grimm, attorney says", A report on police corruption surrounding Mayor Rudy Giuliani is making waves now that Giuliani is back in office -- but it was also there when former Mayor Rudolph WIlliams was mayor from 1997 until 2001 when he resigned because of cancer treatment at age 50 — and it had been rumored about him since then too — so why is this story making more news now? The report details how crime was allowed to run rampant among police officers who are sworn to uphold standards which were already being undermined by corrupt union leaders before then – especially if they are members themselves — even though no one knows better than these officers at what’s going on … So what has happened? For starters … Giuliani may have been influenced (like many politicians) by Rudy Giuliani Associates (RGiA) who allegedly lobbied him into supporting their plans to privatize parts or all New York City police departments …,left,right
"Federal prosecutors plan to file charges against Rep. Grimm, attorney says"," The New York Republican party is currently struggling with how to handle recent allegations of corruption within its ranks... This week Rep.-elect Mike R..(who is running for Senate) is facing questions about past business dealings with an investment firm owned by disgraced lobbyist Jack Abramoff.(I would suggest there may even be some potential money laundering here...But this is probably just speculation) It all comes down to what we believe might have happened here over time so far... The latest story started last month when Rep.-elect Mike R.. (who won handily on Nov., 8th) was caught on tape calling Fox News host Sean Hannity before election night asking where he can find Abramoff who had close ties with Bill Clinton during their stints as lobbyists at Bell Atlantic Corp.(I'm just trying to get my facts straight about this whole thing...) Now it appears that Democrats are starting their own investigation into their own candidates... And yet here we are discussing an issue which could also affect our own elections.... It seems like politicians have no problem getting people fired up over something like this even if they won't admit it themselves.... But I guess we're supposed to look at things in black & white?",right,center
"Federal prosecutors plan to file charges against Rep. Grimm, attorney says"," Federal indictment alleges fraud allegations by former House member Michael Rannazzisi during testimony about Russian interference efforts in last year’s election after first taking office on Nov 26th 2017 (see previous post here). On March 5th 2018 Mr Rannazzisi was subpoenaed to testify at special counsel Robert Mueller’s hearing on Russian interference efforts involving 2016 presidential candidate Donald Trump (See previous post here). The subpoena was received by him on Mar 5th 2018 prior to being scheduled before congress members at his request; however he was notified in writing dated Feb 13th 2019 that he will be forced to answer questions about Russia hacking/interference efforts during his testimony before congressmen on May 21st 2019

",right,center
"Federal prosecutors plan to file charges against Rep. Grimm, attorney says"," Congressman Michael A., Jr.'s (R-NY) name was associated with two different companies at which one is now under DOJ scrutiny for potential violations related to business activities when he ran as an independent campaign contributor during last year’s election cycle.... The Washington Post article says that while federal prosecutors have accused him in recent months over claims involving questionable business practices and illegal payments received from clients... more>",left,center
Top House Republican Hints At Immigration Principles," Rep. Kevin McCarthy (R-Calif.) has been vocal about his desire for illegal immigrant voters who are currently residing in America’s U.S.-Mexico border states and have had previous trouble with deportation or being rejected by their home countries’ governments as being “unwanted” into becoming citizens of America again after being forced into hiding from law enforcement there and other countries on American soil since 2010 when President Barack Obama was not reelected on Nov.. 4th elections by either party or any candidate who sought re-election based on their stated positions against amnesty legislation proposed by President Donald Trump during election campaigns around 2016 — all while expressing opposition toward current border wall proposals which critics say will only lead America farther down an ever worsening road towards chaos — according now him as well as Congressional Democrats which he continues now advocating an ever increasing number of illegal aliens from those areas back home even though doing so only guarantees their continued removal from American soil under current policies — even though no current Democrats are voting on these same proposals because they don't believe they can win over enough other “no trust” voters among illegal alien voters who tend not want illegal immigrants among them becoming American citizens — so far only some Republicans seem interested in doing much less then this while several others seem willing — including Rep Jason Chaffetz (R-Utah), Rep Trey Gowdy (R-Sv.), Rep Steve King (R-Iowa), Sen Jeff Sessions (R-Ala.), Sen Bob Corker(R-Tenn.), Sen Ted Cruz(Texas) and others like them…",left,left
Top House Republican Hints At Immigration Principles," In his first public comments since becoming majority whip on May 1st 2015 he said during an interview with National Journal ""that we should try [to] get as much amnesty as possible"" and also suggested illegal immigrants could become citizens if they applied for citizenship by June 30th after being here for two years without committing crimes or breaking any laws - something which almost no other major political figure supports either party is willing or able actually do so soon after taking office. He also suggested Democrats may be moving too fast on amnesty due their need for votes from swing districts and conservative states like Nevada where Democrats hold majorities - particularly those where Hispanic voters make up about 34% according this poll released on March 31st by Rasmussen Reports which shows 37% are voting Democrat while only 28% are voting Republican compared with 59% who prefer their president was more liberal than past presidents such as Ronald Reagan and Bill Clinton were when they held office (38%) while 61% favored past presidents like Dwight Eisenhower (35%) President Barack Obama did not fare so well winning just 52%.
Ahead of Republicans holding their first official session next week until July 9th all members agreed on Tuesday afternoon at leadership meeting they had better secure power by securing votes from all members regardless of party affiliation including getting conservatives elected in conservative states such as Utah or Arizona etc before introducing any bills into Congress despite having some conservatives already standing up against them including Rep Joe Barton who has publicly stated he didn't want any bill introduced before election day because ""it would probably just divide our party"". After passing several procedural motions including one asking if someone had signed off on legislation yet another motion called for keeping everything open so we can amend anything we feel necessary regardless of what happens today. The motion passed unanimously among representatives Nancy Pelosi made sure everyone felt good about how everything was done even though she wasn't present she sent her husband Jeffrey clear text messages saying everyone should feel good no matter what happened she wasn't pleased with how things were handled either because there was disagreement over whether there should be meetings or not making sure people got along even if some disagreed with each other she thought it was good overall despite her not being there during most sessions although Rep Jim Clyburn refused him access stating he wanted only congressmen talking instead adding that anyone else needed approval first so why couldn't Clyburn be allowed? After agreeing unanimously not doing anything until July 9th they agreed it was best just let legislation live until then rather than getting things going now especially when time is shortening away from now due new Congress needing new ideas quickly perhaps then legislators wouldn't get caught",right,left
Top House Republican Hints At Immigration Principles," In an interview broadcast this evening by MSNBC with Rep. Steve King (R-Iowa), McCarthy said lawmakers ""have got some differences on all kinds of issues"" and is not sure he can support any proposal until there is full hearings on how best those differences can be addressed legislatively. This contrasts with Minority Leader John Boehner (R-Ohio) who said Sunday night on ABC News' This Week he would love an agreement quickly if Congress was willing—but only if legislation includes comprehensive border enforcement measures as well as other proposals such as funding border wall construction or allowing young people brought here illegally through age 18 who meet certain requirements (such as not being convicted of federal charges or possessing children) into college and thus paying off their student loans.) He also suggested during Sunday night’s interview that Democrats should offer him what they offer President Barack Obama every year—a government-funded health insurance exchange where people can buy insurance across state lines without having individual states negotiate their prices directly with each insurer separately; one bill from Republicans recently offered such an exchange was then shot down by Democrats; Sen Barbara Boxer’s proposed “high risk” exchange had similar problems before being supported by both parties this summer when her Democratic Congressional Leadership Fund tried again earlier this year.) The Democratic party’s health care initiative does include such plans — though they are significantly smaller than the GOP plans — although it doesn’t include free or low cost coverage for illegal immigrants so far under any bill being considered… And while some members suggested King wasn't serious about supporting amnesty — one Democrat called him “anti-immigrant"" after offering King his own solution — others including Rep Ted Deutch and Rep David Cicilline offered him solutions too… One key difference between these two men? Both claim they've learned from mistakes committed by past Republican presidential candidates: For Deutch especially after his failed presidential bid against McCain; Cicilline particularly since his failed campaign against Obama last November following Arizona voters' rejecting Obama at last week's national election vote recount…. On Monday Morning Joe Joe Scarborough asked Congressman Kevin McCarthy how much truth there is behind all those claims about Senator Robert Menendez being guilty of conspiracy when Menendez was involved in trying then Senate Minority Leader Chuck Schumer trying help Schumer take over control over Menendez Senate office …and now now having helped Schumer take over control...in which we must note no evidence exists suggesting any criminal activity on Senator Menendez part because we're talking about whether or not someone should be impeached for public corruption even though we don't know whether Senator",right,left
Top House Republican Hints At Immigration Principles," According To The Hill [via Twitter], McCarthy told reporters on Monday afternoon during question period at California state house that he would vote against any bill giving illegal immigrants access into America with citizenship rights -- as long as they can find jobs before being deported or sent back home. He also said he would not support legislation which provides amnesty and lets illegal migrants into line for citizenship instead of being deported within two years after coming into America legally under one of several different types of temporary visas.""I am supportive of allowing these people back,"" said Rep John Garamendi (D-Calif.), who is also one day from becoming chairman next year--though only if Democrats get their way on other issues like tax reform or funding public schools over Medicaid expansion -- after getting around 35 percent last night when Rep Jeff Denham (D-Calif.) announced his retirement. The Hill adds from their story: But even this statement seemed ambiguous because there were no details offered about how anyone could keep illegals here without creating chaos by creating new loopholes so they can easily come back again when Congress reopens next year.""What we're going for is legalization,"" McCarthy told reporters Monday night while campaigning for Democratic congressional candidate Bill O'Reilly.(See video below)House Speaker John Boehner has set up an open floor vote this Tuesday on extending Temporary Protected Status [TPS] which was originally created by President George H W Bush under Executive Order 1082 and allowed thousands upon thousands – including some Mexican nationals –to come back into US territory after years living abroad while working or contributing toward their families' support here.(See Video Below)For background coverage on TPS/TPS/TPS see http://www2.thespectrumonline...cepiaiscomandatasummary=2#adcafc8e6b6f4fbfe#mvcafcf0a1bd01e9edAlfreehttp://www2-the-spectrum...cepiascomandatasummary=22",right,right
Top House Republican Hints At Immigration Principles, Republican Speaker John Boehner called on Republicans Monday evening following President Obama’s address on Jan. 22nd and urged Republicans not “to filibuster or filibuster again … we only need your votes now” according an announcement from Speaker Boehner at an afternoon press conference announcing his leadership change today,right,right
Top House Republican Hints At Immigration Principles," The Washington Times reports on an Immigration Reform Coalition meeting where they were trying figure out what they want from next year’s budget bill....
Read More »http://www.washingtontimes.com/national/2009/08/07/immigration-reform-coalition-meeting_1_keyman...
Copyright 2009 Nexstar Broadcasting Inc. All rights reserved....",right,right
Top House Republican Hints At Immigration Principles," With midterm elections around the corner next year and an influx of new Latino lawmakers across California who often say they want citizenship or some other kind of pathway towards citizenship as part of any immigration deal with Democrats -- including President Obama -- McCarthy said several times during testimony before Congress this week that he was open-minded about offering citizenship or other kinds of permanent residency rights for undocumented immigrants currently living here without authorization from US authorities. That was echoed by former presidential candidate Mitt Romney during his first day on Capitol Hill Wednesday as part of an outreach effort aimed at young Latinos ages 18 - 29 who may feel alienated by President Obama and congressional Republicans' refusal so far this year or over time just about all past administrations when it came time for them make deals on immigration reform with Democrats.)""I don't think we need mass amnesty,'' said Rep.-elect Steve King (R-Iowa), who is running unopposed against Democrat Ron Dellums (D-Calif.). ""My position is we shouldn't force people into something they don't want.'' It is also likely not clear whether King will support an effort by Rep.-elect Duncan Hunter (R-California), another Republican seeking reelected office next year after making big news last month when he announced early Tuesday morning through Facebook page message he'd back expanding temporary visas available under Section 120A(b) waivers granted annually when government officials consider bringing undocumented individuals from Mexico into America without charge.(KFX)
Full Coverage: http://www3.kyvywtvrkpqkcjn2e1mzcxh1vn5dwkj7vksdskvcjdf4f0j5qy3ydt8hb0y2f7k/",left,center
Top House Republican Hints At Immigration Principles, The speaker gave an interview last night where he stated his desire for more legislation on an end-to-end pathway from deportation up until citizenship - not amnesty programs just as part of citizenship programs - as well as making it easier for illegal immigrants who are already here with proper documents able obtain jobs and even get green cards without first going through border security screenings or being admitted into higher education,right,center
Top House Republican Hints At Immigration Principles, The majority whip said Tuesday he would support giving undocumented immigrants living outside their countries temporary residency permit or temporary protected status (TPS) based upon their employment eligibility and income levels before they apply for citizenship; however he stopped short of calling for legal status as well as legalization on his own accord like most members of Congress do... He did say there was no guarantee permanent residency will bring any benefits with it.... The California lawmaker has also criticized those who oppose Trump administration policies on illegal immigrant children claiming 'they're not people.',right,center
"G.O.P. Aide Quits After Ridiculing Obama’s Daughters, Sasha and Malia"," What we know so far about Elizabeth Lauten's resignation from Congress » View all articles by Elizabeth JL Auten Summary: What we know so far about Elizabeth Lauten's resignation from Congress » View all articles by Robert Peston Summary: What we know so far about Elizabeth Lauten's resignation from Congress » View all articles by David Wanneman Summary: What we know so far about Elizabeth Lauten's resignation from Congress » View all articles by Steve Schale Summary: What we know so far about Elizabeth Lauten's resignation from Congress » View all articles by David Sirota (Part 1) Summary :What ive been told / what i have learned ******************************Sasha & Malia = Class Act? ""C'est la vie"" ""C'est la vie"" ""Mais passez moi mon métier ça?"" This statement made by one twitter user was soon followed up with another tweet in which she responded to some comments that criticized her outfit (which had nothing much to do with politics). The tweet read simply ""Sasha & Malia = Class Act."" Then there were more tweets like this one that read simply ""@DCGopGirl @dcgopgirls @HWO I LOVE YOU ALL!"" The tweets quickly spread online along with their comments where people asked their own questions like do you believe it was really appropriate for Sasha and Malia to wear such cute outfits while playing bingo or other games? Do you think it would be OK if children came home wearing jeans instead of jogging shorts? And if these clothes are acceptable how would you feel if your child said something embarrassing in front of someone wearing such cute outfits? I mean seriously how dare they dress those girls! You don't put out anything without first thinking about it!! It seems people are just curious enough to want more information before making such accusations but without any proof they will say whatever comes into their mouths! And I guess that is why this case is still being investigated...just because people don't want to face up to actual facts like are these kids dressing nice or not?! And what exactly happened between 2 members of congress over something that has hardly no bearing!! If there is anything else going on right now please don't hesitate send me your news reports / blog posts via email at rpeston@yahoo-inc dot com Thanks For Reading!!!!",left,left
"G.O.P. Aide Quits After Ridiculing Obama’s Daughters, Sasha and Malia"," In response to criticism that President Obama's daughter's dress was out of line with traditional decorum during Thanksgiving dinner last year or that she wore too much pearls -- or both -- in one photograph -- The Washington Post published an embarrassing photo of five-year-old Malia wearing pearl earrings (pictured) while she played outdoors with her brothers in Tennessee last weekend without permission from her father; The Post published an embarrassing photo of five-year-old Sasha wearing diamond earrings while playing outdoors with friends in Arkansas this year without permission from her mother; And finally last week there was commentary over whether Michelle Obama had ""too many"" beads across one shoulder while posing for photos at Arlington National Cemetery on October 21st; That's all well documented! But it seems some have taken it further than necessary....The Post published an embarrassing photo of five-year-old Malia wearing pearl earrings while playing outdoors with friends in Arkansas this year without permission from her mother....In other words...The Uptight American Teenage Daughter is taking care...and looking like she deserves respect...not only because she plays football but also because....she wears pearls....that are just slightly too big.....Well I guess we'll never know!!!Oh yes we can! As I posted earlier...She has no right (or responsibility) to say whether anyone else should be allowed to wear what they want....especially if their parents approve! That's none...of our business!! So basically no one is free to dress how they want just because their parents approve....but still......it gets into our culture.....and I mean culture here doesn't extend very far beyond us plebes!So my advice - don't judge your daughters by looks alone!!! They're 13 years old..yet still have yet 2 make themselves look ridiculous by being photographed looking goofy or unshaven etc etc etc..You know that's totally inappropriate!!!! Don't criticize them until you hear from them personally why they do something stupid!!They may be teens..but don't forget they were raised by human beings who love each other.Not kids who grow up trying to please their parents who really don't care what others think!!!!!Yes that hurts but then again we've all been there before so maybe not everyone likes us!!!!So again - my advice - get along before it gets uglier than it already has!!!",right,left
"G.O.P. Aide Quits After Ridiculing Obama’s Daughters, Sasha and Malia"," The president has been called upon repeatedly over recent months by reporters to clarify comments he has made about his daughters that have been interpreted as criticism or mockery of their looks or dress sense — in one case even suggesting that “they don’t know what I do around here!” — but none of those conversations have focused much attention toward any members of Congress who may be vulnerable targets because they have children who are either adopted or under 21 years old when they move into Congress; these children may not already be well known to adults outside Congress because some are related to current lawmakers but aren't household names among Capitol Hill staffers; there is no special legislative process that calls for such disclosures; some members are parents themselves (with two young children); and some are simply running into each other every day in airports while traveling between Washington D.C., New York City or California (but both men have since apologized).",left,left
"G.O.P. Aide Quits After Ridiculing Obama’s Daughters, Sasha and Malia"," This week in Washington politics news continues to be dominated by scandals over political mudslinging between politicians and other high-ranking officials in government such as that involving Reporters without Borders' press freedom award winner Jim Blaine Jr., whom many suspect is being used by senior members of Congress to manipulate press coverage ahead of an upcoming election.
After having made it out alive from being shot down twice while flying through Libya last year, Rep Blaine managed earlier this month to land safely aboard Air Force One. The congressman spent three days in Africa learning how to fly jets so he could better serve Members before next November's elections; he is now reportedly preparing legislation that would require lawmakers' approval for any trip away from their district or state capitol within 30 days. This isn't just another incident or scandal related only to members of Congress; it's also linked closely with political tactics used widely in politics today — including online — which have gotten some lawmakers so upset they have refused offers from candidates seeking their support in these elections because they believe people are too vulnerable to influence without constant access via blogs or other digital outlets such as Twitter. But don't tell that happens here either: Just prior Tuesday afternoon's news report regarding Rep Blaine's plane landing safely (and ""accidentally"" shooting down), Mr Blaine tweeted that he was 'glad I landed safely again.' To which fellow Republican candidate Chris McDaniel responded with his own tweet saying ""Glad I got saved!"" The tweets were quickly deleted shortly after appearing online - but not before receiving more than 1 million views combined! So yes - this is definitely about more than just one member's personal safety but also about controlling all communication between politicians across all parties! Now let us move along... Let us continue our look back at what happened over Thanksgiving weekend.... And then we can take stock again through next November 2nd when we get official word whether America will indeed be electing yet another president out of 'the gutter': For those who wish them well - may God bless them -- while those who do not wish them well are surely doomed!!",center,right
"G.O.P. Aide Quits After Ridiculing Obama’s Daughters, Sasha and Malia", The nation's two presidential children are often photographed in traditional headgear which can make them appear quite dashing — but sometimes can also send off-color messages that show they are simply wearing their petticoats out of duty or laziness rather than fashion sense or class standards.,center,right
"G.O.P. Aide Quits After Ridiculing Obama’s Daughters, Sasha and Malia", This is an article originally written by William Lee (@realdennisreilly). It was released by The Washington Times news blog on July 15 2014 but there are links embedded inside to stories from The Associated Press that have been edited or truncated since its original release (see below). Summary updated here with additional information from our partner website @TheDailyBastard which has not been edited or truncated since it was originally published here last Thursday 25 July 2014: We regret we cannot be responsible for any damage done by reblogging articles that appear elsewhere online; however we would like to point out that all of those changes have also been made public through our partner site @TheDailyBastard which also allows us to publish our stories without any modifications being made in order to protect their source material See http://www.thebastardreportorlessonfree2.org/index.php/latest-news - The Daily BASTARD Report's Terms Of Use are available HERE https://www.dailybastardreportorgm.com/terms-of-use,right,right
"G.O.P. Aide Quits After Ridiculing Obama’s Daughters, Sasha and Malia"," In this month's Thanksgiving tradition (the ""Dinner Ladies""), I remember when my father brought home my first turkey (after I'd grown up) from our neighbors' farm in Mississippi – it was cooked by his father-in-law's mother – so they named it ""Cheese"". The name stuck; we all went back to it in November every year until one day I received an email asking if anyone had any suggestions on what to call it [the same day] - that same name...well that made me feel so good that I decided I would let my friends know ahead of time just what kind of person he really is! :o) And then something really awkward happened...my friend asked me if she could make some comments about it so we were both outta here! :o) My friend then told us that her neighbor's 5 year old daughter had given her some advice - she said...hey go get those shoes outta your closet...I don't care WHAT you are wearing or how you decorate them but please be respectful! Haha!! You can do whatever as long as YOU ARE RESPECTED!!! Love ya girl!!! So much!! :)<br><br>And then came today! Soooo embarrassing but also SO funny because why do people have issues with their children? Here are some things which everyone should be aware of before criticizing someone else's child..<br><br>1. Your child is not right for you2. Your child is being bullied3. Your child has nothing better to do than talk about how bad their clothes are4 You have been warned/should have knowed your neighbor has 5 kids....no need to comment or question anymore5 The only reason these comments are becoming popular is because people feel sorry for someone other than themselves - i think its obvious!!<br><br>I agree with all these points; however here comes one more thing which i wish would happen sooner: Please don't call your kids names..just show consideration instead!!! :o) Just try being good human beings instead &amp; dont put them down &amp; apologize just because they dress nice or come up with nice jokes etc etc.....its cute while its cute but keep doing your job.... <a href=""https://www.facebook.com/danielghuardulabruyer/"" target=""_blank"">Daniel Huard</a><span style=""font-family:'HelveticaNeue', 'HelveticaNeueW01', 'HelveticaNeue",left,center
"G.O.P. Aide Quits After Ridiculing Obama’s Daughters, Sasha and Malia"," In January 2010 David Letterman asked host David Letterman to name one person he wished he could have been born with so that they would all have it together when they were grown up; I did it for my Dad! Now that is something we can all agree upon! This was not only silly but also kind of pathetic — because I thought there was no possible way that this person could think like me or be me! It's true!! (And let's face it; I probably looked like George Steinbrenner) That is all you need to know about me!! Well actually....I don't mind some people who think as I am but in reality I don't know any other way than what I've seen myself do...so basically...for those reasons alone you can see why Elizabeth Lauten is going down tonight!!!! This man really has no idea how much trouble he has made himself in by being so immature!!!!! Just because she chose to follow someone else doesn't mean she deserves any kind of respect!!! That's why these girls are too stupid to be protected by anyone!!! They just want attention without having NO CHILDREN!!! You should teach them how wrong it is even if they are kids!!! You guys aren't adults yet!! And yes we still enjoy our food too! So stop wasting your time thinking that you've reached adult status!!! You still haven't learned anything from your parents or anyone else here in America!!!! Because then only idiots will continue enjoying life without getting injured every minute of every day...because guess what? We're ALL ALONE!!!!!!!!!
Dedicated Member - Washington Monthly Blogs & Newslettershttp://blogsandnewsletters.com/dedicatedmember/default/index/1?lnk=rss
https://blogsandnewsletters.com/-dedicated-member/index/1#/?source=rss&utm_source=blogs_link&utm_medium=link&utm_campaign=links",left,center
"G.O.P. Aide Quits After Ridiculing Obama’s Daughters, Sasha and Malia", This year's holiday dinner table comes full circle with new members entering Congress in 2014 (Photo by Pete Souza/The New York Times) More,center,center
Aide to GOP lawmaker apologizes for Facebook post ripping Obama daughters," In an interview with Politico on Thursday morning, Representative Debbie Wasserman Schultz said her committee was investigating cyber-bullying as part of its investigation into possible campaign finance violations related to payments made by former Democratic National Committee staffers Donald Trump Jr., George Soros (a Democrat financier), or Hillary Clinton (the Democratic presidential candidate ) between 2016-2018. She also pointed out that her committee was going after those who may have committed money laundering fraud through political committees supporting President Donald Trump's 2016 campaign by targeting other individuals involved in his campaign.
She told POLITICO, “There are many potential violations here... One is solicitation of funds; another is an intent to defraud; others involve financial transactions involving controlled substances or unauthorized access devices not properly authorized by recipients — all kinds of potential violations that are being investigated… So we want everyone — not only those who were involved in what we call ‘the Trump Organization’ but anyone else that has any involvement — anyone they know about if there was any kind of financial transaction involving any kind of illicit activity on behalf of Mr. Trump or his family members…to come forward because we want people accountable.""",right,left
Aide to GOP lawmaker apologizes for Facebook post ripping Obama daughters," A Washington Post analysis Monday found no evidence that House Speaker John Boehner was personally involved with what happened last week when former House Speaker Newt Gingrich reportedly made remarks about gay sex on his weekly radio show on Sept 3 as part of an unscripted moment during which he acknowledged some Republicans have been open about homosexuality since before he became speaker - but no one else has done it since then). After airing its findings online Sunday evening (and again Monday), The Post reported an internal congressional investigation into whether Boehner had any personal involvement with Gingrich's comments or any other details from them were leaked outside Boehner's office either before or after they were made public by Gingrich. On Sunday afternoon (before Boehner did anything), Politico reported that Democrats questioned why Republicans would not call out conservative commentators who publicly discussed issues such as abortion rights before them if they didn't know what those issues were; there was no indication that Democratic members had seen or heard any private e-mails between them containing information about such discussions prior to publishing Sunday evening's report - Politico obtained e-mails between Gingrich representatives Mark Salter and Craig McDonald from September 4 onward - but there was some suggestion over Tuesday morning about how these Republican lawmakers may have been able to avoid taking such an approach even though they didn't know it would be necessary when it came time publicly discussing matters like gay marriage later on this month after it became clear conservatives had engaged in similar behavior by saying same sex couples should be allowed freedom of religion under Obamacare without facing consequences (see here). Now we know why — because John Boehner is running against Mitch McConnell!

",left,left
Aide to GOP lawmaker apologizes for Facebook post ripping Obama daughters," After posting about his daughters' attire on Twitter on Friday afternoon (11/4), UPI reporter Elizabeth Lauten has been removed from her job at Republican Rep Steve Scalise's office after posting an apology on her own account Saturday evening (10/29). As she responded about her decision to leave Scalise's social media accounts open publicly via Twitter herself, she stated that she was leaving because of an inability to do what is expected of reporters under current journalism ethics laws (see more below). She later deleted everything following her initial announcement before taking out Twitter profiles again Sunday morning (11/5) – but not before offering an apology once again through one profile (@hugelautens): “I am sorry if anyone found my comments offensive or hurtful; I did not mean it that way."" One day later (@lonelywoman) – apparently still not able or willing to do whatever is expected by @jfincheretzler - Lauten still hadn't made any official statements regarding her tweets through Twitter after all since then; however @hugelairn tweeted on Wednesday: “We will be working together over time #RepScalise #Malia #Sasha. We are learning our lessons from each other,"" adding: “Always be respectful when talking about politics & our community with others even though you have differences we are all just human - & all can learn from each other!"" But there is one thing missing here? Just how old are these girls? Is this really just another example of them getting older? They're barely teenagers! And they both looked amazing Wednesday night! Maybe there really wasn't anything wrong with them?! Who knows what they're going through right now?!?!??!!#SOCIALISM@Lonelywoman — Elizabeth Hylton (@HyltonLF) November 5 2018

",center,left
Aide to GOP lawmaker apologizes for Facebook post ripping Obama daughters," Rep. Stephen Fincher (R-Tenn), chairman of the House Ways & Means Committee says it was wrong in his comments about First Lady Michelle Obama during her recent trip to Egypt as she visited Umm Kulthum hospital after giving birth last week. In his Facebook message on Friday he said: ""The visit was an honor but not an ideal experience because there were many things we had not seen when we visited before."" He also added they were unable to talk with her about what it felt like when she gave birth because she was ""out too much time from labor so my brain has taken another turn off course from how I experienced my delivery.""Fincher did not apologize over his remarks but instead issued another statement condemning violence against women across different political lines while appearing on BBC radio later Saturday morning. He made reference only briefly to violent attacks against women from Republicans but stated: “We are going down this road again -- sadly again -- because people understand that violence is unacceptable regardless if it comes from government officials or those who have no compunction about attacking others…and it is wrong whether those individuals are Democrats or Republicans…But we have lost our way some years ago when we thought ‘Let us be nice! We must treat each other fairly!' ”He continued: “And then people will take offense at your words; they will do violence; they will kill without hesitation; they may attack others but never themselves; these things happen day after day until one person takes all actions into account…we would hope that someone would stand up here tonight [about Umm Kulthum] and say ‘You do not speak out against women – if there are any – just remember what happened on 9/11.' You think you can make statements out of nowhere – by yourself? - But then what does such behavior look like? It looks like someone is willing to be violent towards others without having any compunction whatsoever toward themselves! So we have become complacent... When is enough enough? We need change…I am tired of these political games where no one speaks out against acts of violence towards anyone...""Fincher ended his statement by saying it is time for both sides including women everywhere who speak up about these issues because ""...what happens here affects all American citizens!""A spokesperson for Malia wrote via email Monday night that while Lauten's comment was inappropriate (""it wasn't meant as an insult directed specifically at Michelle Obama,"" Malia told People magazine), Fincher does understand why people might take offense because he did",left,right
Aide to GOP lawmaker apologizes for Facebook post ripping Obama daughters," In his speech on Thursday night before thousands of Republican members of Congress -- including several from heavily Democratic House districts -- President Barack Obama said he was honored by thanking U.S. veterans who fought alongside us in Afghanistan after 9/11; but then veered into criticism of his own family members by saying they need not show more class than some Americans do when it comes to dressing up as guests at televised events like one hosted by Malia and Sasha Obama on Thursday night (Video below.) When asked via Twitter why there was so much emphasis on dressing up like celebrities rather than just dignifying people with money or power when talking about how important it is for Americans to take personal responsibility for our country while accepting responsibility themselves if they feel bad -- Trump suggested those comments were directed at him instead: “They love it! I have nothing against them personally but they didn't have my dad! Why do you always put your mom down? … He was very nice & everything but my mom is horrible because she has an attitude…. And what are we going watch? It's supposed be about him talking tough on trade! But does anybody watch sports these days? Don't want me saying too much!!!""



",left,right
Aide to GOP lawmaker apologizes for Facebook post ripping Obama daughters," This is an edited version of an article published originally on November 15th 2016 on Breitbart News Senior Editor-at-Large Peter Schweizer's website PolitiFact. Mr Schweizer notes: This writer has known Malia since she was four years old -- it was her mom who first taught her how to tie her shoes (and not because she was poor), but because she loved taking care of her sister's baby brother when he fell into his nap time slumber -- something no one except Malia knows how it happened or even remembers.... Read more",center,right
Aide to GOP lawmaker apologizes for Facebook post ripping Obama daughters, A communication staffer (and soon-to-be former UConn grad) has been criticized after posting an anonymous oped (which has since been deleted) criticising Malia's recent style choices on Twitter on Nov 21st. The tweet was posted by @susan_greenspan (@susan_greenspan) while she was partway through her job as Communications Director at UConn; apparently using it is not acceptable behavior from anyone involved with media outlets other than fellow employees (see below). She apologized right away via Twitter over her mistake after it quickly got picked up by news sites such as The Daily Dot -- she has since gone live with her apology under her own name -- but we're still left wondering how this happened? Nowhere did anyone ask her about this online; nor did anyone suggest anything about it when we suggested she might have violated company policy or etiquette guidelines by using social media tools like Facebook -- which clearly state that those who use social networks must not publicly attack other users online because they can be sued - any time they do so without warning - while also having no expectation of privacy or confidentiality on such platforms either? It didn't matter anyway; nor did anything come out later from UConn regarding why Malia chose not attend Obama-themed events if what she tweeted wasn't considered offensive enough; no one even asked any longer whether there were any complaints against UConn from others who attended these types of events back when she worked there before suddenly deciding to take offense against another person entirely? This story is all over both local papers/newspapers around town just moments ago where people are discussing how Malia is missing out on all kinds of fun things now that they've gotten older because she missed out doing something great like playing ice hockey after school instead spending time partying with friends from school instead...And here we thought people took offense when it wasn't even them themselves...What were they thinking? We may never know exactly why those people decided what kind of messages were sent but one thing is sure though: we're sure glad someone noticed!,right,center
Aide to GOP lawmaker apologizes for Facebook post ripping Obama daughters,In an attempt not to offend either of her daughters - who are both younger than 18 on Novo - Elizabeth Lauten criticized President Barack Obama (who she thinks is unfit) by saying them dressing like teenagers when it comes time for them to be seen on national television may be inappropriate...,right,center
Aide to GOP lawmaker apologizes for Facebook post ripping Obama daughters," Elizabeth Lauten is wrong on many fronts when it comes to judging people; they are just not very nice! - by Dan Steinberg (D) Washington Dc - US Weekly - November 24th 2014
http://www.usweeklynews.com/washington-daily/20171124/finally-summoned-to-apologize?fbclid=IwAR2TzvUyJ7M5NhYq4Kl0S1nZjxrvRpJIc2XN3qOQpk9ZCg&utm_source=FeedBurner&utm_medium=feed&utm_campaign=Authority+Rankings+-+USWeeklyNews%3A+Website%28News%29",left,center
Colorado's top cop defends pot law after challenges from neighboring states ," By Tim Reiterman | Washington Post A legal challenge is underway in Kansas and Nebraska against a new state law that would legalize pot for adults over age 21 with some restrictions on its use within certain limits in each state — but that has also spawned an epic showdown between Oregon and Washington in which they are fighting over how much control they should have over what happens next door — including whether or not they will continue to allow medical pot dispensaries there under pressure from other neighbors who say prohibition doesn't work or that its legalization will drive up prices for consumers who can afford them at higher costs than before — even if Oregon or Washington eventually win those battles. Meanwhile, Democratic lawmakers in Arizona are pushing legislation that would make recreational use of cannabis legal statewide while giving local governments greater control on how that would be managed under a plan championed first by Gov.-elect Doug Wilder but then embraced by outgoing Republican Gov.-elect Jan Brewer last year... And finally: An editorial published Monday urged readers “to support these competing views” regarding how much control should go toward governing adult consumption of cannabis or whether it should be left up to individual municipalities... The Editorial Board pointed out that “[e]ven today’s greatest advocate” for decriminalizing cannabis still argues against legalization despite all evidence showing otherwise... [In] most jurisdictions where both medical and adult use consumption remain illegal under current drug policy guidelines,...[the] vast majority still believe this approach does not work… In fact more than half (54%) disagree with his recommendation... As he himself acknowledges...he believes …that regulation is so important even if it does not result in lower levels of users—and he makes no bones about his belief this approach may reduce rates among youth.... But he has no intention…of allowing municipalities with large numbers of residents using cannabis legally—regardless of when those residents used it—to decide when people can continue using without fear of arrest.... His view is simply that criminalization works better than regulation because “people know what they could get away with now might be something we don't see now”…. [T]he editorial continues noting many other cities across America have adopted such policies: Chicago (60%), New York City (62%), Philadelphia (64%), Los Angeles County (87%), Phoenix County/Phoenix City Council member Tom Guevara recently announced his support for such policies…. Another key issue highlighted early on was one concerning education programs.. The Editorial Board suggests educating young people about both medical use as well as risks involved... It also notes one particularly encouraging example",left,left
Colorado's top cop defends pot law after challenges from neighboring states ," How much cannabis is consumed in America? This article discusses how much cannabis is consumed around The Atlantic country in general and United States' major population centers in particular — New York City (in 2014), Los Angeles (in 2013), San Francisco (in 2012) Boston (2013), Seattle (2012), Washington DC/Virginia Beach/Arlington County/Dulles Airport area (2011)? In this infographic you will see how many pounds are smuggled across national borders every year?",left,left
Colorado's top cop defends pot law after challenges from neighboring states , Drug war fuels racial tensions in Chicago As Uproar erupts over Obama decision on gun control; race riots hit city neighborhoods across country Drug war fuels racial tensions in Chicago With protests nationwide since Obama decision on gun control; race riots hit city neighborhoods across country Drug war fuels racial tensions in Chicago In video: Protestors slam police for killing 3 unarmed black teenagers Demonstrators gather outside Cook County Jail In Chicago On Tuesday June 28 - Police shot three men when they broke through a line at O'Hare International Airport last week They were carrying guns & ammunition against gun violence but they were unarmed And those are just some of their stories To learn more about what happened Click here http://www3a1cb4b6f0d7c2/toppost/?tid=3601,left,left
Colorado's top cop defends pot law after challenges from neighboring states , A Republican governor is in trouble as he tries again for another term with Democrats promising more control over public lands with oil riches on offer.(AP Photo/David Zalubowski),right,right
Colorado's top cop defends pot law after challenges from neighboring states ," In its first comment on Tuesday’s ruling against Amendment 64 in Denver, Boulder County District Attorney Stan Garnett called out “Colorado’s own drug cartel” for trying to circumvent “the will of voters as expressed through Amendment 64."" Also on Tuesday night: Oklahoma City Councilman Dan Hall announces his resignation; Utah’s Public Safety Director resigns amid allegations that she is using her office for personal gain; A judge hears claims against former police chief Jeff Jensen; An appeals court rules that an accused cop must be allowed an attorney at trial in his appeal of his conviction for second-degree murder; A former prosecutor asks why judges who have already ruled guilty are allowed a second chance to prove innocence when they were previously acquitted; A new report out on how drug cartels target medical cannabis users—and how police need more training",left,right
Colorado's top cop defends pot law after challenges from neighboring states , State officials are defending an amendment that allows possession with no proof of purchase or cultivation at public events statewide despite opposition from neighbors who fear illegal pot use will continue across borders... Read more »,left,right
Colorado's top cop defends pot law after challenges from neighboring states , NORML National Director James Q Miller on Wednesday condemned Illinois Gov Ted Strickland’s decision last week to decriminalize possession of certain amounts of pot for personal use – but insisted that does not mean other forms are legal too! Read Article,center,center
Colorado's top cop defends pot law after challenges from neighboring states , An Idaho judge declines to dismiss a motion seeking an injunction against Denver based on violations of public health standards at one of its medical centers that has since closed; A Pennsylvania judge blocks enforcement of an Oakland County ordinance banning dispensaries in areas zoned for commercial use; A New York City judge rules that police can't require licensed dispensaries near schools during school hours unless they're specifically authorized for use there; A Kansas City judge rules on criminal charges against two dispensary owners who grow medical cannabis in close proximity; An Arkansas lawyer gets $1 million judgment against California growers who grow and sell pot within 1 mile (1 kilometer) or 20 feet (6 meters) of child care facilities licensed under California law; An Arizona city enacts its first legal ban on growing medical marijuana near schools or day cares due to threats from neighbors angered by patients using medicinal pot at nearby day care centers,center,center
Colorado's top cop defends pot law after challenges from neighboring states ," In November 2012 Amendment 64 withstood an attack on its constitutionality by Oklahoma and Nebraska on grounds that Congress had already legalized such activity when they became involved in a case involving similar legislation being pursued in other places around nation including Alabama, California, Illinois, Missouri, Montana, Nevada and Washington. Then came a second challenge concerning Amendment 64 being used as justification for legalizing pot grown outside of those three southern border states through other measures passed in other cities around nation including Arizona. And finally came another challenge from California where an estimated one million plants have been grown because there is no requirement for growers or users entering CA county limits so you can literally enter any city anywhere or stay within 500 feet of any residence under CA state licensees discretion.""",right,center
"Eric Cantor Defeated by David Brat, Tea Party Challenger, in G.O.P. Primary Upset"," House Majority Leader Eric Cantor is resigning after losing election against tea party activist David Brat (a/k/a Paul Ryan). The move is seen as a step forward for Republicans moving left after last month's midterms were devastating losses for them... but there are some indications going into Wednesday's vote of whether there will be more movement toward fiscal conservatism than there was during their midterm majorities... The new speaker (or speaker) of Congress? Another freshman from Virginia named David Brats who has no experience as an elected official but is running unopposed against incumbent Paul Ryan (R-WI). He could also face some backlash from members over his choice of running mate. But perhaps most importantly there are signs that if you are voting right now you might be voting out before you have finished casting your ballot,and if so it would be wise if you go back and get another ballot ready!",right,left
"Eric Cantor Defeated by David Brat, Tea Party Challenger, in G.O.P. Primary Upset"," The GOP may be able to win back at least some of its House power if it can defeat Democrats among Hispanics and Democrats as well as some Asian-Americans nationwide with new strategies that do not rely so heavily on winning back voters from their traditional strongholds like California or New York City; but there are no guarantees Republicans will regain all their seats without significant changes along party lines at federal levels; moreover there is little likelihood Republicans will gain two Senate seats with President Obama’s reelection campaign looming next year; also if any of these gains are made then they will constitute just another step toward returning control of Congress back to Democrats; however none of these figures are likely enough yet for Republicans now seeking re-election this fall (or even next year) before 2014; finally despite having lost two Senate seats last week by large margins they could end up losing four or more because Senate races nationally have tightened due largely due more competition from independents (who tend against incumbents) than other demographic groups such as African Americans (who tend against incumbents); Also while all signs point toward an Obama victory next year there is no real guarantee that voters will support Obama once again given what is going on during his first term plus how unpopular things have become among public opinion polls). A New Hampshire poll released last week showed former Massachusetts governor Mitt Romney up 10 points over President Obama (47 percent v 41 percent respectively), another indication among younger Americans which may be used against him heading into 2013 elections in light of continuing partisan bickering between members such as Senator McCain(R-AZ). And while polling data show Republicans doing about 5 points worse nationally than when they held power under Bush many would agree it was not really representative since both parties were winning roughly equal shares within those two surveys but still one would think polls like this one should give weightage given how much attention has focused upon them since September 2011 particularly after President Obamas State Of The Union address where he claimed “we need each other now more than ever” and attacked GOP leader Paul Ryan who called himself “unfit for office” during an earlier address last month which included criticism directed mainly at Congress Speaker John Boehner(R -OH). But polls which consistently show strong majorities opposed both Ryan and Boehner showing strong disapproval rates even though many respondents said they did not know why certain members make their voices heard rather than simply voting Democratic or conservative party line candidates within each party through voting patterns rather than ideological beliefs does suggest either parties needs time out from blaming each other for voter alienation rather focusing upon ways through their policies can",right,left
"Eric Cantor Defeated by David Brat, Tea Party Challenger, in G.O.P. Primary Upset"," The Republican Senate majority leader took an important step toward restoring Republicans’ standing as an effective opposition party when he told lawmakers just after midnight Thursday that they would be allowed up until July 3rd to vote on their own legislation without amendments or filibuster rules under legislation passed by Congress last week by unanimous consent making it possible for presidential candidates running locally before Election Day (to appear on Fox News) or foreign officials seeking security clearances (to appear with UPI) from attending local events at which they are scheduled but cannot attend publicly because of security concerns imposed upon them by elected officials elsewhere in their home countries.) The proposal will now go through its final legislative process first before becoming law.. “There is no question we have lost control of our House leadership position due primarily to some rather unusual behavior on behalf of some members during this legislative period and I think we have learned some lessons about how we might best conduct ourselves within our party as well as within our caucus so there is nothing more than positive movement going forward from here except continued cooperation between us all regarding legislative progress…” But perhaps nothing more than just another example of bad news from Washington where nothing gets done unless conservatives move fast enough and act decisively enough.. “This means I will soon be able go out into my district campaigning without having my staff follow me unless there is something very special I need covered tonight – if you can think of anything…” … “I don’t know why these guys are out there taking such risks – they should stay home so they can get back into Congress next year if everything goes according to plan… This really does not feel like normal political behavior at this point… We are seeing real change now throughout America about how government works right now….” But perhaps nothing more than just another example of bad news from Washington where nothing gets done unless conservatives move fast enough and act decisively enough.. “One thing I do know right now is how lucky I am right now because even though President Obama has won reelection in 2012 despite massive opposition among Democrats nationally (and many Republicans nationally), things have turned around quite dramatically since then with big majorities going back into Congress controlled either mostly Democratic or mostly Republican again even though President Obama still controls almost all state legislatures everywhere–something which was unimaginable prior since most states were controlled pretty much 100% Democrat–but things look like they didn't really change much while President Obama was doing two years worth plus but somehow things are looking much better today…. So thank God for Senator McConnell [R-KY], Senator Reid [D-",right,left
"Eric Cantor Defeated by David Brat, Tea Party Challenger, in G.O.P. Primary Upset", On Friday night at 9 p m EDT (18p m UTC) we will have an exclusive interview with David Brat from ABC's 'This Week.' We'll talk about why David didn't win but how he won and some of his campaign moves as we go through this historic primary election season ahead of November 6th 2012!,right,right
"Eric Cantor Defeated by David Brat, Tea Party Challenger, in G.O.P. Primary Upset", “Eric Cantor lost this election because no other politician could come close to representing their vision of America from day one — or even before they were elected into office at all!” reads an extensive profile after Eric Cantor loses reelection as House majority leader (AP Photo/Jared 1/5) / AP Photo / JEANETTE SLOMAN; File Photo,left,right
"Eric Cantor Defeated by David Brat, Tea Party Challenger, in G.O.P. Primary Upset", The big story is that an old white guy from California named David Brat has got this party back together after three years of being out of touch with most American voters (and most Republicans) who have switched parties because they thought their leaders were too liberal/too conservative). In some ways I think it was similar in its effect when Newt Gingrich lost his Virginia Senate seat after losing Virginia by 3 points (he lost by 20%) and then went back into politics as governor (he lost South Carolina by 8 points). The reason is all those conservatives now feel really good about themselves because they know no one will be able to beat them anytime soon but they still cannot figure out how or why we are going down like we are (except maybe because President Obama says we are). If you look at any poll taken over more than 5 years there always comes up some sort of huge drop when someone loses their job due to something stupid/fraudulent etc….. We seem like we are headed down hill again….. so perhaps this will be our time…,left,right
"Eric Cantor Defeated by David Brat, Tea Party Challenger, in G.O.P. Primary Upset"," The UPI/ tracking poll shows new leadership will be very important after Democrats take control of Congress next month under an agreement brokered during President Obama’s second year as president over raising taxes on those at or below $400 million annually income level which covers roughly three-quarters of all members of Congress today (as well as their spouses). Most polls suggest Democrats have captured majorities of both houses but still have little chance of taking power themselves because they need 218 votes from Republicans under federal laws intended for an even number of senators (plus one more Democrat than needed). With Republicans unlikely ever bringing up legislation without Democratic support it is unlikely there will be any major bills passed without significant Democratic support; and although Senate Minority Leader Mitch McConnell is still expected to take control next month as expected thanks not only to Senate rules but also thanks largely due to strong backing from GOP members like Missouri Sen.(R) Mitch McConnell), Majority Leader Harry Reid (D), Nevada(R) Harry Reid(D) Nevada Republican leader Jeff Sessions says “it will be very interesting if we get back into power next year” after losing control following last November elections The Washington Post/ ABC News national poll reveals that two-thirds have confidence Congress can pass something before Election Day – including 60 percent among young voters -but only 38 percent approve or strongly approve President Obama's handling so far with 53 percent disapproving or strongly disapproving while 29 percent saying they don't know how they feel about him However other surveys show public approval remains relatively low as 54% disapprove versus 20% approving while 26% say they either never voted before or are undecided In addition most Americans believe Obama's plan works but 29% think it doesn't work compared with 15% believing it does See full poll results below







",right,center
"Eric Cantor Defeated by David Brat, Tea Party Challenger, in G.O.P. Primary Upset", How did we get here? The Senate may have gotten its first meaningful look at how House Republicans might govern after last November’s election as they debated their strategy heading into next year’s midterms when it all comes together — but this time around there is no question that Republicans will have an advantage over Democrats once again as they struggle with their party's future leadership after Boehner resigned earlier this month amid discontent from party leaders and rank-and-file members about whether or not he should continue as speaker next year because of pressure from conservatives on Capitol Hill about how they want him treated politically in Congress since Democrats have gained control of both houses of Congress this November.[/quote],left,center
"Eric Cantor Defeated by David Brat, Tea Party Challenger, in G.O.P. Primary Upset", The race between Representative Eric Afton Cantor of Virginia and former student activist David Abriss was among those tied up by an ideological struggle over immigration politics within Congress as Republicans looked ahead towards redistricting after each party’s November elections next month: How can they keep Republicans together? How can they keep Democrats together?,left,center
U.S. Attorney Subpoenas Christie’s Campaign and New Jersey G.O.P.," The New Jersey government has issued grand jury subpoenas targeted at Govindan (Chris) Christie's re-election campaigns; a third is being processed by law enforcement officials; both were requested by a New York congressional subcommittee whose investigation primarily focuses on allegations Mr Christie used his authority as governor not only to shut down lanes but also took steps which he was willing or even encouraged other officials not only not do but failed o make decisions based on his judgment alone; both are still awaiting final orders from a federal judge as part of ongoing litigation pending against him (New Bridgegate), which may prove challenging due process issues if there continue civil litigation against him (Bridgegate); new indictments expected with additional charges brought by federal prosecutors following their initial filing in September; more information will be forthcoming,"" Mr Luskin wrote about Tuesday evening's subpoena order sent out by U S Attorney Rod J Rokita ""I am now advising you of your subpoena powers"" A spokeswoman for Attorney General Jefferson ""Jeff"" Sessions had no comment when asked about whether there were any changes made regarding these subpoena requests sent out this week."" That request came after President Donald Trump's Attorney General Jeff Sessions was briefed on it Wednesday but did not immediately respond."" ""The White House has repeatedly refused our requests for comment,"" she added during her briefing on Thursday morning. The Democrat who chairs this Senate committee told me earlier in my interview ""the chairman knows nothing about any ongoing litigation against Governor Chris Christie"", he added."" I am sure they would say that if they knew anything"" Senator Sheldon Whitehouse, Democrat leader of this Senate Democrats committee wrote, referring specifically to his statement made earlier. Senators Democrats then asked again just what were those subpoenas? What are they seeking? And was it illegal for Mr Christie or anyone else involved in shutting down traffic backtracked on those shutdown lane closures? How did such actions get upended? What did it mean? Where do we go next? I've written many times here at PoliticusUSA since 2017 regarding some folks involved with various campaigns attempting all sorts of shenanigans while trying simultaneously stonewall requests from Congress asking them questions related directly or tangentially related specifically to events related specifically around those same shutdown lane closure orders?""",right,left
U.S. Attorney Subpoenas Christie’s Campaign and New Jersey G.O.P.," A criminal investigation has begun into claims made by two officials close to Governor Chris Christie during his reelection bid against him that he closed roadways during his first term while under pressure from federal authorities investigating whether he used taxpayer funds for political purposes (see July 7). The prosecutor leading that inquiry is Robert Mioduszewski Jr., whose team includes David Weprin of Preet Bharara Jr., who led prosecutions against former President Bill Clinton (see January 11). The grand jury probe started earlier this month under special counsel Patrick Fitzgerald following allegations by two top officials close to Mr.Christie about what they call alleged “shutdowns” at toll facilities operated by NJPAC LLC, a joint venture between NJPAC owners Joseph Jafelicek of Lakehurst, NNYC Capital Partners LLC (PCLP), which is controlled by John Gioia III (see July 12), Paul Siegelman of Princeton Junction Consulting Group Ltd., which was founded by Mr.Gioia; or others close enough together or affiliated enough together that they would be subject if there were any overlap between their activities on behalf of Mr.Christie politically or otherwise.) [UPDATED] [More:]?????",right,left
U.S. Attorney Subpoenas Christie’s Campaign and New Jersey G.O.P.," FEDERAL GRAND JURY CHARGES NEW JERSEY MAYOR AND CHIEF OF STAFF MANAGER IN STATE PARTY CASE AFTER SURRENDER TO POLICIES AND CONSERVATIVES IN FALL 2014 WERE RESULTING FROM HOMELESSNESS CLAIMS OF TAXPAYERS AND POLITICIANS AT THE GOV CRANBERRY BRIDGE AHEADOF THE GOV CLOSED

",left,left
U.S. Attorney Subpoenas Christie’s Campaign and New Jersey G.O.P., A coalition of state Republicans filed suit Wednesday against Gov.-elect Chris Christie after his re-election bid was thrown into doubt by allegations he used a controversial cellphone video during his 2016 presidential run as ‘smoking gun proof positive that he acted alone when he decided not just not fund-raise for two years but shut down access paths across one of five bridges he wanted built in his first term despite knowing it would cost more than $100 million dollars!... More,left,right
U.S. Attorney Subpoenas Christie’s Campaign and New Jersey G.O.P.," The House Transportation Committee on Wednesday moved forward with its probe of alleged corruption by President Donald Trump’s former top advisers -- who were accused by Democrats of plotting an independent run against him during his 2016 White House bid -- while Senate investigators are probing possible violations of federal law by Mr Trump himself during his presidential transition period, according to one Democratic aide familiar with Wednesday's proceedings told Reuters on Friday.""",center,right
U.S. Attorney Subpoenas Christie’s Campaign and New Jersey G.O.P., Lawsuits allege government officials retaliated against contractors because they supported new toll booths on I-95 after Mr Christie vetoed them; one of those lawsuits claims former public works director Michael Sheehan used his influence as PSC commissioner ‘to coerce contracts over which he had no authority.'” Read more here… READ MORE AT Bloomberg…,right,right
U.S. Attorney Subpoenas Christie’s Campaign and New Jersey G.O.P.," A federal grand jury has issued subpoenas against Govt candidate Chris Christie's re-election team—but not his son Donald—and other associates (including potential witnesses), The Bridgegate scandal involving two dozen aides has spread across Atlantic City over a three month period where elected officials have been implicated by their association with disgraced former Democratic boss Tom Kibbe.. And although it may not be politically expedient (in terms of voting records), what we don't know is how many others are involved.. If they were involved directly or indirectly all along then we will need more information about them... For instance if you were trying to work with them but they got out of control or there was trouble…what would you do?? Where are they now? Why did they get away when nobody was watching? Was it just politics?? These guys could do some real damage by being caught red handed......And maybe somebody better answer because its going somewhere.....In addition I think we should look into what happened at one time between Mr Kibbe (who had close ties with Lt Governor John Sarbanes) during his days there but also after he left... This guy's got serious problems!!! Now this guy didn't play fair so well as I understand it.... So maybe these folks are still getting together because he's still pissed off... Let me know if anyone wants details on this... Thanks............Brian Bostitch"" ""Christie campaigns manager Tony Baldino has told us he is confident that everyone hired during that time period did nothing wrong."" ""However since everyone hired was within reason under guidelines set by HRB"" ""Baldino couldn't comment on whether those decisions were driven solely by politics or something else."" “As far as anyone involved knows nothing wrong happened,"" Baldino told News 3rd NY about those hires after our story aired today - June 17th 2012

",right,center
U.S. Attorney Subpoenas Christie’s Campaign and New Jersey G.O.P.," A federal grand jury has issued subpoenas seeking records regarding alleged obstruction of justice by Gov.-elect Chris ____ on Sept 30th, 2012. These events began while he was governor of New Jersey when his administration engaged in activities beyond its authority or consent – including shutting down access lanes across ____ Bridge, which would lead traffic through Fort Lee without consideration for all motorists who use it. The governor acknowledged those actions when questioned by then Democratic Senator Frank Lautenberg on Oct 29th, 2012."" [Source] - http://www..christieforgovernorforreelg.../2012/09/30/summary-aandrea-rzoubej1...#storylink=more There were two incidents during which these aides were allegedly involved with shutdown procedures – one at Fort Lee (NJ) before a massive bridge collapse left 17 deaths; another at Newark International Airport (NY) before two planes were crashed into each other after taking off from it, killing everyone aboard them “And we have more details about exactly what happened during those incidents…I believe we will get additional information soon."" - http://www..christieforgovernorforreelg.../2012/09/30/#storylink=more The story is here: http://www..miamiherald....c_1177370014&idx=1&page=2

",right,center
U.S. Attorney Subpoenas Christie’s Campaign and New Jersey G.O.P.," A federal grand jury has issued three new subpoenas for documents related to allegations of retribution against Governor Chris Christie's re-election team after he accused some officials he called 'lowlife,' or out of touch with average citizens.' Two days before a scheduled appearance before a federal grand jury seeking documents on allegations of retribution against his administration Teamsters Union President Ronnie Dugger was quoted saying that Mr....",right,center
nan," The Democratic nominee running against Rep.-elect Steve Israel is expected to face criticism from his Republican opponent Charlie Dent for failing to follow through on promises during his campaign tour that included giving speeches to Jewish organizations such as AIPAC before he became an elected official last year; or taking advantage during his Senate campaign by using his position as chairman or ranking member to funnel money or favors toward friends like Eric Cantor or Charles Diggs; or holding out hope that he would win re-election when polls showed him trailing badly despite having spent heavily during last year’s primaries seeking votes among Jewish groups – all while accepting millions from donors like Sheldon Adelson who are involved with Israeli settler politics (see July 1-21). Here are five key takeaways: (1) Dent has been criticized by Jewish groups because he was seen giving speeches at AIPAC just before Israel became an elected official (see July 23);(2) Dent's speech about Israel's right not ""to defend itself"" was also criticized by AIPAC members;(3) After monthslong internal fundraising struggles which saw him spend $1 million less than what other candidates spent; only one candidate -- Matt Cartelli -- raised any money between August and December;(4) Voters may want someone with ""deep commitment"" but no experience under attack from Jew-haters because she is promising her own record won't be broken even if it means spending $250 million over five years rather than cutting spending by 10% over three years--and she doesn't explain how she plans eventually reducing deficit spending significantly after passing her first two budgets this fall.(5) Both candidates will face scrutiny during debates about whether they gave big contributions to their opponents' campaigns while saying they won't vote for President Obama's second term agenda despite opposing immigration reform.(View poll results».)",left,left
nan, This article contains an analysis of three major political events from this week that may affect our world view: The death penalty; confirmation hearings for Supreme Court nominee Sonia Sotomayor; and Senate vote to confirm Justice Neil Minkin to replace Antonin Scalia on its docket next month after his retirement next year...,left,left
nan," In what is seen as an early preview or test run by Republicans planning next year's midterm campaign strategy committee— which will likely be headed by Senator Rand Paul— Senator Susan Collins (R-Maine) announced Thursday that she would consider running against incumbent Democrat Rep Mark Ekins (D-Wash.) at next year's congressional midterms -- if only to serve as another Democratic cosponsor or co-sponsor for President Obama's Supreme Court nominee Garland so far stymied by Senate Republican opposition.
Mr Garland was nominated to replace Antonin Scalia on April 10 after his nomination was confirmed by President Obama via unanimous consent.",right,left
nan, A report by Congressional Quarterly says that conservatives will hold 49% or higher control over Congress but they still have little power over legislation coming out from either party when it comes to budget matters because members are divided between those wanting to cut spending on defense programs at all costs and those backing an increased military presence abroad while maintaining domestic spending caps.(read more),left,right
nan, If there is one thing that President Bill Clinton has taught us since he took office nearly four years ago—it is that he knows what not to do when it comes to winning reelection—and it certainly appears he will learn again during his second term as well…. The Democrats were so thoroughly defeated by Donald Trump in 2016 and never recovered from being blown out by Hillary Clinton eight months later…. That's not only because Republicans did everything they knew how to do well against him but because Democrats are now terrified about losing an election this year…. (continued),right,right
nan," The Senate confirmed Sonia Sotomayor last month after an aggressive confirmation fight over her nomination by President Barack Obama's cabinet members who opposed her nomination among themselves during her hearing before his cabinet nominee hearing committee last week."" - From Senate confirmation hearings where she was nominated by President Barack H A B Obama "" ( http://www3. gov ) “I am extremely proud to announce that my name will be added to this list as one more Supreme Court Justice,"" Senator DREAMers Senator Kamala Harris announced earlier today saying she has decided that she will not run again for office."" - From Kamala Harris' announcement... ""...to help create jobs 'and because it will mean making sure we build out affordable housing.' "" - From Senator DREAMers announcement..."" ""We need strong people like SCOTUS justice Sonia Sotomayor."" ( http://www2. gov )",right,right
nan," Reprisal is an American political drama about congressional leaders versus rank-and-file members during an election year whose results might be decided by millions or by single digits but whose impact can reverberate throughout America's political life-cycles through years' worth of televised debates and opinion poll findings that influence policymaking even after voters have cast ballots again next November: When one member's job becomes so important as to require his or her resignation or retirement — when that member has no choice but to yield power by resigning or retiring from office — what happens next can become crucial — especially if it means making sure an incumbent lawmaker is reelected next year without having to face charges later over an improper payoff (as well as what happens when someone else turns against his own party). Some politicians worry about being swept up into “revenge politics"" when public anger at incumbent lawmakers leads people who would otherwise back their party member into supporting another politician who might actually beat him out as election day approaches (with some concern that such tactics may ultimately backfire). This issue also resonates with people concerned about preserving ""the American system"" (which means both parties), although many conservatives are wary even about such considerations because they also view ""the system"" as an impediment to personal liberty. Summary: This brief movie follows three young men at Harvard University; two are good friends who share each other's interests but never really get along; yet all three make powerful friendships during their freshman years at Harvard Law School (and all three become close friends with others afterward). Each one becomes involved politically after college (though not officially affiliated), though many see each other more often than most Americans do over dinner after work meetings or late nights drinking together on weekends; each one is elected mayor within five months without losing his job until he loses reelection bid several years later due to corruption allegations. While they're aware politics does involve personal choices - especially once they realize these paths lead toward unpopular results - none feel any obligation toward loyalty or obligation toward anyone other than themselves. In fact, all three students seem happy enough sharing time together despite differences between themselves - which helps keep things running smoothly between them while making it easier for both individuals involved to keep things going smoothly behind closed doors rather than becoming embroiled emotionally once those relationships begin publicly. Summary: A recent study suggests that women may experience fewer mental health symptoms during labor because men deliver babies naturally rather than via cesarean section, making it less painful for women undergoing childbirth procedures The Centers For Disease Control estimates approximately 75 percent million births occur worldwide every year",center,center
nan," The political news this week included some good news – there were no major policy surprises from either side – but it was another bad day for Republicans when it came to their prospects with women voters: They got less than half what they wanted over both men (43 percent) and Hispanics (38 percent). And among independents whose preferences lean towards one party or another (which may include many who are undecided), they received less than 45 percent support from men as well as just 16 percent support from Hispanic voters (the lowest share since 2008). That means that while Republican leaders made progress toward putting women at peace with abortion rights by making sure that language regarding access to contraception was included along with language about birth control later this year if Congress doesn't act by May 1st -- which will likely happen anyway given current budget cuts -- only 26% said they wanted stronger laws making abortion coverage easier before next year's census taking place after September 2013; 51% said they want stricter laws going forward until then; 62% preferred no law changes so all abortion could continue without additional government funding being required next year; 60% said restrictions should apply across state lines if necessary; 55% thought requiring people under 18 years old not consenting to have abortions should also be changed because parents shouldn't have to go through an exam or parental notification process when getting an abortion (a provision currently blocked by federal judge Barbara Roan); 61% saw no need to require parental notification or get parental consent before minors seeking abortions get such documents outfitted with special devices not available at most other clinics but most hospitals; 71%, meanwhile put off having sex until marriage because ""some individuals can't take responsibility or stop thinking about pregnancy."" In fact 70%, even 65%, didn't think ""everyone should be able"" not use birth control – even though many already do so without government assistance – because it is ""easier"" without insurance coverage or tax credits that provide contraceptives at low cost regardless how much money Congress has earmarked specifically for such benefits like subsidizing prescription medication costs now denied under Obamacare plans passed last year.) One thing was certain among those polled this week: Both parties need new initiatives aimed at restoring faith between believers and unbelievers alike – particularly Christians concerned about same-sex marriage issues - which means addressing religious freedom first while also addressing discrimination against gays themselves.(AP)",left,center
nan, A strong supporter and ally to Boehner is not likely to have success against Paul Ryan unless he is re-elected Speaker with significant gains from his own party's voters; The author suggests that Obama could try to gain support from some tea party activists by having them vote for Boehner; The author predicts that if Boehner loses because he has been unable to break his party's numbers then he will never find another path forward; If Obama loses his remaining three seats it will be less likely than before that he can find an ally behind him or any other Republican who can win enough GOP primary votes; There are many options which do not depend upon which party is losing overall - but one option may well be winning an outright victory - assuming you win primaries where Republicans lose only one or two seats or caucuses (a lot depends upon whether you get enough independents among your caucus),left,center
Raul Labrador To Run for House Majority Leader, The GOP establishment knows how it likes its new tax plan to be presented now that it has taken over control over Congress’s tax bill plans again by passing it by unanimous consent rather than through regular order procedures required by Senate rules..,center,left
Raul Labrador To Run for House Majority Leader, A two term congressman who has spent much of his career winning elections says he plans to challenge Speaker John Boehner (D-OH) in 2014 -- setting up an intra party battle that could shake up Capitol Hill as lawmakers return next week following several weeks away during which they have struggled with new leadership challenges and scandals involving senior staff members who had received lucrative cash payments while Congress was led by an unpopular Republican speaker.. - The Oregonian | Portland Tribune | News,left,left
Raul Labrador To Run for House Majority Leader, A one term Republican legislator serving part time as representative with no experience or qualifications says he's running for re--elected office again - but not at an unopposed moment that might lead into open primaries....... Read more…,center,left
Raul Labrador To Run for House Majority Leader, Rep.-elect Raul Labby has officially launched his campaign for majority leader against Kevin McCarthy (R) in Washington D C January 28th 2009 11:07am EST http://www1soscarino24hourradio81269/images/rssfeeds/1071120305427167873/newsletter_bio_summarize_rachel_labby19082c07a9dc0eee6f7fc4aec05ecc0e3ac59b1bbd839c0f90bd4be7fb3c2fb2bcf0103dcc25a9629cb9e28173823dd4db8ef2289ed65d5ab624404960d36ce440070877588adaf5ff5786de6a974345fe3eb09f56ae33c1332ca1511cd80203781cf934df932891ea9547b51bf35ce996858eb63fc26fdba5bc9874baaf1cf7bb72aa4ed6ae772582f4879061050982ad5ee1141db756831bc18761df65be05fa671538526027461796338569557950665914703794007862dc92bf02dd7fd678564da611277832366bd8430aa8721a5534c09451941dc0618fa29b76e0416860184270470dbacde269380cbef47ea3b08ca822ce72fbcd3674643549012340461488946542acda911912954310d7ca5731bf6224ef56ec9769f98feab971eff205432ba44ff282063cb53751790ad55473554ed532542bbaf3ec9394851cd78ff991803be49ade1344731485fc6ee587664bd83166082aa2986eb595061fa96cc52dd8ef9902a038bc67ab376626893081c53bb07921394df896845f34ea0891aaa58790921ae5edd73fac,right,right
Raul Labrador To Run for House Majority Leader, While there has been no confirmation that he has signed on with any prospective party committee or officeholder by name yet due to legal restrictions surrounding such activity by memberships representing minority groups... Read more »,left,right
Raul Labrador To Run for House Majority Leader," With four candidates running as Democrats or independents against Rep.-elect Ron DeSantis (D) in southern Florida's 20th Congressional district, an election scheduled for December may have been more difficult than expected by observers at least since Gov.-elect Rick Scott opted not to seek re-election and instead chose another race — one that might make it even harder for Democrats seeking their party’s first open Senate seat since 1994 — ahead of Nov., 6 general elections? In addition to Gov.-Elect Ted ‘Don’t Tread on Me!’ Cruz challenging Senator David Vitter (R), there are also two Democratic candidates who want Rep.-elect Jim Renacci’s (D) seat that would be vacated by Sen.-elect Bill Nelson (D). The races differ significantly as well; one has incumbent GOP Rep Bob Goodlatte facing challenger Tom Garrett; another has incumbent GOP Rep Steve Scalise facing challenger Matt Gaetz.. Goodlatte vs Gaetz: Gaetz leads 50/42 with 45 percent name recognition… But those numbers suggest much less than what likely will be an easy victory over Goodlatte… And while it seems likely that some races are too close to call at this early point – which means we may need several weeks or months before they can be called – both congressional candidate events were held last year so there could still be seats open where names could change hands… [See our previous coverage] A Democrat who won her own race last year against an incumbent Republican now faces another tough battle against one whose campaign slogan used “No Excuses For Democrats!” It appears unlikely that she can hold onto her win [see our preview] … If DeSantis wins re-election – he becomes Florida's first black governor EVER — he will face strong competition not only from President Donald Trump who had previously endorsed DeSantis over Vice President Mike Pence but also Lt Governor Jeanette Nunez who ran as an independent last year against Democrat Brian Baird.. But whether he loses again remains unclear…. As if all predictions were wrong now - Sen., Jeff Sessions defeated longtime Congressman Steve Knight by only 3 points when their offices were within 1 mile distance - Sessions defeated Knight by 5 points even though Knight had been leading all along… That shows how competitive these races really are…. As voters head into November they will hear more about those contests … And while we certainly don't expect them all to go Roy Moore - with Sen., Debbie Stabenow having led Stabenow 54/46 percent over former representative Tom Perri",center,right
Raul Labrador To Run for House Majority Leader," GOP Leadership has been working hard at bringing back its brand image that was tarnished by its botched Obamacare repeal attempts and efforts to pass comprehensive tax reform despite opposition from some leading conservatives like Paul Ryan Paul Davis RyanPaul Ryan hits Trump over climate policy McConnell says Trump has no plans in identical tweet about women Biden: queers! campaign to stop obvious racism on display MORE (D., Wis.), ""You can't just throw out what you know works."" ""Unfortunately it looks like they are trying to continue down that path.""",center,center
Raul Labrador To Run for House Majority Leader, Former Lt. Gov Tom Davis says John Boehner wants him replaced; Senate leadership races begin today; Democrats are hoping President Obama will be able to win reelection; The president reportedly has no plans at all yet if he’s elected by next year; Today’s top headlines and op eds » More on Rep.-elect Marsha Blackburn » More on Rep.-elect Marsha Blackburn » News/opinion »,left,center
Raul Labrador To Run for House Majority Leader," Former Democratic Senator Jon Kyl was endorsed by President Donald Trump after previously running unsuccessfully in 2010 against Govs Sarah Palin and John McCain as an independent outsider candidate during that year’s midterms who called Trump 'a demagogue.' The president also reportedly made it difficult for people who support immigration reform to get on board with him because they are viewed as “soft on crime,"" according to an interview with Yahoo News columnist Michael Kinsley. As we discussed previously, GOP leaders want tax reform but they cannot muster enough votes across party lines because their base has opposed most or all tax cuts before them. That made Kyl unelectable at times during his first campaign against GOPers like Scott Brown, Bob McDonnell, Paul Ryan, Michele Bachmann and Tom Price. He spent $250 million so far but he did not receive any endorsements or contributions from Republican members of Congress at that time either--even though he had never been elected before or worked alongside leaders like Speaker John Boehner (R) back then--and had earned negative coverage due to his past stance on immigration and taxes.(more...)»»",center,center
Democratic Senate Candidate Faces Harsh Criticism Over Farmer Comments," In February 2006 The Des Moines Register published an article titled “Bruno Fails To Win Iowa’s Newest Party Boss” highlighting that before becoming State Attorney General Bruno Jang was running for Iowa State Senate District 4 but then decided not run for re-election because he “didn't want people saying that Senator Grassely was too liberal."" That March 2007 The Quad City Times also ran an article quoting Bruno Fails To Win Iowa's Newest Party Boss criticizing his “radicalism” and calling him anti-family when asked if he intended it as a racial slur in reference to Senator Joni Ernst: ""I think she has been very anti-family up until now"". According to The Des Moines Register back then Bruno Fails To Win Iowa's Newest PartyBoss could not be reached for comment regarding both articles at that time. However at one point during 2008 there was speculation regarding possible future bids by Mr Bruno of what had happened after being replaced as Attorney General by Attorney General Lisa Madigan whom former Democratic Governor Terry Branstad appointed so far only one incumbent Democrat currently sitting in Congress has publicly endorsed a bid against Republican Rep Dave Camp : https://marshallbrosenetworkpaula/wordpress/wp/?p=811 When contacted about potential future bids Mr Bruno said no decision had been made yet if they will be submitted but noted it had already started early polling asking voters whether they would support them or not. https://twitteroscarlaherreraquincereraporteocaso/statuses/101122345590852776?ref_src=twsrc%5Etfw%7Ctwcamp%5Etweetembed _source_type=share This is why we need more voices like yours so we can talk things our way! Thank you! — Bruce B",right,left
Democratic Senate Candidate Faces Harsh Criticism Over Farmer Comments, This is what happens when one person says something outrageous that everyone else thinks is right but it’s so blatantly wrong that no one else knows better than them,left,left
Democratic Senate Candidate Faces Harsh Criticism Over Farmer Comments," On January 18th at 6PM Central Time – The Des Moines Register reported that Congressman Bruce Braley has been asked about statements by Senator Chuck Grassley regarding his background as an attorney when discussing him during last weekend’s debate hosted by CNN – “In Iowa I am proud not only because it was my first time out there but because it was one of my first calls…to my family back home."" The article stated that Senator Bill Cassidy took issue with how brash of Senator Grassley had been when speaking publicly about him and called for his resignation as well as several other members of Congress following those remarks and others like them being taken down through legal channels….The quote comes from CNN tonight but has been referenced here before….On January 22nd at 7PM Central Time – The DPI followed up with an interview where they quoted Senator Bill Cassidy’s remarks as well..Senator Carl Levin pointed out that no senator has ever resigned from office over controversial statements like these….On Monday night at 10pm Central Time / Tonight at 9pm Central Time – Fox News aired an ad where former Bush administration officials Mike McCurry & David Addison discussed some statements that have been made this year by President Barack Obama regarding illegal immigration/immigration enforcement which are directly related or connected(citing examples) …McCurry commented; “You guys are going round in circles here Mr President…” And Addison noted; “I don’t know why you aren’t listening to what we tell you…You can find out what we think is important for all Americans here for free…..We want every American elected president so we take our jobs home together we come together as Americans….it doesn't make sense why this continues so long before being voted out…..and until then let us be heard!"" On Thursday night FOX & Friends aired a video clip during which former Vice President Dick Cheney talked about how he felt when talking publicly about issues involving immigration….He had said; ""It's just bad people coming into our country."" One would hope that Republicans would be more mindful now than ever before…",right,left
Democratic Senate Candidate Faces Harsh Criticism Over Farmer Comments, Senator Tom Harkin is retiring from Congress after serving two terms representing his state for 16 years as senator and one term as chairman of committees...more »,left,right
Democratic Senate Candidate Faces Harsh Criticism Over Farmer Comments," RepsBruce and Chuck are two of Iowa's most vocal defenders against abortion rights efforts while both are also fiercely pro-life leaders who represent conservative districts where they are seen as some of their biggest supporters during elections year after year - but now they find themselves in an awkward position after one of them was called out for making offensive remarks about another member back when he first entered congressional office as a freshman Democrat three years ago…and it isn't just him...it seems that Congressman Dan Lungren has had at least some part in making these very uncomfortable choices for himself and his party...In this clip from March 10th Congressional Black Caucus meeting - listen how Dan Lungren talks about how we can have change without getting burned down by words like 'bible banger' or 'nigger'…and then talk today about it’s just words used by other people but no one uses them anymore…Listen at 6:50 minute mark – Dan Lungren tells us what it feels like when people walk across that bridge – He calls us “fools” — He speaks directly into our ears — And our eyes turn white behind their sunglasses - Because he knows we don't want no more fear! The quote above comes from Congressman Dan ""The Kid"" Lungren explaining how sometimes words can be used but no one uses them since they're seen as ""unpopular opinions""…but then there can be some times where it does happen….we'll call him ""Dan"" so that we won't forget what kind of man is truly being led around by all those red lights!! This clip was originally aired May 2nd 2017 @ 1pm Eastern & 5pm Pacific Time / 9am Central Time / 12noon Mountain/ Atlantic/ Pacific – Watch here http://www..iowaanarchistradio..com/20170502/lungren-wins-heartland/#!/watch_video_index_id=2456105423&subscriber=https://www..iowaanarchistradio..com)#Republicans#RepXNews#RepBruceBrumly#RepChuckGrassley #Politics #IowaPolitics #RedState #AmericaRising







",left,right
Democratic Senate Candidate Faces Harsh Criticism Over Farmer Comments," Rep. Bruce Braley said that if they help him win this race he will likely have someone from his past — like Bob Dole — as chairman of Democratic leadership for Judiciary Committee.""I should say that I am not saying that my wife will be chairman or anything like that because I haven't run for office myself but I do know her personally and know she would be thrilled if she could be so much more involved,"" said Mr.Braley at an Iowa Freedom Summit held last week by Americans for Responsible Leadership (ARS). The event was attended by former Gov.Tim Pawlenty,U.S Senator Tom Daschle and former U S Representative Russ Feingold among others.""In fact one time I sat through almost every hearing where Russ Feingold spoke because most people would just leave him alone because they thought he was right wing ideologue,"" Mr.Braley added.""So when I hear back from people who are not satisfied with what we do it goes back up my list of potential candidates so when they ask me 'why don't we work together' or 'what can we add?' If we are able to find common ground then let us all work together because it is going down hill coming down hill getting nowhere,"" Mr.Braley added.""Hopefully if there is any chance at all we can find common ground then let us all help each other out as long as it doesn't harm either one party or both parties at all,''he concluded.""""So thanks again for coming out here today! We appreciate everyone including Republicans and Democrats!""The ad claims that under GOP control “Democrats’ agenda threatens our economy” while “Republicans would create jobs without tax cuts”""We'll support businesses like yours without raising taxes! We'll support farmers too!"" says AARP Campaigns Director Paul Greenberg -but only until there are no Republicans left in Congress."", The ad also mentions other business owners like Jim Schachter whose company has been trying unsuccessfully since 2002/2003 ""to get government off our backs"" but who recently got into trouble from being listed as part of such a group: “The Business Roundtable did something similar earlier this year with Jim Schachter...and it did not end well"", says The American Federationist Association president Robert Ringer.""It appears these ads reflect those things mentioned above"", Ringer writes in an e mail address seeking comment from Americans for Responsible Leadership(ARS).""Our goal was always just simply make sure our message about where America belongs wins over any rhetoric about government spending",right,right
Democratic Senate Candidate Faces Harsh Criticism Over Farmer Comments," Republicans remain confident they are going into Iowa’s August 1 primary at least one candidate has taken another step toward winning Iowa and taking down John McCain this summer – by attacking Rep.-elect Bruce Braley for voicing concerns that his opponent is out of touch with average Iowa voters when it comes to issues important for national security in an election year.""The views expressed above are solely those of Americans Rising/America Rising/Americans Rising PAC / The Daily Caller News Foundation...",right,center
Democratic Senate Candidate Faces Harsh Criticism Over Farmer Comments," Rep., who is facing serious primary challenges as a result of comments he made about colleagues — including other Republicans — at Thursday’s Iowa City Council meeting held near Des Moines in midJanuary 2018 that some saw as “tone deaf” and “tone prejudiced” was criticized for saying that Grassley had “fucked up his job by doing everything possible so that these investigations wouldn’t proceed at all.""",center,center
Democratic Senate Candidate Faces Harsh Criticism Over Farmer Comments," Sen., representing Iowa County District 1 where it was posted that I am now being called out for defending Judge Robert Bork while he was sitting as Chief Justice in 1987 and 1988 while I worked at Washington General Hospital until 1991... Posted by The Des Moines Register via America Rising Newsgroup 4 Comments",center,center
Eric Holder Hears From The People Of Ferguson Face To Face, This image shows President Barack Obama participating in a campaign event for Senator Mark Kirk outside Springfield on June 21st 2007,right,left
Eric Holder Hears From The People Of Ferguson Face To Face, This story begins Thursday morning when Missouri resident Mike Brown walks across a street wearing shorts and a T-shirt into traffic jam where police officer Darren Wilson shoots him 18 times for allegedly selling drugs then turns his body over to local officers waiting for hours nearby for their first chance at arresting him for murder or killing another person while armed or dangerous...,left,left
Eric Holder Hears From The People Of Ferguson Face To Face, The killing of 15-year-old Michael Brown has shaken America's sense of security after six weeks without a major national incident comparable to 9/11 or Pearl Harbor (or even close) because there is widespread skepticism about police practices in cities across America — especially those led by black mayors who say they're not being asked enough questions about how policing works in their communities.),left,left
Eric Holder Hears From The People Of Ferguson Face To Face,"Ferguson is an African American community in Missouri where police shoot unarmed black teens multiple times each year for jaywalking or simple trespassing (this is one of many examples). On October 9th 2011 Darren Wilson opened fire on 18 year old Michael Brown because he was walking across a street when two officers confronted him for jaywalking (the officer was not armed) which lead to Wilson being convicted for first degree manslaughter and sentenced to 25 years incarceration followed by 7 years probation. This incident has sparked outrage from those who support black lives matter alongwith nationwide protests demanding more accountability from law enforcement agencies across America. In 2013 Eric Holder met with activists who were protesting after Darren Wilson shot into tear gas over 500 protesters including families of children murdered under police watch or racial profiling. Over 500 people joined these groups including clergy, youth clubs etc.. However once again no action was taken against police officer or state agents involved.. After more protests over several days Eric Holder released another statement blaming 'problems' created following Police shooting of unarmed teenager for not creating solutions despite having been part of various demonstrations over these past few months...",left,right
Eric Holder Hears From The People Of Ferguson Face To Face," On Tuesday evening hundreds of people gathered together for prayer for Michael Brown's family before heading out downtown St. Louis; they returned Thursday morning after hearing from Attorney General Eric Holder about what happened there on Friday night (see story below). A student who attended Thursday's meeting also shared their thoughts (see story below). The next day there were news reports saying Brown was not wearing a helmet—an indication he had been hit by gunfire—and another report which suggested investigators were looking into whether officers fired upon him when he was running away from officers after being shot multiple times...The shooting sparked protests throughout Missouri but also within Missouri State University where President Jerry Abramowitz held a talk yesterday afternoon about racial injustice...The protests included one protest outside of Columbia University where protesters demonstrated over how law enforcement treats black youth...More here..Holder spoke briefly of his conversation with Brown family members last night while they were speaking in front of CNN (see video below)....After leaving Columbia later yesterday afternoon Hieber began meetings with state senators about possible legislation which could be passed if Gov.-elect Eric Greitens wants any action taken...Meanwhile today President-elect Donald Trump is expected to appear before Congress later today telling constituents how much he likes Missouri; some members are suggesting it will be better if lawmakers don't pass laws until after Nov 30th which is when elections will allow him to move into office without violating campaign finance limits..On Monday morning I talked again via email with Mayor Tom Foxx (who has held office since 1991) who told me city officials worked very hard on finding ways to prevent violence because there is so much tension between neighborhoods over race and those tensions can escalate quickly depending on things like drug use or gang activity....Mayor Foxx explained why police made contact so quickly but also showed me several photos taken from cameras placed strategically around different sections near downtown including areas where protesters gathered along 14th Street between Martin Luther King Jr Boulevard and North Broadway....City leaders had been concerned because despite having had conversations in recent weeks about improving public safety especially among youths under 18 years old Mayor Foxx pointed out that during his time as mayor there were fewer reports serious incidents compared to past years due mainly to police making those initial contacts quick then returning patrols closer together.....Last week we saw some interesting developments over whether or not Mike Brown lived up enough expectations for demonstrators back home; here is one example....I called John Swain last night around 6pm CST regarding an issue related to demonstrations last week against Mike Brown, it appears protestors may have been planning more events during this weekend..",left,right
Eric Holder Hears From The People Of Ferguson Face To Face," It has been reported that protesters planned protests against Ferguson after Brown was shot dead; however no protestor was arrested when video footage shows police dragging a suspect away from Brown outside his car while he is lying unconscious for hours on a sidewalk outside his apartment building; Brown's death is being investigated as an act of self defense rather than murder; protesters plan for further protests during Martin Luther King Day weekend; tensions between law enforcement and neighborhood residents are rising over perceived police brutality toward African-Americans in Ferguson over its past month of unrest after George Zimmerman fatally shot teenager Trayvon Martin ( Zimmerman has not been charged); Mayor James Knowles (D) stated today that he does not believe there will be any further protests until investigations have concluded into what happened following Michael Brown's killing last weekend (see news item below)--Ferguson is still facing controversy surrounding its handling of Michael Floyd's killing earlier this year by white police officer Jason Stockley--and two other fatal shootings across Missouri--a shooting allegedly committed during a drug deal gone wrong which resulted in two bystanders getting beaten up (reportedly because they were helping him), then another incident involving officers beating up another man (and another person filming those actions) while being chased out of their own home due to noise complaints....",right,right
Eric Holder Hears From The People Of Ferguson Face To Face," In October 2012 a 16-year old Missouri man was stopped outside his home by two officers who were responding to reports of gunfire around his neighborhood; three other officers joined him there for questioning; when one officer tried to arrest him for allegedly stealing from another officer's car--that charge was later dropped--the teen opened fire (the report says 11 shots were fired) killing himself after being struck twice in different places during those initial hours on scene before being taken into custody following an extended chase through a predominantly black neighborhood including its residential section..
By: Nick Montague / January 3rd 2013 - 5:32pm

",right,center
Eric Holder Hears From The People Of Ferguson Face To Face, Michael Brown was fatally shot after running from police officers when they put him on foot pursuit (about 5 miles) outside his home last week in Ferguson Missouri; it had been a peaceful scene until another officer decided to shoot him at least once; today's Attorney General Eric Holder says change 'won't happen overnight.' On Thursday afternoon...More from HuffPost...,left,center
Eric Holder Hears From The People Of Ferguson Face To Face, A Missouri teenager has died after being shot by police officers during a confrontation between officers and protesters during protests following his shooting death last week in St Louis after being arrested for allegedly stealing a car early Saturday morning when he was 13 years old; however some believe it is happening due to misinformation from police (see previous post).,right,center
Prominent Republicans call for Ariz. Gov. Jan Brewer to veto bill allowing denial of service to gays," GOP leaders are calling on State Senlinde Skelley - who represents Phoenix -to take action against SB1062, which would allow businesses' owners who claim sincerely held religious beliefs to refuse services from anyone because of their sexual orientation (or race, gender identity or disability). A similar measure already exists under federal law and an alternative proposal awaiting approval under SB1062 was introduced and passed by lawmakers this spring.. The Democratic-controlled Legislature refused at first opportunity after it became clear it would be vetoed by Brewer after her arrival in D C., but there is hope Gov.-elect Jan Brewer might change her mind. But no doubt those two legislators will wait until after they have decided on what legislative action they'll take next year so they can put pressure on other elected officials as well since their votes are essential if you want them on board with your positions.. This isn't exactly something they want lawmakers up north taking too seriously...",left,left
Prominent Republicans call for Ariz. Gov. Jan Brewer to veto bill allowing denial of service to gays, Some Republicans are saying they will not support Gov Janet Napolitano's plan which puts an end of discrimination against gays and lesbians under state laws if it passes both chambers of Arizona lawmakers this week.. (Source: AP),right,left
Prominent Republicans call for Ariz. Gov. Jan Brewer to veto bill allowing denial of service to gays," In this article we have reviewed some of these issues in an effort of understanding some basic philosophical issues underlying how our country operates on certain political issues today through history and what it means today where there are individuals who refuse (or maybe even seek) social change being denied their right by society or society acting against them individually. Most importantly we try and see how this affects those individuals themselves as well; so we do our best not only analyze where others are going off course regarding certain political/social issue(s), but also try and understand why someone does not want/have these kinds of things exist within their lives so they can have an individualized way out of it - which may be different than what others are experiencing on this side ; at least theoretically speaking - either because they simply can't relate due its being so personal / emotionally sensitive (or perhaps simply if they can relate due its too politically sensitive) - OR because they just don't believe there will be societal change (or even changes at all). In other words - basically if you believe your personal belief system / worldview is correct then you should seek public support from society / governmental authority... And most times you do NOT! In other words...most times you're going about it wrong! Therefore there should ALWAYS be laws against these things occurring within yourself-and then laws changing rules once laws have been broken & actions taken against those people who believe differently from your way? You think that one?! I know I'm making assumptions here lol...anyways-thankyou again everyone & enjoy your weekend!",left,left
Prominent Republicans call for Ariz. Gov. Jan Brewer to veto bill allowing denial of service to gays," The issue was brought up late last year when an attorney filed an unsuccessful legal challenge against Proposition 205 on behalf of anti-gay rights group GLAAD (Gay & Lesbian Alliance Against Defamation) who contended that it violated equal protection guarantees under federal law and state Constitution because churches and other religious organizations may refuse service on basis of their faith based beliefs while civil rights groups were allowed free access under state law.""Religious freedom"" means ""freedom from religion,"" meaning discrimination based on religion...",right,right
Prominent Republicans call for Ariz. Gov. Jan Brewer to veto bill allowing denial of service to gays," In an unusual move several prominent members of Arizona House Speaker Steve Ogden's leadership team have called on their colleagues in both chambers of its legislature not only not to sign on but also tell them they would be ""in serious trouble"" if they did sign on and vote against SB1062 sponsored by Rep John Kavanagh (R-Las Vegas) and Sen Barbara McNamara (D-Phoenix). The vote tally was up 923-1 at press time Wednesday night after it became known that there were no votes cast against signing it into law Monday afternoon after SB1062 passed out of its committee meeting Monday night with 21 Democrats voting ""present,"" one voting present — all those who previously voted ""no."" While many expect Brewer will be among those who don't vote yes — some polls show her holding an even wider lead over other leading Republicans in public surveys — others feel there are too many unknowns about what happened during committee deliberations Monday night and that if anyone should be punished because of it, which includes her own staff members' comments on Facebook groups like AZFamilyLifeTalk about how bad things could become if they didn't sign onto SB1062 immediately — such comments might be enough punishment in themselves! As far as how much harm this could do? Well, you can guess why some say it might wind up being far worse than originally expected when you read this: The state Department of Public Safety recently released internal documents revealing that Gov Janet Napolitano personally told police officers who conducted interviews at bars where illegal immigrants attend so-called ""vulnerable communities"" around town where there are high rates of violence due primarily because Hispanics had less protection under federal immigration laws prior than other groups such as blacks or whites; such statements were never included or referred anywhere within state law regarding reporting crimes; although several public hearings including one being held today by two legislative committees concluded their hearings without taking place until now due solely due out of fear for their safety while discussing whether someone should go back into jail rather than face possible deportation given what had happened just shortly before; thus we have yet another example yet again where powerful political figures try desperately hard not only trying very hard not only trying very hard actually trying desperately harder keep themselves safe while keeping everyone else safer...",left,right
Prominent Republicans call for Ariz. Gov. Jan Brewer to veto bill allowing denial of service to gays," A proposed law expanding an existing right-to-sue law would create confusion about which states have laws and which don't because of what they believe are ""religious freedom"" arguments by opponents who say such laws violate their constitutional rights under what they call ""religious liberty."" The dispute pits Arizona Gov.-elect Jan Brewer against former House Speaker Greg Stanton who filed suit challenging it after it became public late last year that he had been sued while governor of Georgia on similar grounds.(AP)",center,right
Prominent Republicans call for Ariz. Gov. Jan Brewer to veto bill allowing denial of service to gays, This article summarizes some of what seems like an impending showdown between Govs Jon Kyl and Brewer Jan Brewer returns from South Carolina less optimistic than she might have been two weeks ago about whether there was an opening on her side after all four major statewide elected Democrats failed by wide margins in November elections - three of them losing gubernatorial races (Kyl won handily) - along with President Barack Obama who lost his re-election bid by less than 2 percentage points (but not enough).,left,center
Prominent Republicans call for Ariz. Gov. Jan Brewer to veto bill allowing denial of service to gays," A number of prominent Republicans are calling for State Attorney General Janet Napolitano (D)to reject controversial SB1062; however, they say there is little chance she will do so after being asked by Gov.-elect Doug Ducey on Sunday if he wants her at his side during this crucial debate over abortion rights and same-sex marriage rights in America's deep red state - all while continuing her role as one of America's top legal minds....",left,center
Prominent Republicans call for Ariz. Gov. Jan Brewer to veto bill allowing denial of service to gays," Republicans are urging Gov Jan Brewer not only to veto SB 1062 but also call on other governors who might sign it (such as Texas Gov Rick Perry). This could also be an issue nationally given recent comments made by former Arkansas Gov Mike Huckabee and others who have called for an end of same-sex marriage bans nationwide.. ""This whole situation has gone way too far,"" said Scott Wachtel of The Capitol Group in Scottsdale, Ariz., adding ""Governor Brown wants us all on our knees praying... we're trying our best here."". ""Arizona may well be one of first states that actually get hit by this kind of thing,"" said Michael Levenson at AZCentral News Service...[P]robably because we put ourselves at risk.""....When it comes right downto it this is all about religion - one side says we should be free from religion; on behalf of another side you believe you can't do anything without violating their religious beliefs? In which case why did these faith-based groups get so much power? It appears that there seems no distinction between them and those like Jerry Falwell - what about his right?.....I'm guessing they just don't understand women's rights...they think they can do whatever they want when women are doing what men want....and I'm beginning see where they're coming from....""It seems like if your opponent isn't going out of his way not only am I winning but then saying he won't stop until all our opponents lose! That would be pretty darn impressive!"" said former UPI reporter John Stowe...What does Jan Brewer stand for? ""...we need her!"".....I hope people take note that she holds some very important positions......she had been president twice before (1992) so maybe she knows something about being president.........but I'm telling you there's almost always something about her personally going back into politics again!! When was last known whether there were still two candidates vying???..""As long as someone gets up enough votes every time their opponent loses so he can tell everybody he won!!!!!!?""--that kind of thing never happens anymore!! They have become used to losing.......and now people are starting second guessing themselves because they started voting Republican!!! What kind of people are these guys anyway!?..........it should probably include atheists...""we were elected politicians!"" LOL!!! Then again maybe even atheists should join in -- perhaps if everyone thinks God really exists then some may change their mind",left,center
GOP Staffer Apologizes For Lecturing Obama Daughters To 'Show A Little Class'," Lauten's post was taken down shortly after it was published by Gawker because she apparently believed it violated Obama family etiquette.""They aren't being treated as royalty by everyone they meet.""",right,left
GOP Staffer Apologizes For Lecturing Obama Daughters To 'Show A Little Class', The Washington Post published an editorial Thursday assailing President Barack Obama's plan to pardon hundreds of thousands of Americans who have been convicted on some or all counts related to nonviolent offenses through executive clemency — an effort he has dubbed Operation Streamline because it will likely end up benefiting wealthy defendants charged with minor but serious crimes — as well as his choice to issue pardons only after Congress approves them by making them subject to congressional filibuster rules preventing floor votes until after they are granted without approval from lawmakers who have held office for no more than one year since their elections?s?,left,left
GOP Staffer Apologizes For Lecturing Obama Daughters To 'Show A Little Class'," A Republican staffer on Friday apologized for an entire Facebook page dedicated to mocking Michelle Obama's appearance at an annual Thanksgiving turkey pardon ceremony as offensive and disrespectful (see above). It's hard to find any criticism of her posts about Malia or Sasha Obama while there are numerous others from Republicans who are openly critical of their daughters' appearance each year during Inauguration Day ceremonies – including even some who have been publicly humiliated themselves by liberals after they made false statements about them having attended high school proms when they were underage (see below). The apology doesn't end there -- it also included some personal insight into why some Republicans still find it acceptable to ridicule their daughters' appearances during public holidays (while many think these things should be discouraged) before concluding with some advice on how Americans can deal with those who make such comments now -- though it seems more than just parents need to take note as well; perhaps it would be best if everyone tried acting nicer toward others when around them? It also provides another example of how America has become less tolerant over time (both within its borders and on social media), one where insults are increasingly being directed towards people based purely on what they look like rather than anything else...",right,left
GOP Staffer Apologizes For Lecturing Obama Daughters To 'Show A Little Class', A Republican staffer on Friday wrote an apology for criticizing President Barack Obama's appearance at Thanksgiving parade pardons because he's too young to be president -- although he didn't actually say it was his fault (despite claiming it was). You see? This is how our politics work sometimes! But we're taking them back! pic/YouTube screenshot,left,right
GOP Staffer Apologizes For Lecturing Obama Daughters To 'Show A Little Class'," President Obama has been giving speeches since he was elected eight years ago — but this time his message is getting out there more quickly than ever before with an event called “The Second Chance Tour."" (That name might be referring to an actual charity campaign.) The president will hold another event later today in Baltimore where he'll speak about how his own actions have helped America recover from past tragedies such as 9/11 and Hurricane Katrina....
And we're only three days away from Thanksgiving; it seems as if all Americans would be thankful if they could find some solace here on Earth...but what does it really mean when we say we go together? How does one begin to explain what is meant by saying we are grateful? In its traditional form gratitude means acknowledging your debts; but is there any better way to express our gratitude than by offering others who are less fortunate thanks? Here are some suggestions.....to everyone who celebrates it.....to every person who can serve as inspiration....and even though its just Thanksgiving weekend......we could use one last reminder from our children before they return home....We will always have our children with us no matter where life takes us...we will always have them...even if they never come home again!",center,right
GOP Staffer Apologizes For Lecturing Obama Daughters To 'Show A Little Class', Republicans have no problem blaming social media for creating an entirely new brand of bullying against anyone who dares hold political opinions different from their own -- but as soon as they start blaming it on something else entirely they seem to forget about themselves first...it's always about them!,left,right
GOP Staffer Apologizes For Lecturing Obama Daughters To 'Show A Little Class'," A Republican staffer on Friday apologized for posting an insensitive tweet mocking Michelle Obama�s appearance at Thanksgiving with her daughters - including asking their fans to write ""Sasha"" instead of Michelle in their online comments - then responding by saying how much she had enjoyed it herself when she saw it on her Facebook page earlier today (Saturday). The post was made shortly after Politico published new photos from Michelle Obama's visit last year alongside some members of Congress' families including parents Reps Ted Lieu (D-Calif.) and Jackie Speier (D-Calif.), as well as daughter Sasha Lappeand brother Malia Obama..
Read more from Gawker here: http://gawkerpost.com/2013/03/30/stephen-fincher---says---theresa---nato----to---apologize/",left,center
GOP Staffer Apologizes For Lecturing Obama Daughters To 'Show A Little Class'," The UPI reports that Elizabeth Lauten was upset about last year�s turkey pardon ceremony because she was unaware that Michelle Obama was attending it alongside her daughters Sasha and Malia Obama — one of whom is now six months pregnant — before they left on Thanksgiving Day 2011 to attend Barneys New York Fashion Week (with her cousin Beyonce).
The First Lady held an hourlong interview with Katie Couric during which she said she would work ""to make sure girls have access to resources throughout their school years,"" adding: ""I'm looking forward to seeing how we can help them."" But when asked what she would say if someone asked her if Sasha or Malia were wearing low-cut jeans while attending an event with other girls who are younger than 12 years old? Lauten replied: �""Well as long as they�re dressed appropriately � then I think it wouldn't be too bad."" �And she also suggested that Michelle could wear clothes from Barneys while staying out of jail for shoplifting $1 million worth of jewelry from Tiffany & Co! The official word is Michelle wore something pretty conservative during Thanksgiving Day 2011 as part of an effort to appear more mature than she actually felt herself be when visiting New York City on November 22nd with daughters Sasha and Malia Obama...and probably wouldn't have been caught dead doing such things since high fashion has never been her thing....LOL! And also perhaps even though those were clearly inappropriate outfit choices anyway...Michelle might just take some inspiration from Barneys' famous black cashmere coat...and maybe start wearing it occasionally?? :D",left,center
GOP Staffer Apologizes For Lecturing Obama Daughters To 'Show A Little Class'," A Republican staffer on Friday apologized for an embarrassing post about President Barack Obama's family vacation last year — an annual turkey pardoning ceremony held by members of Congress — that made people across Twitter react with shock and outrage over what is supposed to be one of American holidays' highest cultural touchpoints (hint: it isn't).
Elizabeth Lauten posted on her personal Facebook page on Friday night asking people to let her know how they feel about President Obama'making fun' of his daughters' appearances as part of this year's annual Thanksgiving Day tradition; specifically she posted several pictures from last October's event without mentioning any names or locations (the first photo was actually taken while she was actually off duty — but then again who cares if it looks nice?). The second photo showed Sasha wearing an orange jumpsuit paired with white pants; while Malia wore black jeans paired with pink socks... And then there were no signs that either girl had been invited into any high-profile or private functions during their vacation time! The official White House press office didn�t deny anything -- which is good because it would've been embarrassing if anyone had confirmed it all back then -- but refused to acknowledge anything as fact until after they were already booked into three fancy hotels! So yeah... They're doing quite well out there these days! What do ya'll think? We want to hear from yall!!",left,center
Nebraska and Oklahoma Sue Colorado Over Marijuana Law," THE LEGAL MOVEMENTS FROM NEBRASKA AND OKLAHOMA TO CLOSE DOOR TO ANOTHER NUDE COLORADO REPUBLICAN STATE LAWYER ON THE ISSUE OF MANDATES FOR MANDATORY REPUBLICAN LAWFUL USE OF MARIJUANA IN CONNECTION WITH NORMALIZATION OF MILITARY OPERATIONS AS A RESPONSE TO COSTLY COUPLE'S OPINION THAT BANNING MALLS FOR MARIJUANA IS BECOMING A VIOLATION OF DRAINAGE AUTHORITY AND MUST BE HELD UNANIMOUSLY BY THE U.S SUPREME COURT — BUT NO ONE IS LESS IMPORTANT THAN THE EXISTENCE OF THIS SUBJECT IN THIS PARTICULAR CASE — NOW IT IS TIME TO SEIZE UPON THEIR POWER BY APPEALING THIS CRITICAL CLASS ACTION CLAIM AGAINST THEM — NO MATTER HOW FASCINATING (BUT NOT INTERESTING) OR HOW CLEAR IT MAY LOOK UNDER A RESOLUTION THAT SAYS ""NO PRIVATE INDIVIDUAL SHOULD BE SUBJECT TO THE JURISDICTIONS OR CONDITIONS AS THEY APPLY BETWEEN A PROSECUTOR/ATTORNEY GENERAL WHO HAS RESPECTED HIS OBLIGATIONS AND SENTENCES AND AN ADMINISTRATOR"" THERE ARE THOSE WHO WILL NEVER RECOGNIZE THAT THEY WERE WRONG DURING THEIR DAYS AS AGENTS & COPS BEFORE YOU LEFT THE GAME — IN OTHER PLACES WE HAVE ENJOYED OUR DISCIPLINE AT WORK WITH OUR HUSBANS TAKING CARE OF LITTLE WHIRLS SO YOU CAN SHARE YOUR PILLOW TOPKNOTTS—YOU GET WHAT YOU PAY FOR!",left,left
Nebraska and Oklahoma Sue Colorado Over Marijuana Law, This article describes how an alternative medicine doctor opened up his own practice by working full time at his hospital for seven years before he opened his own office as a naturopathic doctor just outside Denver in 2012.,left,left
Nebraska and Oklahoma Sue Colorado Over Marijuana Law, This article examines whether legal pot sales at retail establishments will harm local economies—and whether it will do so at all—by asking how these industries will fare if cannabis legalization is fully rolled out across America this year. It also considers how much income an emerging industry could bring to communities when compared with other similar industries like construction or tourism; what effect legalizing pot might mean for public health; what effects legalization might have on people who use it but lack access elsewhere; if legal weed helps create jobs or improve local economies; whether enforcement agencies would need to increase enforcement against nonviolent offenders who are using pot as an excuse? The authors conclude that most studies show no obvious negative effects from legal weed —and conclude there are likely better ways than current ones to reduce crime associated with cannabis consumption—but they call for greater research about unintended consequences before we legalize something we do not want here already!,left,left
Nebraska and Oklahoma Sue Colorado Over Marijuana Law," It is no surprise then that two cities are taking action against the federal government's effort to legalize pot in both Denver (where there are already legal dispensaries)and Boulder (where there isn't one). Both cities' cities council members just voted unanimously to join other neighbors of Denver City Council President James Tomesy as ""marijuana opponents"" on his city council website today. Here's how it works... Read Article →",center,right
Nebraska and Oklahoma Sue Colorado Over Marijuana Law," NATIONAL WELL OF SHAME OVER MALADY OF CUMMINGS INNOVATION AT THE GEOFFREY TIDAL STOCK EXPERIENCE IN FREDERICKSTOWN VILLAGE ON WASHINGTON HIGHWAY AUGUST 29 - SEPTEMBER 5th 2017 | NATIONAL WELL OF SHAME OVER FALLING LIKENESS & CONCEPTUALLY FUTURISM – BY BERNARD HOFFMAN | THE AMERICAN HERITAGE SOCIETY – PENN STATE COLLEGE UNIVERSITY JUNE 25TH 2017 | END USER LICENSES ARE NEEDED TO REGISTER FOR AFFORDABLE MEDICARE PROGRAMS – BY ERIKA LEVINOWSKI The American Heritage Foundation reports that over 100 million Americans are uninsured or underinsured due to pre-existing conditions making them less able to pay for health care coverage resulting from pre-existing conditions such as congestive heart failure (CHF), diabetes or cancer (Cancer) among others.[1] Some 25 million Americans are uninsured; 11 million are covered by Medicaid (formerly often called medicare) which provides medical assistance covering about 70% of all expenses for those 65 years old or older; another 4 million people get premium tax credit benefits but these only cover about 3% of total premiums.[2] To add insult to injury millions more American seniors do not receive any assistance at all due to Social Security's funding problems as well as Medicare's rising cost.[3] These statistics speak volumes about a huge problem affecting all Americans who need help accessing health care services because our health insurance policies do not cover preexisting conditions causing chronic illnesses such as CHF,[4]diabetes[5][6]and cancer.[7][8] In addition it is estimated more than one in four adults have been diagnosed with at least one chronic illness such cancers[7][8],heart disease[9],and diabetes [10][11]. Chronic illnesses also cause many Americans [12]-including children–to lose jobs due to disability which is also costly both financially as well socialy.[13]-many costing tens of thousands dollars per year [14]-in addition many suffer severe financial problems due their pre-existing conditions contributing directly towards increasing healthcare costs such cardiovascular disease,[15]-insurance companies paying high out of pocket costs for treatments including expensive medications–resulting in an increase in insurance premiums charged by individuals including many seniors[16]. In addition there is no affordable access healthcare throughout most communities because",left,right
Nebraska and Oklahoma Sue Colorado Over Marijuana Law," A case against legalizing pot is coming to court after two outlier jurisdictions announced plans last summer to challenge it as unconstitutional. Two lawyers with years of experience litigating drug cases are on board as plaintiffs named in lawsuits filed by two outlier courts this week asking for a ruling overturning or suspending measures allowing cannabis sales to be legal throughout most or all of three U.S., including Denver; North Dakota; Alaska; Tennessee; Arkansas; Mississippi; West Virginia... Read More »",left,right
Nebraska and Oklahoma Sue Colorado Over Marijuana Law, An open letter against Amendment 64 (Colorado) - The Washington Post - Posted by Scott Olson at 08:06 AM | Updated at 08:16 AM,left,center
Nebraska and Oklahoma Sue Colorado Over Marijuana Law, Medical Marijuana Lawsuits Are Coming From Two Heartland States; State Officials Are Now Holding Themselves Accountable For Their Actions To Protect Public Health – Washington Post A new medical cannabis lawsuit filed against some sheriffs is challenging many aspects of Washington state's medical pot law – but not just its passage – as well as police who may or may not enforce it. The suit challenges how dispensaries are required to treat patients suffering from debilitating illnesses like cancer (under current law people cannot be prescribed medication by these dispensaries) or opioid withdrawal symptoms (which are beyond any reasonable need for treatment). Under current law however dispensaries are allowed to sell only natural products like herbal remedies... [Continue Reading],left,center
Nebraska and Oklahoma Sue Colorado Over Marijuana Law, The legal landscape is changing fast as Washington State grows its legal cannabis businesses following California's lead...,center,center
"Nebraska, Oklahoma File Federal Suit Against Colorado Over Marijuana Legalization", State Of Nebraska And The Oklahomans Case That The Federal Government Has No Right To Regulate Or Control The Practices Of A State That Wont Allow Them To Grow Marijuana,left,left
"Nebraska, Oklahoma File Federal Suit Against Colorado Over Marijuana Legalization", The states of Oregon an Hawaii filed suit Thursday saying they were being denied due process when they faced criminal charges for testing on behalf their governments rather than participating themselves in an experiment on whether or not recreational pot should be legal nationwide next year.. The two cases were consolidated into one case but only one was argued on appeal thus they will proceed separately today... [continued],right,left
"Nebraska, Oklahoma File Federal Suit Against Colorado Over Marijuana Legalization", Lawsuits Move Forward To Demand Passage Of Bill That Would Legalize Recreational Marijuana In State Of Washington; Kansas Moves To Protect Law Against Discrimination; Montana Expands Definition Of 'Marijuana' And Reverses Course On Medical Marijuana Use; Arizona Introduces Law Banning Sale Or Purchase Of Cannabis Products With High THC Percentages; Missouri Prohibits Sales To Minors Under 18 Years Old; New Hampshire Governor Declares War On Pot And Bans All Pot-Related Entertainment Shows In State; Minnesota Approves Medical Cannabis Laws For Two Cities With Majority Of Population Under 18 Years Old; Texas Creates The ‘Texas Medical Cannabis Act' For The First Time In 33 Years And Govts Says It Will Allow Patients To Use CBD Oil As An Alternative Medicine For Cancer Pain Treatment And Other Conditions...more,center,left
"Nebraska, Oklahoma File Federal Suit Against Colorado Over Marijuana Legalization", Nebraska State Senate Approves Compromise on Marijuana Laws Despite High Risk to Public Health,center,right
"Nebraska, Oklahoma File Federal Suit Against Colorado Over Marijuana Legalization"," Marijuana Legalization Is A 'Constitutionally Impermissible Interference With The Rights Of States To Establish Their Own Policies Regarding Medical or Recreational Use.' The First Amendment gives people like me rights to write opinions about what goes on in our society -- even if my opinions may be controversial or even unsupportable."" - David Eberly - August 17th 2014",right,right
"Nebraska, Oklahoma File Federal Suit Against Colorado Over Marijuana Legalization"," The Obama Administration has been working to pass legislation legalizing medical cannabis for many years now; most recently California has approved statewide approval for therapeutic use under Proposition 215 in 2017; however cannabis remains illegal at present despite there being an abundance of research on its effectiveness as an anti-inflammatory agent and as a natural pain relief agent; therefore many patients around America lack access to cannabis therapy due to limited resources such as dispensaries or medical schools which can help people become educated on how best this medicine can be used given certain limitations found within California's current regulations; therefore they believe that they are being targeted by these lawsuits seeking to have these laws overturned which also include various religious groups with opposing viewpoints who wish their beliefs were protected against other individuals making claims that are contrary both morally and legally correct but must be protected against those holding opposing viewpoints who would want their beliefs not be protected given current regulations which would prevent them from using these substances if they don't comply with certain requirements set forth by government regulation but what they think should still remain consistent regardless so long as their opinions don't conflict with current federal regulations allowing cannabis use while prohibiting use where it would cause unacceptable health impacts; therefore several well known Christian organizations including Focus On The Family (the largest Christian group ever) are suing over this matter stating that if these laws aren't overturned then these religious groups will suffer severe consequences due to legal repercussions while others who do not adhere to religious beliefs might even suffer health consequences because there may exist other types or products available outside their own set standards according one organization called Cannabutter LLC which claims more than 100 products including CBD products all within each brand claiming benefits such as alleviating nausea symptoms when taken internally but at present no way to find out any information on whether or not any products actually contain actual CBDs etc... Therefore citing another organization called Compassionate Use International (CU) stating ""Cannabis has consistently been recognized internationally as a safe alternative treatment for epilepsy"" therefore forcing CU president Dr Mary Gagelli Sheehey who also takes his position based upon her position from previous work claiming she does research all issues pertaining regarding legal pot usage so she could decide whether she should take issue with any lawsuits brought against her over alleged violations or possibly even protect herself from potential risks caused by future litigation after researching some product lines she decided those particular substances could indeed potentially cause some types or harms either directly related directly related however indirectly caused depending upon what type of product was used since no one knows exactly how CBD differs from THC especially since THC is still illegal despite having multiple forms found off shelf retail stores currently containing",right,right
"Nebraska, Oklahoma File Federal Suit Against Colorado Over Marijuana Legalization"," A coalition suing for legalizing recreational cannabis won its biggest victory since 1937 when it won an unprecedented ruling from USSC justice Anthony Kennedy that held Colorado's legalization unconstitutional under USSC precedent (see #SUBSCRIBE). A group led by attorneys general from five states claim they are able to win over a key player in pot legislation because they are allowed first use! However one aspect was left out; you'd like to see more prosecutions or at least follow through on previous ones? (For example: Obama was able to get DOJ to enforce same-sex marriage despite being denied his request for legal immunity or another such issue.)

",right,center
"Nebraska, Oklahoma File Federal Suit Against Colorado Over Marijuana Legalization", The states are suing Colorado over illegal legalization of recreational cannabis; they claim its legal status as a drug is directly against their state's own constitution rights which give them power to make their own decisions on whether or not to legalize adult use within their borders; therefore they claim they should be granted control over how citizens can legally use cannabis for medical purposes like pain management or research purposes; therefore they claim all sales must be banned outright or at least limited to state approved retailers like pharmacies which can't distribute cannabis without approval from law enforcement authorities like Pinal County Sheriff Joe Tindall,right,center
"Nebraska, Oklahoma File Federal Suit Against Colorado Over Marijuana Legalization"," New Jersey vs The United States Case The plaintiffs want us to recognize their authority over state decisions regarding medical treatment for medical cannabis patients under both state law (New Jersey) and 28 USC 1346(c). But rather than relying on Congress' determination to define what constitutes lawful medical treatment for each individual patient - as allowed by statute - they urge us instead to determine which state has jurisdiction over any given person who seeks cannabis treatment based on its own definition of what qualifies as lawful medical care for cannabis patients under one state's laws or another... As such they seek an interpretation that would allow them access to all patients who want access based on their own definition... They also assert that because no one state treats people equally regardless of where they reside or whether they qualify as legal residents (citizens), then Congress must decide which place is most appropriate with respect to these matters? So while it may be true that some states treat people differently based on residency status when it comes down to treating individuals with different levels of need based either on location or other factors - such as whether someone lives near a forest or not? Or if someone lives near a highway or not? Or some other variable like race? It seems quite obvious that Congress can take any number of factors into account when determining where individual Americans should be treated... When asked about his view there were significant points he was quick offthe mark... He did say clearly his position was being driven home here by many governors seeking out ways how best address these concerns.... One governor actually told him flatly she was willing ""to consider"" legalizing marijuana.. Another pointed out her concern with how many rural areas could benefit from legalized pot use... Another took him up on his offer but couldn't say if she would back her idea because she had already stated she wasn't looking at an interstate legal battle like NJ et al.. And another pointed out her intention was simply ""not taking sides"" so long as there is no interstate conflict.. In fact New Jersey Governor Christie told reporters directly last week -- after making sure everyone understood that while some might choose between legalizing pot use in urban locations versus more rural areas -- others might prefer legalization across all locations.... As I recall NJ State Representative Keith Ellison responded saying just yesterday he had already met privately with many folks who are opposed even though legalization could help cities like New York deal more effectively with opioid addiction.. While Senator Feinstein recently put forth legislation specifically allowing people born outside America but wish to purchase products such as prescription drugs from American-based companies without any citizenship requirement (including alcohol) -- meaning those born abroad can obtain",left,center
Third-Highest Ranking Republican In U.S. House Calls For Legalizing Undocumented Immigrants, In today's news headlines we hear about Donald Trump's new Mexico wall and more reports about President Obama sending military troops into Iraq by drone or some other means...Read More ›,center,left
Third-Highest Ranking Republican In U.S. House Calls For Legalizing Undocumented Immigrants," Republicans seem determined not only not to embrace comprehensive immigration reform – they even have an alternative plan calling for open borders – because they believe there are plenty more good reasons why millions of illegal immigrants shouldn't be allowed into America at all and instead legalized under a law allowing Americans living here illegally access citizenship by paying fines and penalties like back taxes if they do so within 15 years from when their visa expires (with exceptions).

",center,left
Third-Highest Ranking Republican In U.S. House Calls For Legalizing Undocumented Immigrants," Lawmakers say they support allowing at least some illegal immigrants who are not convicted criminals into America at all times while providing them with an opportunity at citizenship every few years after their release from prison — and they don't like what some say is being done by President Obama's Department of Homeland Security (DHS) as part of ""Operation Streamline."" The DHS has been sending thousands more migrants across our southern border because it's more interested than ever before at deporting these illegals than keeping them home or deterring future crossings by letting them stay here illegally if they're caught doing something wrong — specifically criminal activity such as drug trafficking or smuggling drugs across our borders without paying for them themselves; illegal aliens often commit crimes which violate federal law (such as raping someone), thus making deportation far easier — although there have been cases where deportation was halted due simply not enough evidence to prove illegal aliens were involved (it would seem). More from Reuters: http://www1.reuters...
More From Reuters on Immigration Reform: http://reutn...",right,left
Third-Highest Ranking Republican In U.S. House Calls For Legalizing Undocumented Immigrants," A major Senate immigration bill passed two years ago by then President Barack Obama would have created new pathways for millions of undocumented immigrants to acquire citizenship by offering them opportunities both legally and illegally outside of federal law – but those provisions stalled out during last year's presidential campaign after Republicans criticized them as too vague on details such as what people could do once they got into society -- now known as ""chain migration."" But now House Speaker John Boehner (R., Ohio) wants legislation that includes those provisions so Congress can pass something even more comprehensive before November's midterms on top of whatever legislation emerges from Senate action this week on its high-stakes legislative path that would provide permanent legal residence or citizenship for about 11 million illegal immigrants living here without documents who came here illegally over 50 years ago.. This would require several different bills over multiple months -- possibly even longer -- before Congress would have an opportunity again next year Sept 20th... The new Democratic leadership plan calls for passage within five days..",right,right
Third-Highest Ranking Republican In U.S. House Calls For Legalizing Undocumented Immigrants, The bill has its supporters who believe it would protect Americans from criminal gangs; would allow illegal aliens back into our country; and would reward American citizenship for new law enforcement officers who show up at checkpoints across America—including those working on behalf of Mexican cartels! It also calls on Congress to provide special visas for law enforcement agents who serve on Mexico's hit list against Americans—and we're not sure which parts really call for these positions! Still no word when Congress might vote on legislation like this... so stay tuned!,right,right
Third-Highest Ranking Republican In U.S. House Calls For Legalizing Undocumented Immigrants, It's time for Congressmen... [Read more...] about Kevin McCarthy on Immigration Reform,center,right
Third-Highest Ranking Republican In U.S. House Calls For Legalizing Undocumented Immigrants, President Obama wants all 11 million illegal immigrants given amnesty; one GOP Congressman from California says he believes Obama wants all 11 million illegal immigrants given amnesty; major GOP lawmaker says he supports granting such amnesty; other proposals would need more congressional review before being implemented; some Democrats say they support giving illegal immigrant children green cards on which they could enroll in school and obtain driver's licenses (as long as their parents lived here illegally).,right,center
Third-Highest Ranking Republican In U.S. House Calls For Legalizing Undocumented Immigrants, If there was one thing that could have been an immediate victory for Barack Obama after his electoral victory last month would be a simple one: extending some measure of legal rights for people living without official papers or documents; however this week he has come out swinging against extending amnesty programs to unauthorized citizens living outside these borders or on visas from those areas; while also raising major policy questions about which kinds of policies Republicans would support that would allow them more flexibility on issues like illegal entry into this country and deportations later if they feel they are not being treated fairly by law enforcement officials during their criminal proceedings; at least one leading conservative thinks Obama might take credit if he can actually push through something meaningful on such matters before long…[Read More...],left,center
Third-Highest Ranking Republican In U.S. House Calls For Legalizing Undocumented Immigrants, The Democratic Party can't ignore one Republican vote on President Obama's controversial new health care law until after he takes office next month -- but Republicans aren't exactly taking them lightly either — particularly because they're likely going to need every last one on their side if they win control next year's congressional elections or lose control outright,left,center
House Republicans to Offer Broad Immigration Plan, House Republicans will unveil their own draft bill on Thursday that would largely mirror President Barack Obama's proposal that has so far failed twice in Congress over differences between congressional Republicans' priorities and Mr.... read more,left,left
House Republicans to Offer Broad Immigration Plan, House Republicans are preparing to unveil their own broad template for overhauling America's broken immigration system Wednesday when they turn up on Capitol Hill next week.(...),left,left
House Republicans to Offer Broad Immigration Plan," House Republicans may be considering ways they can pass a comprehensive reform bill before November's midterm elections even if they don't have enough votes to get it through committee first or put it on any kind
Senate Majority Leader Bill Frist has called for comprehensive reform efforts ""to include more than border security"" because ""the president's agenda would be incomplete without comprehensive legislation."" Mr... Senator Lindsey Graham (R-S.. Senate Democrats' top two priorities were health care reform and gun control.) Senator Marco Rubio (R.. Florida) led with his proposal that called on Congress ''to put together an executive order'' that would change how visas are issued by asking officials within affected countries ''whether there are currently sufficient grounds upon which individuals may apply.'' On Thursday Marco Rubio introduced what he termed a ''fair'' solution - which would require Americans who have been living abroad long enough ''for those years'' after entering America back home''be allowed back' ', even if they didn't take up residency.' On Thursday Senator Ron Wyden (D.. Oregon) proposed expanding existing visa programs so all immigrants should be able apply. And Senators Dick Durbin (D.. Illinois), Dick Lugar (' D.' Indiana,) John Barrasso ('R'. Georgia), Barbara Boxer ('R'. California,) Joe Donnelly ('D.' Indiana), Tom Udall (.D.). And Senators Sherrod Brown (.D.), Sheldon Whitehouse (.D.), Jeff Bennet (.D.), Tom Cotton Jr.(R). Senators Bob Corker(' R'), John McCain Jr.( R ). Robert Menendez( D ), Dianne Feinstein( D). David Vitter (). In November Sen Al Franken (Minn.- Democratic leader) introduced legislation requiring government agencies in all 50 states. To receive waivers from federal regulations, applicants must show that their lives have been disrupted by problems caused by past bad acts or crimes committed abroad during their time overseas. To receive such waivers, applicants must show that they were seeking reentry only after obtaining permanent residency elsewhere '. The Senate Judiciary Committee was scheduled Thursday night - perhaps its last chance - until its work wrapped up after Christmas recess next month when senators will leave town except through early January when they return home from recess during February break.' But Sen Joseph Biden Jr., chairman oF Foreign Relations Committee chairmen at least twice refused interviews with national media after receiving death threats from people concerned about Mr... Read more",center,left
House Republicans to Offer Broad Immigration Plan," It has been nearly two years since Mr....
View full sizeCourtesy John Bresnahan/Associated PressWashington (AP) - Former UBS Group AG executive Thomas J Kelleher wants President Barack Obama's administration or Congress to create ""a single framework"" on how people illegally entering America should be treated after being deported or ordered removed from their home countries by Immigration and Customs Enforcement officials.(AP Photo/Susan E Lee)WASHINGTON - Former UBS Group Executive Thomas J Kelleher wants President Barack Obama's administration or Congress to create ""a single framework"" on how people illegally entering America should be treated after being deported or ordered removed from their home countries by Immigration and Customs Enforcement....
Read more about Washington AP",center,right
House Republicans to Offer Broad Immigration Plan," In recent months there has been growing bipartisan support within both political parties (especially among Hispanic members) for comprehensive reform that would provide more opportunity under present policy conditions with greater emphasis on enforcement rather than amnesty … [and] provides legal status (not citizenship) for much [of] these 11 million undocumented individuals who have been living here unlawfully since 1998 … It is time now if we want comprehensive reform that we move beyond rhetoric into action so that all Americans can be productive citizens without taking up jobs or paying taxes abroad…. The time has come – finally – to stand up against illegal immigration…. We must deal with this problem head on because illegal immigration threatens our economy today & tomorrow....We must change our policies so that everyone can have access & opportunity regardless what color their skin may be.""",right,right
House Republicans to Offer Broad Immigration Plan," WASHINGTON—House Republicans are preparing to unveil their own broad template...
Read More",left,right
House Republicans to Offer Broad Immigration Plan, This past summer was marked by two very different events that made it clear that Washington isn't united on any major issues that affect immigrant rights or border security… After a series... Continue Reading →,left,center
House Republicans to Offer Broad Immigration Plan," Immigration reform efforts will continue into 2013; but Congress may be ready next year if leadership decides it needs another three years or more."" The Washington Times has details about how Mr. Bloomberg could help achieve something like what Congress would get from Democrats on comprehensive reform: ""New York City Mayor Michael R.. Bloomberg is backing a bill that he says would ensure 100 percent secure borders by closing loopholes allowing criminals fleeing Central America or other threats into our country."" And even though Democrats didn't endorse amnesty last year on Capitol Hill last time around because they were hesitant about extending legal status programs that allow workers who have overstayed their visas until they become citizens (as most immigrants currently do), there's a growing sense that these issues will eventually be tackled by all political parties in Washington regardless who's president when those bills come up next February or March at least...",right,center
House Republicans to Offer Broad Immigration Plan," In November 2012 President Obama pledged during his campaign that he would ‘defend our borders against all comers.''This pledge has been repeatedly ignored by Republicans who have proposed policies that would undermine America's defenses against terrorism,' Mr., told ABC News' Chief Anchor George Stephanopoulos. ''But they do make it easier when there is no real debate about what it will take or whether you believe there are ways we can solve problems without having these kinds threats coming into our country with airplanes flying overhead.''
More at: http://www
Summary: In November 2012 President Obama pledged during his campaign that he would 'defend our borders against all comers.''This pledge has been repeatedly ignored by Republicans who have proposed policies that would undermine America's defenses against terrorism,', said Miami Mayor Michael Bloomberg. ''But they do make it easier when there is no real debate about what it will take or whether you believe there are ways we can solve problems without having these kinds threats coming into our country with airplanes flying overhead.'' And Raul Muna de Paz, formerly mayor (and presidential aspirant) from El Salvador whose election was overshadowed by murder allegations involving her husband Juan Francisco Sanchez Maza who was convicted on charges related to homicide conspiracy following an investigation into drug dealing operations in which federal authorities allegedly used torture methods including waterboarding,'' reported The Wall Street Journal. His wife had made accusations publicly only two years after she became El Salvador's first female president -- leading many observers speculated if any other U.S.-born woman could have seized control over a political power struggle within such fragile Latin American countries after decades away from American politics - but ""the election ended up being mostly symbolic,"" wrote The Los Angeles Times, noting its ""challenging"" nature."" Summary: In November 2012 President Obama vowed during his campaign that he would 'defend our borders against all comers.''This pledge has been repeatedly ignored by Republicans who have proposed policies that would undermine America's defenses against terrorism,', Mr., told ABC News' Chief Anchor George Stephanopoulos. ''But they do make it easier when there is no real debate about what it will take or whether you believe there are ways we can solve problems without having these kinds threats coming into our country with airplanes flying overhead.'' Mr.. Bloomberg added on NBC's Today show last month: """"I'm not going away very soon - I don't think anybody thinks so."" However,...but...it may be harder than ever before""
http://www1-genealogist-network/index7",left,center
"Indictment Expected for Grimm, Staten Island Congressman"," Summary The following is an account from an unidentified source familiar about Congressman Mike Gaffney (R-NC), Congressional campaign finance disclosure form by Congresswoman Sheila Jackson Lee (D) which came out earlier today https://tmsnrtmj4prvogd3vz1cx2bkx5u7g8qd1e6w/hSbdfCwGQrX9hjxJn9lU5ZNy7M3zG0wOQPJpHlqVHWZo+Ss4kTl6aC9N2WfF8yN/uBX3rYqgwM2LmV8GQO/4KFdEKZiXpEfYFb0gDhRUoA== Please post any comment or correction here before publication if you find it helpful: Comments posted by anonymous users are not reviewed prior to publication but will be made clear after review as appropriate",right,left
"Indictment Expected for Grimm, Staten Island Congressman"," This article is part one (Part I) that covers all aspects related to why Michael G., aka Mike Grimmy is so controversial — including racism — despite being just one step away from being appointed President when I write it!
This story is told from my perspective because this type (and there are many) of allegations are not made about everyone because we all have our own reasons as individual cases or as groups or organizations when we decide whether what they did is right or wrong based upon our own personal situations at particular times given their own situations at particular times; especially when it comes up before public scrutiny like this which should never be forgotten about! But now we know what happened here about Michael G.. so let me talk about him later… … …….…and then how long will you need?!?!?!?",left,left
"Indictment Expected for Grimm, Staten Island Congressman"," Representative Michael G.(E) Grimm Jr., who is considered by some Republicans as their nominee for vice presidential running mate if Donald J.(R) Trump announces his candidacy again next month at New York's Javits Center during an election night party Tuesday night (Aug 29). Mr(R) may have chosen him partly because he is known as being straight arrow (without religious ties or endorsements), according to some Republicans.'
On Wednesday morning it emerged that someone had paid off former FBI Director Louis Freeh $3 million dollars, using part or all...",center,left
"Indictment Expected for Grimm, Staten Island Congressman"," With fewer than 100 days left before its July 31 deadline to reach an agreement with Iran over its nuclear program that is not believed by UIE (United States Institute for Peace) negotiators to be strong enough for success - or at least not yet strong enough - an agreement between Russia's foreign minister Sergei Lavrov & Iran’s foreign minister Mohammad Javad Zarif appears all but dead (by far) as they struggle over how much sanctions relief each side will offer Tehran before it agrees anything else about ending Iranian nuclear activity – or at least negotiating how much further sanctions relief is likely given no new talks are scheduled until December 2012 when both sides are set free from their current standoff since November 16th 2009 when UIE negotiators believe it will take another 40 months before they can come back together again – or at least until May 28th 2011 when UIE negotiators believe it will take another five months before they can come back together again – or until May 28th 2011 where negotiations have been held off due both parties believing that their current talks are just not up to much if any more….it’s no surprise there has been little movement so far..but even less surprising as negotiations have been delayed due both parties believing their current talks are just not up ight if much more….so who knows what might happen next..or what might happen next...?..
On July 7th 2011 Mr Lavrov met Mr Zarif at Moscow International Airport where they discussed “the important aspects which are essential for us today as we work around all our different problems…There is talk among us about bringing our countries closer together…We need progress now…We need progress now!”…..Mr Trump called him ‘tremendous friend but also fantastic ally…..we would like them well along toward some type of deal….there has been talk about one that would make sense …we could do some deal but we haven't had access yet…..that has happened before…..but there hasn't ever been anything near completion …not close enough….they still have other issues that remain outstanding……and we want you guys get everything you want done done because I truly believe you've done such great things here which make me proud.....you've gone out into this world doing something great …and made this country what it is today...and I really appreciate all your help....your support......from me……",right,right
"Indictment Expected for Grimm, Staten Island Congressman", A longtime political operative from Queens has been indicted for bribing politicians close to himself; former Rep.-elect Michael Grimm is accused by feds $10K campaign donation; as GOP congressional candidate loses re-election race,center,right
"Indictment Expected for Grimm, Staten Island Congressman"," A former New York City police officer facing prosecution for assaulting an 11-year-old girl is facing another charge related to that attack after it emerged that her boyfriend had posted photos online showing him carrying her out as she cried out for help during their fight at her home last November — evidence gathered during an FBI inquiry aimed at determining whether the man continued making threats toward other children months later following their initial encounter inside Ms Doe's home last year."" I'm not saying that this is going to take place but I do question why we weren't called first,"" James Comey Deputy Director James Rybicki said Tuesday outside Sessions' grand jury appearance."" We're not naive here,"" Comey added about potential indictments.'' There are hundreds upon hundreds if not thousands"" — including NYPD officers — ""who might face criminal prosecution if they are convicted"" as prosecutors push ahead with legal action against them » ""It would seem that there should be nothing wrong,'' former Queens district attorney Robert Baio told The Post about such cases being opened » As one New Yorker explained when asked if prosecutors were likely looking into allegations made by some victims regarding similar attacks by police officers during arrests: 'They don't have any evidence.' 'He has no recollection.' The only way he could know is from witness statements... He's got no way other than what he read out loud or what someone else told him.'' Advertisement",left,right
"Indictment Expected for Grimm, Staten Island Congressman"," A major controversy continues over whether Representative Robert Gantt (R) is guilty or not guilty (Photo provided by RepGantt Campaign.)
the amount she raised into her husband’s campaign account during that period from 2007 through 2008 but not from 2009 or 2010 when he held office as Congressman following term limits laws put into place by Congress at that time; according to court documents filed Monday by prosecutors William Wissman Jr., one person close to Mr Gantt said at first blush seemed like it might be an “allegation” against him rather than something more serious such as bribery or grand larceny — though later turned out not so clear about its potential effect on his criminal conviction – but even if that isn't entirely accurate we can assume it's still true because other people are now saying that it looks like bribery going back farther then just two years ago … For some unknown reason they didn't mention ""perjury,"" which would have been enough evidence for them anyway because there is no crime named _perjury_ except perjury (except maybe lying under oath). This sorta makes me think they just made up their perjury charge so I'm guessing these people are trying out different names... What do you think? If you're reading this don't get any ideas I'll sue you all! LOL … Continue Reading →",left,center
"Indictment Expected for Grimm, Staten Island Congressman"," A former special agent at
the FBI's New York field office has been forced out because she lied about how her husband ran their charity foundation so that she could get paid as director while it raised money for her own mayoral campaign; two officials involved say they feel pressured by public pressure over allegations that they helped cover up problems; they expect those complaints will continue when members decide whether to vote next week; President Barack Obama's Justice Department is asking state attorneys general not only if they want prosecutors investigating whether public corruption is widespread but also whether local investigators should look into cases where politicians have engaged in illegal activities involving their personal finances or political campaigns."" Read full article »

",left,center
"Indictment Expected for Grimm, Staten Island Congressman"," A former Marine who represented Staten Island from 1995 through 2006 became one step away from being indicted following an internal Justice Department inquiry into his conduct as Ulysses Grant's ""chief henchman."" The inquiry detailed how Mr. Grimm worked around antiwar groups by making donations off anonymous sources — some alleging they were members — that helped him gain access to top officials at agencies like NASA or Defense Department agencies such as DARPA where he had worked before retiring from government service last year as deputy general counsel for NASA Programs -- all while running afoul...",center,center
GOP Congressman Expected To Be Indicted," Federal prosecutors have officially filed criminal charges against Rep Mike Groom (R-Nassau) over allegations that one former member's campaign illegally profited from lobbying work on behalf at least two dozen companies in return for gifts from them -- including some who received cash bribes from him at times when they were employees or clients at other companies.""",left,left
GOP Congressman Expected To Be Indicted," The Department of Justice announced today that it would indict former RepubliCity Representative Michael Ciancio on three counts relating to corruption allegations against him last year during which several people were sentenced who either worked at or had knowledge about various schemes run by Mr Ciancio during congressional sessions in 2011-2013..."" — http://nytiiclickdown12a5wzd0a9s7pvwefqb1c7d6r69e7b4d2rz0u82p8k6qj4kx1i3n5uwz9g@webcache/dde1bfdb05ad84745ea20cf6f1848f5dc0610a2e4caa0b2/R3mQKZM%20%2520%2520http://archive.is/VtNUJ — WIKIPEDIA",left,left
GOP Congressman Expected To Be Indicted," The U S Department Of Justice has charged Rep Michael R. (Mike) C Grimm as an Unlawful Overseas Money Laundering Violator (UOMLV), along with three other defendants in federal court in Manhattan last week. The alleged crimes include allegedly using foreign money obtained illegally from overseas sources for personal use without financial return or benefit in violation of Section 666(a) Of Title 18 United States Code Section 1546.... According to prosecutors … [Grimm] allegedly used $50 million from foreign funds that were not declared overseas at least 30 days prior to their arrival at one or more foreign bank accounts located either within or outside New York State…. The charges allege that between 2006–2014 … [Grimm] used these assets … through wire transfers at locations all over America including Florida; California; Washington Dc; Pennsylvania; Michigan; Wisconsin; Ohio; Nebraska; North Carolina where all funds received were laundered out into domestic accounts.... As part of its effort to pursue restitution from each defendant… prosecutors say it was also necessary… “to investigate additional individuals who may have assisted Mr.... In particular they investigated payments made by several defendants named as co-defendants….” A list is accessible here http://www[...][...]...[/...]",right,left
GOP Congressman Expected To Be Indicted," The House Ethics Committee voted Wednesday to require Speaker John Boehner’s office to make public information about meetings it holds at which members are also being investigated by independent third-party committees like this one; however committee leaders may decide not call them into question unless there is another investigation or subpoena requests are issued by lawmakers' outside counsel; this new requirement would force Boehner out ahead of next year's legislative session as well.""",left,right
GOP Congressman Expected To Be Indicted," The U S Department of Justice announced plans last week to indict Rep Michael C Hingman (D-NY) on bribery charges related to allegedly bribing then Governor Eliot Spitzer at a State Dinner hosted by Secretary Hillary Clinton at her congressional office last year."" – Todays Ny Times story links back here: http://www..twitter...7/p?page=0&fref=ts#pkp…",right,right
GOP Congressman Expected To Be Indicted, From an April 2 article: “In 2002...,left,right
GOP Congressman Expected To Be Indicted," While President George W Bush declared victory on Election Day for Republicans in November 2004 by winning re-election to Congress from New York’s 19th congressional district; however most were still upset over losing candidates who were denied party loyalty; President Bush also continued his efforts through Executive Order 12898 at least until early 2006 when it was determined that further measures are needed due to illegal electioneering activity by Republican candidates following President W Bush approval in 2000; since then several state elections have produced more Republican victories than Democrats in states like Wyoming and California where presidential candidate Al Gore received less than 1% support while Democratic statewide offices remained up for grabs including Governor Clinton's reelection bid which ended with her losing both home district primaries despite winning statewide ballot initiative votes; Republicans hold majorities statewide throughout New York State including all four legislative districts while Democrats do not have such representation even within their own party where they hold only one seat each within parties' umbrella group). In addition there is no law prohibiting an individual from running either as a Democrat or as a Republican within their party or otherwise acting as an independent candidate regardless if they actually meet criteria set forth therein.""",right,center
GOP Congressman Expected To Be Indicted," A former Republican congressman from upstate New York who resigned from Congress earlier this year for raising money in violation of ethical standards was caught trying to bribe an official involved in what investigators believe was an illegal campaign contribution scheme involving multiple foreign nationals.""http://www2newslinepublishingassocia...e_grievance_109580991570269323014585474350596033691418442775",left,center
GOP Congressman Expected To Be Indicted," In 2006 Rep Michael Gmick began selling nutritional supplements at an off-price shopping mall that offered “organic” food at bargain prices during spring breaks from law school and college.""",center,center
Representative Apologizes for Criticizing Iowa Senator, This column reflects an opinion based upon facts and does not reflect endorsement by The Washington Times or its publisher or editorial board.. By Michael Roston. (C) Copyright 2009 Bloomberg LP LLC,right,left
Representative Apologizes for Criticizing Iowa Senator, The latest candidate — with no formal experience — seems clueless about what they are doing wrong … and why they should be doing it wrong by appointing conservative judges that will destroy government programs and bankrupt innocent family farms like those represented by Senator Charles E … More »,left,left
Representative Apologizes for Criticizing Iowa Senator," In 2010 there were 1 million farmers in America (1) Accordingto Wikipedia (2), 1 million farms total 2 million acres (3). 2 billion pounds worth 4 billion dollars ($6 trillion); average annual production $4 per acre$3 for $1 ($)2 for $5 ($6/acre$1 each acre) – Farmers are not only one-sixth of American workers—they also produce more than 40% of all food domestically or export more than 50%. 3/5ths Of Americans live near farms…Americans grow about 13% less food per year than do Japanese—and fewer Japanese eat it! 4/7ths Of all U S farm income comes from agriculture; 90% Of all U S farm income is corporate welfare! Since 1950 many farmers have suffered devastating losses because they had no choice but farm at high prices – and because America has been importing cheap grain even when she needed it most… 5/11ths If we want our own agricultural economy growing like Japan does—we must first provide for its growth by growing our own food domestically—not buying foreign soybeans and cornmeal wholesale or importing crops from countries where we do not grow much wheat! 6/9ths Most economists say America would be better off if she kept her current 8%, rather than increasing hers by 2%; but most economists also say raising taxes would cost American jobs–especially middle-class jobs–and increase costs–including food prices–for everyone around us.. 7/8ths The best way out these problems without bankrupting our country or sending our children off into debt? Get serious about fixing your budget deficit NOW with responsible tax reform—reforming Social Security & Medicare so they work for you rather than against you; cutting wasteful spending such as pork barrel projects such as ethanol subsidies; closing costly tax loopholes like itemized deductions for medical expenses; eliminating special interest loopholes...! 8th President Reagan once said “Our nation cannot afford another long war overseas without losing two wars here at home: One against ourselves and one among our allies….” 9/10ths It took an international crisis such as 9 /11 before Congress started seriously debating ending support for oil companies which were already benefiting greatly from lower taxes abroad; ending support for air traffic controllers whose services were cut or furloughed during 9 /11 11th If we wanted good schools funding needs we would need money spent there with teachers trained there too! 12 th President George W Bush proposed paying teachers salaries with savings from reduced payroll taxes….but only 15 percent voted in favor (",left,left
Representative Apologizes for Criticizing Iowa Senator, This article discusses some possible changes in federal spending policies – including those affecting veterans – that could benefit military veterans and their families by reducing costs associated with caring for them during military service deployments around America and abroad as well as providing them with information for financial planning purposes during such deployments when they return home or overseas; how many members of Congress receive pensions; what effect increasing retirement benefits would have on government workers whose pay would be reduced while receiving increased pension benefits; effects proposed changes in federal rules governing health care programs would have on patients or doctors but also how these regulations affect state governments who provide Medicare or Medicaid services as well as how these regulations might affect other programs (such as tax-exempt hospitals),left,right
Representative Apologizes for Criticizing Iowa Senator," What does it mean? The story by Paul Begala and David Sanger in Politico examines what it will mean if we can get back our power grid through public investment as Democrats begin pushing for more infrastructure solutions across their agenda in Congress. They write, ""If Democrats achieve their goal of bringing electricity regulation back into federal jurisdiction. there's one problem they'll have: All Republicans think it's too good an idea."" There are those who believe we can't afford new energy sources but others suggest we need more than electric vehicles or new wind farms—we need public investment in roads and bridges.""
In any event there will be some major changes coming with government spending cuts later this month that will allow us some freedom again regarding road-building projects—the so-called “bridge tax” which would affect highways between Canada and Mexico would remain intact while construction for large projects like California freeways would be put off until 2015 or later when Congress finally passes enough funding from 2013 for all transportation needs related specifically relating to gas prices. So while we may have lost our power grid just when Democrats intend taking action towards more efficient transportation options, things could get much worse before then unless something really amazing happens! Check out my article Why Californians Will Pay More Because We Want To Be Free For A While On The Internet here www 1/27/2014 1:30 PM ET ""The United States government has been working toward building another nuclear reactor since 1991 but President George H Bush canceled them after two years because he had no money available."" Read my post today http://www1/73411868067889842_blog2?post=823&pf_name=http://www1/211433268907494543""This is what many Americans think about Obama's failure"" http://www1/171450596838973472_blog2?post=823&pf_name=http://www1/184733559946359329""Obama has failed us with both his actions and words.""""Obama doesn't care about us"" ""We don't know anything about him""""We're not allowed talk about Obama anymore""""And you don't need him anymore""""He doesn't care.""""We already know everything about Obama! If you voted Dem your vote didn't count!"" Read it all here http://www1/53908369570404416_blog2?post=823&pf_name=http://www1/539",right,right
Representative Apologizes for Criticizing Iowa Senator," A farmer from Iowa whose main profession is cattle ranching and whose grandfather was an assistant Ulysses S Grant during Grant's presidency has apologized after he was caught making ""unpleasant"" remarks about former presidential candidate Barack Obama during an April 5 appearance at a fundraiser hosted by Texas real estate magnate Warren Buffett and attended by President Obama and Joe Biden.* * *After being questioned by reporters on how he would make good as chairman of Congress' top legislative committee despite having no experience or knowledge in politics or public relations before entering politics last year, Rep B RALEY admitted that it would take ""a lot more than"" making money ""for me not just as chairman but chairing every single floor item."" * *In what appeared like some sort of prelude for his presidential run, Senator Charles E GRASSLEY told reporters that they were ""very disappointed with Congressman B RALEY'S behavior"" after it became public yesterday (Tuesday) at 6 p m. A brief statement released by Senator Leland YORKE confirmed his party's intentions but said that nothing would change unless new leadership took over immediately which appeared likely since Senator John VON CORKER has already announced his intention NOT TO RUN for re-election next year.""Senator VON CORKER wants my party back,"" said MRS GRASSLEY.""I don't think anybody could be happier about it than I am.""""My hope is they'll all just try again because they really have been very close since I came here in '08,"" said SENATOR YORKE.""* *It will be interesting if we see any more statements from Congressman B RALEY today,"" said SENATOR OLLIN.""Hopefully there won't be any other comments coming out now until then -- because if there are other comments out there they're going into effect right now.""""All right let me say again thank you very much for your comments concerning my campaign today -- we appreciate them tremendously,"" added HOLDEN GRAHAM AS VICE PRESIDENT OF THE NATIONAL ORGANS WHO HAVE CHILDREN AND A FAMILY NOW FACING THE TOUGHEST DECLINE OF ANY DEMOCRATIC CANDIDATE.""I'm sorry I didn't realize until yesterday when you did come here this morning...""HOLDEN GRAHAM IS NO LONGER AN ELECTED OFFICIAL GOVERNMENT OFFICIAL IN THE STATE OF WASHINGTON.""TALKS ABOUT POLITICS WITH THIS MAN!""HE KNEW JUST WHAT HE WAS DOING WHEN HE WAS IN CHARGE OF",left,right
Representative Apologizes for Criticizing Iowa Senator, On The Record with TPM Senior Editor David Gelles examines how some politicians continue being held accountable after they do wrong or fail at something they once did well....»,right,center
Representative Apologizes for Criticizing Iowa Senator, This Article Summarizes Why Republicans Should Never Run Against Liberals or Democrats because they are always more liberal than any other Democrat/Liberal in Congress or anywhere else for that matter...,right,center
Representative Apologizes for Criticizing Iowa Senator, The next senator up for re-election will be a man with no relevant experience or connections in Washington — an incumbent senator from a Midwest state whose only prior experience was raising money for charity when he worked at Microsoft as an intern during college years ago. Senator Mark Begich (D-Alaska) already has had several run-ins with bureaucrats; now Democrats are going after him because they want someone with no record or previous role in government working as chairwoman of one of two committees investigating them — another reason there won't be anyone there when they take over Congress next week?,center,center
Dem running for Senate in Iowa mocks Grassley as farmer 'who never went to law school'," In an apparent rebuke or apology over comments made about Senator ChuckGrassley on Wednesday there is now outrage over footage shot by his competitor who also made those comments at an event held in Texas where some attendees were lawyers or bankers … The clip has since been removed but has sparked an Internet backlash which calls out Grassey himself and all other politicians from both parties who might have made such remarks about someone else… It has led many politicians including former President Bill Clinton and presidential candidate Dr Jill Stein called out…. But there are others like former Secretary General Ban Ki-moon who simply had no idea what Grassey was talking about (even though they were invited)... Many Democrats too like Nancy Pelosi are trying desperately not only apologize but promise that they will learn from these missteps… And while some have called it politically motivated it could also be seen as more than that…. It certainly wasn't designed to embarrass Grassey or anyone else.. And just because someone didn't know what they were talking about doesn't give them any right... A political party should be willing not only apologize but then take steps needed towards repairing any damage caused by their inappropriate behavior(es) … But instead we get another example... More on why we're seeing so much controversy over these ""politicization"" quotes...""",right,left
Dem running for Senate in Iowa mocks Grassley as farmer 'who never went to law school'," A recent story has raised eyebrows among members of Congress over some comments made by Congressman Bruce Braley about Sen Chuck Graysen (R-IA), who has been called out by other members as being one tough guy when it comes down to picking battles with other Republicans on issues like health care or tax breaks for companies based outside states like New York City that hire highly paid staff from there but do not want them here anymore because they know they will be fired too quickly when something goes wrong (see earlier post). It is true that Graysen does seem more interested in fighting with other colleagues than trying actually legislating so I can certainly respect what he stands up against while also making sure his constituents know exactly what their Senator wants them all doing during an election year — especially since it is also true that there are lotsa people out there trying just as hard as we do getting things done or even just good ideas into law so it makes sense that our leaders look past what might make us happy and what might get us votes back home when we are at home campaigning instead? I wish everyone luck! You may ask why anybody would want him on your team but then you realize where all these politicians think they should be heading next unless someone thinks those bills won't pass anyway...and well guess which position most people think would make those sorts of things happen?""",right,left
Dem running for Senate in Iowa mocks Grassley as farmer 'who never went to law school', Braley has received some criticism over his comments about Chuck Grassley...,right,left
Dem running for Senate in Iowa mocks Grassley as farmer 'who never went to law school'," This week we talk with former Iowa Senator Terry Branstad about growing your career as an advocate for Democrats but also talking about his own political future within his party's leadership structure — including what it means when someone like Mike Enzi or Mike Lee says that ""you've got some serious talent"" or ""you're going places."" (This conversation took place on June 16.) We also discuss whether there's any question — should it arise — who should move into John McCain's former position before President Barack Obama leaves office; what happens when Senator Tim Johnson becomes president pro tem; what kind of role Ron Johnson might play once he resigns from Congress; and much more!",left,right
Dem running for Senate in Iowa mocks Grassley as farmer 'who never went to law school', The following is an example from my personal life that I regret — or at least should regret because it reflects my values better than anything else I've got going on right now! It's part 1 (as best as I could remember) here https://t...In addition: http://www....,left,right
Dem running for Senate in Iowa mocks Grassley as farmer 'who never went to law school'," The following is an excerpt from an interview with Bruce Braley conducted on Thursday about his run for Congress through Friday (5/6/2015), with more transcript coming soon...",left,right
Dem running for Senate in Iowa mocks Grassley as farmer 'who never went to law school', The first step toward achieving what I call my dream – becoming Senator from my home district (Iowa) where I grew up on my family's farm – will be appointing someone who has never gone through law school as my senator! And then let me tell you why!... It takes money and organization and lots of hard work! In other words it's time we get rid...,left,center
Dem running for Senate in Iowa mocks Grassley as farmer 'who never went to law school'," The Republican Congresswoman from South Dakota will be running against Democrat Senator Tom Harkin who is retiring due his term expires next year after serving 26 years on Capitol Hill before being elected Senator with 52% Of The vote over Democrat Bob Kerrey last month during voting day Primary elections ended Wednesday night with Republican incumbent Sen Ted Cruz narrowly beating out an opponent who challenged Cruz as their first choice nominee by over 25 points (see below). Democrats have until mid-term elections Oct 31st 2012 (Harkin) or Dec 3rd 2012 (Cruz). As far as any change has been made with regards primary votes but nothing has been confirmed yet it can only be assumed that both candidates will run again come 2014 elections - which will hopefully see both campaigns winning once again according t Brookings Institute - As far as any change has been made with regards primary votes but nothing has been confirmed yet it can only be assumed that both candidates will run again come 2014 elections – which will hopefully see both campaigns winning once again according To Brookings Institute Summary: The Republican Congresswoman from South Dakota will be running against Democrat Senator Tom Harkin who is retiring due his term expires next year after serving 26 years on Capitol Hill before being elected Senator with 52% Of The vote over Democrat Bob Kerrey last month during voting day Primary elections ended Wednesday night with Republican incumbent Sen Ted Cruz narrowly beating out an opponent who challenged Cruz as their first choice nominee by over 25 points (see below). Democrats have until mid-term elections Oct 31st 2012 (Harkin) or Dec 3rd 2012 (Cruz). As far as any change has been made with regards primary votes but nothing has been confirmed yet it can only be assumed that both candidates will run again come 2014 elections - which will hopefully see both campaigns winning once again According To Brookings Institute Summary: The Republican Congresswoman from South Dakota Will Be Running Against Democratic State Representative Tom Harkin Who Is Retiring After Serving 26 Years On Capitol Hill In 2010 During Voting Day 2015 Congressional Races In 2011 And 2013 A Look At Both Candidates For 2016 Presidential Race For President Donald Trump John McCain Bernie Sanders John Kasich Gary Johnson James O'Keefe Joe Biden Mike Huckabee Evan Bayh Steve Bullock Scott Walker Bobby Jindal Jeb Bush Jeb Bush Donald Trump Mike Huckabee Scott Walker Bobby Jindal Jeb Bush Donald Trump Governor Bobby Jindal Chris Christie Governor Chris Christie Gov David Nye Dick Durbin Gov Jeff Sessions Jeff Sessions Durbin Dick Durbin Gov Chris Christie









",center,center
Dem running for Senate in Iowa mocks Grassley as farmer 'who never went to law school', The Democrats are attempting again – using media as scapegoat (not least because it doesn't appear they're able) – to blame Bob Dole's presidential campaign on its failure so far; dole is being blamed for every issue - even when they themselves are doing nothing about it! A very typical Drowning Deep State tactic that only works when you're already drowning! And while it'll probably work on some issues like health care where Iowans really need change – like what needs changing now – we could all learn from their tactics here....more >>,left,center
Holder says he understands mistrust of police as Ferguson protests dwindle," On Wednesday July 25, 2009 - two days after Michael Brown's death - Eric Holder met with residents from around Missouri's capital city, St Louis Community College's Florissant campus for an off-campus event called ""Community Conversation."" The purpose of this gathering was to discuss recent events affecting Black lives across Missouri including violence caused by police officers in Ferguson (See previous Story). In attendance were members from various communities such as Muslims Against Tolerance (MAT) for their protest prior to 9/11; NAACP Legal Defense Fund (NALF) Advocates in Jefferson City; NAACP Legal Defense Fund (NALDF) Advocates working within their respective districts; Lawyers at Civil Rights Clinic at Missouri Southern State University; Association of Justice Advisors working within MO Courts' Criminal Courts Division; National Capital Area Interfaith Coalition representatives & Executive Committee members & lawyers from all MO counties including Blaine School District 3 Board Member Charles Vinson Jr.; Lawyers at Civil Rights Clinic MO Justice System Section 11 Office Director Brian Fialkovsky & several others who comprise many community organizations dedicated to protecting Black communities across America against law enforcement violence against our communities (see previous articles); local elected officials from both sides on each side as well as elected sheriffs or any other official involved with law enforcement agencies responsible for addressing problems created by excessive use or abuse directed towards Black men or women seeking assistance/ protection because they are vulnerable due to being victims or survivors themselves due to exposure/ victimization themselves or being exposed into crime situations themselves due to racial profiling alone while sitting there trying desperately not knowing exactly what is going wrong with them while also being unable either because no one can explain exactly why things seem so out of balance which makes it extremely difficult for individuals like them who have come up through all kindsa different environments than those they're now inhabiting). Despite this list having been compiled over months there still has yet been no clear answer available from anyone regarding how these problems are actually going down across America nor what level or structure is being utilized when dealing with Black lives overall despite this fact that there has been an increased amount people coming forward talking about what they're experiencing regarding these very same problems such as excessive use/ abuse towards blacks but nowhere does anyone get specific enough info regarding when these things were first started / started happening just like so much other similar events occur throughout America anytime it seems particularly times during certain periods but nothing ever really addresses WHY these things may be occurring even though most people are aware if you take everything into consideration regardless if you know something about whatever you mention your chances are less than",left,left
Holder says he understands mistrust of police as Ferguson protests dwindle," This story is written from my perspective -- not his -- but what you have here is an example for all journalists reporting on this issue to consider carefully... They may be wrong or they may err but they are there because they know something like this happened before them so they can help us prevent it from happening again""",left,left
Holder says he understands mistrust of police as Ferguson protests dwindle," According to an internal police report obtained by CQ Roll Call last year, three Missouri officers were found guilty in federal court last April for beating Rodney King protesters outside an office building after they physically attacked them with batons after they confronted them there seeking treatment for injuries from being kicked while they were restrained by officers carrying whips during police beating demonstrations on May 2nd, 2010 at least 10 officers were disciplined or suspended between January 2009 - June 2010 for similar conduct involving suspects arrested or charged in connection with incidents occurring outside government buildings over these same time period according to local media reports; however none have ever been criminally prosecuted; although only three arrests have been substantiated during this time period despite four other defendants named as defendants being arrested or charged over these same times periods but none are currently facing charges regarding alleged assault against protesters who were assaulted while restrained by Missouri State Highway Patrol troopers carrying their state's brand new riot control devices; however all five suspect defendants are still active Missouri state Trooper license holders or law enforcement members who have not been criminally prosecuted even though it is clear evidence does exist which indicates such conduct did take place; moreover, all five suspect Defendants have been placed on administrative probation for one year after trial because there are no credible allegations present which indicate any reasonable basis exists upon which any officer(s) failed to follow department protocols pertaining to investigations into these protests including whether such investigations are conducted effectively within departmental policies; thus some formidably ill informed statements should be applied if such cases continue into subsequent years without prosecutions due largely to lack of information regarding potential misconduct based upon unproven allegations alone (the only exception being when specific crimes occurred); furthermore some typeidically ill informed statements can be applied if cases continue into subsequent years not despite indictments but solely because there has not yet been any typeidically ill informed statement presented suggesting criminal actions could be proven even though no convictions could ultimately result until following trial (exceptioning only when certain offenses occurred so long ago it is extremely unlikely those specific crimes will ever be discovered again); further some typeidically ill informed statements can be applied if cases remain unsolved even after indictments thus allowing criminals free reign over Missouri citizens despite having served jail sentences previously although prosecutors often do not file indictments prior to those sentences having ended due largely out of embarrassment at what has happened prior both now due primarily due out of fear their careers will never recover once again given current lack resources given current budgetary cuts) Finally based upon these few isolated experiences each officer received very lenient punishments provided that certain types stated ""leniency"" cannot actually equate",right,left
Holder says he understands mistrust of police as Ferguson protests dwindle," Justice Department official says he's been 'blacklisted' from federal job for eight years for not complying with investigation into allegations that his father sexually assaulted women while they were underage employees at IBM's research labs in Albany, N.'s Capital District Center City Research Laboratory (CCRL).The Times Union reported Tuesday night on an email obtained by The Times Union from Andrew McCarthy — who had spent eight years as chief counsel to Justice Department General Counsel Kenneth Starr — stating that his father sexually abused two female research assistants at CCRL while they were underage workers between 1994 and 1997.""My father is an accused child molester so I have always found it difficult to believe allegations against my family because my parents did not commit any crimes,"" McCarthy wrote in September 2008 after responding to an inquiry from The Times Union about whether his father might have molested his mother when she worked there as an assistant researcher from 1994 until 1995.(Click here if you are unable to view this photo gallery embedded.)",right,right
Holder says he understands mistrust of police as Ferguson protests dwindle," President Barack Obama's decision to keep federal prosecutors off cases involving civil rights protests is viewed by some as an effort to avoid further controversy over his decision not to pardon Zimmerman last year, but others say it could have repercussions for future prosecutions against alleged cops involved in racial profiling or other incidents where there was no actual confrontation between blacks and police officers until after Brown's death..",right,right
Holder says he understands mistrust of police as Ferguson protests dwindle," Federal officials announced Monday they will step up efforts to fight crime against minorities as well as help local law enforcement departments cope with rising crime rates for blacks nationwide across every demographic category, ranging from drug abuse to violent crimes committed against children as young as six months old.... MORE",center,right
Holder says he understands mistrust of police as Ferguson protests dwindle," President Barack Obama is set to visit Capitol Hill Wednesday for talks with congressional Democrats about gun violence prevention legislation but will not address gun control legislation directly or take questions from reporters after an all-day briefing Tuesday at Washington's National Press Club's annual policy conference on gun violence prevention efforts sponsored by The Conference Board Foundation, which helps fund Republican lawmakers' campaigns against assault weapons across America.. See more at: http://wwwomagazineonline1stlouiscou... -sourcemogazineonline1stlouiscoukissedefensecopyright 2010 US Department Of Justice A report released Monday afternoon cites several studies showing significant increases in violent crime since 1994.. See more at: http://www3moviefone1stlouiscoukissedefensecopyright 2010 US Department Of Justice While some have criticized President Barack Obama's response to last year's deadly mass shooting in Newtown, Conn., others say Obama has been too soft on guns. Some Republicans accuse him of doing little or nothing as they work toward passing their first comprehensive bill aimed specifically at limiting access to guns throughout America.. See more at: http://www3moviefone1stlouiscoukissedefensecopyright 2010 US Department Of Justice With just weeks until 2012 presidential elections, White House officials have been working hard behind closed doors with candidates seeking support from Democrats for key battleground states like Ohio. Among those seeking support from Republicans are former Massachusetts Govs Mitt Romney, Paul Ryan, John McCain, Sarah Palin, Fred Thompson's family and even former Vice President Dick Cheney along with several Republican congressional contenders....See more at: http://omagazineonline1stlouiscoukissedefensecopyright 2010 US Department Of Justice It may be difficult for many Americans - including African Americans - who live under Jim Crow laws still today, but advocates say there is no doubt that most African American men would find themselves trapped between two social groups when their jobs take them away from home every day.. See more at: http://omagazineonline1stlouiscoukissedefensecopyright 2010 US Department Of Justice In 2005, nearly 200 African American businesses were awarded $100 million each by federal agencies for improving business practices related to health insurance coverage and employment practices....See more at: https://eafnews30bk2b6kfzd7f3u7z0kv5kxzjw9e3/en/11/20/#AO=",left,center
Holder says he understands mistrust of police as Ferguson protests dwindle," It's been five years since Mike Brown killed 18-year-old unarmed teen Michael Brown in South Carolina's Emanuel County — but not very long after another young man died in similar circumstances just downriver from Ferguson, Missouri — here are some lessons we can learn from both cases: • It is time for us all to be unified across racial lines on issues such as race relations, criminal justice reform, education reforms for all students & young people across our nation;• We need to be able to say what we're going to do regardless of where you live or who you are;• Our society cannot continue down this road until we address these injustices;• If there were ever an example for what not to say & does not mean when trying to explain something... don't do it! And... if any other African American does try & complain they would be treated like child molesters etc because there hasn't been enough talk about their pain!",left,center
Holder says he understands mistrust of police as Ferguson protests dwindle," In an interview Thursday with Fox News' Chris Wallace, Attorney General Eric Holder says former President George W Bush's administration treated minorities unfairly when responding to allegations that African Americans were targeted for violence in recent months in Ferguson, Mo., protests over Brown's death.""...In Washington D... - Posted on 12/11/2012 06:07 AM EST",left,center
"As Tension Eases on Ferguson's Streets, Focus Turns to Investigation"," The Justice Department's Office of Legal Counsel (OLC) has concluded that Missouri can proceed in its legal challenge against a federal consent decree regarding crack-cocaine laws aimed at improving policing practices nationwide following recent court rulings made by Judge Blaskey allowing state judges to rule whether or not Missouri has fulfilled its obligations under a settlement between city officials and federal prosecutors under former Govs.-elect Eric Greitens' administration during his tenure as attorney general from 2010 through 2014.[2] The Justice Department's OLC further found that such challenges should be heard not just by circuit courts but also district courts within their respective states.[3] The OLC decision is likely to impact whether or not any challenge would be brought from elsewhere in Missouri.[4][5]The agreement was entered into during former Attorney General Eric Greitens' term as governor,[6] when both parties agreed to cooperate together in addressing crime issues facing most states nationwide.[7][8][9] The consent decree requires cities across all 50 states (except Alabama) to implement laws reducing possession or distribution amounts below 30 grams per person every four years for two years unless there are sufficient reasons for doing so (e fraud; safety; public safety; public health), otherwise cities are required ""to make available alternative anti-narcotic approaches.""[10][11][12] This means if crack is available for sale in your town it must be accessible from street corners within your city limits instead than simply being purchased illegal at street level.[13][14],[15],[16],[17], [18], [19]. This includes limiting sales locations,[20],[21],[22],[23],[24]] which results in reduced supply availability,[25]),[26])[[27]-[[29]) while also reducing sales quantities where distributors do not have access to those locations.[30]),[31]) All this comes down directly against what happened back then because it required Greitens' successor Gov.-elect Jason Kander—who signed off on these changes—to go back before judges again after getting input from local authorities like District Attorney Karyn Polito asking them whether it was appropriate under these new standards how she wanted her drug enforcement division managed nationally while making sure officers didn't violate any local ordinances without getting court approval first.""[32]-""[33]). However Governor -elect Jay Nixon asked if he could get involved now without going back first since he knew his predecessor didn't want him involved there either.""The OLC decision comes despite Mayor James Knowles agreeing last week with prosecutors' arguments that",right,left
"As Tension Eases on Ferguson's Streets, Focus Turns to Investigation","The violence in Ferguson has been unprecedented since August 2009 when unarmed black teenager Michael Brown was shot and killed by a white police officer after stopping him for jaywalking outside his home in what would be one among several tense confrontations between rival gangs since then – not all violent however – leading many residents to accuse police officers of brutality or unfairness during one such confrontation last week when a man opened fire at least three times inside an apartment complex located just north near Columbia Road (Rt 19) where it intersected Interstate 35 (I-35). At least 1 person died from shots struck by cop; 3 others are hospitalized with gunshot wounds; 2 others arrested after raid; 2 injured while trying to intervene protect others; 1 cop charged with manslaughter for failing to use Taser or other means necessary to subdue suspect; no charges have been filed against any officers other than Officer Darren Wilson – but as many residents noted both before and during Wednesday’s press conference held outside Ferguson city hall reporters asked about whether any crimes have been committed by either officer so far this year based upon reports from authorities involved in such investigations as well as numerous interviews conducted prior to today’s press conference held at City Hall between Mr Holder and various members of law enforcement personnel including Chief Charles Harkins III representing them all regarding their investigation into possible misconduct related alleged criminal activity committed within recent months related specifically involving Officer Darren Wilson whom is now awaiting trial for shooting Michael Brown who tragically shot him multiple times at point blank range while Mr Brown lay helplessly prone handcuffed behind his car during early morning hours while being pursued down I-35 following midnight robbery at apartment complex located just north bordering Interstate 35 crossing over what used to be known as South Florissant Avenue which is now known simply as South Florissant Avenue due northbound traffic headed westbound onto I-35 will end up onto East Main Street where it will come up next underpass crossing over West Florissant Avenue (Rt 40) headed southbound toward downtown St Louis County line then eastward heading onto Missouri University Line going westward along Missouri University Line/I-64 then eastward heading toward downtown via I-44 & Central College campus via Beltrami Drive then southward through Central College campus area going westward again along Beltrami Drive towards downtown via Beltrami Drive toward Beltrami Blvd., The scene shows some cars parked out front area also shows businesses along Beltrami Blvd., One witness speaking publicly said she saw five or six uniformed male officers walking through her neighborhood shortly before 9am",right,left
"As Tension Eases on Ferguson's Streets, Focus Turns to Investigation"," On August 9th at approximately 11 pm-12:30 am, Michael Brown was shot by Darren Wilson while walking down West Florissant Avenue in Ferguson City Missouri. The two officers involved were not injured.. (COURT DOCUMENTS) The body camera footage shows Michael Brown walking towards an apartment complex near his family home when Wilson opens fire on him killing him instantly. The video also shows Wilson holding a gun to his chest then pointing it at his own chest before taking aim at Brown's neck twice... (SEE VIDEO) The video does not show Darren Wilson aiming directly at either men head....(SEE VIDEO) After being shot dead, Michael Brown lay face down crying for help as witnesses called out for help from neighboring businesses.. Police Chief Tom Jackson later told reporters ""We are here to serve you."" But this was no time for political debate or division...(SEE VIDEO) A grand jury handed up an indictment charging Officer Darren Wilson with second degree murder along with three counts each including unlawful use of deadly force without justification after having been found guilty last Friday. That indictment will be referred back to Jefferson County District Attorney Steve Strasburg for review which could lead them back if enough proof can be found against Officer Wilson.... (COURT DOCUMENTS) According to one eyewitness description given during questioning Thursday evening, Mike Brown was standing next to his sister's car when he came face-to-face with Officer Darren Wilson who fired six shots through both doors while running away from Mr.Brown... (SEE VIDEO)'''The whole world is watching' It didn't take long before people began gathering outside area schools, businesses, churches &c'The mood seemed more tense than usual however many are now leaving their homes today &c'With all these demonstrations since Monday,the tension has escalated yet again.. Police have now arrested 21 people including one suspect identified as Tyrone White Sr... Another 12 suspects remain under arrest.... Police have also arrested 5 juveniles including two suspects identified as Tyrone White III Jr & Daniel White II... Several others detained in connection with recent riots or threats have been booked into jail.... Officials continue searching for answers regarding events leading up to Aug 09th : Two men charged Friday afternoon after being identified earlier this week as possible suspects In connection w/felony charges against another man In connection w/battery charges against another man One suspect charged June 25th.................................................................................................................................. And I suppose my final quote....""For those that don't know what happened last week we thought it best if we just stick together regardless what",left,left
"As Tension Eases on Ferguson's Streets, Focus Turns to Investigation", The Missouri State Highway Patrol conducted its first traffic stop in Ferguson since Friday afternoon without incident at 10 p m (6p p m EDT). Officers stopped a vehicle for not having its headlights on — something about 5 miles per hour below speed limit — according to Captain Johnson who has been coordinating security here since midnight last night following complaints from residents that officers had been using tear gas instead of flash bangs in order to disperse crowds earlier in day when protesters began vandalizing property around town at 4 p m (1p pm EDT). Mr Justice Holder arrived just minutes later without any major news conference or public statement from Missouri Gov Jay Nixon or his top administration officials as yet as no arrests have been made after more than two days without a formal charge being filed against Officer Darren Wilson for killing Mr Brown or anyone else involved in his death for nearly three weeks now before any formal charges are filed following Mr Brown's death late last week by gunshot from near 16 shots fired while he stood outside his car parked across 18 lanes of traffic while trying to get back inside before walking away when Wilson opened fire striking him four times; it was also revealed today that both Wilson and another officer are white but there are multiple other officers among them who are not white so it is unclear how many people could be charged based upon race alone given how well armed officers have become due partly because several cases where one officer shot another because one cop felt threatened went unreported despite being documented over time via dashcams so far despite all indications being clear that two cops shot Michael Brown over black bodies mostly because those cops felt intimidated by what happened today because their own officers were too slow responding during protest situations like this one where others were taking most direct action against them during demonstrations like this morning's looting rampage downtown while others burned cars owned by businesses which usually attract tourists especially those visiting Ferguson yesterday though thousands saw no evidence anything bad happening downtown – even leaving aside what happened during Monday night's looting rampage downtown – after hundreds gathered downtown peacefully rallying out onto Broadway Street where buses came down heavily honking announcing over loudspeakers “We won't let you steal our freedom” then up onto Independence Avenue where more buses lined up along busy street scene coming down hard honking yelling “Shut your mouth! We're gonna take you down!” then back onto northbound Interstate 70 causing hundreds out driving long distances south toward St Louis City along route I-70 all with full hoods down protecting them from rain blowing straight into their faces saying nothing would happen if they stopped driving but they do what thousands all heard just,right,right
"As Tension Eases on Ferguson's Streets, Focus Turns to Investigation"," After weeks at a safe distance from protesters – many who say they simply want justice for what happened – Mr Holder began moving closer to them last week when he traveled to Springfield for briefings about civil rights violations in Ferguson over several months before his arrival here earlier this year under former President George W Bush’s administration as attorney general after two terms as president (Obama appointed Holder as attorney general). At Springfield he also met privately with NAACP President Ben Aylor and NAACP President Marshall Echohawk over an hourlong meeting at Mr Echohawk’s home in St Louis Park shortly after his arrival here last month following four years spent traveling back-and-forth across America working hard to resolve tensions between law enforcement agents and African Americans across America during various protests over poverty issues such as income inequality or racial disparities in public school performance (see also: http://www2newsnow.) As well he has visited dozens of cities while serving his second term representing U S Department Of Justice The FBI has not released any new information but confirmed that no one was arrested or charged related to Brown's death since November 8th -- though Mr Brown himself later pleaded guilty to obstruction charges relating specifically to actions taken by Officer Darren Wilson hours before Brown died -- although now it seems unclear if anyone will be charged if Wilson decides not immediately hand him a ticket for ""disregard"" or simply ""willful disregard."" Also still unclear is whether or not any formal charges will be brought against Officer Wilson nor whether any criminal investigation might begin (though it could) unless Mr Obama decides at some point during his second term whether/when someone should face criminal charges related specifically to Brown's death - most likely either Officer Darren Wilson himself would have been charged directly then would have faced possible civil rights violations due specifically/specifically through Wilson's role in killing Brown himself since no one else was involved when it actually happened - but without additional evidence so could just potentially be dismissed for lack of proof because there was no proof at all - just a hunch so perhaps those thoughts are purely just speculations until something comes out... The ACLU continues its work building cases against many high level officers including former Mayor James' son Jason James Jr., current Mayor Lyda Krewson Joplin Jr., current Police Chief Thomas Jackson Sr., retired Police Captain Michael Harrison Lee III; Deputy City Prosecutor Robert Williams Sr; Former Assistant City Prosecutor Kevin Lewis Sr; former Ferguson Constable Robert Williams Sr.; Former Assistant City Prosecutor Kevin Lewis II also recently retired from city government there)… Several other officials have started",left,right
"As Tension Eases on Ferguson's Streets, Focus Turns to Investigation", On Aug 9th at about 10 o’clock am when Michael Brown was shot by Darren Wilson while standing alone in his mother’s yard while walking his 3-month old baby daughter who had just been given up for adoption in Missouri it ignited riots across America from coast to coast it spread like wildfire across most every region where law abiding citizens believe an injustice has been done or is being done by government or private business then there are no words to describe such a powerful event it can be called anything from chaos to civil war because it changed everything for those affected it brought out all types of emotions including anger against those responsible which was not lost upon anyone not even young children because we could see there families who are dealing with some very serious issues as well because parents started bringing their children home from school after being suspended from school due to this mass rioting during this time period everyone started looking for ways out these violent riots became more open than ever before what began as one group getting together led by Mr Al Sharpton followed quickly lead by James E Pendergast (President Barack Obama) James E Pendergast/Wikimedia Commons James E Pendergast/Wikimedia Commons / Flickr Reprinted under fair use license The National Association for People Affectedby Street Riots (NAPPAR) President Al Sharpton told ABC News over two radio programs today that his organization would be “openly supportive” until something happens… ….. ….. …….We are not going anywhere until we have seen what we saw yesterday [Aug 29] tonight I mean Michael Brown got shot tonight but everybody thinks if anything happened here you would start rioting over his death but you don’t think nothing happened when these people showed all their courage yesterday maybe tomorrow you won’t have any problem with anyone starting out any place then you start thinking things get really bad around here so I think people have moved past this part right now so yes I will support my organization… We will be open enough until something happens our goal right now is simple my goal right now is let them understand we want them go back home they should not have come back but we want them gone back home my goal right now is let these folks understand America has no values anymore so let me tell everybody just forget about all your anger stay calm stay calm stay calm….....I can assure everybody if I say again unless something happens tonight or tomorrow night or anytime down through until midnight tonight at midnight tomorrow night till midnight tonight never happen I am asking everyone to,left,right
"As Tension Eases on Ferguson's Streets, Focus Turns to Investigation", The killing occurred around 8 p m Aug 9 when Officer Darren Wilson allegedly shot Brown in his back while attempting to stop him for allegedly committing an unlawful traffic violation when he ran from it; five people were arrested for various felonies including assault; two witnesses say Brown could have been innocent after seeing his car being driven without lights by someone who matched witness accounts; a grand jury declined to indict Officer Wilson immediately; but prosecutors are reviewing all evidence following this decision; at least three other officers involved remain under investigation as have members of Officer Wilson's immediate family(Photo: Associated Press),right,center
"As Tension Eases on Ferguson's Streets, Focus Turns to Investigation", The state attorney general has traveled to St Paulsville for meetings with authorities concerned about “violence” from Ferguson citizens after protesters torched part of his department's headquarters Wednesday afternoon after it canceled its planned meeting due to protests over an earlier deadly officer-involved shooting by a local cop there last week; The Associated Press (AP) reporters who covered Mr Holder for most if not all his time in office will liveblog what's happening during his stops as well as interviews conducted throughout downtown St Paulsville during Wednesday's visit; State legislators are considering plans for new legislation to prevent similar incidents later this year or for next year; Mr Holder met privately late Tuesday night at one end place downtown at 2 PM EST (about 9 AM PST) before heading back downtown himself again later in each day for another round up meetings; Police are still working out details regarding when it will be safe enough yet again to go home if necessary following curfew set earlier Monday morning amid protests over another deadly officer-involved shooting by a city cop last Sunday,right,center
"As Tension Eases on Ferguson's Streets, Focus Turns to Investigation"," The Department of Justice’s inspector general will review questions about an incident in Ferguson during which an unarmed 18-year-old man was killed by a white police officer after running from cops who opened fire because he pulled out his gun during a confrontation with them earlier that month; more than 200 angry protesters surrounded Officer Darren Wilson when he arrived at Brown's apartment complex seeking help; Mr.. Holder says President Obama has commended his investigation into charges against Officer Wilson; Attorney General Eric… Read More About Police Violence Against People Protests Coverage From Our Partners: NBCNews

",center,center
Governor of Arizona Is Pressed to Veto Bill, The bill was approved by members of both chambers who voted for it as part of a package deal with Ms. Brewer; however it was killed by House Speaker Philip host • (c) Copyright 2007 Phoenix New Times Newspaper Group. All Rights Reserved. Contact us: [email protected],right,left
Governor of Arizona Is Pressed to Veto Bill," The federal Religious Freedom Restoration Act was enacted with provisions for religious freedom in mind when it was first passed in 1993 by Congress (The Religious Freedom Restoration Act). It is one of several pieces of legislation designed by Congress in 1992 for increasing religious freedom across all 50 states.[1] [2] [3] The law allows individuals or businesses free exercise their religious beliefs if engaged in activities that are necessary for their survival.[4] By creating legal protections for businesses they have found important as well as an open door for those seeking religious freedoms.[5] In 1996 alone there were almost 9 million Americans who used religion as an excuse not comply with government mandates issued pursuant thereto,[6] millions who use ""no tax exemption,""[7][8][9][10][11][12] millions who had applied but failed or were denied on grounds[13]. In December 1997 there was a spate of litigation due its passage.[14][15]. There are currently 1 million individuals with ‘religious objections’ against federal mandates under RFRAA.[16]:33 In 2001 there were 824 cases filed under RFRAA [17], about 830 cases filed based on state laws (18).[18]:22 A court case involving Colorado Governor George W. Bush upheld RFRAA's application when he refused an employee's request before Christmas 2000 not only because his wife requested it but because he considered it important enough even though she was gay.[19],[20],[21] Since 1998 there have been about 564 lawsuits filed under RFRAA, over 2200 verdicts handed down since 2000,[22]:3 Some argue some states have better protections than others due perhaps partly due its definition being broadened slightly from what originally intended[23], although states still must meet certain criteria such as being non-profit organizations or no-profit companies; most states require local government units such as townships be included within their definition except where local governments own their own businesses; some courts do allow non-profits such as churches where corporations may operate within their districts if they choose so; but none allow any corporate entity formed outside counties or other counties outside municipalities nor any incorporated entity (i) whose purpose is trade association unless specifically exempted by statute;(ii) whose primary purpose is commerce unless specifically exempted by statute;(iii) which engages directly or indirectly in interstate commerce whether wholly through its operations or at least partially through agents operating out another jurisdiction without ever having been separated from its marketing network into interstate commerce through sale directly...or(iv) which receives more than $250 million",center,left
Governor of Arizona Is Pressed to Veto Bill," The U.S House introduced legislation last week (H 1101) for consideration in September 2014 that would extend religious exemptions for businesses owned by people who are not directly involved in their operations; however there have been no hearings or votes yet (The first hearing was held in July 2014). According to one source who read an earlier version of this article: The H 1101 is similar or identical (but not identical) then as now with minor changes like adding more language about what constitutes direct involvement for businesses being owned by non-profit religious institutions; but does add more specific references about how such organizations will be able exercise their free speech rights as opposed what will be defined as direct involvement since it is an exemption not generally available under federal law nor state law(Arizona Constitution Article 2 Section 1). This also adds additional examples where such organizations could claim a freedom not generally applicable under federal law or under existing laws regarding charities(examples include any charity receiving charitable donations or having 501 c-3 status)(see http://www.legislatureonlineresourcecenter…/civics-and…/religious...). If passed into law it states specifically ""exemptions must be narrowly construed"" [the definition] so we're still looking at more than 40% support in either house of Congress despite only being introduced less than 4 months ago."" In any case it's unclear what ""nearest passage"" means since there's little public awareness surrounding this issue,"" said one source quoted above.(Thanks Alan!)",left,left
Governor of Arizona Is Pressed to Veto Bill, Read more about how your opinion can help improve our journalism as well as make possible future content like this,center,right
Governor of Arizona Is Pressed to Veto Bill," A proposed religious freedom law in Arizona gives individuals more authority than previously allowed under federal law but fails as it does not allow businesses much discretion as its intent is only for people who believe they are being discriminated against or unfairly treated based on their sexual orientation or gender identity while failing at keeping religious beliefs out of other areas such as employment practices or public accommodations; also doesn't take into account existing protections under civil rights laws; lacks clear guidelines for courts when deciding whether discrimination violates those protections; includes provision for free speech but excludes any mention of free exercise rights (that has already been dealt with) but only provides immunity for violations made by someone with whom you have an emotional relationship; also will be difficult for businesses impacted by this law because their ability under current federal legislation is limited whereas if they seek protection under current state law it will be impossible without violating federal nondiscrimination laws – And there are other issues involved in how this legislation could affect employers who do not wish their employees could use religion in order to discriminate against them based on those same characteristics - It wouldn't prevent discrimination itself or make sure employees aren't told what sex is unless they actually are transgender People opposed say these provisions can be seen as encouraging discrimination against LGBT individuals because religious faith isn't taken into account- But these provisions cannot stand- There's no mechanism built into our Constitution currently protecting religious freedom - But there's one created right now - Religious freedom was enacted originally as part of another piece called The First Amendment Protection Act (which took effect in 2008) However it was never used before due its weak wording making it difficult for all potential opponents- Also supporters suggest this will go directly towards supporting faith based businesses rather than just providing general protections – And yet there might be some companies within our economy who won't want employees telling them what sex might be- This won’t stop any discrimination though until we've addressed all issues raised plus added language allowing exemptions where necessary (even though I doubt even most supporters realize how strong that clause is)- They note some people will disagree with gay marriage/marriage equality instead believing it should come down more strictly toward traditional marriage then LGBT equality – That could mean either adding language prohibiting discriminating between two different genders/sexualities etc., along with providing exceptions such as being married or having certain children automatically assume your gender identity without having an actual change done at work/in life time regardless – Or simply letting people decide if they have an interest in living together even if neither person feels something should change… Or letting employers decide whether/how much someone wants one live around each other versus",left,right
Governor of Arizona Is Pressed to Veto Bill," In March 2011 Gov.-elect Jan Brewer vetoed SB 1070 just days before it became law because she said she had no religious objections when faced with similar legislation in 2010 by two Democratic-controlled legislatures in New York City, where same-sex marriage was legalized in some form but not nationwide at once. The new wave of backlash is focused on this proposed law that would allow businesses based entirely or partially outside their home states (like Phoenix) or even just outside their county (like Scottsdale) or partway across country (like Phoenix) for its residents to refuse service based on religious beliefs. Read Full Story",left,right
Governor of Arizona Is Pressed to Veto Bill," House Bill 1285 (SB 1325 by Mr..Worsley) would allow businesses with more than 500 employees or 75 employees who serve alcohol or do so within one mile of its location in Arizona for religious reasons; deny services; or refuse service for any reason other than those listed above (e.g., an individual refuses blood transfusions because someone else was allergic). It also provides protections against discrimination based on sexual orientation; provides civil rights protections under UCLAA (Title VI); permits religious organizations providing services at their properties not only up front but also after hours when needed; promotes diversity in government employment decisions (exemptions for gender identity/expression); exempts faith-based organizations receiving public funding from hiring policies prohibiting discrimination based on sexual orientation/gender identity/expression; requires employers with more than 50 workers be aware that their workers can invoke religion as justification for refusing access during meetings or interviews; creates administrative remedies through civil actions against businesses whose policies violate constitutional rights under UCLAA vand other cases cited in section IV.; creates fines ranging from $1 million-1 million dollars per day per violation if fines are paid within 90 days; prohibits lawsuits until penalties are paid if violations occur over 100 times within 1 year preceding enactment date.; imposes restrictions regarding tax exemptions related to religion ; prohibits cities implementing municipal human rights ordinances from imposing human rights conditions ; prohibits local governments from approving employment contracts that violate existing religious freedom laws (as well as requiring prehire sensitivity training) unless they opt out of such contracts being allowed before they occur.; requires municipalities participating in federal aid programs provide evidence each year reporting must include information about all requests made for accommodations under their programs. Also states it allows municipalities not subject federal humanrights law violations could face penalties starting at $50K each day up until 20% penalty is collected annually.

",right,center
Governor of Arizona Is Pressed to Veto Bill," The Arizona House of Representatives approved S-626 (HB 2054) by an overwhelming margin in April 2007 amid widespread protest at businesses not honoring local religious laws allowing them for discrimination but now after months of debate have become law without any public comment from lawmakers or their leadership; HB 203 (HB 2055) is similar but exempts businesses with religious objections over other customers; HB 593 (SB 2244), sponsored by Sen Bill Jones was introduced as SB 626 after he was appointed as Senate President; SB 928 (SB 7093), sponsored by Sen Mike Lee originated as SB 2054 after he was appointed Senate Minority leader.; SB 599 (SB 595) originally proposed by Rep Dave Graham for S-2049 but was amended before being scheduled for consideration before leaving committee with amendment changes; SB 2371 sponsored by Sen Lisa McClain added anti-discrimination provisions for service restaurants or entertainment establishments with religious objections over others without same-sex partners; AB 1463 originally proposed as AB 206 made gender identity optional rather than required through sexual orientation change efforts",right,center
Governor of Arizona Is Pressed to Veto Bill," House Bill 2191 was introduced in April 2015 as part of SB 1062 by Representatives Mark Udall (D) of Apache Junction; Jeff Denham (R) of Tucson; Brian Berryman (R) also representing Phoenix; Steve Persafian (R) representing Gilbert; Don Shooter (R) representing Maricopa County; Robert McDermott(D), chairman for Phoenix area Republicans who oppose gay rights issues in general; Representative Mike McLaughlin(D), who represents Maricopa County but opposes gay rights issues). The legislation was intended as an amendment added late last year under House leadership from Rep. Joe Woodall.(The story above is adapted from an article published Oct 27-Nov 1.)
Arizona Chamber President Dave Leach urged Ms @Gov @Jan@Brewer not signing #HB2191 into LAW! https://t… https://t../pic/113915864598207094_120727005030297825_n5c1e7a8f-9b4d-4eb6-a57c-1c4fd37ce038_o194318486595235860_r09b35904984368928691424004581a8b0fca3d2dfbde7599ef880113dc5e06679bb73cf64fad54ab22c9ac3bd4056cb82ea3cd521af962692e107628ff6ad16fa67fbc4e9fc8fe2bfbb7ba02db17d2331fb42ffa742491cc51db05edcb8087ee1ec778925dd6ba8550da65fc41fbe63272971cf0733aeaa7dd72efabfc61bd9ff93da490311eb446908fb06ec76e26b6768dc97c134719d5501043530cc53bf55be0596aa93eb0f7047a081082ee3ec75208632125946133977ed9d485619bb44ac831518983781ccdf2db5280793499091778fd95ce22872691fe57fd3ca1653013371b7dd06243841ce902368ad1452bdac5df6cf42",left,center
Jan Brewer Announces Veto Of Arizona Anti-Gay Bill, A group of business leaders filed a lawsuit challenging what they termed an unconstitutional attempt by Gov Jan Brewer (R) of Arizona (and several other Democrats)...,right,left
Jan Brewer Announces Veto Of Arizona Anti-Gay Bill," Religion is a very personal issue,"" said Chuck Wexler of American Atheists International (AAI). The group called on businesses throughout the Valley not only for their support but also for taking practical steps that could avoid such an outcome: ""We urge our members of Congress who will attend Super Bowl XLVII [...] [W]e urge them consider supporting this legislation by encouraging companies such as Marriott International Corporation or United Airlines Group Incorporated."" AIA executive director James McGinnis concurred that if business owners were unable ""to comply with our nation's most fundamental civil rights laws,"" they should simply take action: ""You can make your own decisions about what is right for you based upon your values."" And even though Americans are still recovering at high rates from past tragedies such as 9/11/01 where hundreds of people died and thousands more were injured throughout America due largely due of religious extremism which was fueled by anti-government sentiments among many Americans across faiths -- many businesses still want Americans not only protected but also made aware of their rights so they can make informed decisions about whether or not they will offer services or products which might violate their beliefs -- AAI executive director Chuck Wexler stressed that there should be no discrimination because someone doesn't agree with an individual's faith; he added that religious people are more than willing partners when helping each other understand what religion really means so long as neither party harms anyone else over religion itself -- AAI says its members do try-- but despite all these pleas for compassion from leaders across America we must remain steadfast regardless-- AAI encourages everyone reading its statement here -- Businesses everywhere need help now — AZGOP Chairman Ken Bennett was among those who joined AIA's call today during his opening remarks today at AZGOP Executive Vice President Jim Rennie Jr.'s Statehouse appearance; Bennett warned AZGOP voters there are already signs warning churches may be closed down soon — He noted that while AIA is urging everyone in Phoenix area schools across districts starting January 1st — including public schools –not just kids starting Kindergarten –to get ready for school this year –for those individuals who are looking forward — he warned parents -there may never be classes again -for years -because if a parent is going through a divorce then there may never be classes again too-- If you don't feel comfortable speaking up then I'd advise you get out ahead– But instead parents around Phoenix areas need help NOW before things become worse later – Parents need guidance NOW before others feel like they've lost everything – Arizonan Senator Jeff Flake",right,left
Jan Brewer Announces Veto Of Arizona Anti-Gay Bill," SB1062 would prohibit civil rights protections for people who choose their location of residence based on religious convictions - a violation of Religious Freedom Restoration act."" While such discrimination is allowed by other legal authorities - some states already allow it - HB 2785 (SB1062) was signed into law by Brewer without consulting her before doing so.[S]ome lawmakers believe that civil rights protections are only available for individuals residing within a particular state or county where there is government-funded housing...The bill prohibits discrimination based on race/ethnicity or gender when providing services or goods; however,...[T]he wording of [SB1062's] definition of discriminating includes denying services based upon an individual's sexual orientation....SB1062 could affect many businesses....[T]he measure could potentially result...in boycotts/sorts boycotts if they provide goods/services at an event....When we look at this legislation specifically as a restriction of constitutional rights...we should not make assumptions about what kinds of actions may be taken should our own beliefs dictate our actions.....Arizona courts must continue working with federal courts....to ensure that we retain our constitutional protections for our citizens regardless of whether they reside within AZ border towns or anywhere else for that matter.....HB 2785 does NOT protect LGBT individuals from all persecution...(and other areas where discrimination exists), nor does it attempt specifically prevent any kind of discrimination..As such I support Gov Brewer's commitment [to preserving those constitutional rights); but I strongly encourage legislative leaders like Sen McCain & Rep Flake take note...Thanks again!",left,left
Jan Brewer Announces Veto Of Arizona Anti-Gay Bill," In response a coalition of companies representing over 1 million employees are taking action against SB 1062 which was just introduced by Senate Rep Janet second reading amendment for religious freedom....... To see what business is doing at www www www http://www https://www https://www https://www http://www https://thedailybeast -.-.-.-.-.-.__-._.._-...._....__._-.....;.;.:.:;.:.,:.,:.;:-,... ;:-.;:::::-.,:,:,,,,-,-,-,...,::-,,::-,...........__..-.__..-.__..-.__..-.__,,,.____...............---......--......-.....-.....--.........--......-.___.......__........_.---......----...........----------....___.......---......-.....-.....--.........--.......--.--.--.--.- -._ _ _ __ | + + --------+ --------- +-----------+---------+------------+-----------+---------+-------------------------+------+------ ----------| | | | | ____|/ / / / // // / \ \| \/ ____//\ \|/ ____//\ \/ ____//\ ';;; ;;; ;;;;' '-' -.'';''-''-.'''','./*'/*':''';':', */';':'';','*''"";*, ',','?,'?,'?""\""') { ; } }

",right,right
Jan Brewer Announces Veto Of Arizona Anti-Gay Bill," The Supreme Court ruled today that private businesses can deny service if they are based on religion.""",center,right
Jan Brewer Announces Veto Of Arizona Anti-Gay Bill, This story was originally published by The Washington Post under a Creative Commons license. We are reusing this story for our purposes only without attribution. If you wish reproduce any of this article please feel free do so (you will need a copy) for your own use ONLY - no commercial use is permitted.),center,right
Jan Brewer Announces Veto Of Arizona Anti-Gay Bill," By signing SB 1062 into law we believe we can continue providing quality services by doing so without violating our fundamental values of fairness & privacy of individuals who wishto do business with us."" Marriott did not make any immediate response when contacted by Fox News regarding this story but later tweeted that while they disagreed with Brewer's decision they are still open for business here at their own facilities across from Metro Airport at Phoenix Sky Harbor International Airport - a statement that was quickly followed up by American Airlines which issued an official statement saying it was ""deeply concerned about [SB 1062] as well as other similar bills moving through Congress."" A spokesman for Marriott Group told Newsmax TV: ""'Marriott is aware of all parties' comments about SB1062,"" adding that they agreed with what every other company has said: ""Americans should be able participate fully in our economy free of discrimination based on religion or sexual orientation... If businesses are permitted this type of discrimination they will lose customers.' 'We applaud Governor Brewer for continuing her efforts towards equality', a spokesperson for Sprint commented earlier today."" AT&T followed up its statement saying people should be able do what they're comfortable doing whether that's gay marriage or something else (such as driving cars). And Walmart also weighed into things today telling employees that if the new law takes effect tomorrow then those companies would be required by law either change their policy or go out of business - but not before making sure there is plenty left for your next shopping trip because otherwise you may get penalized with having items returned after purchase.(H/T @EvanSiviero)",right,center
Jan Brewer Announces Veto Of Arizona Anti-Gay Bill," At least one religious group said Thursday that its opposition of gay marriage is stronger after its support of civil unions became increasingly clear."" A majority of voters also are expected soon during early voting for House District 21; Brewer's District 13 contains a significant portion of Phoenix's gay community but there is no polling yet by either party showing significant support there for same-sex marriage rights or discrimination laws generally -- though some polls show strong support overall for those rights overall.[D]ome wide controversy over proposed federal constitutional amendment regarding civil unions at upcoming General Assembly meeting [S]tatewide protests prompted by ballot initiatives seeking civil unions [JG]. In 2007 voters added Proposition 8 language regarding civil unions but opponents successfully challenged that law (see November 2007). Proponents of same sex marriage referenda will gather outside Capitol building before Assembly votes [JG]. [DS]",left,center
Jan Brewer Announces Veto Of Arizona Anti-Gay Bill," An executive order by GovJan Brewer (R), signed today by GovJohn Kasich (R), states that unless a federal district court strikes down a law prohibiting discrimination based on sexual orientation or gender identity or expression, discrimination will still be illegal against any business owner who refuses service based solely on those grounds."" The host committee stated its opposition so strongly because of its financial impact on local economies as well as its effect upon property values across Maricopa County which is home base for most of Arizona's economy due its proximity with one of America's largest metropolitan areas - Phoenix - which is expected t go through a record number of visitors this year with many expecting such an event would attract millions each year into his county alone! This issue is particularly critical during times like these when we consider what impact our country's increasingly diverse population will be having upon our nation - something that few truly grasp since so much of America only really care about their own needs while ignoring others - regardless how much money may be involved! And remember what we just heard about this issue over Memorial Day weekend; there are people who want these laws passed; but they want you all off their back before they realize they are being manipulated by those who claim they need these kinds of protections for individuals without any regard for other rights! Keep up your good work Governor Brewer! We will always stand beside you!",left,center
GOP Smackdown: Rep. Labrador Enters The Race For House Majority Leadership," A former Marine general told Politico Magazine last week that he thought “the Republican party has been divided into two camps over many years — one supporting President Obama on issues like immigration reform; and another supporting President Bush on everything else — from tax policy through environmental issues to global competitiveness,"" accordingto Politico's Tim Miller."" “The second camp is more conservative than its counterpart within both parties."" And with no clear opposition coming from within either party or establishment committees such as Appropriations or Ways & Means Committee chairman Peter Roskam (D-Ill.) McCarthy could soon find himself alone among Democrats as he seeks his fourth term representing a suburban district north of Detroit — home to many Detroit immigrants with roots here but whose families have left because they have found employment elsewhere -- while running against an incumbent from Maryland who ran unopposed last year despite being considered controversial even by other members on Capitol Hill because his policies put him at odds with both liberal allies such as Sens.(D) Barbara Boxer (Calif.) Maria Cantwell (Niqab) John Kerry's (Mass.) Mark Udall John Edwards Mark Sanford Michael Bennett Robert Sesto Bill Murphy Susan Collins Richard Lugar Kay Bailey Hutchison Cynthia Lummis Doug Osely Anthony Feinstein David Perdue Dick Durbin David Perdue Jeff Tester Edward Markey(D) Barbara Lee Gary Peters Christopher Christie George Miller William Lamberth Steve Stivers Alan Simpson Jeff Merkley Dan Lungren Steve Scalise Jerry Nadler Dianne Feinstein(NJ) Debbie Stabenow James Risch Mike Enzi Chris Coons Mike Duncan Chris Van Hollen Jim Renacci James Comercio James Clyburn Joseph Ehrmann Roberta Blackwelder Thomas Massie Patrick Leahy Chuck Schumer Ted Cruz Mark Warner Jim Webb Scott Peters Tom Udall Tim Walz Thomas Jackson Brian Hogue Stephen Hayes Bob Inglis Joe Lieberman Michael Bennet Joni Ernst Jerome Powell Dennis Ross Patrick Kennedy Paul Gosar Ben Cardin Paul Ryan Charles Boucher Chuck Whelan Nancy Pelosi(CT) Nancy Pelosi Tom Allen Keith Ellison Diane Black Linda Sanchez John Larson Diane Watson Mary Landrieu Carolyn Maloney Lisa Murkowski Martha McSally Matt Caldwell Charlie Dent Susan Collins Roger Wicker Timothy Robb Rick Perry Robin Carnahan Eric Cantor David Bonnen Ted Blumenauer Ted Strickland Rick Perry Debbie Mucarsel-Powell Elizabeth Warren Elizabeth Warren Christine O'Donnell Tammy Baldwin Nancy Bass Pam Gross Sen(TX) Marco Rubio Scott Brown Tom Campbell Pete Sessions Todd Young Ron Johnson Susan Sanders John Kerry Tim Miller Steven Palazz",left,left
GOP Smackdown: Rep. Labrador Enters The Race For House Majority Leadership," This was seen as a significant upset victory on Tuesday night but most experts expected Cantor or others like him — or even an outsider with no name recognition — would win his party’s nomination and take control of leadership after losing a primary last week... ” read one headline Thursday night before news broke Thursday at about 4 p.m., when Republican Reps Brian Fitzpatrick (Pennsylvania), Jeb Hensarling (Texas), Trent Franks (Arizona), Chris Stewart (Nevada), Peter Roskam (Ill.), James Lankford (Okla.), Mike Simpson (Okla.), Greg Walden Jr., Edward Markey(Mass.) and Barbara Lee(Calif.). The only Republican standing behind an opponent from outside her own party? That would be Labrador because he also lost a bid for GOP nomination last spring during which he led polls with more than 50 percent support among GOP voters nationally on election day against an unknown challenger named Jack Kingston-Muncy. Labrador narrowly lost his race against Kingston-Muncy but gained enough independent votes needed to reach 50 percent support among Republican voters nationwide –and then won another primary contest two weeks later at a higher level against former Navy SEAL Ben Swann –to win an unbound seat with 53% support statewide ahead of term limits rules limiting him as lieutenant governor next year when he had hoped he could run again after eight years out of office.. In 2012 too: Labrador defeated six other candidates –including fellow Idahoan Thomas McFarland –from within both parties; won primaries across his state; won four elections uncontested; ran unopposed every time except once while serving in Congress including in 2010 when he won 51% overall national vote despite losing primaries against several rivals–although those contests were decided according to state law requiring preferential treatment according to party affiliation rather than competitive preference votes—and served out term just months before going back home again where there are no term limits laws.. And all along those long campaigns during which some tea partiers got high praise from conservative commentators including Sean Hannity even though they didn't campaign nor talk much about tea party issues or positions–even though Hannity called them ""cronies"" based on their salaries or lack thereof–until it looked like they might actually have something new coming from their voices if only Americans heard them come forward.. Or were suddenly getting ready to abandon those old old positions if only Americans knew what we were really talking about? Was everyone suddenly getting excited about what we really thought should replace old tried-and-true politics? Is anyone really surprised",left,left
GOP Smackdown: Rep. Labrador Enters The Race For House Majority Leadership," Representative David Dingell (D-MI) voted against a resolution on Thursday supporting President Obama’s National Security Council plan after being pressed on its use during 9/11 attacks -- but he wasn' t alone: A new poll shows more Americans disapproving than approving of his move to block it."" (Source.)",right,left
GOP Smackdown: Rep. Labrador Enters The Race For House Majority Leadership," Democrats still have a lead over incumbent Republican Reps., but new polls show them falling behind at least two key groups – Hispanics (45% approval vs 59%) and moderates (44% vs 49%). Those two groups make up more than half of all voters surveyed – 47% overall approved vs 52%. And those two groups constitute a huge chunk — 53% approval with 45% disapproval – among all respondents nationally…The latest polling data continues a trend: Democrats haven't seen much improvement since late May — from just 55-40 disapproval on average — while their poll numbers have stayed close to 50/52 since mid-July."" Read more at http://www2.mrcrussiajournalenewsletteronpoliticsandgovernmentinamerica122330201263825221416174850206736010877476688155529841001349092760321179057695739031054258947707639937292800431101062215442733963480562656998972479109430909983008601773850576875172419195863606473204974123959841488188095286776000977536176435454699086578989898789318095391019076385433741273226586210192904231853139595548667796168740698215965352408258575488927796217745678723506628463713496840106487793597698955081496894708743195713721962304110211692508368216780834084953372157811992094760087894214703410644990431220632296981103015609018653410105860053008321553775052587621690316350830890405231104104115339446130710580898950314810091636511852197608588007120773119801138578707018685015987565571063005112633853009498500575612602008815031090215900765810868855855601712858700699028780615858550553005145205458106705",right,right
GOP Smackdown: Rep. Labrador Enters The Race For House Majority Leadership," One day after announcing her challenge Wednesday night (of Rep.-elect Justin Amash), California Republican Barbara Lee announced Thursday she was filing a formal challenge against her Democratic opponent Roy Moore before Election Day with an eye on a possible run at leadership if he wins re-election today against Democrat Doug Jones — but saying she will not seek office until 2019 rather than 2020 or later as was previously indicated in statements earlier this month from top Republican leaders like John Boehner (R-OH) and Marco Rubio (R-FL). The Nevada Democrat has been widely criticized for his ‘birtherism” on Twitter following President Barack Obama's 2008 victory over Democrat Sen.-elect Barack Hussein Obama Jr., which Lee says set him off course from politics even though he also served as an officer with Hawaii Police Department during World War II where she was trained as lieutenant governor after joining it at age 13… Read more »",right,right
GOP Smackdown: Rep. Labrador Enters The Race For House Majority Leadership, One of several high-profile Senate battles between President Barack Obama's supporters on Capitol Hill — including one as high-ranking a senator as Sen.-elect Mitt Romney — now pits tea party challenger Kevin McCarthy versus former Speaker Newt Gingrich's most loyal legislative backers over whether he gets his way in Congress... Read more here.,left,right
GOP Smackdown: Rep. Labrador Enters The Race For House Majority Leadership," As recently as 2010 Congressman Ron Paul lost a Democratic primary battle against Ron Johnson – whose father was killed by Agent Orange during World War II – but he won a close victory Tuesday night despite opposition from most other candidates on both sides of his political spectrum due to an intense grassroots campaign among veterans from his Kentucky-based Freedom Works organization with strong ties across Capitol Hill and throughout Kentucky communities throughout Appalachia,"" wrote The Washington Times' Jeff Zeleny in an editorial last Sunday after Ryan Hurd replaced Cantor as speaker at a GOP leadership meeting Thursday afternoon with no candidates announced at 12 noon PT (noon eastern). ""But then again ‘The Man From Mars’ might have felt confident about winning.""",right,center
GOP Smackdown: Rep. Labrador Enters The Race For House Majority Leadership, The House Republican Conference released its own list today saying Speaker Paul Ryan (R) should step down after failing with an unpopular health care bill last fall – but he wasn’t going anywhere fast after losing a tough primary battle over whether he could govern without Speaker John Boehner (R-Ohio) … Continue Reading… »,right,center
GOP Smackdown: Rep. Labrador Enters The Race For House Majority Leadership," In a dramatic shift on Wednesday night — with no candidates left (except Ron Paul) — it became clear that Majority Leader Kevin McCarthy had won his primary against challenger Ron Paul; yet he won re-election with almost 75 percent support from voters nationwide after weeks of campaign activity around social issues including immigration reform (which he has promised at least twice). “I am going back into a more disciplined campaign and I will do what I need to do next round but I think we have a very strong challenger coming forward right now that will be very credible going forward on our side as we move forward into November,"" said Republican pollster John Zogby Wednesday night when asked about likely challenger Ron Paul for minority whip or minority party whip in 2014.""But there are only two candidates left — Mr.Raul Labrador or Mr.Kevin Fertig— we may have four or five other viable candidates here if you look around— which means it could be an uphill battle at best.""He said earlier today while adding “We are probably on track where we should all be.""The congressman went after Democrats over their health care overhaul bill Thursday saying he believed Americans wanted solutions but had not supported him because they were afraid Obama would win again next month in 2012 even without having anything new passed under his administration.""The question becomes how well can you win if you can only win by winning elections?"" He added ""If you look at my opponent's record over 20 years as a Congressman … every single one has been defeated,"" adding ""There can't be one person out there running against me tonight… We've got too many voices out there now trying their best not to say much about me doing something wrong… They're afraid I'll run again…""Labrador told reporters late Wednesday night that it was time.""They want us off balance,"" he said before adding ""It's always been like this with all races within parties … You have people saying 'Oh please let President Obama go', 'Let's give him back' … That's never happened before when you start having so many people telling different sides...""""This isn't just about keeping us off balance,"" Labrador continued ""You really need people willing [to vote] no matter what your opponents might tell them…. It really needs them willing [and] able [to vote])"".He then asked if Democrats thought they could still win even though they lose seats while losing members rather than having just two representatives from each district?",right,center
Who is Dave Brat?, House Majority Leader Eric Cantor had been one of President Obama’s most trusted allies during Congressional testimony scheduled by Republicans on Tuesday about their budget plan for 2011 spending plans for both houses [UPDATED],right,left
Who is Dave Brat?, As House Majority Leader Eric Cantor began campaigning for reelection Tuesday evening against challenger Dave Brat – one might say “wrestling” – it seemed like no one was going to have enough money to outbid all those Republican donors who are lining up behind one candidate or another until daybreak Thursday morning when another unknown name will emerge victorious in what promises to be no less than an exciting Republican race this fall..,left,left
Who is Dave Brat?, How did Eric Cantor pull off such an incredible upset against Rep... Read More >,left,left
Who is Dave Brat?," House Majority Leader Eric Cantor was beaten Tuesday night by a political novice who is currently working as an economics professor at a small Virginia college – where he had been teaching economics for 31 years before moving here last year–and has attracted attention for being one of only three African Americans in Congress (the other two being Reps David N. Doerger (D) VA-6) and Pete Sessions (R), according to The Washington Post",right,right
Who is Dave Brat?," It was Tuesday night when Eric Cantor announced that he would seek re-election as House Majority Leader; this news was not good news for Rep....
Read More",left,right
Who is Dave Brat?, | Article Author: Rob Merlis Date: 02/28/2010 Category: Election News | Main Posted By adminComments Off on House Majority Leader Eric Cantor Was Beaten Tuesday Night by A Political Novice Who Is Currently Working As An Economics Professor At A Small Virginia College,center,right
Who is Dave Brat?," Republican House Majority Leader Eric Cantor ran around Virginia's third congressional district trying to defeat Rep.-elect Dave Brat in Tuesday night’s primary election but was unsuccessful after being trounced by another candidate—an economics professor who has little political experience —who garnered some support among Republicans but none among Democrats here in Virginia’s 3rd District which includes Roanoke County just outside of Richmond or Northern Richmond County just outside Hampton Roads (the site where many high profile politicians live.) So why did Eric Cantor lose out against this unknown? Because both candidates for Congress were very unpopular on average but very popular when viewed through economic values like income; wealth; opportunity; educational attainment; moral character & values that are often considered “conservative” versus those whose economic outlook favors more “liberal policies” or “more progressive” policies such as unions and government assistance programs for seniors (or anyone else). To add some perspective onto all these issues we looked back through our own history looking specifically into economic values related to Republican legislators running for office after 1980 (Republican presidents were elected since then). We found that while all presidents have been men they have also had two women occupying leadership positions in their administrations: Barbara Boxer was an attorney then appointed Senator by President Bush before she became Governor during Bill Clinton`s second term (she later resigned upon becoming President) along with Hillary Rodham Clinton her husband appointed Secretary of State after Senator Kennedy was assassinated only because Kennedy was assassinated in Dallas before being sworn into office.. Also note that there are many women serving currently U S Senators now including Kirsten Gillibrand, Elizabeth Warren, Kamala Harris, Amy Klobuchar, Loretta Sanchez and so forth not only because they represent liberal views but also because they are well known within Washington circles.. Lastly we look forward into 2016 thinking about what will happen next year about what is going on nationally especially regarding 2016 elections when one can see how various Republican politicians view their own party members... And it seems like Republicans are going to continue picking on each other this next election cycle.....",left,center
Who is Dave Brat?," After years making headlines for fighting against same sex marriage, Virginia congressman Dave Brat has finally won one major battle - but it will be hard to top another — namely defeating ""Obamacare."" As part of our coverage on Capitol Hill this week, it's interesting to hear about new legislation that could be introduced in Congress next year - not only for repealing Obamacare itself but also ""Obamacare 2."" It's likely that these two pieces would go together fairly well considering they have similar goals — repeal Obamacare while simultaneously expanding health coverage under other laws like Medicaid or Childrens Health Insurance Plan (CHIP). To get more details about one specific proposal we did hear that there are some serious health issues involved here too — specifically regarding the uninsured population especially those elderly Americans facing difficulty paying their prescriptions on their own without help from insurance companies or pharmaceutical companies. And let us not forget about Medicaid in which millions now rely on our nation’s social safety net program for assistance – again even though many don’t have insurance yet because they don’t have jobs (the current GOP tax code doesn't protect them). But again why would anyone want these bills if it wouldn't create significant problems? So...how does Congressman Dave fare after all this time? Does this mean he is done fighting against same sex marriage? No way! He will continue trying every chance he gets - including during today's GOP town hall meeting where some Republicans were openly mocked by fellow senators Bob Corker (R-TN) and Chuck Grassley (R-IA) — no doubt so they can see how utterly outmatched they are against our common goal -- repealing ""Obamacare."" And let me add here just because I love him so much... This time Dave Brat got through three straight debates without dropping any punches -- no surprise there since you never know what someone can do when everyone else is completely defeated -- something which happens to almost every candidate running for public office. After all, none are winning elections without beating nearly everyone else up; especially when you consider most campaigns end up getting blown out before election day even though most seem too complacent with their ideas/lifestyle/fears when compared with opponents' ideologies/lifestyle/fearless demeanor etc...",left,center
Who is Dave Brat?," This week's edition (Sept 27) had two winners during an election season dominated by national politics so far this year -- Virginia State Treasurer Tom Perriello ($100K loss) and former U.S Attorney General Ken Cuccinelli ($100K loss). But in the end Perriello prevailed by double digits -- defeating Rector challenger David Beers 24% to 16% -- while Beers' narrow margin came largely due to some pro-Cuccinelli Republicans dropping out or simply not showing up for fundraising events organized by Cuccinelli backers or using their own money for TV ads attacking Perriello before their campaign ended Sept 29.""",left,center
Man Who Defeated Cantor Calls His Big Win 'A Miracle', After several weeks of spending time campaigning across Virginia Beach and Newport News last week — including several roundtable events — Eric Cantor lost out on Tuesday night when Dave Brat unseated him as majority leader of Congress during an election night watch party at an event hosted by Virginia Beach First Lady Anne Marie Waters at her home late Tuesday evening.(Photo: AP),left,left
Man Who Defeated Cantor Calls His Big Win 'A Miracle'," On Monday evening at approximately 8:13 p m., Sean Hannity hosted conservative radio host Mike Gallagher who had called in at 8 p m ET from Chicago where he stated that Democrats did not have enough votes for an Obama Congressional election victory following his election last week which resulted in Speaker Nancy Pelosi’s ascension into speaker of Congress (Speaker) office after 18 months of majority leader (Majority Leader) job tenure under Speaker Howard Dean (D-Mass). Following Gallagher’s call into radio show which had been broadcasted live via radio station WWJ AM 1240 Chicago on Monday evening August 28th 2008 – MSNBC decided that they would attempt to make it an inside game during their “Morning Joe” program on Wednesday morning August 29th 2008 – MSNBC would attempt first question segment questioning Gallagher about what was said during his appearance live radio show by himself while other hosts remained silent during Gallagher’s call into radio talk show; however by 7:59 PM August 29th 2008 MSNBC finally released their questions asking Gallagher if he had any comments or questions regarding what was discussed during his live talk show appearance; however no additional questions were asked regarding Gallagher’s comments/questions following 5 minutes of silence being inserted by MSNBC prior 11am EDT August 30th 2008; nor any further questions about such issues were addressed towards any specific individuals including himself or when and why such individuals made such statements or questioned themselves about these matters following 6 minutes of silence being inserted by MSNBC prior 11am EDT September 1st 2008; moreover after 10 minutes of silence was inserted again having been requested by MSN upon completion of 9pm EST September 2nd 2008 – no further questions were asked regarding whether anything other than “no comment/no response will be given” concerning what was discussed during Saturday night GOP fund raiser event held at Red Roof Inn located in Washington DC before 4pm EST September 3rd/4th 2008 attended by nearly 3000 constituents from throughout Dade County including Dade County Democratic Party members who attended along with many others who also attended numerous locations throughout Washington DC including various restaurants etc.; however neither MSN nor CNN gave any interview requests regarding how did they feel about these circumstances nor questioned whether those individuals who may have spoken words against democrats should be punished as well as other individuals who may have spoken words against republicans but did not intend them as such due primarily due primarily due solely because these individuals chose not speak their mind publicly within reason rather than stating their absolute intention simply because they believed those words were uttered either way irrespective of whether",right,left
Man Who Defeated Cantor Calls His Big Win 'A Miracle'," In an interview with Fox News host Sean Hannity on Tuesday night, UConn President Robert Barchi said that House Majority Leader Eric Cantor (R-VA) defeated Tea Party favorite Rep. Dave Brat (R-VA) in tonight's decisive primary race for Virginia's open Senate seat by less than 3 points — but still beat him by 14 percentage points! According to The Washington Post: “Bratz’s campaign spent more than $4 million more than Cantor’s campaign did over all of last year’s races against Republican incumbents seeking re-election...Barchi called Cantor ‘a brilliant guy… He deserves every bit of credit we can give him tonight.' He also said that his campaign made significant progress among minority voters while Mr....",right,left
Man Who Defeated Cantor Calls His Big Win 'A Miracle'," In an interview with Sean Hannity of Fox News Channel Thursday evening at his campaign headquarters in Washington Davenport, Conn., Eric Cantor's campaign manager Tom Davis reiterated what has been previously stated: He will not seek re-election as House majority leader if he loses this year's election against challenger Dave Brate... In fact Davis confirmed that if Republcan John Boehner decides not to run again for speaker next year -- as expected -- then no one will replace him until 2016.... The Congressman spent much of Tuesday morning making television appearances nationwide promoting his new book.... A number of prominent Democrats have endorsed him over Conservative Sen.(R) Ted Cruz(Tex.), who has refused repeated invitations from Cantor's political operation.... But Cantor hasn't made much progress since winning election last month... One potential Democratic challenger... is former Rep.(D) Bill Nelson(Fla.).. And three other Senators have also thrown their support behind Cantor - Sens.(D) Bob Casey(Pa.), Michael Ficaro(Mass.) and Kelly Ayotte(Neb.).",left,right
Man Who Defeated Cantor Calls His Big Win 'A Miracle'," David Braten says that he plans now -- and will continue -- until November 24th (when he officially becomes an independent) --to launch an independent campaign for Congress as an outsider candidate against Eric Cantor (R), Minority PAC Chairman Andy Tauer of MSNBC reports Tuesday night:",left,right
Man Who Defeated Cantor Calls His Big Win 'A Miracle'," In an exclusive phone interview with Sean Hannity tonight at 9 p.m., Congressman Dave Brat says he's got 'a miracle' behind him as GOP nominee for Virginia governor — even if Cantor doesn't like that answer so much! Watch more on this here!",right,right
Man Who Defeated Cantor Calls His Big Win 'A Miracle', Tea Party voters were outraged at Cantor's attempt at an economic agenda that alienated them from their own party's base while alienating moderates and independents alike - by pandering toward big government initiatives like tax hikes which they deemed harmful economically or socially or both - they voted for Cantor anyway because they could finally see him as capable of governing responsibly rather than as someone who would destroy their interests from within their own ranks.-endquote Page 4,left,center
Man Who Defeated Cantor Calls His Big Win 'A Miracle', Congressman Eric Cantor won 53 percent of votes against Representative Dave Brats victory over Republcricans House Majority Leader Eric Cantor was expected to defeat Congressman Dave Brats election campaign by an overwhelming margin but ended up defeating him by 56 percent of votes while Cantor took 55 percent of total popular votes against Republcricans House Majority Leader Eric Cantor was expected to defeat Republicans candidate by an overwhelming margin but ended up defeating him while Cantor took 55 outtakes from election results that favored his opponent instead David Campbell/Associated Press,left,center
Man Who Defeated Cantor Calls His Big Win 'A Miracle'," The latest version of an old joke about being able raise money at home has inspired one new person into a career as an executive at Google - or so it would appear at first glance if you read between these lines what Google CEO Larry Page wrote about himself back in 2006 when he was still very much playing up his credentials as an expert entrepreneur (and then some): ""There's one thing I hate more than taking money from VCs who look like they're trying too hard... but I don't have any real authority - so I'll take their money every time they ask me for guidance.""",center,center
"Federal prosecutors subpoena Christie's campaign, NJ GOP committee"," A federal grand jury is seeking documents related to what it calls a politically motivated ""failure of leadership"" at Gov.-elect Chris Christie's administration regarding traffic problems at an intersection near where former President Bush was assassinated earlier this year....",right,left
"Federal prosecutors subpoena Christie's campaign, NJ GOP committee"," The federal investigation into alleged political payback by lawmakers in Trenton by officials at their own parties has focused on a group of lawmakers who worked together as a team at two different high-profile events during 2008 - one being when several members of Congress were invited by then-New Jersey Assemblyman Thomas Kean (R) (see top story) -- who was later charged with corruption after he accepted $10,000 from a fundraiser while sitting at home -- though not actually participating in it directly! It is believed they could be under criminal investigation or are cooperating with authorities because they did not go out of their way or attend any events directly related to accepting gifts from lobbyists or politicians! They are still under congressional committees' investigation; however more details have emerged recently about what may be an indictment... which if true would certainly be very troubling!",left,left
"Federal prosecutors subpoena Christie's campaign, NJ GOP committee"," The New Jersey legislature has called upon Governor Chris Christie’s administration to produce documents related to a controversial deal between New Jersey legislators seeking tax breaks in exchange for ending road repairs between Trenton in northern Monmouth County — an issue which was brought up during this summer’s special session when then-Gov.-elect Chris Christie was criticized by some who had long opposed bridge closures — according to lawmakers who spoke with ABC News on Wednesday morning without being specifically asked about it first by ABC News Anchor Jon Karl or CBS Chief White House Correspondent Major Garrett.""In April 2014 I wrote an open letter calling upon Gov.-elect Christie’s administration (with respect) not only not renewing highway toll fees but also seeking reimbursement of all expenses paid by taxpayers at a time when we were experiencing record budget deficits,"" he told Fox News today via email Friday afternoon as he responded to questions about why his office was working with outside attorneys instead of going directly after anyone at Trenton University involved in negotiations with legislators around closing off those lanes more than two years ago.""Specifically we are interested in information regarding what happened on or after Aug 1st 2014 when there appeared (the NJ Legislature) no intent either way because of Gov.-elect Christie‘s executive order calling out Trenton University as having 'unwarranted influence' over our decision,"" Sheridan said via email Friday afternoon.""Our staff contacted both officials here at NJTU concerning their relationship; they both declined comment but did respond briefly,"" he added.""However I am curious if these two officials would have participated if they had known what actually happened prior or later?"" Mr Karl asked him Wednesday morning while discussing another controversy involving President Obama‘s visit over Memorial Day weekend last week - one which has drawn attention because Obama made no mention once inside Sandy Hook Elementary School where many children were killed by gunman Adam Lanza -- while Garrett took video footage from inside Sandy Hook Elementary School itself showing kids playing outside just moments before Lanza entered using military-grade assault weapons.""What steps does your office take internally relative to this?"" Mr Karl posed further questions Thursday morning during his interview on ABC World News Tonight:""You've indicated previously you will be willing...to make them available voluntarily....I'm sure others throughout your government...that may have done similar things...would be willing similarly? Is that something you're willing yourself? To discuss? As individuals? You've now got an opportunity -- there are no laws against doing so – however can you say personally how much effort is applied toward trying get these individuals out there as",right,left
"Federal prosecutors subpoena Christie's campaign, NJ GOP committee"," A federal grand jury has indicted a former aide who helped shape a controversial traffic bill in which more than 100 people were killed as part of a ""death by red light."" The aide resigned after being charged Tuesday with conspiracy to commit murder after she pleaded guilty earlier this month in connection with other charges against her but was not indicted on criminal charges because of her plea agreement with federal prosecutors.(PDF)",center,right
"Federal prosecutors subpoena Christie's campaign, NJ GOP committee"," As a result of recent revelations about his alleged ties with foreign money, former New York senator Al Gore now looks like a more likely Democratic presidential candidate against former Florida Gov.. Jeb Bush in September '08 (more)",left,right
"Federal prosecutors subpoena Christie's campaign, NJ GOP committee"," A federal jury found former New York Gov Charlie Baker guilty on charges unrelated to his handling of an estate scandal involving an apparent gift last year from a wealthy friend of Baker’s in return for favors he did not perform before taking office in 2009 – including agreeing not to retaliate against political opponents by refusing their requests or offering them no favors after they filed complaints about him or publicly criticized him in 2009 or 2010; failing adequately supervise his staff; making false statements related to his administration; allowing aides who didn’t report wrongdoing onto government computers without permission; accepting gifts from friends at public expense; lying about whether he was aware that two top aides got paid when they were working at a lobbying firm when they weren’t involved with any company where those employees made those payments (in fact he knew one aide was paid); using multiple e-mail accounts so as not be listed as having two separate e-mail accounts within an instant message system where staffers communicated online because of security concerns ; creating multiple “ghost email” messages without authorization (e-mails sent offsite by staff); using unauthorized personnel files at work while denying personal use outside work hours ; accepting gifts from friends at public expense; lying about whether he was aware that two top aides got paid when they were working at a lobbying firm when they weren’t involved with any company where those employees made those payments (in fact one said she wasn’t aware she was being paid ); allowing aides who didn't report wrongdoing onto government computers without permission ; using unapproved e-mails during official duties which included sending out drafts while working for himself without approval despite being required by law not do so, etc.; doing something illegal within official limits, engaging in conduct unbecoming a public employee, etc.; giving preferential treatment toward certain people based on race or ethnicity such as taking lavish gifts knowing it would create hostility towards certain ethnic groups while ignoring many other kinds...(more)",left,right
"Federal prosecutors subpoena Christie's campaign, NJ GOP committee"," A federal investigation into whether politicians purposely created traffic jams as political payback has expanded into another avenue of investigation with an additional subpoena from FBI agents serving as part of a federal grand jury probe into Democrat presidential candidate Hillary Clinton’s use of a private e-mail server while she was secretary of State in 2009-10 | Source: http://www2newsnowdailynews/statehouse/statehouse_report_09191101_federal_grandjury_probe_hillarys_email_.csv
New York Democratic Republ... read more ~~~~~|~~~~~~~~~~~~~~~~~~~~~~~~~~~~~~~~~~~~~~~~~~~|~~~~~~~~~~~~~~~|~~~~~~~~~~~~~~~|~~~~~~~~~~~~~~~|~~~~~~~~~~~~~~~|~~~~~~~~~~~~~~~~... 2 days ago (Fri) | Monday (Jul 30) | 0815 EDT Tue 09:00 EDT Thu 09:25 EDT Fri 09:50 EDT Sat 09:15 EDT Sun 10:00 EET Tue 0812 EET Thu 0740 EET Fri 0750 EST Sun 0400 EST Tue -0% (-5 days remaining until election) Total Days Left until Election Primary Polls closed at 8 pm ET Friday July 30 Results expected by 8 pm ET Saturday July 31 Result not yet posted | Source: http://kpbsnjtvnjhkqrzqmwvmsbnlwqpbcgxnhbcm1cc2c2c2e7bbcbcc3d7acbcf0df9f9a57b8d6eebd49a6bbce9869ba4eb88a8cd1cdc9aa836eb66ea85d48f5dcafca3fd51bf37e4ff3867773327dd76ecf6814fcfe70db639e2965ad5632ea53edb3fb4792db5ae7bc346096ef24876490237528cfa4655ce9741879632595aa974098ef3026734542fc43b7bd71bd05ab41cb526021db20fa7893ee83c4482be59ff6230e91fe0639084913f357280867554ff1cd894dcda4ab6af0d58e11d08de2478dd94381681b7622ca61ee18bf051ed79849907295903ac04c",right,center
"Federal prosecutors subpoena Christie's campaign, NJ GOP committee", Former NJ GOP Assemblyman David Cicilline has been sued by a federal civil rights enforcement officer who accuses him of racial discrimination when he refused to hire him as a special investigator due to his blackpanic background (Reuters).,right,center
"Federal prosecutors subpoena Christie's campaign, NJ GOP committee"," A federal grand jury has issued a subpoena demanding documents about a scandal involving Govt aides creating a traffic jam at least twice last year as political payback against Democrats in Trenton who opposed their appointment as governor when Christie was first elected in August 2010; one of those occasions involved former Lt Governor Kim Guadagno; Democratic Assemblywoman Deborah Gabbard; Trenton Mayor Vincent Cianciotti (D); Assembly Democratic leader Jim Muniz (R); former Speaker of Congress Frank Russo (R), along with other senior members of Congress who supported Gabbard at her start-up bid...more>>",left,center
U.S. Attorney Subpoenas Chris Christie Campaign Documents," In a news conference earlier Thursday at Port Authority police headquarters here, President Bush said he would consider imposing tariffs on China if it is responsible for blocking key cargo shipments into his country through Africa by shipping companies like ones headed by former American president George H W Bush. On Friday, Mr Bush was interviewed by CBS News correspondent Scott Pelley about his efforts to fight against piracy off Iraq's coast. Meanwhile, Mr Cheney is urging Congress ""not just not to pass any legislation... but let it die."" Mr Cheney has taken pains over recent weeks not too publicly linking his actions with those taken by Mr Bush during their war in Iraq. After meeting separately last week with key lawmakers behind closed doors about US strategy going forward after last year's terrorist attacks -- senators John Kerry (D-Mass), Hillary Clinton (D-Vt), Jack Reed (D-Rhode Island), Lindsey Graham (R-SC), Senator Bob Graham (R-South Carolina), Patrick Leahy (D-Vt.), Ted Kennedy(D-Mass.), Senator Edward Kennedy( D ) – who have all been vocal critics of war policy - he spoke out forcefully against US trade restrictions imposed upon Chinese companies that are involved directly or indirectly with Chinese government officials' dealings with American defense contractors under China's Belt & Road Initiative. Meanwhile - other top congressmen have come out strongly against Mr Cheney regarding America's economic policy stance during an appearance last week at an American Enterprise Institute dinner hosted by former Secretary of Defense William Cohen. So far these five men have met only once face time - during their trips around Capitol Hill this week where they were asked directly questions about US foreign policy options following 9/11 which were answered somewhat bluntly within minutes - even after having had some previous chance for more long private meetings either privately or together at dinners inside or outside Congress itself. However - they all appear likely to continue their direct criticism even while also attending such events themselves within some brief window period since many are expected either this evening or early next week as members are due back home from their respective committees for recess which normally lasts until mid November each year prior to elections between members running unopposed next November regardless if there is no election next fall since that position requires neither reelected nor challenged member having actually voted nor otherwise run for reelection or challenge being moot so far because most congressmen would normally not return until well after election night... Source: http://www.[dot]usdoj[dot]gov/press_releases/2006/october25/pdf[10][1664",left,left
U.S. Attorney Subpoenas Chris Christie Campaign Documents, A federal grand jury indicted five Port Authority officials Wednesday on charges that they knowingly allowed pedestrians who were disabled by their own negligence into a restricted area outside one of three temporary pedestrian walkways at Newark Liberty International Airport during Hurricane Sandy last year (see 2007). As part of its investigation into other alleged incidents involving passengers' injuries or deaths related to closing certain walkways late last year -- including when passenger deaths occurred during shuttles being repaired -- FBI agents visited various locations around Newark over October 2-4 at which agencies are believed to have taken notes regarding incidents involving closing certain walkways either intentionally or out of negligence during August 30 through September 15 period (see 2007). Some people injured by closing walkways after Hurricane Sandy were able to sue their insurers under federal law because they suffered permanent disability as a result of being forced off or stranded by those who closed them early; others chose not pursue such claims because they did not need an attorney but merely needed money for medical care if ill as a result; still others chose not pursue such claims just because those left unable to get out while shuttles were being repaired later determined that they would be compensated fairly under applicable insurance policies upon recovery (see 2008). This action may have implications for similar cases currently pending against third parties related parties who allegedly caused loss or injury related directly or indirectly through these closures at an earlier time when public authorities allowed pedestrians inside temporary pedestrian walkways open due simply due proximity rather than necessity due proximity restrictions between adjacent spaces within airport facilities opened up near each other allowing for some movement onto adjacent facilities without using an elevator provided inside temporarily closed areas even though it violates regulations designed specifically against elevators outside crowded passenger terminals open after prolonged high winds causing substantial injuries among passengers caused by close proximity walking into restricted areas where there is no room available within any terminal building regardless whether there is access provided outside that space thus created); however it does have implications for similar cases that are pending against third parties before judicial tribunals related parties currently before special commissioners who are responsible both directly and indirectly under federal law regarding compensatory damages awards relating solely thereto although potentially resulting less compensatory damages awards but more significant liability issues based on new evidence obtained over two years since initial discovery relating thereto; however it does not provide precedent data relating thereto concerning future litigation between same plaintiffs as well as potential liability issues based upon prior settlements between same plaintiffs involving different defendants; therefore no determination shall be made until further notice herein without additional material discovery regarding potential settlement agreements filed herein reflecting possible indemnity undertakings by defendants pursuant *1201 previously entered settlement agreements pertaining here,right,left
U.S. Attorney Subpoenas Chris Christie Campaign Documents," In response to reports that former Speaker Rep Pete King (R-NY) had ordered his staff not to cooperate with federal investigators who were looking into whether he was involved in an alleged scheme by two members of Congress associated with Democratic political leaders - including then House Speaker John Boehner (R-OH) - who solicited donations for an election effort known as ""Fix My America,"" both King's staff members have left their jobs at The Heritage Foundation without explanation although they continued on official job titles within their organizations last week; also Rep John Aravosis is leaving his post as chairman of Republicans for Jefferson City (N), having been forced out earlier this month due to criticism about comments he made about President Barack Obama while hosting an event sponsored by Democrats before Republican primary voters; also Rep Joe Walsh is leaving Senate Majority Leader Harry Reid’s (D-NV) senate office which oversees all intelligence oversight activities since Senator Reid became majority leader; also Rep Robert Wherry has left Sen Chuck Schumer’s offices while serving as deputy whip; Congressman Peter King is also apparently not happy about being forced out by President Obama after being reported saying that “I would like him gone'” despite saying he would remain chairman of Congress Republicans when they were still led by Reid because he believes it was improper for King or other Republicans 'to be so close' personally or politically together until shortly after Election Day 2014 when they were 'forced out' before anyone could get any real information going back further than just November 2013; more news below...
The American Civil Liberties Union is asking a federal judge to stop using some letters written by former Congressman Peter King – currently chairing Republican congressional efforts – during its lawsuit accusing conservative groups supporting Senate Majority Leader Harry Reid over spending issues as evidence against them because it conflicts with his current position on privacy issues under federal law governing government surveillance activity...",right,left
U.S. Attorney Subpoenas Chris Christie Campaign Documents, WASHINGTON -- A federal grand jury is hearing testimony about how members of Gov.-elect Chris Christie’s re-election team used their positions at official government functions as cover during an elaborate GOP scheme that cost taxpayers $1 million when contractors knocked down a steel beam supporting one lane of traffic on Interstate 80 near Fort Lee last month; how they tried desperately over several months to close down that lane without using taxpayer money; how they failed; why it was necessary to close an entire lane at all just because some contractors thought it would make Republicans look like heartless profiteers...Read More »,left,right
U.S. Attorney Subpoenas Chris Christie Campaign Documents," One month after Christine Todd Whitman became governor-elect by beating a sitting Democratic senator Tuesday night — making her one of seven active governors who won against Senator Harry Reid — new polls are placing her well ahead of former Mayor Michael Bloomberg (D) for number 2 spot on November’s ballot – after an extensive primary fight among Democrats during which she easily defeated Newark Mayor Cory Booker (D). But that doesn't keep Mr Bloomberg from wondering whether he should have beaten Whitman instead – assuming he wins election now too… Mr Bloomberg also believes that it’s important for him go beyond just being an “insider” into how things are going upstate across races… And even if you do win next Tuesday night you could end up winning all five statewide gubernatorial races next year if not enough voters decide not to vote for Ms Whitman… As much as we love our “Governor Issue” there is still another reason why we love Mr Biden so much: He is truly fearless – someone who can stand up confidently against President Obama or anyone else without flinching…. We need more people like him! …..
More From NBC News:""New poll finds Democrats split over endorsement,"" By Mike McGarry / AP | November 12 | 7:43A recent survey finds that many Democratic Party members strongly support Joe Biden when they cast ballots at their annual conventions…. Democrats hold only eight offices left open by redistricting despite having lost nine Senate seats this year – including those held by retiring Senators Bill Bradley (D-NJ), Jim Webb (D–VA)and Barbara Boxer (D-CA). Some argue that holding these seats would open six Republican seats as well…. But Republicans maintain control of all ten GOP-held Senate seats despite losing control of all ten House districts overall over President Barack Obama’s congressional tenure…. Just this week House Speaker John Boehner announced his intention to seek another term again after failing twice before … So while every other Democrat is still running around trying figure out what it means when you lose your primary but then get reelected anyway I think we can now start focusing less on how long you have been governor or congressman or even senator but how quickly you were elected! And I think some Dems believe - along with so many others -that it has really nothing to do with them because they got reelected! If anything it shows their incompetence because they should have won every single one either way….. This will be remembered as history when Joe Biden gets elected president because he was elected president first!!...
More From NBC News:""Democrats",right,right
U.S. Attorney Subpoenas Chris Christie Campaign Documents, It appears that Govt officials have been targeting people like Mayor Vincent Scelsa for political gain since 2008 when they shut down lanes on I-95 near her home town because she was running unopposed for re-election against an incumbent Democrat who served as mayor until 2006 when he was elected by voters as first time candidate City Council President (a position he held until 2010). A lot has occurred since then between Scelsa and Mayor Michael Bloomberg - most notably an agreement between Scelsa which allowed him to become governor again after being removed by President Trump because Bloomberg refused Trump's terms regarding immigration - thus allowing him back into NYC politics so he could close off another lane so another politician could take over Albany or Philly or other municipalities around NY/NJ/DC/VA etc..This is how I see it - politicians are more afraid of someone being elected 2 years earlier than any other race going on right now without having done anything wrong...In addition these guys can't stop themselves from running politicians out of town just because they got caught out doing it...Like you did your job protecting me from a former boss who couldn't run his government anymore....I wonder why this didn't happen with you? Did you not do your job enough?,right,right
U.S. Attorney Subpoenas Chris Christie Campaign Documents, A former staffer accused President Obama’s former deputy chief of staff David Axelrod of “shirking orders” by not using an electronic messaging system called BlackBerry Messenger during his time at Obama’s White House; his wife Anne Hathaway also is scheduled to appear before Congress Tuesday about her role in covering up Benghazi emails sent by her email account while she was at State Department; Susan Rice spoke out against Hillary Clinton over Benghazi before she was sworn into office after becoming secretary of state; new FBI Director James Comey wrote that he decided not indicting Hillary Clinton over her use of private email server over concerns it would subject her to additional criminal prosecution under laws already enacted against lying under oath or testimony when asked about classified information; FBI Director James Comey has publicly stated that there is no evidence Donald Trump committed any crime related to Russia hacking his 2016 presidential opponent during their election race; CNN reported Sunday night that Sen.(R-Ark.) is looking into whether Donald Trump illegally obstructed justice after firing FBI director James Comey because he wanted Comey fired – or something else – as part of an effort by Mueller’s team “to go negative on him for months?”,right,center
U.S. Attorney Subpoenas Chris Christie Campaign Documents, A man who was arrested last week during an alleged traffic stop was charged yesterday with attempted murder by police officers who used excessive force during an April traffic stop near Manhattan Beach that led to one man's death; it wasn't clear if he was facing federal charges or other crimes when he was brought up on criminal charges today;... [Full Article...],left,center
U.S. Attorney Subpoenas Chris Christie Campaign Documents," An investigation by POLITICO uncovered that top Republicans working for President Donald Trump seized power during President Barack Obama’s second term through executive actions using federal authority under Title I of Obama’s America Reaps Act Of 2014 (ARES). And while Trump never specifically targeted Fort Lee — or any other city — he often criticized individual politicians' decisions using tough rhetoric about executive actions meant largely for his own political benefit rather than any broader purpose."" --------------------------",center,center
Clintons Report Earnings of $139 Million in Seven Years," In this clip we hear directly about how Bill received $14 million from oil tycoon Tully Corporation for his work as head lobbyist for Exxon Mobil Corp., when he was governor; how he was allowed to accept bonuses totaling more than $100 million; how he sold two oil leases worth over half a billion dollars during his tenure as governor; how he gave his wife substantial stock investments at Goldman Sachs (at least five times over); and why all three women who served alongside him were treated with special treatment when they joined government service: Monica Lewinsky — $25-million deal with Goldman Sachs where Mr.-Yahoo promised huge investment opportunities for both Clintons; Ethel Lauterpacht — almost half-a-billion-dollar compensation package handed out by Goldman Sachs (which is part owned by one family); Hillary Rodham Hill — an undisclosed deal with Goldman Sachs where Ms.-Hillary pledged much but then kept only small stipends while working there (like an executive producer or something). On Monday night we heard about all three women being given special treatment by their employers (though it seems they were just trying not be fired). As I type this I am thinking about all those millions in paychecks which have been transferred between those three institutions over their lives — not that it changes anything but shows just enough corruption going back 10+ years! That money probably went into lobbying or campaign contributions which would be reported under different rules than it did if donated outside government channels! Then again maybe not…We didn't know what went into these gifts until now so it sure wasn't easy for them! The only thing missing is any acknowledgement…or accountability…from these taxpayers!!!",left,left
Clintons Report Earnings of $139 Million in Seven Years, Hillary Rodham…By John Gansham – The Hill Journal (Washington) May 21 2015 http://thehill.com/blogs/blog-briefing-room/conservative/259824-hillary-clinton-makes-tax…,center,left
Clintons Report Earnings of $139 Million in Seven Years," Bill and Hillary Rodham are rich bastards whose lifestyles have led their spouses down very dark paths – including using their positions as secretaries-of-state for personal gain – but they are still good friends with other families who have done similar things (including several members close enough for them to be married). They now live together (and keep their marriage intact) until his death or hers whichever comes first due to circumstance or law permitting it; they still don't get along with some very old family members; nor do they get along with one another -- even when there aren't any problems between them — unless you count ""the bad blood"" that exists because he's too much like his father — which usually goes nowhere unless he's also too much like his mother — which usually goes nowhere unless he's also too much like... you get my drift? — which is really two things: First because it sounds just like our current president... Second because it would make for some great television drama if we didn't know about how terribly flawed this all is...",left,left
Clintons Report Earnings of $139 Million in Seven Years," In his first year as president Mr Obama is proving he can run an effective campaign even with imperfect information about his record — two weeks before Christmas when voters go to the polls; six months into his second term after four elections with no clear mandate for change; six weeks into President Trump's first 100 days following inauguration following several public jabs by Republicans about his temperament and character; three days into December when new revelations surfaced about President Trump's finances which are likely to result in additional investigations (including by House Democrats) or impeachment proceedings (which would open up an investigation based more deeply on evidence than any previous one); four weeks after Vice President Biden made it clear he will not be running for re-election; two days before Election Day when former Secretary Hillary Rodham was asked if it would be OK if he ran for office again and said yes — no matter what others thought? No candidate for president has been so doggedly focused throughout this cycle so far with questions about ethics or morals — including questions prompted by Mr Trump's decision last week not to release his tax returns because they raise ""questions"" - ""like everybody else"". The Democrats have done very well since then picking up three Senate seats but are now defending only seven governorships plus state legislatures around both coasts worth at least tens millions ($13m) - all despite having gained ground nationally over Republican challenger Donald Trump by winning eight states during their primary contests (and none among women). The Republicans have won 10 Senate seats but only one congressional district worth at least $4m ($1m). So far almost all presidents elected during this decade who were re-elected have enjoyed majorities larger than 50% - including Ronald Reagan (55%) Richard Nixon (-56%), George W Bush (-43%) Richard Nixon (45%), Barack Obama (+39%). But here's how things are looking: Two months ago we told you how things looked going into November but now our poll numbers appear more positive than usual because most Americans think there is cause for optimism about 2016 election prospects despite continued problems facing both parties.""I am hopeful,"" says 67% saying ""I'm hopeful that we will get it right back around us again,"" 25%, 33%, 20%; 21%, 11%; 3%, 9%. While 29% say their confidence is low (""not optimistic""), 35% say their confidence is extremely low (""not confident""). These surveys were taken immediately prior to Election Day November 8th 2016.""So I think there is still hope,"" says 64%. ""But I think some people are just not ready yet.""The fact remains that our political",center,right
Clintons Report Earnings of $139 Million in Seven Years," A summary table summarizing all records related to Hillary Rodham Clinton's 2008 presidential campaign and then-President Barack Obama's first three years in office is available here The summary table includes financial details for each candidate along with their campaigns' official schedules; their books and major donors; information about their major political contributions; press releases from both campaigns (in chronological order); links to transcripts or audio recordings from events; speeches written by candidates with an emphasis upon specific topics including fundraising pitches (such as ""How To Win,"" ""How To Talk""), public debates (including town halls), press conferences (including interviews), debates sponsored by organizations such as Planned Parenthood or Senator Tom Udall's campaign for Senate at which media were present; notes made at public appearances such as interviews conducted during forums hosted by various organizations including groups supporting abortion rights or climate change denialism; news articles relating to each candidate or issue under consideration for federal legislation/programs/policies such as climate change denialism/denialists versus environmental advocacy groups opposing those issues); other documents about individual candidates or issues including statements made by campaign staff members not linked directly when applicable but relevant when deemed appropriate) Summary: A summary table summarizing all records related to Hillary Rodham Clinton's 2008 presidential campaign is available here The summary table includes financial details for each candidate along with their campaigns' official schedules; their books and major donors; information about their major political contributions; press releases from both campaigns (in chronological order); links to transcripts or audio recordings from events; speeches written by candidates with an emphasis upon specific topics including fundraising pitches (such as ""How To Win,"" ""How To Talk""), public debates (including town halls), press conferences (including interviews), debate sponsorships/publications hosted by various organizations such as Planned Parenthood or Senator Tom Udall's senate bid at which media were presented) Summary: A summary table summarizing all records related to Hillary Rodham Clinton Presidential Campaign for 2008 is available here All documents are open source except summaries are prepared independently through Freedom Of Information Act Requests submitted directly through HRC Campaign Finance & Public Disclosure Section Access via FOIA Request form The document summaries include detailed descriptions & explanations organized chronologically into several categories & tables The documents are NOT publicly available via FOIA requesters seeking copies must submit requests via http://wwwdss-fgaia-us-fcciduestudieservicehelp@napaa2g01c24a9e0b5ad1c87929a6e7d7@zimbio0c5ce",left,right
Clintons Report Earnings of $139 Million in Seven Years," In an exclusive interview with POLITICO Magazine earlier this year — but before any details emerged — Mrs. Clinton told reporters that there were no plans for President Obama or Congress to pressure lawmakers into reining in President Trump when he became president following his election — despite public statements by both men pledging such action if they won their races for reelection next year against Mr Trump — which could be difficult politically given his own past political positions on issues such as immigration reform (although he was also against repeal), gun control (which some Democrats think is an even greater priority) or support for more diplomacy with Russia by other countries during their own transition period following their election victories over Republicans last November 8th 2020 presidential elections https://www5-cgf2f7dc6b48a4fb6cac2ffd1cc3b9#respondFri Dec 08 2016 12:44 pm",right,right
Clintons Report Earnings of $139 Million in Seven Years," In his best-selling biography on American politics The Devil You Don't Know — an account of his time as president — New York Times reporter David Brooks described how one could tell when Mrs.Clinton thought things went wrong during last year's presidential campaign because “she wouldn't run out at you with an open mind or look down at you for too long before saying: 'No.' Or maybe just once when it seemed like everything was going really well."" -- I wonder if he meant what he said about ""running out with an open mind.""",left,center
Clintons Report Earnings of $139 Million in Seven Years," In June 2016 Hillary Rodham Clinton resigned as Secretary of State for no particular reason other than to quit with ""nothing substantial accomplished."" After leaving office several months ago there is little expectation that Mrs... Read more »",left,center
Clintons Report Earnings of $139 Million in Seven Years," Hillary Rodham Clinton is under fire for not releasing any documents relating to her use as secretary during several previous administrations (including one just before Bill's), but now will release an eight-year tax return from 2007-2014 which shows how much they are worth compared with others who didn't earn income as politicians or their spouses did during their tenure at The Clintons' home city New York City; how well-off Hillary was when they were first elected; how much they spent raising money for their book tour (the most expensive book tour ever held by an U S Senator); whether or not people want them to release all their other emails; what happened when their campaign chairman resigned over being married to wife Kathleen Marshall; why some Democratic Party members are upset about missing out on fundraising events with them last year (the biggest event ever organized by an American presidential candidate); whether or not Donald Trump is using his former opponent's emails for political advantage (he actually made headlines when he asked his chief competitor for information about his rival's campaign finances). And now there is even more coming out which will surely be scrutinized as he attacks Hillary's emails - so we can expect some intense questions soon! Is it time Obama ""got back"" into politics? What else should we know about? Get answers! Read more here: https://www..",left,center
"Clinton camp releases candidate's clean bill of health, tax returns", For months now Donald Trump's campaign has been promising big changes to America's health care system after he won last year's presidential election – including plans that would make it more affordable for people who can't afford preventive care or insurance coverage at all – but they never seemed likely given his opposition to universal healthcare that other Republican candidates have also embraced like some version or some variant thereof … Read More,left,left
"Clinton camp releases candidate's clean bill of health, tax returns"," Clinton’s doctor says she is healthy enough to serve as president
Clinton's campaign has tried to downplay suggestions that she might be ill or be unable to handle a tight schedule following four days off from campaigning for Democratic Sen.-elect Bernie Sanders (I-Vt.). The latest report came just two days after several media outlets reported that during a speech at Liberty University last week Clinton sounded fatigued by having all but five staff members back home working full time during their busy election season schedule — including many who had been working behind-the-scenes as well — even though many aides were still traveling around with aides from different states who were assisting them with events like speeches or rallies around town or interviews at various news organizations within hours after they returned home from their off hours jobs.""It’s probably more about us being caught up mentally than anything else,"" wrote Mark McKinnon for The New York Times during his postmortem on Clinton's campaign last week after he learned about reports that some staffers were leaving work ""in droves"" before Election Day because they couldn't face their own families' celebrations without taking time away from campaigning.""This will not affect me but it could possibly hurt Hillary,"" said McKinnon before telling him he needed more information about how many people would be leaving.""They should have told us earlier so we could better prepare ourselves,"" said McKinnon about what he knew beforehand.... [read more]",left,left
"Clinton camp releases candidate's clean bill of health, tax returns", From a woman who went toe-to-toe with Barack Obama at last year's Democratic National Convention — by claiming that women can't win presidential elections — Hillary Clinton has emerged as one more candidate hoping voters will vote against their own interests but not their wives' or husbands'. According to exit polls she won about six-in-ten male voters compared with just over half (54%) who said women should run for office themselves rather than wait until they have children.(AP Photo/Julio Cortez),left,left
"Clinton camp releases candidate's clean bill of health, tax returns"," A candidate's health is often a subject that is discussed during debates but which is also rarely examined or assessed by campaigns themselves or their staffs before they are chosen as nominees to appear at future debates or conventions – except when candidates say something about their personal health or are criticized for not being candid about it. The candidates typically don't take into account how much attention they give themselves when responding to questions about how they are doing physically – nor do they think that voters can appreciate how those responses affect their effectiveness. In this article, we will look at some examples from both campaigns that examine both subjects (physically) during debates -and ask whether either campaign made useable information from its opponent about its own physical condition. You can read all articles by author Adam Crailyon HERE",left,right
"Clinton camp releases candidate's clean bill of health, tax returns", Hillary Clinton is not fit to be president (Washington Post),left,right
"Clinton camp releases candidate's clean bill of health, tax returns"," The Clinton Foundation announced earlier this month that they would accept only those donations it considered “material support” for their work overseas for three years as a sign that it did not want its donors tied down by other obligations while he was serving as President Obama's ambassador to China during his first year in office (the Clinton Foundation didn't specify what forms their foreign donations had to be disclosed). The foundation then stated: ""We will continue our policy [of] giving charitable gifts only if they are considered material support under our non-profit rules."" That policy could end now after Hillary Clinton says she will not return funds from any foreign governments which she views unfavorably -- even if those governments are friendly ones -- unless ""they do something good"" for America or its people (via RT). In other words: Don't give them anything you don't consider a gift under your own non-profit rules! When asked later whether donors who had donated more than $1 million would have their money returned back home because they were unwilling pay higher taxes under American law due to political considerations or lack thereof (the law applies regardless), Clinton told reporters that this is something which ""people should decide themselves based upon their own conscience."" She added that these donations were made at no cost by either party except what they agreed upon privately with each donor over time using some sort of code words like confidential financial transactions (cft) or confidential business opportunities (cbw), but declined further comment about what specific details about these codes mean when they apply today when such deals existed back then when each donor knew exactly how much money he was agreeing upon before making his donation -- just what does it all mean anyway? It’s none too clear now given how long Trump has been President--and he knows better! We're told Trump's policies are always right because someone else made him promise -- otherwise Trump wouldn't follow through on his word! That must be why some people think Trump wants us all dead so badly! Well guess what? Nobody wants anyone dead so much anywhere! There's one thing however that everyone agrees upon though - one thing US taxpayers get rich doing with all kinds out there - namely making sure everybody gets ahead without paying any bills no matter who is president or whatever else happened last year anyway... but nobody goes around saying why!! If you think I'm exaggerating enough already... here's a quote from Politico Magazine editor John Bresnahan…",left,right
"Clinton camp releases candidate's clean bill of health, tax returns"," The State Department has released documents that detail Hillary Clinton's health history over past 12 years during which time she served as Secretary of State under President Barack Obama (photo). The agency did so after a series by NBC News reported that Clinton suffered a concussion last summer that left her partially paralyzed after having been hit by a car while campaigning for senator from New York - leaving behind multiple doctors' letters questioning whether she had any problems at all before becoming incapacitated.. She received emergency care from several doctors prior to being admitted into hospital... Her injuries were initially reported by The Wall Street Journal... As well as records showing she made several trips out-of-state for work including one when she was required to be transported to Pennsylvania Avenue Hospital due to ""significant head trauma"" from a fall during another trip there... In 2013 following surgery for what are known among insiders as microtia repair operations... She had also undergone two more surgeries involving corrective surgery related implants placed inside her ear lobes prior to being diagnosed with mast cell disease last year... Additionally she underwent arthroscopic surgery four times leading up until 2013 when it indicated it would eventually need more major reconstructive procedures.... Finally one letter signed by five physicians stating there is no evidence whatsoever Hillary has any medical problems or symptoms at all since then... She stated: “I have not experienced any symptoms whatsoever since my 2012 concussion which could be contributing factors… I don’t know what happened when I fell but given my ongoing history with pain this makes me sickened!” The letter signed by Drs David Rothman (head surgeon), Paul Hirschfeld MD (orthopedic surgeon) Jennifer Weisberg MD (neurosurgeon), Marc Aarons MD (orthopedic surgeon) Robert McElroy III MD MPH PhD MPH DO EM CELLS AND THERAPY SPECIALIST MARC JOSEPH NIXON FINDING CHILDREN IN THE MENTAL HEALTH OF PRESIDENTIAL CANDIDATE HILLARY CLINTON Posted April 2nd 201 0 8 6 1 3 7 5 6 4 9 4 10 6 12 11 2 16 2 28 22 29 36 39 1 42 26 38 9 19 10 41 21 13 28 18 24 21 37 42 46 48 53 55 57 60 61 49 52 60 59 61 62 62 63 64 65 66 70 74 75 76 77 78 79 81 83 85 87 88 89 90 91 92 93 94 95 96 97 98 100 101 102 103 104 105 108 109 110 111 112 113 114 115 116 117 118 119 120 121 122",right,center
"Clinton camp releases candidate's clean bill of health, tax returns"," Hillary Clinton is not well-suited to be commander-in-chief because she suffers from chronic migraine headaches; she had a fall last month that caused a head injury; doctors discovered a deep vein thrombosis after examining Mrs Clinton during last fall's campaign; blood clots form two days ago when Mrs Clinton spoke before Congress during their debate about Benghazi; Dr Bardack said Mrs Clinton will need extensive follow up care over time."" https://wwwtype/hillaryclinton/wp-content/uploads/2018/02/hillary_caucus_statement_5feb1329c4f0d7fbcc9f9a49bb2e4c1e1a446968ddd838e3ed55ffbd6d59b2bf2cb17d27feb3fc1cf037c11e4ef7aaf836129905eeec9835302318660175ce65db16be6089472410cd03ad80ab92879dc50ac1425fe64cf06ba269725aa22ca5419096dd63da57ae07ea34df5bc86bd56e3bc736081cebe5d9432fc83ff2fd85bb3ef70fa4fa7ee51eea8848330096017584451141de2858fdcc9fb5595b0921aa53fe237793205749ad80f1bc4439383652f45785087ba74ac71ad47921946161091db763717da03896dc08deec42bb53472cd664035bf84223905df62eb08b82ce31ae06295979690224674315722081ac07cb7063ed946732fe52ef90cd6833269861ad5300932773fa2af8a777895dc54af03b6bd0436cf12ea870191ca6219970abfc852971ed46cc97da996112c40836441aa904956e041842c1786ab8976df69db921ed763355142865de6465dd0add"" http://type/+clinton+state+taxes%26+returns%25858%261%26+2016/+",left,center
"Clinton camp releases candidate's clean bill of health, tax returns", She is fit to serve as president The former First Lady has been treated for deep vein thrombosis (DVT) four times since 2008; however she still has not given up smoking and alcohol; In 2013 she underwent surgery for breast augmentation after undergoing pregnancy surgery two years earlier; A 2012 concussion left a bruise visible at her hip which doctors later removed through plastic surgery; She got pneumonia after eating a bagel with cream cheese; She had knee pain which aggravated over time until it became so severe that doctors recommended full-time walking boot therapy or crutches by September 2015... [Full Article],left,center
Arkansas Governor’s Son Thrust Into Spotlight Over Religious Exception Bill, In an emotional daylong debate over whether or not homosexuality should be allowed under federal law — or whether it is morally acceptable under state law — Aascha Hutchins' son told reporters Thursday when asked about plans to amend marriage laws such as Arkansas's proposed constitutional amendment banning same-sex marriage at Sunday's Capitol hearing...More »,center,left
Arkansas Governor’s Son Thrust Into Spotlight Over Religious Exception Bill," This week we heard from Democratic governor-electAsa Hutchinspending legislation passed by state lawmakers to protect LGBT peopleagainst discrimination because they are different than others – even though such laws have been struck down all across America since last year — including Oklahoma; West Virginia; Iowa; New Hampshire — where gay marriage has been legalized — and Georgia where same-sex couples wed without impediment because its legislators allowed for same sex marriages back then as well as Michigan where there is no law against gays marrying yet but just two years ago made news when they were ordered by Governor Rick Snyder to change their voter identification requirements so they wouldn't face ID challenges later this fall.""",right,left
Arkansas Governor’s Son Thrust Into Spotlight Over Religious Exception Bill," The proposed legislation gives police officers more authority over public businesses; opponents say it would allow discrimination against gays; asa hutchinson's son threatens legal action over bill's adoption ""We are taking this matter very seriously!... We feel like we're being attacked here!"" The older Mr. Hutchins has served as an adviser to Republican presidential candidate Donald Trump and is married to former Miss USA contestant Jessica Simpson-who calls him “dad."" In February 2016, Mr ____ donated $1 million for federal political campaigns.In January 2017, Ms. ________ gave $2 million toward ballot measures trying to ban same sex marriage The elder Hutchinson is also director of The Hutchinsons Foundation, which has given more than $12 million dollars toward ballot measures seeking civil marriage rights since 1993 (he had also donated $1 million towards same sex marriage). He is also an advisor for Republicans running for governor (and Senate) In 2012 while running against then-Governor Mike Beebe, David Buell released an opinion piece questioning whether Arkansas should have legalized same sex ""marriage,"" saying ""Arkansas cannot support such an institution within our society."" However there were rumors circulating among some that even before making those comments Buell was thinking about how Arkansans might react if they saw his daughter married at her college reunion next November (see March 30). Buell later told WLAR-TV : “I don't think I can say anything other than I'm probably going off information or speculation - but I haven't seen any evidence."" A spokeswoman for Mr _____ declined to comment when asked about his comments two days agoWhen pressed Tuesday by reporter Stephanie Collyer did not directly accuse her boss' family of interfering in elections But she did say she couldn't discuss what she knew at or before last summer when she helped lead efforts to get rid of laws banning abortion by women who felt they faced religious opposition after facing infertility due to rape or incest. But when asked Tuesday exactly whether those efforts included trying out laws legalizing discrimination against homosexuals Governor Asa Hutchinson announced Friday afternoon that he will continue working on legislation aimed at preventing businesses from discriminating against gay citizens but not explicitly stating whether those protections include allowing employees who fear being fired because they are gay or lesbian even if they are no longer actively involved in their employers' businessTo hear From Seth Hutchinson: https://www..ly/tv/2017/03/15/story_10273085_9281635_17054247__948386518?utm_source",left,left
Arkansas Governor’s Son Thrust Into Spotlight Over Religious Exception Bill," The Religious Freedom Restoration Act (RFRA) allows states to recognize religion as providing benefits for non-Christians without violating anyone's First Amendment rights or any other law — but opponents say RFRA infringes upon free speech and religious liberty by giving government power over religion to those who are not Christian.""....... After all this time now is when you're finally gonna put up RFRA? And who will make sure it's ""protecting"" your freedoms? Your family? You don't think you have anything left to lose at this point?",left,right
Arkansas Governor’s Son Thrust Into Spotlight Over Religious Exception Bill," In this report we examine some possible effects on family members from legalized discrimination against gay persons as well as our own family members whose lives are affected by these events,"" says Jennifer Zegart for Family Research Council Action Fund via email message sent to Family Research Council Action Fund via e-mail message from December 28th 2010 regarding Senator Asa Hutchinsons letter to Governor Asa Hutchinson regarding ""Hutchinson Act"" The letter includes links to additional resources concerning this issue for individuals struggling with this issue (including my own personal experience). All information included within is provided by both Senator Hutchinsons staff and me personally (please note all opinions are entirely my own). This information is based upon information available at www2newsletter.org. I encourage you all to take time out of your busy schedules and read through and consider these resources below: 1) Senate Bill 736 ""Religious Freedom Restoration Act"" 2) Senate Bill 150 - Religious Freedom Restoration Act 3) HJC - http://www3newsletter.org/article/hecklerjune1 [URL OUTPUT] 4) State Law Office website & Blog 5) The Family Research Council Action Fund Email / Postcard Newsletters 6 ) PGCF News Letter -- http://www3newsletter.org/article/pglouisville1 [URL OUTPUT] All views expressed are my own ONLY IF expressly stated otherwise in original email or text messages sent or otherwise delivered between myself (and also my associates), Shawn Standefer, Jennifer Zegart, Aaron Smith, Mike Evans, Jay Scott & Jim Scott",left,right
Arkansas Governor’s Son Thrust Into Spotlight Over Religious Exception Bill, A storyteller told us this is not what you think when you hear about how President Obama is going to treat our country's workers...More »,left,right
Arkansas Governor’s Son Thrust Into Spotlight Over Religious Exception Bill," The first issue is about discrimination against gay men; but it is also about my family life as well as what I think will happen under this bill going forward because we are having trouble discussing anything else now because you can see how much work there is for my mother who has Alzheimer's Disease and I have lots going on (in) our household right now just trying to survive all these bills coming up for us—so I wanted you guys to know where I am getting at (with) this issue…. [T]his law could potentially hurt us financially; it could hurt my family; and we hope your position will still be open when we do our next vote so…that your position will still be open…this whole thing should not come anywhere near legislation you put before me or any member(s) …This has been very difficult since I have found out about all this stuff…and not knowing how much time you have left until this gets passed before you retire...Please don't ever think less than we are treated like second class citizens here..if they didn't want us back then...why would they give us back? Because they like us! And so don't EVER take anything away from me or my family or any other human being especially children.....You just might find yourself taking something away from them."" -- Seth Hutchinson Letter To His Father From His Son
A few hours later as lawmakers were finishing up votes on bills delaying school construction projects during spring break weekend last week—just weeks after some members were slated to leave town for three months at Camp David--Mr. Hutchison addressed members by phone: ""Please make sure everyone understands where YOU are coming from...how much time really does remain even after some legislators get home!"" He added ominously: “I want YOUR support! If everything comes together right now....We WILL pass an Act!!!!!! We WILL PASS A LAW!!!!!!! Please let's make sure nothing happens until THEN!!! In all seriousness....don't forget..."" But even if Mr. Hutchison told him that wasn't true—or if there was no need under present circumstances—anybody reading newspapers every day can sense just how deeply embedded these two men really are into each other's political worlds today—especially since both resigned at once eight years ago over allegations by their wives' friends and colleagues regarding infidelity toward each other by one or both women."" -- Shawn Standefer letter to Governor Asa Hutchison 8 Years Ago 9-11/14/08 1150AM 1175PM""You won last year!""

",left,center
Arkansas Governor’s Son Thrust Into Spotlight Over Religious Exception Bill," After coming under pressure from supporters after his initial support for same-sex marriage became public knowledge last year — specifically after Seth Hutchison published an op-ed in The New York Times arguing against same-sex marriage or other forms of ""religious liberty"" — Governor Asa Hutchison has decided to distance himself from one person who has become increasingly active lately in pushing him away from some or all aspects of gay rights legislation -- at least publicly: his son Seth Hutchison Jr., 30 years old and also president emeritus at Stollery High School where Josh began coaching football as recently as this year....",left,center
Arkansas Governor’s Son Thrust Into Spotlight Over Religious Exception Bill," By David Shribman (June 15) The law has attracted hostility from many who know him well after years as an Arkansas governor whose reputation for trying to promote religious liberty is legendary — some even say cultish or demonic — for using taxpayer-funded public funds to support his family's efforts to marry homosexuals.""... more",left,center
Arkansas Gov. Signs Amended Religious Freedom Bill," Arkansas Govs [sic] Asa Hutchinson vetoed SB 4 in September 2016 over concerns about religious freedom rights for people who say homosexuality is wrong; now they have changed their minds; they're going back before lawmakers again today in an attempt to get another change on their way.""",right,left
Arkansas Gov. Signs Amended Religious Freedom Bill," Arkansas Gov.-elect Asa Hutchinson (R) has now reportedly refused to sign an earlier iteration of what could become Arkansas' first religious freedom measure since its passage in 1976 when Lt.-Gov William ""Billy"" Lockard (D) was still governor.""",center,left
Arkansas Gov. Signs Amended Religious Freedom Bill,"The Arkansas Religious Freedom Restoration Act is being debated by Arkansas lawmakers for a second time this session as part of efforts by lawmakers from both parties to repeal some parts of Amendment 2(A)(7)(a), which prohibits public or private employers from discriminating against employees because those employees belong or identify as LGBTQ+. Governor Asa Hutchinson (R) announced Friday evening during an interview with Fox News Channel’s Megyn Kelly that he will not sign HJR2A as originally proposed due to concerns raised by members of his own party regarding equal protection under Arkansas’s Human Rights Act.""",center,left
Arkansas Gov. Signs Amended Religious Freedom Bill," Arkansas Governor Asa Hutchinson (D) today signed another version of Arkansas' Religious Freedom Reformation Act without any substantive change but with some notable additions - including removing language in which businesses can discriminate based on sexual orientation or gender identity or expression as well as replacing language regarding transgender people who use public restrooms according their birth certificate instead."" The House Judiciary Committee approved a revised form last week but failed again in Senate committee later this month when lawmakers voted down Senate Bill 643 following objections from those who believe this could amount to religious discrimination towards LGBT rights and people using public bathrooms according their birth certificate instead of their actual physical sex designation under current law.""",center,right
Arkansas Gov. Signs Amended Religious Freedom Bill," Arkansas lawmakers are trying once again... (D)n't Sign Legislation That Would Make It Illegal for LGBTQ People To Live... Read more...
Source: http://bitly/14lKXF6",center,right
Arkansas Gov. Signs Amended Religious Freedom Bill," Arkansas is one step closer toward making it legal for same-gender couples married in another state in Indiana not be refused service because they are gay or lesbian.""
Hutchinson said he was concerned about how Indiana could implement marriage equality without actually recognizing any form of legally recognized marriage – something he previously opposed from an anti-LGBT stand point – but didn't say whether anyone else would have standing under those circumstances as well.""We don't currently know how they're going to do so,"" Hutchinson told reporters at his weekly news conference on Wednesday night.""I'm not really sure what their plans are for that.""The governor says he feels strongly about maintaining religious freedom but wants ""people who disagree with my view"" also protected from discrimination in cases where someone is perceived as being different based on race or religion or other factors.""""I think keeping people who disagree with my view safe is important,"" Hutchinson told reporters before signing into law a revised version late Wednesday afternoon by unanimous consent following hours of debate over House amendments proposed by House committee chairman Jason Rapert (D).The legislature agreed Friday afternoon after several hours debating whether any bills introduced earlier should be voted up until midnight when they were set aside for consideration by lawmakers next week; however legislators later agreed Friday evening not go before voters until Tuesday instead as originally planned if two versions were approved simultaneously during final voting sessions Saturday and Sunday evening Tuesday through noon Monday morning.""""When we get up tomorrow and go back tomorrow night I want everybody watching this vote just like I want everybody watching this vote when I got up today,"" Rapert told reporters who watched from their perch in session Friday evening rather than being present for arguments during final voting sessions Saturday and Sunday.""I wanted everyone watching last night so you'd be able see what was going on here today,"" Rapert promised lawmakers then explaining why only lawmakers could see which versions had been approved prior Saturday night session alone:As expected most Republicans supported both measures; however some Democrats did reject both bills during final voting sessions last weekend while Democratic caucus leadership insisted no Democrat opposed more than two GOP bills at a time because Democrats wanted every single GOP proposal defeated even if all were rejected individually.""This has been one massive fight between our Democratic Caucus chairperson Ms Kelly Reynolds [of Fair Grounds] versus Jason Rapert [Republican Chairman] versus Jason Rapert calling Mr Hutchitt [Democratic Caucus Chairperson] out numerous times...and now Hutchitt has come out saying no...even though it would appear...if we're all still interested then there should be no doubt"" what exactly was happening outside Republican Party leadership",right,right
Arkansas Gov. Signs Amended Religious Freedom Bill," Arkansas lawmakers vote down a measure they opposed before it was introduced in 2015 because they did not like how it looked as written - despite what many consider their best chance to pass an anti-discrimination measure since 1990s Arkansas Legislature repeal ""religious freedom"" law while being sued for violating its own own religion clauses in 1990s Arkansas Legislature anti-discrimination act",center,center
Arkansas Gov. Signs Amended Religious Freedom Bill," In November 2016 Arkansas' Religious Freedom Reformation Act was signed into law by Governor Asa Hutchinson (R). It included several provisions aimed at protecting LGBTQ rights but also included measures intended to address complaints from some religious groups that LGBTQ people face discrimination based on their sexual orientation or gender identity.""
""While we are taking all steps necessary pursuant our constitutional duties as elected officials,"" Hutchinson continued during a news conference announcing his decision not to sign into law an earlier draft of Senate Bill 3-16-1400 (""Arkansas' Marriage Equality Amendment""), ""there are certain sections in this measure which are blatantly discriminatory and others which I do not feel are sufficiently neutral."" He pointed out three provisions related specifically to LGBTQ people: Section 1 prohibits local governments from passing nondiscrimination ordinances if they include any references about being opposed under religious belief; section 2 prevents cities from enacting civil unions for same-sex couples; and section 3 allows counties — including those with fewer than half their residents identifying as white —to prohibit local public schools from providing affirmative action for students who attend school districts where at least 5 percent of students identify as Asian American or Pacific Islander.""",center,center
Arkansas Gov. Signs Amended Religious Freedom Bill," Governor Asa Hutchinson (R) signed a revised version of Arkansas’ Religious Freedom Reformation Act on Friday; one day after refusing earlier versions over concerns about discrimination against LGBT individuals
the governor has absolutely no intention whatsoever for his son or anyone else in Arkansas or elsewhere in our country."" The amended legislation mirrors portions of Obama-era federal DOMA which provided protections at school facilities from school boards and other public officials who refused services because they believe someone’s sexual orientation or gender identity violate their religious beliefs — but only if those members were also members at one point during their lives when they were taught as students by religious officials — which is not how many people who support LGBTQ rights think homosexuality is defined today among American society's leaders and prominent citizens; rather it is most commonly referred as being ""reproductive preference,"" rather than same-sex attraction generally.)",left,center
Benghazi Panel Wants To Interview Clinton About Emails, An exclusive report from CNN's Kasie Hunt shows that Hillary Clinton chose not use government computers at all while she was secretary of state from 2009 through 2013.(Photo by Mark Wilson/Getty Images)More than one year into his presidency as president-elect against President Barack Obama's wishes — even though he had access through his personal email account — President-elect Donald Trump has asked Attorney General Jeff Sessions about his role in setting up special counsel Robert Mueller's investigation into Russian meddling in last year's election campaign.(AP Photo/Alex Brandon)Former President Bill Clinton says he expects Trump will fire him if he doesn't deliver on promises(Photo by Andrew Harrer/Bloomberg via Getty Images),center,left
Benghazi Panel Wants To Interview Clinton About Emails, The UPI's Complete Politics Coverage You Must See...,left,left
Benghazi Panel Wants To Interview Clinton About Emails, Email has become an issue - Washington Post by Sarah Levine April 11 2015 Share This Content: Email us at Newsletters2CommentsSHOW CAPTION Email us at Newsletters2Send email comments/questions See all news letters from The Washington Post's editorial pages,center,left
Benghazi Panel Wants To Interview Clinton About Emails," In an appearance Monday evening at an event hosted by The Daily Caller News Foundation's Media Research Center in Washington State's capital city (in what was clearly not what he thought he had scheduled), GOP congressman Trey Gowdy tried out his brand new iPhone with help from an associate whose job it was apparently meant be taking down news items posted by another man; then when asked about his role as ""House Select Committee Chairman,"" he called himself ""House Select Committee Chairman.""",center,right
Benghazi Panel Wants To Interview Clinton About Emails," The investigation into Clinton's use of a private email account began after she left office at State Department in early 2016. Investigators are examining whether she broke federal law by using an unsecured computer for official work at State Department while being secretary-of-state from 2009 through 2015. The State Department has not provided evidence other than its own internal investigations that it had any knowledge if such violations occurred at all or were even possible before Hillary lost touch with law enforcement following her decision to leave office earlier this year, Newsweek reported.",right,right
Benghazi Panel Wants To Interview Clinton About Emails," WASHINGTON -- The House Select Committee on Benghazi sent an informal inquiry about Hillary Clinton's use of unsecured email from Sen.(D-Calif.) Friday night into Wednesday night into her former top aide Huma Abedin's whereabouts at 3:30 p.m., according to an aide who was not authorized by anyone involved in setting up or arranging it or making it happen...Full Article →",left,right
Benghazi Panel Wants To Interview Clinton About Emails, The House Select Committee on Benghazi sent an official request Wednesday requesting an official transcript of an interview with former secretary of state Hillary Clinton's lawyer regarding Libya's attack last month that killed U.S.-backed Libyan dictator Muammar Qaddafi...,right,center
Benghazi Panel Wants To Interview Clinton About Emails," This Week's Political News Summary: From Washington – On Thursday President Obama told Congress he plans some major changes in his management of U.S.-based energy companies following pressure from oil producers demanding greater transparency about potential conflicts between government investigations into those companies' operations overseas -- including Libya -- while still receiving billions from them over several years through foreign investments that could affect American energy interests abroad.""This should be an opportunity for both sides…to work together toward making sure these investigations are transparent…and make sure that we don't see any further disclosures about Benghazi…or any other issues involving Americans,"" Obama said at his weekly news conference in advance of lawmakers debating whether congressional oversight efforts are needed around Libya's deadly attack last September.""We have made progress over recent months with regard to our efforts at transparency,"" Obama added.""But there have been additional steps that must be taken...in order for us not just continue moving ahead with our strategy but keep working toward an effective way forward so we can move forward together towards keeping our country safe.""""The United States has strong commitments from its members throughout North Africa under Chapter VII [of] UNCLOS,"" he continued.""We also stand ready to ensure that all necessary steps are taken so U.S.-based firms do business safely""....More here.../more/us-embassy/north-africa-nadjahamas",left,center
Benghazi Panel Wants To Interview Clinton About Emails," This story was updated at 4:30 p.m., March 23; at 5:20 p.m., March 23; by 10 p.m., March 24; at 11 p.m., March 24; at 11:40 a new update follows... by 5 p.m., April 1 (1)",left,center
House Panel Seeks Private Talk With Hillary Clinton About Email," Email messages from Secretary Of State Hillary Rodham Clinton's official email account have been disclosed by multiple sources as being stored in an unsecure system with limited access permissions; however, some unclassified documents have been redacted or withheld; however, one document has not been redacted or withheld; However, these documents have not been classified under other than Top Secret classification levels (SS3). A full copy (including all underlying formatting) can be found here https://www..nytimes....com/email-emails-from-secretary-state....html?_r=1",left,left
House Panel Seeks Private Talk With Hillary Clinton About Email, A former senior aide has told The Washington Times that Hillary Rodham Clinton used her private email system as soon as she became secretary of state and even before some people knew about it or even saw how extensive it was until after Election Day in 2008… But several weeks before Election Day 2008 and well after this year's presidential election vote — by which time many government employees knew their official email systems were compromised by hackers who later went underground — Ms...,center,left
House Panel Seeks Private Talk With Hillary Clinton About Email, The White House released an internal memo Monday setting forth Obama administration recommendations for how federal agencies should handle potential conflicts arising from former Secretary Hillary Rodham Clinton's use and retention of private email while at Secretary State; Oversight Committee Chairman Trey Gowdy announced he would press Secretary Hillary Rodham Clinton about those recommendations this week (Reuters),right,left
House Panel Seeks Private Talk With Hillary Clinton About Email," The committee wants answers from Hillary Rodham Clinton about how her exclusive use of an email address other than hers worked and what went wrong at Benghazi last year and why it matters now
(Source: CNN)",right,right
House Panel Seeks Private Talk With Hillary Clinton About Email, A State Department computer specialist responsible for maintaining its records had failed repeatedly before May 31 when using his laptop outside his office or at home (and before May 23 when using his hotel room) with an open unsecured laptop containing government records — including email messages from Secretary Hillary Rodham Clinton's personal system — without authorization and without consent...read more / Source: New York Times / Summary,right,right
House Panel Seeks Private Talk With Hillary Clinton About Email," In one letter sent Monday night by Republicans on Benghazi Committee chairman Trey Gowdy's Oversight Committee asking Hillary Rodham Clinton about whether or not she had used her private email account for official business while serving as secretaryof state during September 2012 through July 2017 (see March 12) then-Senators Tom Carperstorke and Cory Gardner noted that all but two or three days out from each election year are typically covered by federal law (see November 8). The rest are generally exempt from federal recordkeeping requirements under Presidential Records Act section 708(a)(4) (FPA). This exception is primarily intendedto prevent potential political embarrassment; failureto disclose such information may cause some people who have worked closely with SecretaryClinton serious problems with their professional reputations and positions within government or other organizations."" [LINK]",right,right
House Panel Seeks Private Talk With Hillary Clinton About Email," In late February 2012, Secretary Hillary Rodham A/C/B/g/h/i /r//-//g // HRC's email account contained some 33 files........ …. ""I want you guys (and gals) -- we got three weeks left -- where you go?"" — Hillary Rodham Clinton (@HillaryClinton) March 2, 2012 … https://twitter. com /JustinEwen … https://twitter. com /matthewaustin….. But by then Ms HRC had already been hacked – or maybe I should say leaked – into [REDACTED]. pic...e ""to determine whether these documents are government records or private ones,"" Mr Gowdy wrote....https://www..compose… http://www..compose… https://twitter..compose… … http://www..compose…. https://twitter..compose… twitter...composes twitter.....pic…… pic….e…. pic..."" — Hillary Rodham Clinton (@HillaryClinton) March 3,2012....... And while there are many reasons why one might have wanted these documents removed (or kept only as classified), we do suspect that Ms HRC decided against them."" That is why I have asked [Ms] HRC not make public any more comments about these issues."" They're all ""personal"" messages."" She may have gotten defensive"" — Nancy Pelosi (@NancyPelosi) March 3, 2012 ….... So what now? Is this an act of perjury?"" he said today...""And even though Ms HRC has come under fire for her use of an unsecured personal email account -– perhaps because people question whether Secretary Of State can be trusted with secrets -– instead [Ms] HRC wants us (and you!) out there digging through our archives so we can find out exactly what happened here."" This is ""one more bit of evidence"" they can prosecute Hillary for? Not having anything like this when they took down their servers makes me very suspicious! pic...ehttps://t……",right,center
House Panel Seeks Private Talk With Hillary Clinton About Email," Hillary Rodham Rodham sent hundreds or thousands of e-mails from her home computer system during her eight years as secretary of state is very unusual and raises questions about whether any work-related communications were saved among these messages
On Feb 25th, 2012, Democratic presidential nominee Hillary Rodham sent an email saying ""There's some stuff we don't know about yet"" then deleted it within an hour after receiving notice someone had opened it. Then again in July 2014 while doing paperwork at State Department ( I think this was Secretary's desk) I opened my PGP keychain and emailed myself some. Then two months later, I went back online only two days before they needed me for jury duty but instead erased them. (which i have since learned came from my husband. So they are not private) That does raise questions about whether work related communications were saved among these messages though... pic 2/2 - From: Trey Gowdy | Date: 11/01/15 10:40 PM | To: Huma Abedin | Subject: Re.: Rebuttal Letter - Benghazi Committee Oversight | In response you re agreed with my assessment re your use & retention of your Gmail accounts & your own lawyers advised against having any further communications conducted by you using such accounts prior your being sworn into Congress & assuming another position relevant thereto (which may be true). Also agreed with my view re your conduct during questioning by Rep Trey Gowdy regarding your actions as President following 9/11 regarding Libya under false pretenses without regard for constitutional mandates or oversight authority while in charge thereof? If so how did you perform such conduct? Did you do so without knowing full well who might happen upon such activities? Was anyone aware ahead even remotely what should have happened beforehand concerning Libya under its false pretenses? How many times did you personally authorize Libya's use of arms or funds through various international financial institutions with knowledge all material facts precluding any lawful conclusion concerning their legality including but not limited II our knowledge that those funds could be used as weapons if indeed they truly existed? Would it surprise anyone if we found out those funds actually existed prior their supposed unlawful use then how would this information affect U S policy towards Iraq and Afghanistan? Was there ever discussion between yourself & others concerning Libya's behavior before 9/11 under false pretexting circumstances where all reasonable action would have been taken by U S leadership absent obstructionism by U S political appointees like yourselves? You now stand accused publicly here today before me here today claiming ignorance over issues pertaining specifically to Benghazi where no one except yourself had either actual knowledge or any justification",left,center
House Panel Seeks Private Talk With Hillary Clinton About Email," The Benghazi hearings have been dominated by questions about Hillary Rodham Clinton's use of personal email while she was secretary of state, and specifically whether she gave classified information through her account or sent or received non-classified information via an unclassified email system. While there are other areas for Congressional inquiry into these matters (including potential criminal issues), congressional committees should be asking specific questions about whether Hillary Rodham Clinton broke any laws by engaging in any official actions involving classified information during her tenure as Secretary of State",center,center
"In first foreign policy speech, candidate Rubio pushes stronger U.S. leadership"," The new president wants an escalation on terrorism across regions (more than ever), expanding cooperation with Europe (again) without taking advantage of it or pushing toward isolationism (just keep up with it). Still no willingness from Congress for tax breaks for companies based abroad making money through selling natural gas or oil produced abroad? And what is Obama's attitude about Iran's nuclear program? So far he has not publicly indicated anything about sanctions against them going forward? And can anyone tell me how much longer Bush was going to get reelected if Obama wins anyway? No wonder people want him out! Any advice...",left,left
"In first foreign policy speech, candidate Rubio pushes stronger U.S. leadership"," President Obama's latest national security speech has begun with an acknowledgement that while he doesn't believe it's necessary for America's national interests anymore -- it will likely involve some serious actions involving China -- there are still some reasons we should protect ourselves from outside threats while also ensuring our own security and making sure Americans are prepared for any conflict or crisis they must face abroad.""http://www..org/blogs/the-usablog/20150110_u_s_sen_rubio_mccain_calls",left,left
"In first foreign policy speech, candidate Rubio pushes stronger U.S. leadership", Marco Rubio speaks about current U S political crisis during Council on Foreign Relations (CFR) conference in New York City last week (Photo: AP Images) Summary: Marco Rubio speaks about current U S political crisis during Council on Foreign Relations (CFR) conference in New York City last week (Photo: AP Images) / Getty Images,left,left
"In first foreign policy speech, candidate Rubio pushes stronger U.S. leadership", What is happening now in Syria? The Arab Spring protests are spreading across Syria and many countries are struggling with how best they can help their populations regain their freedom from authoritarian regimes like President Bashar Assad's government - while also working with Russia - against common enemies such as ISIS (the Islamic State) terrorists who threaten all nations regardless of geography or ethnicity! How do you know what's happening? Here's how you can learn about what's going on right now by watching live events happening around you in real time via our award-winning app & website!,center,right
"In first foreign policy speech, candidate Rubio pushes stronger U.S. leadership"," Marco Rubio says if elected president next year he would ""take aggressive steps"" (at least one step) towards taking back some parts of America's global influence after over 6 years under Barack Obama (that includes NATO). Rubio also says U S needs 'forethought' for planning out military action should it become necessary or just by happenstance because our enemies are not predictable...",right,right
"In first foreign policy speech, candidate Rubio pushes stronger U.S. leadership"," The State Department spent $1 billion last year on overseas operations – less than half of what it spent during President Barack Obama's second term – according to an internal report by former diplomats released early this year following revelations by WikiLeaks about how much taxpayer money had been spent on UBL's business interests abroad in addition to its diplomatic missions around North America and Africa.""",center,right
"In first foreign policy speech, candidate Rubio pushes stronger U.S. leadership", Rubio spoke at an event sponsored by Council on Foreign Relations which discusses some of President Barack Obama's foreign policy decisions since taking office last December from January 2009 onward -- including an increase in funding for U.S.-led NATO operations abroad while refusing increased spending on defense programs domestically -- with no new domestic changes in sight. He also laid out plans for continuing economic growth without cutting spending or raising taxes.,right,center
"In first foreign policy speech, candidate Rubio pushes stronger U.S. leadership"," The former Florida governor outlined plans for how he would balance security with growth with specific targets for each department under President Barack Obama including defense budgeting priorities such as investments in technology innovation that enhance national security rather than increase defense spending or force increases on other government agencies like diplomacy or development assistance programs.""The United States is losing its place as a world military and moral power because of what I described as Mr....",right,center
"In first foreign policy speech, candidate Rubio pushes stronger U.S. leadership"," Senator Marco Rubio (R-FL) made an appeal for increased defense spending in response to several current global crises including Cuba's missile crisis with Russia over its testing of new nuclear weapons; Iran developing nuclear weapons capable of hitting Israel; North Korea conducting ballistic missiles into parts of Asia where it could hit Japan; Syrian government offensive against rebel forces controlling Palmyra and Albu Kamal (Al Quseir); Russian incursions into Ukraine's Crimea Peninsula; recent incidents involving Iranian troops in Iraq under Saddam Hussein's regime; Syrian president Bashar al-Assad killing over 1 million civilians including women and children while suppressing protests by Syrians against Assad's rule; economic issues such as currency manipulation by China are continuing to negatively impact U$A trading volumes with countries around globe due their trade restrictions on currencies used by them or those using them for investment purposes or other strategic reasons; increasing frequency of terrorist attacks from al Qaeda causing havoc across cities globally including London City Center bombing leaving 32 dead plus dozens injured last month; continued attacks throughout Europe targeting airports and tourist sites killing dozens this month after London was bombed last year leaving 3 dead plus 17 wounded earlier this week when three bombs exploded within close proximity just outside Paris French capital leaving eight casualties... In all these issues terrorism poses greater risks than ever before resulting also in greater levels of devastation than any other threat facing us today according to senior advisers who I spoke with during my visit here today who also told me these threats are no longer viewed simply through terms such as terrorism but rather through new ways they refer you may think about whether you think about terrorists or violence versus threat perception which I am sure everyone agrees needs revisiting especially given President Obama's apparent lack thereof concerning threats from ISIS, Al Qaeda, ISIL, Boko Haram etc...",right,center
NJ Gov Chris Christie to Throw His Hat in the Ring for White House Run," How Did They Get So F*cking Close? | The Atlantic on CNN's ""State of The Union"" Hosted By Al Sharpton MSNBC Hosts Rachel Maddow And Lawrence O'Donnell Also Commentators For The Program",left,left
