Title,Summary,Predicted Bias,Stance
Elizabeth Cheney blasted by older sister over gay-marriage stance,"Wyoming sen. linda johnson blasts her sister for supporting same-sex marriage. johnson: ""the issue of marriage must be decided on a state-by-state basis"" other sen. ted kennedy says he's still supportive of gay marriage.",left,left
Elizabeth Cheney blasted by older sister over gay-marriage stance,Wyoming senator reportedly blasts sister's comments on same-sex marriage. her sister reportedly expressed her 'dead wrong' on the issue. republican has resisted same-sex marriage; critics say it's unfair.,right,left
Elizabeth Cheney blasted by older sister over gay-marriage stance,"Wyoming senator blasts sibling, one of former vice president's daughters, for their support of same-sex marriage. joe zelizer says she is not pro-gay marriage but would not call on voters to decide. she's also calling on same-sex marriage to be a state issue, not a matter for judges or legislators.",right,left
Elizabeth Cheney blasted by older sister over gay-marriage stance,racy koeppner's daughter blasts sibling's position on same-sex marriage. Cheney says the issue should be decided state-by-state. bill authors say republicans should follow suit.,left,right
Elizabeth Cheney blasted by older sister over gay-marriage stance,"Wyoming senator says same-sex marriage should be decided by voters. sister, who is openly lesbian and married since 2012, says she is against marriage. ""the issue of marriage must be decided by the states,"" sibling posts.",right,right
Elizabeth Cheney blasted by older sister over gay-marriage stance,the younger sister of ex-Vice President Dick Cheney's two daughters has taken to social media to attack her sister on the issue of same-sex marriage. mrs. Cheney says her sister is dead wrong on the issue of marriage.,right,right
Elizabeth Cheney blasted by older sister over gay-marriage stance,"ex-Vice President Dick Cheney’s two daughters criticize her sister for support for same-sex marriage. marilyn Cheney, openly lesbian, married to Heather Poe since 2012, has publicly voiced support for same-sex marriage. her sister, Elizabeth, also a former vice president, reportedly said the matter should be decided on a state-by-state basis.",left,center
Elizabeth Cheney blasted by older sister over gay-marriage stance,"Mary Cheney took to facebook to blast her older sibling's stance on same-sex marriage. reportedly posted to her personal page to blast her sister, a Wyoming senator. said: ""I am not pro-gay marriage""",right,center
Elizabeth Cheney blasted by older sister over gay-marriage stance,"Wyoming senate candidate pushes her sister to defend same-sex marriage, a rumored source. her sister, a lesbian, is openly lesbian and married to Heather Poe since 2012. the woman cited the ""dead wrong"" position of her sibling, a friend of hers. a former vp who supported gay marriage, would run in 2014 election.",left,center
Mary Cheney: Sister Is 'Dead Wrong' On Gay Marriage,"Wyoming U.S. Senate candidate weighs in against same-sex marriage. her sister is openly gay and married her partner in the country last year. ""all families — regardless how they look or how they are made — all families are entitled to the same rights and privileges as every other,"" she wrote.",center,left
Mary Cheney: Sister Is 'Dead Wrong' On Gay Marriage,"sister of Wyoming sen. Liz Cheney rebukes opposition to same-sex marriage. ""i love my sister, but she is dead wrong on the issue of marriage,"" she says in facebook post. ""I am strongly pro-life and I am not pro-gay marriage,"" she says.",right,left
Mary Cheney: Sister Is 'Dead Wrong' On Gay Marriage,"sister of Wyoming senator criticizes opposition to same-sex marriage. criticized her sister's opposition to same-sex marriage in a facebook post. ""for the record, I love my sister, but she is dead wrong,"" she wrote.",right,left
Mary Cheney: Sister Is 'Dead Wrong' On Gay Marriage,"Mary Cheney takes to Facebook to criticize sister's opposition to same-sex marriage. she married her partner, Heather Poe, in washington, DC last year. the younger sister of u.s. senator from Wyoming is openly gay.",right,right
Mary Cheney: Sister Is 'Dead Wrong' On Gay Marriage,"the sister of Wyoming sen. Liz Cheney, who is openly gay, attacked her opposition to same-sex marriage. ""for the record, I love my sister, but she is dead wrong on the issue of marriage,"" she wrote. ""I am strongly pro-life and I am not pro-gay marriage,"" she said.",right,right
Mary Cheney: Sister Is 'Dead Wrong' On Gay Marriage,"sister of Wyoming senator speaks out against same-sex marriage. she was openly gay and married partner in washington last year. ""i love my sister, but she is dead wrong on the issue of marriage,"" she writes.",center,right
Mary Cheney: Sister Is 'Dead Wrong' On Gay Marriage,"younger sister of Wyoming senator criticizes opposition to same-sex marriage. her sister, who is openly gay, married her partner, Heather Poe, last year. ""I am strongly pro-life and I am not pro-gay marriage,"" she wrote on facebook. in 2010, democrats in the u.s. are expected to vote on same-sex marriage.",left,center
Mary Cheney: Sister Is 'Dead Wrong' On Gay Marriage,"a younger sister of a former vice president criticizes her opposition to same-sex marriage. ""for the record, I love my sister, but she is dead wrong on the issue of marriage,"" she writes. ""if a marriage is approved, it is not a question of the states,"" she says.",left,center
Mary Cheney: Sister Is 'Dead Wrong' On Gay Marriage,"a female democrat says her sister is ""dead wrong"" in her opposition to same-sex marriage. her sister is openly gay and wed her partner last year. she is slated to run for u.s. Senate in next year's republican primary.",center,center
"IRS official who refused to testify facing more scrutiny over scandal, past","attorney for senior IRS official says she was promoted as a ""good woman"" she refused to testify at a house hearing on a political not-for-profits probe. she has long been a key focus of congressional investigations. prosecutors believe she was targeting conservatives with political and religious trolls.",left,left
"IRS official who refused to testify facing more scrutiny over scandal, past",tax official refuses to testify for the first time at a house hearing. she is facing a maelstrom of controversy over the IRS' practice of singling out conservative groups. she was the chief of enforcement at the fec and was promoted to an IRS position.,right,left
"IRS official who refused to testify facing more scrutiny over scandal, past",congress has been calling IRS official evasive. they have also been questioning her handling at the fec. she has been under the protection of the Fifth Amendment.,left,left
"IRS official who refused to testify facing more scrutiny over scandal, past","a congresswoman asked about the IRS' policy of using names like ""tea party"" a group representing patriots wanted more scrutiny than conservative organizations. the fec, which brought the biggest enforcement action in its history, was sued for violating campaign laws. but her past at the federal election commission is coming under scrutiny.",left,right
"IRS official who refused to testify facing more scrutiny over scandal, past","congressman: ""you cannot lie to Congress"" Lois Lerner has been in a key focus of congressional investigations. her history at the fec and hers have faced scrutiny.",left,right
"IRS official who refused to testify facing more scrutiny over scandal, past",the chief of enforcement at the federal elections commission is facing scrutiny. congressional investigators are investigating the IRS' practice of targeting conservative groups. member of congress is calling her evasive and questioning why she didn't release the information sooner.,left,right
"IRS official who refused to testify facing more scrutiny over scandal, past","u.s. rep. joseph grigrig was criticized as an evasive IRS official. he says the lawyer was promoted for what she was doing to keep her jobs. he says she had an agenda. grigrig: if she didn't, she could've gone as far as to try and avoid a vote.",left,center
"IRS official who refused to testify facing more scrutiny over scandal, past",lois Lerner is a key focus of congressional investigations into the IRS. the IRS accused of targeting conservative organizations for additional scrutiny. lawmakers are calling her evasive and question why she didn't reveal the program sooner. she served as chief of enforcement at the fec.,right,center
"IRS official who refused to testify facing more scrutiny over scandal, past","federal prosecutors want details about fec's approach on conservative groups. the public facing questions over the law and the culture of the agency. tax inspectors are looking to the past for clues about what is involved. the lawyer who worked at the fec says he was ""shocked and appalled"" by the new situation.",center,center
White House Plays Down Data Program,"the u.s. government is looking for foreign intelligence to take control of private online networks. despite the existence of a ""secret program,"" the government is unable to take control of that data. the leak of the data to a paper on cnn also may re-open the government’s eyes.",left,left
White House Plays Down Data Program,"public intelligence director James R. Clapper Jr. claims secret program called Prism exists. he said it was computer system to ""facilitate"" collection of foreign intelligence authorized by congress. in addition, he said data can be turned over only under court order.",right,left
White House Plays Down Data Program,"nicolaus mills: new analysis highlights use of computer to gain access to data. he says it will take time to understand what the process to obtaining information is. a third of public's personal data could be collected from others overseas, he says. mills: more than a third of public's personal data is collected via the u.s.",center,left
White House Plays Down Data Program,president obama tried to marshal new evidence in defense of its collection of private Internet and telephone data. the president argued that a secret program called Prism is designed to sort through court-supervised collection of data. gloria borger: the document cited by the Guardian cites 1 in 20 private Internet networks. borger: the revelations are “a major distraction from our current efforts to fight cybercriminals”,left,right
White House Plays Down Data Program,"nicolaus mills says revelations contradict the view of congressional testimony. he says the government uses a computer system to help collect foreign intelligence. he says it relates to a secret program called ""prism,"" with data collected from internet and phone networks. mills: u.s. data is not secure because it is collected automatically on its own.",left,right
White House Plays Down Data Program,"the government says it has a secret program to sort through court-supervised collection of data. a new report cites 97 billion pieces of data collected from networks worldwide. about 14 percent of this information was from Iran, much from Pakistan, says the guard.",left,right
White House Plays Down Data Program,"a recent report cites 97 billion pieces of data collected from networks worldwide. about 14 percent of that data came from Iran, much was from Pakistan. president obama asked a judge what he would consider a case. but officials say a judicial review will be needed to rule on the case.",right,center
White House Plays Down Data Program,"national intelligence director rejects criticism of government's collection of private Internet data. dni jacobs: ""prism"" is just an ""internal government computer system"" designed to sort through court-supervised collection. officials have denied government has access to large computer servers at Google, Microsoft, Facebook. officials cites 97 billion pieces of data collected from networks worldwide in march 2013.",left,center
White House Plays Down Data Program,"obama administration denounces secret computer program that helps to gather intelligence. report says 97 billion pieces of data collected in 2013 was from global networks. new data show 14 percent of it was from Iran, much was from Pakistan.",right,center
N.R.A. Details Plan for Armed School Guards,"report calls for armed police officers, security guards or staff members in schools. it also urged states to loosen gun restrictions to allow trained teachers to carry weapons. critics see no distinction between gun control advocates and states. former republican congressman said the report will bring the nation closer to free-market gun ownership.",right,left
N.R.A. Details Plan for Armed School Guards,"a 225-page report is calling for armed police officers, security guards or staff members in all american schools. it also urged states to loosen gun restrictions to allow trained teachers to carry weapons. a democrat and gun control advocates criticize the recommendations.",right,left
N.R.A. Details Plan for Armed School Guards,"a former republican congressman from rhode island, nra released a 225-page report on gun violence. asa hutchinson led the task force at a packed news conference with unusually heavy security. the findings drew immediate criticism from gun control advocates and many Democrats.",left,left
N.R.A. Details Plan for Armed School Guards,critics say gun law doesn't make an argument for armed officers. critics are urging state to loosen gun restrictions for trained teachers and administrators. former republican congressman says the current government is too militarized.,right,right
N.R.A. Details Plan for Armed School Guards,"gun control advocates, many Democrats want gun controls to be tightened up. the national rifle association released a 225-page report on Tuesday. it calls for armed police officers, security guards or staff members in every school.",right,right
N.R.A. Details Plan for Armed School Guards,an ex-republican congressman releases a 225-page report calling for armed guards in every school. it also calls for expanding police presence in schools. the report has immediate criticism from gun control advocates and many Democrats. the report also urged states to loosen gun restrictions to allow trained teachers to carry weapons.,right,right
N.R.A. Details Plan for Armed School Guards,a national rifle association task force releases its report calling for armed police. some in gun control advocacy group pounce on the report's conclusions. critics see no distinction between armed guards and gun control. tuesday is the day that the first ever federal commission to look at gun control.,center,center
N.R.A. Details Plan for Armed School Guards,"former congressman and republican congressman in arizona criticized report. the 225-page report also called for armed police officers, security guards or staff members in schools. critics saw no distinction between the two groups, which sponsored the study.",left,center
N.R.A. Details Plan for Armed School Guards,"nra task force calls for armed police officers, security guards or staff members in every school. the report drew immediate criticism from gun control advocates and many Democrats. some critics see no distinction between the two -- the report comes after the sandy hook school shooting.",center,center
NRA urges states to allow more armed officers in schools,"nra says schools must ensure safety, allow more armed officers in schools. report capped a review in the wake of the newtown mass shooting. newtown massacre in which 26 were killed sparked outrage among gun control opponents.",center,left
NRA urges states to allow more armed officers in schools,"state legislatures should allow more school personnel to carry weapons on school grounds. ""this is not talking about all teachers,"" says former Arkansas rep. Asa Hutchinson. report concludes weeks-long review into gun control after newtown massacre. critics criticized NRA indulging in focus on school security and gun control.",right,left
NRA urges states to allow more armed officers in schools,"nra is calling for more school personnel to carry weapons on school grounds. recommendations come a week after a lengthy gun control review. congressional review started with a small number of states pursuing gun control legislation. congress continues to push to protect security, schools from potential attacks.",left,left
NRA urges states to allow more armed officers in schools,"a new report suggests allowing school personnel to carry weapons. the plan is part of a new series of recommendations. several states have implemented gun control legislation. democratic leaders back a ""no gun"" approach.",left,right
NRA urges states to allow more armed officers in schools,"report follows weeks-long review of gun control proposals following the newtown shooting. the report calls for more school personnel to carry weapons on school grounds. critics say the proposals focus too heavily on security, as schools are vulnerable. new york, hawaii and california all agree on the recommendation.",center,right
NRA urges states to allow more armed officers in schools,"a week-long review of gun control provisions in the wake of the newtown shooting. the review calls for more armed personnel to be installed in schools. the report also calls for more training, a safety assessment and a pilot program.",center,right
NRA urges states to allow more armed officers in schools,"state legislatures are reviewing gun control legislation. more armed officers should be trained, report states. governors may consider a similar measure in some states.",center,center
NRA urges states to allow more armed officers in schools,"NRA calls for armed officers in schools. it comes as state legislatures pursue gun control laws. armed officers are required to pass safety and background checks. ""this is not talking about all teachers,"" said lead author asa hutchinson.",right,center
NRA urges states to allow more armed officers in schools,"armed officers can carry weapons in schools once they've gone through extensive training. state legislatures should require schools to conduct safety assessment. ""this is not talking about all teachers,"" former rep. Asa Hutchinson says of school security.",center,center
Mo Cowan Senate: Deval Patrick Names Former Chief Of Staff To Replace John Kerry,former chief of staff of deval patrick replaces new secretary of state. the appointment is a step forward for a state with a troubled history with race relations. he was appointed in november 2009 and is expected to serve as state senate seat.,left,left
Mo Cowan Senate: Deval Patrick Names Former Chief Of Staff To Replace John Kerry,"mo cowan to hold seat until an election in June. cowan is a former chief of staff and former legal counsel to the governor. he grew up in poverty in rural north Carolina before going to school in binghamton. ""if you come to eat meat in a buffet, you can't make it out,"" a spokesman says.",left,left
Mo Cowan Senate: Deval Patrick Names Former Chief Of Staff To Replace John Kerry,"deval Patrick has appointed mo cowan to replace newly confirmed secretary of state. cowan is a former chief of staff and former legal counsel to Patrick. ""that's cool,"" says lt. governor in a recent interview.",left,left
Mo Cowan Senate: Deval Patrick Names Former Chief Of Staff To Replace John Kerry,"john kelly replaces joe hockey in the state's senate. boston-area governor appoints former chief of staff to replace former secretary of state. the seats were vacated by newly confirmed secretary of state. ""mo"" cowan is the second black senator from the state, after Edward Brooke.",left,right
Mo Cowan Senate: Deval Patrick Names Former Chief Of Staff To Replace John Kerry,"the second black senator is incumbent deval Patrick. former chief of staff and lawyer, who was never elected, is appointed. he will hold the seat until an election in June. his appointment reflects attention paid to black elected officials.",left,right
Mo Cowan Senate: Deval Patrick Names Former Chief Of Staff To Replace John Kerry,a black senator will serve as a replacement for newly tamed secretary of state. the appointment of mo cowan means there will be two black senators. he will become the second black senator from the state after the former white chief of staff.,left,right
Mo Cowan Senate: Deval Patrick Names Former Chief Of Staff To Replace John Kerry,"bob greene: ""Mo"" Cowan will stand for interim seat vacated by new secretary of state. he says the former chief of staff served as attorney for deval patrick. his appointment is a step forward for a state with a troubled history of race relations. greene: in 1994, san diego mayor's wife was elected and a child was born in the town.",center,center
Mo Cowan Senate: Deval Patrick Names Former Chief Of Staff To Replace John Kerry,"Massachusetts Gov. Deval Patrick has appointed former chief of staff and lawyer William ""Mo"" cowan. ""he's cool,"" says former legal counsel to Patrick. ""tom Brady, George Clooney, James Bond, the president have nothing on Mo,"" says one of the governors. cowan will hold the seat in an interim capacity until an election in June.",right,center
Mo Cowan Senate: Deval Patrick Names Former Chief Of Staff To Replace John Kerry,"former chief of staff and prominent law professor. ""He was cool,"" the lieutenant governor says of cowan. he becomes the second black senator from the state after racial profiling. it's a step forward for a state with a troubled history with race relations.",center,center
William Cowan Named Interim Senator in Massachusetts,new: ex-aide to senate elects new senator who can run for office for another term. he is a longtime friend and former aide to the senate and new hampshire representative. he will become first black senator since 1978. his appointment means he can run for a seat until a successor is elected.,left,left
William Cowan Named Interim Senator in Massachusetts,"john e. lindenberg was backed by a republican, whose house voted overwhelmingly. rick perry was also backed by a republican, who may be the party's new chairman. lindenberg is a former member of the british royal colony and a former aide.",left,left
William Cowan Named Interim Senator in Massachusetts,the special election for the seat for john kyle will be held on july 25. voters will decide who will succeed kyle in a special election. governor deval patrick appointed former aide to interim seat.,left,left
William Cowan Named Interim Senator in Massachusetts,"deval patrick appoints ex-aide to serve as interim u.s. senator until voters pick successor. the appointment is made before the special election, set for June 25. patrick was accused of robbing sen. rick santorum of his parliamentary rights.",left,right
William Cowan Named Interim Senator in Massachusetts,deval Patrick appoints a former aide to act as interim senator. he will be the first black member to be seated in the current u.s. Senate. the vote is scheduled for a special election set for june 25.,left,right
William Cowan Named Interim Senator in Massachusetts,deval Patrick appoints an ex-aide as interim senator until voters pick successor. ex-aide William Cowan will be first black member in a seat held by a republican. voters will choose a successor to the current republican senator in a special election. democrats are considering other options including the republican presidential nomination.,left,right
William Cowan Named Interim Senator in Massachusetts,"governor appoints former aide to fill senate seat to replace retiring john kerry. he will serve as interim senator until voters chose successor, set for June 25. if he is elected he would become junior senator to newt gingrich. neil brown says he is going to run on white house stand to stay in the cabinet.",left,center
William Cowan Named Interim Senator in Massachusetts,ex-aide to John Kerry is set to take the u.s. Senate seat. a special election is set for june 25; first black senator since Edward Brooke. new republican senator is the second black member in the current Senate.,left,center
William Cowan Named Interim Senator in Massachusetts,"governor appointed ex-aide to serve as interim senator until voters choose successor to John Kerry. ""this is going to be a very short political career,"" he says. polls show former Senator Scott P. Brown will beat representative.",left,center
Gay Marriages Get Recognition From the I.R.S.,all same-sex couples who are legally married will be recognized as such. the move follows the landmark landmark Defense of Marriage Act.,center,left
Gay Marriages Get Recognition From the I.R.S.,"as of 2013 tax year, same-sex spouses who are legally married must file together. same-sex spouses who marry in Albany, n.y., and move to Alabama are treated the same. a same-sex couple who marry in Albany, n.y., and move to Alabama are treated the same.",left,left
Gay Marriages Get Recognition From the I.R.S.,"as of the 2013 tax year, same-sex spouses who are legally married will not be able to file federal tax returns. the Treasury Department and the irs will do the same for same-sex spouses. it is the broadest federal rule change to come out of the landmark Supreme Court decision in June.",center,left
Gay Marriages Get Recognition From the I.R.S.,"as of the 2013 tax year, same-sex spouses who are legally married will not be able to file federal tax returns. a same-sex couple who marry in Albany, n.Y., and move to Alabama are treated the same as a same-sex couple who live in Massachusetts. the ruling is the broadest federal rule change to come out of the landmark landmark court case that struck down the 1996 Defense of Marriage Act.",center,right
Gay Marriages Get Recognition From the I.R.S.,"tax return for same-sex couples with union to be the same as in if single. same-sex spouses who marry in Albany, n.y., and move to massachusetts in Alabama are treated the same. taxpayers will not be able to file jointly as of 2013 tax year, both states. a same-sex couple who marries in florida must file separately as in california.",left,right
Gay Marriages Get Recognition From the I.R.S.,"same-sex couples who marry legally will be recognized as such for federal tax purposes. federal rule change comes out of Supreme Court ruling that struck down defense of marriage act. gay and civil rights groups praised the ruling, said anti-gay sentiments.",right,right
Gay Marriages Get Recognition From the I.R.S.,"same-sex couples will be recognized as such for federal tax purposes. new rule would apply to everyone that is legally married. taxpayers will be able to file separately, together or individually, as well.",right,center
Gay Marriages Get Recognition From the I.R.S.,"same-sex couples will be recognized as such for federal tax purposes. federal tax rules will apply to both same-sex spouses and married couples. the government says they will pay back tax if they return to civil service. the new rule takes effect in 2013, but is still in effect.",right,center
Gay Marriages Get Recognition From the I.R.S.,"the rule changes will give same-sex spouses tax benefits, the Treasury said. they'll file together and file separately. the ruling is the broadest federal rule change to come out of the landmark case.",center,center
Same-Sex Married Couples To Get Federal Tax Recognition Regardless Of State,"u.s. federal tax bill will recognize same-sex married couples' marriages. same-sex married couples can now move freely throughout the country. taxpayers will have same tax status, regardless of what state they live in.",left,left
Same-Sex Married Couples To Get Federal Tax Recognition Regardless Of State,Treasury announcement provides a uniform policy for the IRS. the state of celebration -- where the wedding took place -- now trumps the state of residency. decision follows the ruling in the defense of marriage act of 2005. same-sex couples will be eligible for any tax benefits offered by the same-sex tax code.,right,left
Same-Sex Married Couples To Get Federal Tax Recognition Regardless Of State,the same-sex married couple now can move freely throughout the country. the federal government will recognize same-sex couples' marriages even if they live in a state that doesn't recognize their marriage.,left,left
Same-Sex Married Couples To Get Federal Tax Recognition Regardless Of State,the new policy provides clarity on federal filing guidance for the IRS. the state of celebration -- where the wedding took place -- now trumps the state of residency. the IRS did not recognize same-sex married couples under section 3 of DOMA.,left,right
Same-Sex Married Couples To Get Federal Tax Recognition Regardless Of State,"u.s. will recognize same-sex marriages even if they live in a state that doesn’t. ""state of celebration"" now trumps state of residency when it comes to federal tax status. ""the federal filing status will not change,"" Treasury secretary says. in other tax situations, such as estate taxes, the state of celebration will apply.",center,right
Same-Sex Married Couples To Get Federal Tax Recognition Regardless Of State,"federal tax rules will apply regardless of where same-sex couples live. state of celebration -- where the wedding took place -- now trumps state of residency. ""the federal filing status will not change"" for same sex couples, says Treasury secretary. supreme court ruled earlier this year that same-sex couples will face the same tax.",center,right
Same-Sex Married Couples To Get Federal Tax Recognition Regardless Of State,"federal tax provisions for same sex married couples will apply. states of celebration trump state of residency in tax case. last year, IRS said it did not recognize same-sex married couples.",center,center
Same-Sex Married Couples To Get Federal Tax Recognition Regardless Of State,tax provisions for same-sex couples will apply even in state that doesn't recognize marriage. federal taxpayers will be able to move freely to other parts of the country. the decision is prompted by a case overturned by the u.s. supreme court.,right,center
Same-Sex Married Couples To Get Federal Tax Recognition Regardless Of State,Treasury announcement provides a uniform policy for the IRS. the state of celebration now trumps the state of residency. the federal court decision is expected to last for weeks.,left,center
"Obama urges new restrictions on assault weapons, magazines as part of gun control plan",new: president joe biden speaks before four children write to the white house. new: he calls for tougher assault-weapons bans and a 10-round limit on magazines. a number of proposed measures are planned but have drawn strong opposition. the bill requires that the government conduct background checks on people seized.,left,left
"Obama urges new restrictions on assault weapons, magazines as part of gun control plan","president president obama calls for tougher gun bans, magazine limits, a 10-round limit. he signed nearly two dozen executive actions without congressional action. he said he would use ""whatever weight this office holds"" to get proposals passed. president says he will use ""whatever weight this office holds"" to get measures passed.",left,left
"Obama urges new restrictions on assault weapons, magazines as part of gun control plan","new: president says he will try to pass a gun control plan without congress' approval. president calls for tougher assault weapons and magazine limits in plan to curb gun violence. on plan, he says, he also asks for criminal background checks for gun sales. the move comes after the death of 20 children following the deadly mass shooting in ohio.",left,left
"Obama urges new restrictions on assault weapons, magazines as part of gun control plan","""let's do the right thing,"" president Obama says of gun laws. president signed nearly two-dozen executive actions without congressional action. he signed a new law to restrict magazines, assault weapons and armor-piercing bullets. he also signed a new law requiring criminal background checks for almost all gun sales.",right,right
"Obama urges new restrictions on assault weapons, magazines as part of gun control plan",president calls for tougher assault weapons ban and 10-round limit on magazines. president signing nearly two-dozen executive actions. the plan includes measures to improve access to mental health services and improve safety. he also ordered agencies to share information with federal background check system.,center,right
"Obama urges new restrictions on assault weapons, magazines as part of gun control plan",president called for tougher ban on assault-weapons and 10-round limit on magazines. he signed nearly two-dozen executive actions without congressional action. administration's plan was part of broader effort to curb gun violence.,center,right
"Obama urges new restrictions on assault weapons, magazines as part of gun control plan","president calls for tougher assault weapons and 10-round limit on magazines. he signed nearly two-dozen executive actions without congressional action. president said he will use ""whatever weight this office holds"" to get the proposals passed.",left,center
"Obama urges new restrictions on assault weapons, magazines as part of gun control plan","president calls for tougher assault weapons ban as part of comprehensive plan to curb gun violence. bill requires criminal background checks for nearly all gun sales and stricter restrictions on magazines. plan includes measures to improve access to mental health services, improve safety in schools. most controversial part of plan remains proposals for a 10-round limit on magazines.",center,center
"Obama urges new restrictions on assault weapons, magazines as part of gun control plan","president Obama takes 23 steps in three days to pass gun control plan without congressional action. he signs executive orders that have stirred objections from gun-rights advocates and lawmakers. he has urged congress to pass tougher assault weapons bans and 10-round limit on magazines. ""if there's even one life that can be saved, then we've got an obligation to try,"" he says.",center,center
"Obama Gun Control Proposals Unveiled, Marking Biggest Legislative Effort In A Generation","new: president calls proposal ""a brave and potentially historic effort"" to curb gun violence. president proposes background checks for all gun sales, assault weapons bans. schools to provide mental health services, reestablishing assault weapons ban. the cost of the proposal would be roughly $500 million.",left,left
"Obama Gun Control Proposals Unveiled, Marking Biggest Legislative Effort In A Generation","president announced plan to overhaul gun laws this week. proposal addresses gun safety, gun control, mental health, background check. bill will nominate a new director for the bureau of alcohol, tobacco, firearms and explosives.",left,left
"Obama Gun Control Proposals Unveiled, Marking Biggest Legislative Effort In A Generation","a gun control proposal is the largest legislative effort in a generation. if the proposals succeed, many will be made immediate. the budget for the gun control bill would exceed $450 million.",left,left
"Obama Gun Control Proposals Unveiled, Marking Biggest Legislative Effort In A Generation","president unveils plan to increase gun control and prevent future gun violence. sweeping gun control proposals could increase violence and death by half, he says. proposal will be finalized this week but will be met with congressional approval. ""we've got an obligation to try,"" he says, and now is the time to implement the plan.",left,right
"Obama Gun Control Proposals Unveiled, Marking Biggest Legislative Effort In A Generation",gun control proposals are considered among big measures. it will help curb the increase in gun violence in the united states. president is also proposing mental health services in schools. the administration will also propose spending on a federal drug ban.,left,right
"Obama Gun Control Proposals Unveiled, Marking Biggest Legislative Effort In A Generation","president is recommending background checks for all gun sales. requiring criminal background checks for all gun sales is considered an appropriate move. it would also require gun owners to have a background check number. the proposal also calls for the overhaul of a ""revenue generating, funding"" system.",left,right
"Obama Gun Control Proposals Unveiled, Marking Biggest Legislative Effort In A Generation",president unveils most sweeping gun control proposal in a generation. he recommends requiring criminal background checks for all gun sales. president also recommends restoring a 10-round limit on ammunition magazines. administration also recommends hiring more police officers.,left,center
"Obama Gun Control Proposals Unveiled, Marking Biggest Legislative Effort In A Generation","president to nominate acting director of bureau of alcohol, tobacco, firearms. president's gun control program is expected to see immediate action. bipartisan panel suggests changes would increase a firearms ban. opponents fear it will reduce gun violence.",center,center
"Obama Gun Control Proposals Unveiled, Marking Biggest Legislative Effort In A Generation",president releases the most sweeping gun control proposal in a generation. proposal called for criminal background checks for all gun sales. it also calls for reinstating the assault weapons ban. proposal also calls for restoring a 10-round limit on ammunition magazines.,left,center
Jackson Jr. Pleads Guilty,"former rep. Jesse Jackson Jr. pleads guilty to conspiracy in federal court. ex-rep. made purchases for personal items including memorabilia, a $43,000 watch. wife, Sandra, to plead guilty to filing false tax returns next week.",center,left
Jackson Jr. Pleads Guilty,"former congressman pleaded guilty to using campaign funds to purchase items. former rep. says he's clearheaded and had not been under treatment for alcohol or drug abuse. wife, Sandra, is expected to plead guilty to filing false tax returns next week. ex-rep. jamie hawkins to face trial on june 1 after pleading guilty to conspiracy.",center,left
Jackson Jr. Pleads Guilty,"former rep. jesse Jackson Jr. pleads guilty to using campaign funds for personal items. the items included a $43,000 Rolex watch and a mink cashmere cape. former rep. said he has ""no excuses"" for his conduct. his wife is expected to plead guilty to filing false tax returns.",center,left
Jackson Jr. Pleads Guilty,"former rep. Jesse Jackson, who's in politics, pleads guilty to conspiracy. he ordered to pay back $750,000 in campaign funds to buy items, prosecutors say. he pleaded guilty in a federal courtroom to conspiracy before a judge. his wife, Sandra, is expected to plead guilty to filing false tax returns.",left,right
Jackson Jr. Pleads Guilty,"former rep. jesse Jackson Jr. pleads guilty to conspiracy. he also pled guilty to using campaign funds to purchase items for himself. his wife, Sandra, is expected to plead guilty to filing false tax returns. former representative was first elected to office in 1995.",center,right
Jackson Jr. Pleads Guilty,former republican republican congressman jailed for conspiracy. he admitted to spending campaign funds for himself and his wife. he is expected to be released from prison in a u.s. court on wednesday.,left,right
Jackson Jr. Pleads Guilty,"former rep. jason jefferson is accused of spending campaign funds on items. one item included a $43,000 Rolex watch and a mink cashmere cape. he admits using money ""that shouldn't have been used""",left,center
Jackson Jr. Pleads Guilty,"former rep. Jackson Jr. pleads guilty to conspiracy, will be sentenced on friday. he admits he used money that shouldn't have been used. he admitted to spending $750,000 on items for himself and wife. ""i'm sorry,"" he said.",right,center
Jackson Jr. Pleads Guilty,"former representative ""used money that shouldn't have been used"" for items. he faces sentencing for conspiracy, will be allowed to return to the states. wife is expected to plead guilty to filing false tax returns on wednesday.",left,center
E-Mails Show Jostling Over Benghazi ‘Talking Points’,the white house released the e-mails to reporters on Wednesday. a fierce internal jostling over the government’s official talking points on 9/11. the 100 pages of e-mails revealed a disagreement between u.s. and world powers. the white house released the e-mails after a republican seized on the correspondence.,center,left
E-Mails Show Jostling Over Benghazi ‘Talking Points’,"obama administration released e-mails that showed internal jostling over talking points. about 100 pages of e-mails showed conflict between two government officials. the 100 pages showed a disagreement between the two agencies over talking points. ""this is certainly not what Vice Chairman Ruppersberger was hoping to get,"" obama wrote.",right,left
E-Mails Show Jostling Over Benghazi ‘Talking Points’,"e-mails show fierce internal jostling over talking points after last September attack. 50 pages of e-mails show a disagreement between the government and cia. ""this is certainly not what Vice Chairman Ruppersberger was hoping to get,"" petraeus wrote.",left,left
E-Mails Show Jostling Over Benghazi ‘Talking Points’,some on the top level were upset by having the talking points removed. others said they wanted to reflect badly on them. white house suggests state department mediated a bureaucratic tug of war.,left,right
E-Mails Show Jostling Over Benghazi ‘Talking Points’,"republicans argue that president obama’s national security staff helped alter talking points. a ""turbulence"" between the State department and the agency was a major factor in the debate. a number of key talking points include warnings to call for more transparency. a senate panel could still be asked to appoint a special prosecutor to review talking points.",left,right
E-Mails Show Jostling Over Benghazi ‘Talking Points’,congressional democrat says he wasn't convinced about using the talking points. e-mails show disagreement over whether to disclose talking points. pentagon officials have been using the e-mails for more than a year. john avlon says republicans have ignored calls by the white house.,left,right
E-Mails Show Jostling Over Benghazi ‘Talking Points’,officials: a draft of talking points showed a conflict over how much to disclose. the 100 pages of e-mails showed a disagreement between the state department and the cia. the talking points were used by u.s. ambassador to the united nations. the white house also used them to describe an attack on a u.n. ambassador.,left,center
E-Mails Show Jostling Over Benghazi ‘Talking Points’,e-mails reveal internal jostling over government talking points after attack. petraeus dismissed reference in draft of talking points to CIA warnings of threats. president obama tried to alter talking points for political reasons.,left,center
E-Mails Show Jostling Over Benghazi ‘Talking Points’,"talks on how much to disclose after benghazi attack revealed fierce internal jostling. ""as a result of this... i was a... a spy,"" an adviser to the u.s. military said. gop adviser: u.s. was ""not a strong force in this regard""",left,center
Clinton Benghazi Hearings Show Classified Report Could Not Determine Causes Of Attacks,"secretary of state says classified review of attack on compound in ghazi uncovered complex evidence. investigation of compound in benghazi, libya, cited al qaeda's recent anti-islam video. u.s. government denies intelligence reports linking compound to terrorism. report says ""impossible to say that the attack was terror related""",left,left
Clinton Benghazi Hearings Show Classified Report Could Not Determine Causes Of Attacks,"secretary of state says classified report could not give precise details of attack. she cited the classified version as a hint at pre-coordination, opportunistic and not planned. the review would have meant questions like who committed the terrorist attack were unanswered.",right,left
Clinton Benghazi Hearings Show Classified Report Could Not Determine Causes Of Attacks,"classified state department review of assault on american compound in Benghazi found that it was impossible to say what motivated the attackers. former secretary of state hillary clinton: ""there were a few surprises"" john mccain: ""we need to clarify this situation""",left,left
Clinton Benghazi Hearings Show Classified Report Could Not Determine Causes Of Attacks,"secretary of state says it is impossible to say who carried out attack. there were conflicting reports on why attack was so deadly. it reflects an ""anguish that has sunk into our thinking,"" the secretary of state said. ""it's a very clear indication that a government has worked,"" she said.",left,right
Clinton Benghazi Hearings Show Classified Report Could Not Determine Causes Of Attacks,"classified report says the motivation of the terrorists remains unclear. white house ""didn't fully understand"" the attack, says the u.s. secretary of state. her comments contradict a 2009 report by the state department on the attacks.",left,right
Clinton Benghazi Hearings Show Classified Report Could Not Determine Causes Of Attacks,"a classified report says it is impossible to say what motivated the attacks. but classified version of the report hints that attackers were ""opportunistic"" and not planned. the assessment was to rebuff congressional queries about the administration's handling of crisis. ""the facts have been very clear about the circumstances of the attacks,"" Clinton said.",center,right
Clinton Benghazi Hearings Show Classified Report Could Not Determine Causes Of Attacks,"classified review concludes attacks were a terrorist attack, despite intelligence. the classified version does not reveal motives, secretary of state Clinton says. nato's newark report on chemical weapons says attacks could be linked. secretary of state michelle obama urges congressional oversight.",left,center
Clinton Benghazi Hearings Show Classified Report Could Not Determine Causes Of Attacks,"new: ""key questions surrounding the identity, actions and motivations of the perpetrators remain to be determined,"" she says. a classified review of the 2012 attacks finds it impossible to say who motivated the attacks. the attacks have been compared to a mob angry over an anti-islamic video.",left,center
Clinton Benghazi Hearings Show Classified Report Could Not Determine Causes Of Attacks,"u.s. secretary of state reveals classified review of 2011 assault on compound in benghazi. secret report found it was impossible to say what motivated the attack. critics said the attack was a result of a mob angry over a recently released anti-islamic video. but the review also found that ""key questions surrounding the identity, actions and motivations""",left,center
"Facing Congress, Clinton Defends Her Actions Before and After Libya Attack","senate and house committees debated the role of president obama in the attack. president obama was slammed for his ""disgraceful"" handling of the attack. but as senator, she vigorously defended her handling of last September's attack. she jousted with democrats over who deserved blame for security issues at diplomatic compound.",left,left
"Facing Congress, Clinton Defends Her Actions Before and After Libya Attack","nicolaus mills says sen. john mccain's nanny would not have said it would be an accident. the former senator has been an adviser to the former u.s. rep. ronald bush. mccain said a ""bigoted"" attack on the compound would have been the first to happen since 9/11.",left,left
"Facing Congress, Clinton Defends Her Actions Before and After Libya Attack","on tuesday, her final speech as secretary of state was halted due to illness. she jousted with Republican lawmakers over who deserved blame for security problems. she vigorously defended her handling of last september attack on u.s. diplomatic compound. ""i am determined to leave the State Department and our country safer, stronger and more secure,"" she said.",left,left
"Facing Congress, Clinton Defends Her Actions Before and After Libya Attack","a week ago, secretary of state hillary clinton defended handling of last year's attack. frida ghitis: she took responsibility and nobody is more committed. she says it is a good idea to say no, but what about responsibility for security lapses. ghitis: her role has enormous political implications.",left,right
"Facing Congress, Clinton Defends Her Actions Before and After Libya Attack","Clinton jousted with republicans over who deserved blame for security lapses. she criticized new u.s. law on the role of state department security and the u.s. warship program. ""this government must do more to ensure that the security systems will work properly""",left,right
"Facing Congress, Clinton Defends Her Actions Before and After Libya Attack","Hillary Clinton tells congress of her handling of last September's Benghazi attack. she accepted the responsibility but not the blame, she says. she also denies the security requests pertaining to the compound.",right,right
"Facing Congress, Clinton Defends Her Actions Before and After Libya Attack","a cloud has cast a cloud over tussle over the former secretary of state's final months. she vigorously defended her handling of last fall's attack on diplomatic compound. ""i am determined to leave the State Department and our country safer, stronger and more secure,"" she said.",left,center
"Facing Congress, Clinton Defends Her Actions Before and After Libya Attack",three other americans were killed in last month's attack on u.s. diplomatic compound. a scathing review of state department procedures followed after the attack. new: the united states president is due to visit the compound on thursday. a second visit with a senior al qaeda official ended last week.,left,center
"Facing Congress, Clinton Defends Her Actions Before and After Libya Attack","the former state department secretary vigorously defended her handling of last September’s attack in Libya. ""as I have said many times, I take responsibility,"" she said, in her final appearance. ""i feel responsible for the nearly 70,000 people who work for the State Department,"" she said.",right,center
"NRA School Safety Report Recommends Arming Teachers, Loosening Gun Laws","former rep. asa ""hutchinson"" has released a 225-page report on school safety. ""anything from a sidearm, to a shotgun, to an AR-15,"" would work, he says. ""the committee has a responsibility to provide... and maintain... an important layer of security,"" he says.",left,left
"NRA School Safety Report Recommends Arming Teachers, Loosening Gun Laws",the national rifle association released a report recommending armed teachers in schools. former rep. asa hutchinson said all guns should be used at schools. other recommendations include developing threat assessment teams at schools. the afte is opposed to the report and criticized it as politically motivated.,right,left
"NRA School Safety Report Recommends Arming Teachers, Loosening Gun Laws","former rep. asa hutchinson releases report on school safety. recommendations include properly trained armed employees. afte supports gun control measures, strongly opposes report.",left,left
"NRA School Safety Report Recommends Arming Teachers, Loosening Gun Laws",former rep. asa hutchinson releases report on school safety funded by the nra. recommendations include training armed staff and loosening gun laws. ftt has strong opposing sweeping 'gun control' legislation.,left,right
"NRA School Safety Report Recommends Arming Teachers, Loosening Gun Laws","225-page report commissioned in wake of sandy hook elementary school shooting. report's author: ""all from a sidearm, to a shotgun, to an AR-15"" would work. author: we don't need to give schools up on allowing guns; teachers should be taught. study suggests that schools should better employ armed employees and provide security.",left,right
"NRA School Safety Report Recommends Arming Teachers, Loosening Gun Laws","225-page report recommends proper trained armed employees for school security. report recommended a ""very broad range"" of guns for schools security. former rep. asa hutchinson's report met with scathing criticism from aftt.",left,right
"NRA School Safety Report Recommends Arming Teachers, Loosening Gun Laws","american Federation of Teachers supports gun control measures. report recommended teachers be armed, trained. many states prohibit anyone but a law enforcement officer from possessing guns in schools. report's author says it could have implications for all u.s. kids.",center,center
"NRA School Safety Report Recommends Arming Teachers, Loosening Gun Laws","225-page report commissioned following the sandy hook school shooting. report urged schools to train willing armed employees to provide ""an important layer of security"" former rep. asa hutchinson says it's independent of the nation's largest gun lobby. american educators supports gun control measures and strongly oppose his report.",left,center
"NRA School Safety Report Recommends Arming Teachers, Loosening Gun Laws","a report released by the national rifle association recommends armed school staff. it recommended teachers be trained so they can provide ""an important layer of security"" the report is commissioned in the wake of the sandy hook elementary school shooting. recommendations include creating threat assessment teams at schools.",left,center
Massachusetts Gov. Deval Patrick  picks former staffer to fill Kerry's Senate seat,former chief of staff of sen. John Kerry is headed for open seat. a second black senator is a possible candidate for the post. a special election is likely.,left,left
Massachusetts Gov. Deval Patrick  picks former staffer to fill Kerry's Senate seat,"governor picks former chief of staff, legal counsel to fill open seat. republicans are the only possible candidates to oust white senators. the winning senator, who lost out to democrat rick perry, will likely run in the general election.",left,left
Massachusetts Gov. Deval Patrick  picks former staffer to fill Kerry's Senate seat,"Democratic state governor picks former chief of staff, legal counsel for open seat. other potential candidates in this race: alabama governor's daughter, sen. henry douglas. former sen. john mccain and rep. david petraeus could be contenders.",left,left
Massachusetts Gov. Deval Patrick  picks former staffer to fill Kerry's Senate seat,"new: democrats pick ex-chief of staff, former chief of staff, to fill open seat. a special election is scheduled for august 25. the winner of the democratic primary is a likely favorite to win.",left,right
Massachusetts Gov. Deval Patrick  picks former staffer to fill Kerry's Senate seat,"former chief of staff, also a legal counsel, to fill open seat to John Kerry. former sen. ron paul urged americans to support a democrat who can change the rules. the special election will take place in early june.",left,right
Massachusetts Gov. Deval Patrick  picks former staffer to fill Kerry's Senate seat,"a Democrat named a former chief of staff to fill the open seat of state senator. the decision was made by new gop governor, deval patrick. the two black senators, who will serve until the special election, could be a running mate for a special election. former sen. cornelius mccormack, d-new york, was the first to join the race.",left,right
Massachusetts Gov. Deval Patrick  picks former staffer to fill Kerry's Senate seat,"governor picks former chief of staff to fill sen. John Kerry’s open seat. former chief of staff will work with former president obama to improve his law. former senators colin brown and alan reagan are likely to replace sen. john mccain. adriana jones, an r-maryland, is running for mccain's open seat in the n.c. governor's office.",left,center
Massachusetts Gov. Deval Patrick  picks former staffer to fill Kerry's Senate seat,state governor picks ex-chief of staff to fill open seat of former secretary of state. he will work with former senators and his team in helping fill open seat until special election. but cowan joined Patrick administration in 2009 after he quit earlier this month.,left,center
Massachusetts Gov. Deval Patrick  picks former staffer to fill Kerry's Senate seat,former chief of staff picks former chief of staff for open seat until next election. senators will have to decide who they prefer. likely favorite if only two black senators serve at same time in the chamber.,left,center
Mary Cheney Criticizes Her Sister on Same-Sex Marriage,"Liz Cheney’s younger sister criticizes her sister on facebook on friday. later, she tells friends to share facebook post: ""she is dead wrong on the issue of marriage"" the controversy mirrors the broader disagreement among Republicans on same-sex marriage.",left,left
Mary Cheney Criticizes Her Sister on Same-Sex Marriage,younger sister of a fellow candidate says she doesn’t understand her sister’s position. a state senate candidate claims same-sex marriage is a constitutional issue. the family is in a state that is undergoing a referendum process.,right,left
Mary Cheney Criticizes Her Sister on Same-Sex Marriage,"Liz Cheney, younger sister of her husband, is gay, and wed last year. they argued that she is dead wrong on same-sex marriage. sister: ""I love my sister, but she is dead wrong on the issue of marriage""",left,left
Mary Cheney Criticizes Her Sister on Same-Sex Marriage,younger sister of current u.s. senator criticized her sister’s stance on same-sex marriage. her opinion was criticized and said she would let her Facebook post speak for itself. she posted on facebook in response to a push poll against her in the state.,left,right
Mary Cheney Criticizes Her Sister on Same-Sex Marriage,"older sister of former vice president, Liz Cheney, criticizes sister’s stance. ""i love my sister, but she is dead wrong on the issue of marriage,"" she wrote. ""i believe the issue of marriage must be decided by the states,"" said Cheney.",right,right
Mary Cheney Criticizes Her Sister on Same-Sex Marriage,"younger sister of sen. Liz Cheney urged others on facebook to share her opinion. ""for the record, i love my sister, but she is dead wrong on the issue of marriage,"" she wrote. ""the issue of marriage must be decided by the states,"" she wrote. the dispute mirrors the broader disagreement among Republicans on same-sex marriage.",right,right
Mary Cheney Criticizes Her Sister on Same-Sex Marriage,younger sister of cancer-stricken senator urges her facebook friends to approve her. she is gay and married longtime partner last year. her sister has said she does not believe same-sex marriage is on the ballot. her sister has been open about her beliefs since joining the u.s. Senate race.,center,center
Mary Cheney Criticizes Her Sister on Same-Sex Marriage,"sister of former governor says her sister, Liz, is 'dead wrong' on same-sex marriage. posts on facebook urging her friends to share her view on same-sex marriage. ""for the record, I love my sister, but she is dead wrong on the issue of marriage,"" she writes. sister rebukes sister for saying ""you can have a happy, healthy marriage""",left,center
Mary Cheney Criticizes Her Sister on Same-Sex Marriage,"a poll in november has said the poll would favor a democratic candidate. her sister has called for sharing the posts on facebook. the comment was criticized by her sister, who is gay and married last year.",left,center
"Lois Lerner, IRS Scandal Figure, Will Invoke Fifth Amendment At Oversight Hearing",the ogj has issued a subpoena to compel Lerner to appear at the hearing. Lerner is a key figure in the unfolding IRS scandal. she apologized for improper targeting of conservative groups at a bar association meeting.,center,left
"Lois Lerner, IRS Scandal Figure, Will Invoke Fifth Amendment At Oversight Hearing","miss california irs director to invoke Fifth amendment during testimony. ""as soon as her testimony is scheduled, we could begin a criminal investigation,"" cnn's kelly wallace reports. a new tax reform bill aims to get irs to clear its reporting loopholes, wallace says. irs chief says there will be a ""noo-no"" for taxpayers to file a lawsuit over targeting.",left,left
"Lois Lerner, IRS Scandal Figure, Will Invoke Fifth Amendment At Oversight Hearing",irs director will invoke the fifth amendment during testimony. house committee scheduled to hold hearing on thursday. lois Lerner's hearing would have been her first public appearance in public.,left,left
"Lois Lerner, IRS Scandal Figure, Will Invoke Fifth Amendment At Oversight Hearing","house committee would have been first public hearing since apology on IRS targeting. lenny taylor: ""as she becomes an attorney, the witness' choice is clear"" bill would require a tax expert to look at issues of improper targeting. taylor: ""there's a strong evidence that we're in the minority""",left,right
"Lois Lerner, IRS Scandal Figure, Will Invoke Fifth Amendment At Oversight Hearing","a committee on ethics and public policy is scheduled to hear testimony on tuesday. the hearing would have been Lerner's first public appearance since her apology. she will invoke the ""fifth amendment"" during her testimony, her lawyer says.",right,right
"Lois Lerner, IRS Scandal Figure, Will Invoke Fifth Amendment At Oversight Hearing","a subpoena has issued a subpoena for the house oversight and government reform committee. irs is investigating whether laws were broken at the IRS. irs director wants the committee to report on why she gave ""false or misleading information""",left,right
"Lois Lerner, IRS Scandal Figure, Will Invoke Fifth Amendment At Oversight Hearing","federal judge orders irs exempt organizations unit director to invoke the Fifth amendment. teddy kearns says irs probe into alleged IRS misuse of ""cookie cutter"" language will not be repeated. federal judge says she will be ""refusing"" to give more information on wrongdoing.",left,center
"Lois Lerner, IRS Scandal Figure, Will Invoke Fifth Amendment At Oversight Hearing","new: a judge says an appeal is ""very unlikely"" but will come after the committee. the congressional committee's hearing on wednesday is largely silent. sen. luther mccain says there is no evidence that the five-day hearing should have been held. a subpoena is issued to compel dr. luke sanders to compel the exempt organizations director to testify.",left,center
"Lois Lerner, IRS Scandal Figure, Will Invoke Fifth Amendment At Oversight Hearing",house republicans call for irs director to invoke the fifth amendment. the hearing would have been Lerner's first public appearance since her apology. she apologized for the IRS' inappropriate targeting of conservative groups in a bar debate.,left,center
I.R.S. Official Invokes 5th Amendment at Hearing,"lois Lerner denied ever providing false information to congressional investigators. she then invoked her Fifth Amendment right against self-incrimination. ""i have not done anything wrong. I have not broken any laws,"" she told congressional committees.",left,left
I.R.S. Official Invokes 5th Amendment at Hearing,"house inspector general's report found irs had targeted conservative groups for special scrutiny. the official, Lois Lerner, denied that she had ever provided false information. ""i have not done anything wrong....... i have not broken any laws,"" she says. a report found she was briefed on the issue as early as June 2011.",right,left
I.R.S. Official Invokes 5th Amendment at Hearing,lois Lerner told congressional committee that she has never provided false information. she invoked her Fifth Amendment right against self-incrimination. lawmakers said that she ought to stand here and answer our questions.,left,left
I.R.S. Official Invokes 5th Amendment at Hearing,jane velez-mitchell is the irs chief and a key congressional figure. she was accused of misselling congressional investigators over conservative groups. when she declined to testify she invoked her Fifth amendment right against self-incrimination.,left,right
I.R.S. Official Invokes 5th Amendment at Hearing,the official denied that she had ever provided false information to congress. she invoked her Fifth Amendment right against self-incrimination. sen. lamar mccain gave her testimony to house oversight committee in march.,left,right
I.R.S. Official Invokes 5th Amendment at Hearing,"sen. al sharpton says evidence on ethics charges is ""a violation of the truth"" irs execs were trying to pass up a plea for a review of irs’s program. but a congressional investigator says the agency has acted in self-defence. sharpton: the irs has been a ""crackpot"" for the clout of some republicans.",left,right
I.R.S. Official Invokes 5th Amendment at Hearing,"rep. darrell issa trying to persuade her to leave house to stand and answer questions. irs official: ""i have not done anything wrong. I have not broken any laws"" a white house attorney has sued irs over partisanship.",left,center
I.R.S. Official Invokes 5th Amendment at Hearing,"new: lrg's jesse liu, ronald reagan have been released, sources say. lrg will face challenges with a panel about the scandal. lrg refused to testify on behalf of her department of incomes.",left,center
I.R.S. Official Invokes 5th Amendment at Hearing,"unconfirmed statement by irs official says she has never misled Congress. jill bennett: ""you don’t get to tell your side of the story and then not be subject to cross-examination"" she invoked her Fifth Amendment right against self-incrimination, declined testimony. bennett: irs official has violated any I.R.S. rules and regulations.",left,center
"Obama Defends NSA Programs, Says Congress Knew About Surveillance","new: ""these are programs that have been authored by large bipartisan majorities repeatedly since 2006,"" he says. new: president portrayed the programs as essential to combating terrorist threats. ""they may identify potential leads with respect to folks who might engage in terrorism,"" he says.",left,left
"Obama Defends NSA Programs, Says Congress Knew About Surveillance",president Barack Obama on friday defended revelations. he said that every member of congress has been informed. he said he portrayed the programs as a trade-off between security and civil liberties.,left,left
"Obama Defends NSA Programs, Says Congress Knew About Surveillance",president defends the spying programs during a speech in his hometown. he also portrayed them as essential to combating terrorist threats. he spoke while defending himself.,left,left
"Obama Defends NSA Programs, Says Congress Knew About Surveillance","""i think it's a sign of maturity,"" he says. president defends ""secret"" spying programs. he says the programs may identify potential leads with respect to people.",left,right
"Obama Defends NSA Programs, Says Congress Knew About Surveillance","""we're going to have to make some choices as a society,"" he says. he defends the programs in an interview with cnn. ""the programs are secret in the sense that they are classified"" ""they may identify potential leads with respect to folks who might engage in terrorism,"" Obama says.",left,right
"Obama Defends NSA Programs, Says Congress Knew About Surveillance","""I think it's healthy for our democracy,"" president says of government's spy programs. Obama says congressional committees have been informed. he portrayed programs as a trade-off between security and civil liberties.",right,right
"Obama Defends NSA Programs, Says Congress Knew About Surveillance","""they may identify potential leads with respect to folks who might engage in terrorism,"" he said. he said he ""welcomes this debate and I think it's healthy for our democracy"" Obama also expressed his displeasure that the programs' existence was leaked to the press.",right,center
"Obama Defends NSA Programs, Says Congress Knew About Surveillance",president has voiced his displeasure over leaks of the spying programs. he describes programs as a trade-off between security and civil liberties. he says his opponent may have gotten wrongly spelled out.,left,center
"Obama Defends NSA Programs, Says Congress Knew About Surveillance","president claims congress has been fully briefed on spying programs. he says the programs may identify ""potential leads with respect to folks who might engage in terrorism"" he says that if a government ""deplored"" spying, it would be ok to share personal data.",left,center
Obama administration defends 2nd mass surveillance project,"NSA has two secret surveillance programs. the Guardian and Washington Post reports on how the NSA was collecting phone records from millions. and the Washington Post details an additional program that scours top internet companies for audio, video and other data. NSA director James Clapper calls the leak of the information ""reprehensible""",left,left
Obama administration defends 2nd mass surveillance project,Guardian report: a program tapped into top u.s. Internet companies to pull communications data. a third report: a program that mines digital music from Google,left,left
Obama administration defends 2nd mass surveillance project,Guardian and Washington Post,left,left
Obama administration defends 2nd mass surveillance project,Guardian,left,right
Obama administration defends 2nd mass surveillance project,"NSA collects communications data from top U.S. Internet companies to pull audio, video and other data.",right,right
Obama administration defends 2nd mass surveillance project,Guardian article and Washington Post report,left,right
Obama administration defends 2nd mass surveillance project,Guardian report and Washington Post report,left,center
Obama administration defends 2nd mass surveillance project,Guardian,left,center
Obama administration defends 2nd mass surveillance project,Guardian and Washington Post,left,center
"Republicans challenge Clinton claims on budget cuts, Benghazi cable","congressional hearings on security budget come as government files congressional report. sen. john mccain challenges state department's claim on ""budget cuts"" former secretary of state hillary clinton denounced ""brutal attacks"" on ""email. ""brutal attacks"" are largely a civilian matter, but ""it can't be ignored,"" mccain says.",left,left
"Republicans challenge Clinton claims on budget cuts, Benghazi cable","congressional testimony at a special session is being followed by one from the september. senate confirmation hearing for rep. martin luther king, r-new jersey, begins thursday. it may be a step too far to stop a ""terroristic attack on israel,"" democratic senator says.",left,left
"Republicans challenge Clinton claims on budget cuts, Benghazi cable",republicans challenge comments made during the testimony about the iraq crisis. their opponents claim the budget is not sufficient to provide security-related programs. the u.s. government has cut more than $3.5 billion in aid since the incident.,left,left
"Republicans challenge Clinton claims on budget cuts, Benghazi cable",republicans question accusations by secretary of state about lack of funding. one issue may come up. budget numbers indicate that security budget has ballooned over the past decade.,left,right
"Republicans challenge Clinton claims on budget cuts, Benghazi cable",senate committee begins hearing for nominee for new secretary of state. congressional testimony in the fall on Libya shows military budget is ballooning. other questioners question cost of drones fired to Libya from u.s.,left,right
"Republicans challenge Clinton claims on budget cuts, Benghazi cable","the total diplomatic security budget has more than doubled since fiscal 2004. despite congressional cuts, the overall security budget is still still higher than it was a decade ago. republicans have challenged the assertion that taxpayer dollars are being spent on unnecessary security. senate foreign relations committee will consider resigning from post amid possible conflict with u.s.",left,right
"Republicans challenge Clinton claims on budget cuts, Benghazi cable",benghazi cable Republicans say budget cuts are bogus. congressional aides and congressional republicans questioned the claims. they said budget cuts did not adequately fund the administration's request. other calls for more spending on diplomatic security may come up.,left,center
"Republicans challenge Clinton claims on budget cuts, Benghazi cable","democratic lawmakers challenge claims on budget cuts, says funding issues are bogus. some 'hush money' complaints are bogus, argues dsa aide. one senate committee hearing begins for senator tapped to replace clinton. budget numbers show state department posts have ballooned over past decade.",left,center
"Republicans challenge Clinton claims on budget cuts, Benghazi cable","budget numbers show diplomatic security budget has ballooned over past decade. budget numbers showed the total security budget has more than doubled since 2004. despite a lack of money, the government can fund its services in a largely democratic way. congressional testimony on benghazi has been one of the most polarizing of the week.",left,center
Benghazi emails underscore State Department’s concern over failure to act on warnings,"new: state department says it didn't ""beat up"" on warnings, incidents. in august 2012 cable, CIA warned of jihadists, AQ training camps. the cable, first reviewed by fox news, was classified; today's issue is terrorism. a new state department memo outlines steps in the wake of the attacks.",left,left
Benghazi emails underscore State Department’s concern over failure to act on warnings,"resurgent controversy over Obama's story-line on the Benghazi attack underscores State Department concerns. documents indicate a steady stream of documented warnings to the west. one warning included the 17 February Brigade, the group charged with protecting the consulate.",right,left
Benghazi emails underscore State Department’s concern over failure to act on warnings,the cia warned about the presence of islamist militias within Benghazi. the cable says the 17 February Brigade was compromised and needs to be strengthened. a similar cable says the american military does not have the security forces to protect the consulate. a congressional hearing into the operation to stop al qaeda in iraq was delayed.,left,left
Benghazi emails underscore State Department’s concern over failure to act on warnings,the president's initial story-line on the attack underscores State department concerns. the resurgent controversy underscores a lack of action by the u.s. government. documents from state department cables are clear.,left,right
Benghazi emails underscore State Department’s concern over failure to act on warnings,"a state department classified cable says ten groups were in Benghazi. a cable warns the cia there was a 'large enough number of groups' to protect the consulate. documents show that an envoy warned about the use of guerrillas. a cable also says a host nation is ""not enough"" for protection.",left,right
Benghazi emails underscore State Department’s concern over failure to act on warnings,"president said the country now knows that ""clearly"" staff in Benghazi were not adequately protected. review of state department records shows a steady stream of documented warnings to Washington. another shows a steady stream of a ""proactive"" response to a congressional report.",left,right
Benghazi emails underscore State Department’s concern over failure to act on warnings,"a state department classified cable warned of a ""severe and growing threat"" in libya. it also warned that ""ten Islamist militias and AQ training camps"" were there. the cable also said ""requests to provide a daily police presence have gone unanswered"" in africa.",left,center
Benghazi emails underscore State Department’s concern over failure to act on warnings,state department officials have been trying to strip out reference to previous attacks. the cia warned of possible terrorist activity and failed to adequately protect troops. a cable sent in august 2012 warned that the CIA advised the CIA on terrorism. the 17 February Brigade was also compromised by terrorists.,left,center
Benghazi emails underscore State Department’s concern over failure to act on warnings,a series of harrowing intelligence stories by the president underscore concerns about the Obama administration. the first revelation was in a cable that outlined a meeting of the CIA on the terrorist threat. it called on the cia to act on its findings that the threat was severe and growing. the second revelation came in a classified cable that wasn't made public.,left,center
White House Releases Benghazi Emails,white house releases email about the development of talking points about attack. no evidence suggests the talking points were changed to influence the 2012 election. some critics say the changes reflect a campaign to protect the president's reputation.,center,left
White House Releases Benghazi Emails,"there is no evidence that talking points were edited for election, officials say. the white house released the emails by the cia as they are leaked. the emails relate to the attack on the uss embassy in benghazi, 2012. the u.s. has been dealing with an asymmetric economic environment since the attacks.",left,left
White House Releases Benghazi Emails,"washington released emails detailing intelligence leaking on sept. 11, 2012 attack. state department spokeswoman asked CIA to remove line, but cia did not. officials: amendment did not affect campaign pledge to boycott the u.s. election.",left,left
White House Releases Benghazi Emails,"the white house releases more emails regarding talks on the sept. 11, 2012 attacks in libya. nothing in the emails supports theories that the talking points changed to influence the 2012 election. the 100 pages of emails show that a number of government agencies drove many of the changes.",left,right
White House Releases Benghazi Emails,"officials say the CIA wanted to remove warnings about attacks on foreign interests. nothing in emails supports theories that talking points changed to influence 2012 election. a number of government agencies, not just the state department, drove many changes.",center,right
White House Releases Benghazi Emails,a white house email shows that a number of government agencies changed talking points. nothing in emails supports theories that the talking points were changed to influence the 2012 election. this is an unprecedented effort by a u.s. administration to change talking points.,left,right
White House Releases Benghazi Emails,"new: republican lawmakers argue that a massive political ""cover-up"" may have led to the attacks. u.s. officials say they believe a tense 2012 election campaign resulted from the talks points. the state department's ""review"" of the talking points shows ""a number of government agencies"" those involved are at fault in the white house's handling of st. john thomas's case.",left,center
White House Releases Benghazi Emails,"daniel webster: emails show a number of government agencies altered talking points. webster: nobody is advocating changes to tell us more about what happened in Libya. critics say the changes show a federal government trying to protect its image. webster: in some cases, the white house could get the message about al qaeda.",left,center
White House Releases Benghazi Emails,"nothing in emails supports theories that talking points were altered to influence 2012 election. a number of government agencies, not just State Department, drove many changes. republicans say obama will appeal to ""senior administration"" and not the general public.",right,center
Jackson pleads guilty over illegal campaign spending spree,"former rep. jake Jackson pleads guilty to federal tax counts. ex-rep. said he ""lost everybody down"" with his decisions. wife also pleads guilty to filing false income tax return, under-estimating income. former congressman says he fully accepts responsibility for his mistakes.",center,left
Jackson pleads guilty over illegal campaign spending spree,jake and Sandra gove plead guilty to filing false income tax returns. former rep. jake and Sandra also plead guilty. john avlon's wife and ex-wife will be sentenced in court on wednesday. an attorney for Sandra says she has signed a plea agreement with federal prosecutors.,left,left
Jackson pleads guilty over illegal campaign spending spree,"john w. bush and robert p. bush accused of being hypocritical. cnn saran mccain says jason mccain is guilty but not guilty. he says he used campaign money to buy things, but his wife did not. mccain: he admitted mistakes in election campaign.",left,left
Jackson pleads guilty over illegal campaign spending spree,"former u.s. rep. jesse j. Jackson faces up to five years in prison, but guidelines recommend less. his wife, Sandra, pleads guilty to tax fraud, filing false income tax returns. the charges against the ex-congressman carry a maximum statutory penalty of up to five years.",left,right
Jackson pleads guilty over illegal campaign spending spree,"jesse and Sandra Jackson pleaded guilty on a federal income tax charge. they plead guilty to money spent for campaign items, campaign items. he faces up to five years in prison, but guidelines recommend slightly less.",left,right
Jackson pleads guilty over illegal campaign spending spree,"former congressman admitted he spent $500,000 on campaign items. wife, Sandra, pleaded guilty to filing false income tax returns. ""not a proud day,"" he said after the hearing. ""i'm sorry I let everybody down,"" he said.",center,right
Jackson pleads guilty over illegal campaign spending spree,"ex-Rep. jason jason was charged with stealing federal income taxes. his wife, Sandra, pleaded guilty to the federal tax charge. she pleaded guilty to filing false income tax returns, which understated earnings. ""Not a proud day,"" jason says.",left,center
Jackson pleads guilty over illegal campaign spending spree,"former congressman's wife pleads guilty to tax fraud. michelle obama says jay z obama made ""disappointing choices"" for her husband. ex-congressman says he understands consequences of his actions. he says he ""let everybody down""",left,center
Jackson pleads guilty over illegal campaign spending spree,"judge sets sentencing date for the man sentenced to five years, but guidelines recommend slightly less. the ex-congressman faces up to five years in prison, but guidelines recommend slightly less. his wife, Sandra, pleads guilty to filing false income tax returns that knowingly understated income. one of their lawyers says her plea deal does not contemplate a three-year sentence.",right,center
Jesse Jackson Jr. Pleads Guilty in Campaign Money Case,"former democrat jesse l. Jackson, 47, pleaded guilty to campaign fraud. he used $750,000 in campaign money to pay for living expenses, buy goods. the $30,000 purchase included stuffed animals, elk heads and fur capes.",left,left
Jesse Jackson Jr. Pleads Guilty in Campaign Money Case,"ex-ilio legislator pleaded guilty to fraud related to money used to fund living expenses. david w. fazio: the former dnc candidate used the money for stuffed animals and fur capes. he says that the money was not used for personal purposes, but is now a'shocking and dangerous figure' fazio: if a politician abused his position, people might have benefited.",left,left
Jesse Jackson Jr. Pleads Guilty in Campaign Money Case,"former state reelection campaigner pleads guilty to felony fraud. he used campaign money to pay for living expenses, buy items like stuffed animals. lincoln hewson's campaign also funded two reelection campaigns. lincoln: ""i used money I shouldn’t have used for personal purposes""",left,left
Jesse Jackson Jr. Pleads Guilty in Campaign Money Case,"former republican, democrat and state house majority leader, pleads guilty. critics argue he was campaigning illegally and using campaign money for personal reasons. robert walsh: his campaign money was spent on his living expenses and purchases. he says he has had no consciences about the offer and was only doing things to help out.",left,right
Jesse Jackson Jr. Pleads Guilty in Campaign Money Case,"michael jackson: former democrat's campaign money was used to pay for living expenses. he says the money was used to buy items like stuffed animals, elk heads and fur capes. jackson: ""for years I lived off my campaign""; said he misled the american people. jackson: he will spend 57 months in prison, or 46 to 57 months.",left,right
Jesse Jackson Jr. Pleads Guilty in Campaign Money Case,"newt gingrich: former representative said he used campaign money as a cash back. he says he bought stuffed animals, elk heads and fur capes and lived off his campaign. gingrich: ""it was a lie,"" he says, telling government he wasn't making money from campaign. he says he made no money out of campaign contributions, but now runs as a democrat.",left,right
Jesse Jackson Jr. Pleads Guilty in Campaign Money Case,"former democratic representative pleaded guilty to fraud charge. michael horn: he used $750,000 to pay for living expenses and buy items like stuffed animals. he says he had no knowledge of offer from friend to pay for Senate seat. horn: he can get sentence of 46 to 57 months, should get 46 to 57 months.",left,center
Jesse Jackson Jr. Pleads Guilty in Campaign Money Case,"former u.s. rep. was convicted in 2008 for money spent on a campaign. he used the money to pay for living expenses and buy stuffed animals, elk heads and fur capes. daniel p. gupta: ""in the election of 2007 I was a big frauder"" he is scheduled to be sentenced on may 28.",left,center
Jesse Jackson Jr. Pleads Guilty in Campaign Money Case,"michael thomas jordan: ex-ilinois rep. jesse l. Jackson admitted to campaign fraud. he says he spent $750k to pay for living expenses, buy stuffed animals, elk heads, fur capes. jordan: judge recommended he receive a sentence of 46 to 57 months in prison. jordan: u.s. campaign should not have used campaign money for personal purposes.",left,center
IRS extends tax benefits to married gay couples,"legal same-sex couples will be allowed to file jointly, IRS and Treasury department announce. the ruling allows homosexual couples to receive the same tax benefits heterosexual couples do when filing jointly. announcement follows a historic decision by the U.s. supreme court.",right,left
IRS extends tax benefits to married gay couples,"tax ruling allows homosexual couples to get same tax benefits as heterosexual couples do. ruling follows a historic decision by the U.S. Supreme Court. rules will affect all legally married gay couples regardless of where they live. rules, though, would not apply to domestic partnerships and civil unions.",center,left
IRS extends tax benefits to married gay couples,"last year's ruling gave legal same-sex couples the right to file joint tax returns. the rules would affect all legally married gay couples regardless of where they live. a number of legal experts objected, but others supported the idea.",right,left
IRS extends tax benefits to married gay couples,"federal tax law provides access to benefits that heterosexual couples do when filing jointly. ""the Obama administration is intent on forcing same-sex'marriage on an unwilling public,"" a marriage expert says. the ruling was on the heels of a historic decision by the U.s. supreme court.",right,right
IRS extends tax benefits to married gay couples,"ruling allows homosexual couples to get same tax benefits that heterosexual couples do when filing jointly. a part of the defense of marriage act was overturned by the u.s. supreme court. the rules, though, would not apply to domestic partnerships or civil unions.",right,right
IRS extends tax benefits to married gay couples,"legally married same-sex couples will be allowed to file federal joint tax returns. it allows homosexual couples to receive the same tax benefits that heterosexual couples do when filing jointly. the decision comes on the heels of a historic decision by the high court, which overturned a part of the defense of marriage act.",center,right
IRS extends tax benefits to married gay couples,federal ruling allows homosexual couples to receive same tax benefits heterosexual couples do. same-sex couples will get the same tax benefits heterosexual couples receive when filing jointly. comes on heels of the historic decision by the u.s. supreme court. questions were raised following the high court's decision on how the federal government would treat same-sex couples.,center,center
IRS extends tax benefits to married gay couples,tax law allows same-sex couples to receive same tax benefits that heterosexual couples do when filing jointly. move comes on heels of historic decision by the high court. rules affect all legally married same-sex couples regardless of where they live.,center,center
IRS extends tax benefits to married gay couples,government says same-sex couples can get same tax benefits as heterosexual couples. ruling on heels of historic decision by U.S. supreme court. rules apply to all legally married gay couples regardless of where they live.,right,center
Obama Poised to Back Comprehensive Plan to Curb Gun Violence,"president could use public event to signal his intent to engage in a biggest Congressional fight over guns in nearly two decades. white house aides believe Mr. Obama can also ratchet up enforcement of existing laws. if he seeks to regulate guns with executive orders, gun owners risk being attacked.",left,left
Obama Poised to Back Comprehensive Plan to Curb Gun Violence,congresswoman sarah palin: gun control bill must be brought into legislative process. president will pledge to act on his own to reduce gun violence. he would also use executive orders to limit guns imported from overseas. sen. john mccain's office says there is no evidence gun owners will seek executive orders.,left,left
Obama Poised to Back Comprehensive Plan to Curb Gun Violence,president could use a public event to signal his intention to engage in biggest Congressional fight over guns in nearly two decades. action the president could take on his own are likely to include imposing new limits on guns imported from overseas. lawmakers may also be using executive orders to enforce health care reforms such as eliminating the ban on assault weapons.,center,left
Obama Poised to Back Comprehensive Plan to Curb Gun Violence,president will embrace plan to reduce gun violence. legislation called for expanded background checks for gun purchases. he will also lay out 19 separate actions the president could take. gun owners are fearing he will abuse their power.,left,right
Obama Poised to Back Comprehensive Plan to Curb Gun Violence,president could use a public event as soon as Wednesday to signal his intention to engage in the biggest Congressional fight over guns in nearly two decades. action would include imposing new limits on guns imported from overseas. other actions would include forcing federal agencies to improve sharing of mental health records.,left,right
Obama Poised to Back Comprehensive Plan to Curb Gun Violence,"president could use public event to signal his intention to engage in biggest Congressional fight over guns in nearly 20 years. lawmakers and other officials say the president will also promise to act on his own to reduce gun violence wherever possible. action could include imposing new limits on guns imported from overseas, charging federal agencies to improve sharing of mental health records.",right,right
Obama Poised to Back Comprehensive Plan to Curb Gun Violence,president will embrace comprehensive plan to reduce gun violence this week. legislation to expand background checks for gun purchases will also be included. action could include imposing new limits on guns imported from overseas.,left,center
Obama Poised to Back Comprehensive Plan to Curb Gun Violence,president will embrace a comprehensive plan to reduce gun violence this week. plans includes major legislation to expand background checks for gun purchases. but he also will promise to act on his own to reduce gun violence wherever possible.,right,center
Obama Poised to Back Comprehensive Plan to Curb Gun Violence,"president could use public event to signal his intention to engage in Congressional fight. ""my starting point is not to worry about the politics,"" he said at press conference in july. but, due to a bitterly divided congress, he would also promise to act on his own.",right,center
"Federal prosecutors plan to file charges against Rep. Grimm, attorney says","attorney for rep. Michael Grimm confirms federal prosecutors intend to file criminal charges. lawyer describes government investigation as ""politically driven vendetta"" he has denied any wrongdoing and denies knowing of any improprieties. house ethics committee announced in November that Grimm was under investigation for possible campaign finance violations.",left,left
"Federal prosecutors plan to file charges against Rep. Grimm, attorney says","new: grimm says he has ""no wrongdoing"" and ""will be vindicated"" federal prosecutors plan to file criminal charges against rep. Michael Grimm. the new york republican faced a reporter on a balcony. he's acknowledged receiving $250,000 to $300,000 in contributions from followers of an israeli rabbi.",left,left
"Federal prosecutors plan to file charges against Rep. Grimm, attorney says","lawmaker's attorney says federal prosecutors will file charges against him. house ethics committee defers its investigation into possible campaign finance violations. former rabbi claims to have paid more than $300,000 to followers of rabbi.",center,left
"Federal prosecutors plan to file charges against Rep. Grimm, attorney says","prosecutors will file criminal charges against congressman. he is ""asserts his innocence of any wrongdoing"" the lawmaker's attorney confirmed the action.",left,right
"Federal prosecutors plan to file charges against Rep. Grimm, attorney says",attorney for the u.s. rep. Michael Grimm says a prosecutor will file criminal charges. Grimm is under investigation for possible campaign finance violations. his campaign has admitted receiving donations from followers of an Israeli rabbi.,center,right
"Federal prosecutors plan to file charges against Rep. Grimm, attorney says","federal prosecutors plan to file criminal charges against rep. Michael Grimm. prosecutors say the move follows an investigation into Grimm's campaign and business. ""we are disappointed by the government's decision, but hardly surprised,"" he says.",center,right
"Federal prosecutors plan to file charges against Rep. Grimm, attorney says","attorney William McGinley says he'll file charges against Grimm. ""we are disappointed by the government's decision,"" says lawyer. federal authorities plan to file criminal charges against the congressman. the decision follows an investigation into the congressman's business and campaign history.",right,center
"Federal prosecutors plan to file charges against Rep. Grimm, attorney says","federal prosecutors plan to file criminal charges against lawmaker. lawyer says Grimm is ""asserts his innocence of any wrongdoing"" and ""will be vindicated"" house ethics committee is deferring inquiry because of a separate probe.",left,center
"Federal prosecutors plan to file charges against Rep. Grimm, attorney says",federal prosecutors plan to file criminal charges against rep. michael gershman. the decision follows a two-year FBI investigation into various aspects of his business and campaign. the house ethics committee has said it will defer its inquiry because of a separate department of justice investigation.,left,center
Top House Republican Hints At Immigration Principles,"h.r., hr. ca., senate majority whip ""would support allowing undocumented immigrants to stay"" but he stops short of calling for a path to citizenship; the path won't be amnesty. this could be a hint at what the House GOP will release its own principles for immigration reform. obama campaign: ""he must rethink his strategy in a timely manner""",left,left
Top House Republican Hints At Immigration Principles,many immigration activists target McCarthy to gain political advantage. his district is 35 percent Latino. a small percentage of his constituents are from colorado.,left,left
Top House Republican Hints At Immigration Principles,"house majority whip, a longtime target of immigration activists, says he supports staying in the country. he stopped short of calling for a path to citizenship. the remarks could be a hint at what's to come in the house GOP's reform plan.",right,left
Top House Republican Hints At Immigration Principles,"former congressman says he supports the idea of allowing immigrants to stay in the country. but the measure is not intended to require them to be granted legal status. despite his openness to legal status, the legislation says he'll consider that. house republicans will soon release its own principles on immigration reform.",center,right
Top House Republican Hints At Immigration Principles,the speaker supports allowing undocumented immigrants to stay in the U.s. but he stops short of calling for a path to citizenship. some have aimed against McCarthy. his district is 35 percent Latino.,left,right
Top House Republican Hints At Immigration Principles,"house majority whip Kevin McCarthy says he's prepared to support allowing undocumented immigrants to stay. he says there won't be an amnesty for immigrants who don't have legal status. however, he didn't provide a path to citizenship.",right,right
Top House Republican Hints At Immigration Principles,"minority whip Kevin McCarthy: ""there won't be amnesty inside it"" he says he supports legal status but doesn't call for path to citizenship. his district is 35 percent Latino.",left,center
Top House Republican Hints At Immigration Principles,house majority whip Kevin McCarthy has been targeted by immigration activists. he said he would support allowing undocumented immigrants to stay in the country. but he did not call for a path to citizenship.,right,center
Top House Republican Hints At Immigration Principles,rep. Kevin McCarthy won't call for path to citizenship. most will be reluctant to support legal status if it means you can stay. he previously said he support legal status. republicans urged him to work harder to help educate voters.,left,center
"G.O.P. Aide Quits After Ridiculing Obama’s Daughters, Sasha and Malia","aide resigns after Facebook post criticizing daughters for their dress for annual pardon. elizabeth lauten criticized daughters for their attitude and outfits. ""you want to pet him?"" their father asked them. she wrote: ""what should you do?"" she asked and was praised.",left,left
"G.O.P. Aide Quits After Ridiculing Obama’s Daughters, Sasha and Malia",president obama daughters wore cheerless attire during annual turkey pardon. aide wrote open letter to daughters saying they should show a little class. she now works for the house republican party for a little-known congressman.,left,left
"G.O.P. Aide Quits After Ridiculing Obama’s Daughters, Sasha and Malia","aide resigns after facebook post on president’s daughters berates them. the public took a u.s. flag, a joke by a former rnc aide. a year later, aide martin lincoln says she had a chance to stay on his side.",center,left
"G.O.P. Aide Quits After Ridiculing Obama’s Daughters, Sasha and Malia","aide to President Obama writes open letter to daughters berating them for obama pardons. Elizabeth Lauten is former rnc spokeswoman, now a gfc spokeswoman. she was criticized for her slurping the president and his daughters during pardon.",right,right
"G.O.P. Aide Quits After Ridiculing Obama’s Daughters, Sasha and Malia",aide writes open letter to daughters berating their attitude during turkey pardon. aide says eric schmidt has been a bully for his behavior during pardon. facebook user sends tweet at young aide and sends emails on to them.,left,right
"G.O.P. Aide Quits After Ridiculing Obama’s Daughters, Sasha and Malia","aide quits after facebook post called daughters ""loving dogs"" after pardon. her post posted anonymously to berate daughters who attended white house turkey pardon. the aide, Elizabeth Lauten, 31, has more than 14,000 followers on twitter as @DCGopGirl.",right,right
"G.O.P. Aide Quits After Ridiculing Obama’s Daughters, Sasha and Malia","aide quits after social media posts berating president Obama's daughters. aide wrote open letter calling them to ""try showing a little class"" to get respect. former rnc spokeswoman now serves as communications director to congressional leader.",right,center
"G.O.P. Aide Quits After Ridiculing Obama’s Daughters, Sasha and Malia","in a facebook post, an aide berating president Obama's daughters for their attitude during a turkey pardon became a viral sensation. aide said the daughters should “try showing a little class” and “dress like you deserve respect"" it is the latest cautionary tale about the dangers of social media sniping directed at president Obama’s daughters.",left,center
"G.O.P. Aide Quits After Ridiculing Obama’s Daughters, Sasha and Malia","aide quit after posting open letter berating daughters for their attitude. aide was working for little-known congressional candidate, a little-known gospel singer. ireport.com: share your thoughts on. political action: share your stories.",left,center
Aide to GOP lawmaker apologizes for Facebook post ripping Obama daughters,"president barack obama pardoned two turkeys for the first lady and 16-year-old girl. communications exec upset first daughters, who were accompanied to turkey pardon ceremony. first daughter ""didn't respect their positions very much,"" communications pro says.",left,left
Aide to GOP lawmaker apologizes for Facebook post ripping Obama daughters,"republican communications chief apologizes for critical post criticizing first daughters. Elizabeth Lauten wrote outfits were more appropriate for a ""spot at the bar"" the girls accompanied their daughter to president's pardon of two turkeys. the administration is reviewing the response to the post.",left,left
Aide to GOP lawmaker apologizes for Facebook post ripping Obama daughters,"Elizabeth Lauten apologizes for a post critical of first daughters during her Thanksgiving speech. she wrote that the first girls should ""try showing a little class""",left,left
Aide to GOP lawmaker apologizes for Facebook post ripping Obama daughters,"the first daughters attended president barack obama's turkey pardon this week. the first lady and her mother aren't ""good role models,"" according to Elizabeth Lauten. Lauten later apologized for her original post and for making a post linked to her.",left,right
Aide to GOP lawmaker apologizes for Facebook post ripping Obama daughters,"""i'm guessing you’re coming up a little short in the 'good role model' department,"" the communications pro wrote. she wrote that 16- and 13-year-old girls should ""try showing a little class"" in her apology. Lauten apologized for her initial post.",right,right
Aide to GOP lawmaker apologizes for Facebook post ripping Obama daughters,"a group of republicans voted to remove a facebook post criticizing the first girls. Elizabeth Lauten wrote that the first daughters should ""try showing a little class"" if the president, first lady or family are criticized, the communications professional said.",center,right
Aide to GOP lawmaker apologizes for Facebook post ripping Obama daughters,"first daughters' clothing should ""try showing a little class,"" communications director says. post critical of first daughters in december's president's Thanksgiving address. ""i'm guessing you’re coming up a little short in the 'good role model' department,"" retweeted Lauten. speaker john boehner said first daughters are ""not ready for a big meal""",left,center
Aide to GOP lawmaker apologizes for Facebook post ripping Obama daughters,"republican communications director made comments after president's turkey pardon. she suggested dressing up for ""a spot at the bar"" was better than tv appearance. republicans have since taken slams at cnn and msnbc. the first daughters accompanied the president at turkey pardon ceremony.",right,center
Aide to GOP lawmaker apologizes for Facebook post ripping Obama daughters,communications director for a republican member of congress had to apologize. she criticized first daughters during their mother's Thanksgiving speech. a post critical of sasha and malia Obama was later deleted.,left,center
Colorado's top cop defends pot law after challenges from neighboring states ,"Nebraska, Oklahoma ask the court to declare the measure unconstitutional. lawsuit says marijuana flows into neighboring states undermining efforts to enforce laws. state says marijuana has strained its finances and legal systems.",center,left
Colorado's top cop defends pot law after challenges from neighboring states ,"Nebraska and Oklahoma ask the court to declare the measure unconstitutional. lawsuit says cannabis flows into neighboring states undermining their efforts. ""the lawsuit is without merit,"" Colorado attorney general says.",center,left
Colorado's top cop defends pot law after challenges from neighboring states ,"a lawsuit against california and texas seeks court order to stop Colorado from enforcing an anti-marijuana law. the two states sued to prevent the measure, allowing recreational pot, from coming into their states. ""it appears the plaintiffs' primary grievance stems from non-enforcement of federal laws regarding pot,"" the governor says.",left,left
Colorado's top cop defends pot law after challenges from neighboring states ,"Nebraska and Oklahoma filed a lawsuit to stop Colorado from enforcing their anti-marijuana laws. the lawsuit says marijuana flows into neighboring states undermining efforts. police are spending more time and money making arrests, housing inmates.",right,right
Colorado's top cop defends pot law after challenges from neighboring states ,a lawsuit seeks a court order to stop illegal drug sales into neighboring states. plaintiffs say it undermines efforts to enforce anti-marijuana laws. attorney general of Nebraska says suit is without merit. a republican mp says the justice department can't be the strongest advocate for marijuana rights.,left,right
Colorado's top cop defends pot law after challenges from neighboring states ,"Nebraska and Oklahoma want to stop Colorado from enforcing anti-marijuana law. lawsuit says pot flows into neighboring states undermining efforts to enforce laws. judge says state is ""compelling state police to look into any potential infringements""",left,right
Colorado's top cop defends pot law after challenges from neighboring states ,"Nebraska, Oklahoma want U.S. supremacy court to rule Colorado's amendment 64 unconstitutional. but the state's top cop promises to vigorously defend the state's historic law legalizing pot. judge cites ""results from inaction,"" arguing it's too late to enforce a law in this case. ""nebraska... needs to appoint someone to act now to get people in the market,"" says a spokeswoman.",right,center
Colorado's top cop defends pot law after challenges from neighboring states ,"two neighboring states filed lawsuit to block illegal Colorado pot legalization. lawsuit says marijuana flows into neighboring states undermining efforts to enforce law. ""we are not entirely surprised by this action,"" the lawsuit said.",right,center
Colorado's top cop defends pot law after challenges from neighboring states ,"Nebraska and Oklahoma sued over legalization of marijuana. suit: state law ran afoul of federal law and violates supremacy clause. the suit says marijuana flows into neighboring states undermining efforts. police are spending more time making arrests and house inmates, it says.",center,center
"Eric Cantor Defeated by David Brat, Tea Party Challenger, in G.O.P. Primary Upset","cantor's defeat has potential to change debate on immigration and midterm elections. ""the american people want to pay attention to serious ideas again,"" professor says. ""there's been a tremendous change in politics in the last eight years,"" economist says.",right,left
"Eric Cantor Defeated by David Brat, Tea Party Challenger, in G.O.P. Primary Upset","cantor was defeated by a tea party-backed economics professor, which criticizes him on immigration. the defeat has the potential to change the debate on immigration and possibly the midterm elections.",left,left
"Eric Cantor Defeated by David Brat, Tea Party Challenger, in G.O.P. Primary Upset","cantor's defeat could have implications for any chance of an immigration overhaul. ""american people want to pay attention to serious ideas again,"" professor says. defeat is one of the most stunning upsets in congressional history. he defeated a professor who criticized him for being insufficiently conservative.",right,left
"Eric Cantor Defeated by David Brat, Tea Party Challenger, in G.O.P. Primary Upset","tea party-backed economics professor toppled cantor as he was considered top candidate. with just over $200,000, he thwarted democrats' claims that he was too conservative. he will face a democratic democrat this fall in the heavily republican district.",right,right
"Eric Cantor Defeated by David Brat, Tea Party Challenger, in G.O.P. Primary Upset","cantor's re-election defeat could have major implications for the midterm elections. conservative backed economics professor hammered him for being insufficiently conservative. with just over $200,000, cantor cries for amnesty; critics equate it to a compromise.",right,right
"Eric Cantor Defeated by David Brat, Tea Party Challenger, in G.O.P. Primary Upset","cantor was defeated by professor who criticized him for being insufficiently conservative. with just over $200,000, the economics professor toppled the house majority leader. his defeat could have major implications for any chance of an immigration overhaul.",right,right
"Eric Cantor Defeated by David Brat, Tea Party Challenger, in G.O.P. Primary Upset","tea party-backed economics professor hammered house majority leader with $200,000. win could have major implications for chance for immigration overhaul. it could also change debate in washington about immigration and midterm elections.",right,center
"Eric Cantor Defeated by David Brat, Tea Party Challenger, in G.O.P. Primary Upset","house majority leader, Eric Cantor, is soundly defeated in a primary. william doss is the only conservative rebuked by the tea party in the 2016 election. conservative candidate david brat claims he backed the eca's amnesty program. he said voters want to ""pay attention to serious ideas again""",left,center
"Eric Cantor Defeated by David Brat, Tea Party Challenger, in G.O.P. Primary Upset",cantor defeated on Tuesday by conservative economics professor. he vowed to win in october after criticizing him for being insufficiently conservative. defeat has potential to change debate on immigration and midterm elections.,right,center
U.S. Attorney Subpoenas Christie’s Campaign and New Jersey G.O.P.,federal prosecutors have issued subpoenas to gov. chris christie's campaign. they say aides to christie shut down access lanes to the bridge as political retribution. the fbi and other agencies have also undertaken an unrelated investigation.,left,left
U.S. Attorney Subpoenas Christie’s Campaign and New Jersey G.O.P.,"federal prosecutors issue subpoenas to state governor and his re-election campaign. documents sought include emails, text messages and other correspondence and memorandums. political retribution was allegedly used against aides to shut down access lanes to the bridge. the probe was done as part of a preliminary federal inquiry.",center,left
U.S. Attorney Subpoenas Christie’s Campaign and New Jersey G.O.P.,"federal grand jury subpoenas issued to governor re-election campaign, state party. lawsuit charges aides to governor shut down access lanes to the bridge. lawsuit also accuses aides of firing him for political retribution. lawyer for the campaign says prosecutors also issued subpoenas.",left,left
U.S. Attorney Subpoenas Christie’s Campaign and New Jersey G.O.P.,federal subpoenas issued by prosecutors on governor's re-election campaign. federal investigators probing claims that aides to the governor shut down access lanes. governor’s lawyer says prosecutors want documents relating to three aides who resigned.,center,right
U.S. Attorney Subpoenas Christie’s Campaign and New Jersey G.O.P.,federal prosecutors have issued grand jury subpoenas for the governor’s re-election campaign and the state Republican party. the investigation relates to claims that aides to the governor shut down access lanes to the George Washington bridge as political retribution. prosecutors also issued subpoenas to potential witnesses and people who have come under scrutiny.,left,right
U.S. Attorney Subpoenas Christie’s Campaign and New Jersey G.O.P.,"federal prosecutors issue grand jury subpoenas to governor re-election campaign. prosecutors seek emails, text messages, other correspondence and memorandums. aides to the governor shut down access lanes to the George Washington bridge.",left,right
U.S. Attorney Subpoenas Christie’s Campaign and New Jersey G.O.P.,"federal prosecutors issue subpoenas to governor re-election campaign and state Republican party. grand jury is looking into accusations that aides to gov. Chris Christie shut down access lanes to the George Washington Bridge. the subpoenas seek records relating to three close aides to. the governor’s deputy chief of staff, Bridget Anne Kelly, and Bill Baroni and. David Wildstein resigned or were fired when their roles were revealed.",center,center
U.S. Attorney Subpoenas Christie’s Campaign and New Jersey G.O.P.,federal prosecutors in new jersey issue grand jury subpoenas. state's attorney said he also seeks records related to three aides who resigned. governor's deputy chief of staff and three others resigned in the lane closures. aides resigned or were fired after their roles in the lane closings were revealed.,left,center
U.S. Attorney Subpoenas Christie’s Campaign and New Jersey G.O.P.,the former governor was accused of shutting down access lanes to the bridge. federal prosecutors seek records from aides to governor who resigned or were fired after their roles were revealed. aides are said to have blocked access as political retribution.,left,center
nan,a republican of idaho jumped into the race for a majority leader on friday. he is more likely to replace current house majority whip Kevin McCarthy. he could pull the house rightward in wake of congressional leadership election.,left,left
nan,"""americans are looking for a change in the status quo,"" says new rep. labrador. the former immigration lawyer has barely served two terms in congress. he'll take on current majority whip, Representative Kevin McCarthy of California. if he doesn't win a primary, he'd have the power to go to senate and win.",left,left
nan,"a minority whip could help pull the house rightward in the wake of representative cantor’s loss in a primary. ""we have got to have an alternative,"" says representative Louie Gohmert, a conservative. supporters of Mr. McCarthy say he’s sewed up the votes he needs.",center,left
nan,"new: Labrador in race to become minority leader in the house. new: the congressman boasted of being a more conservative alternative. new: the candidates and their campaigns have been under fire. the races on friday were dubbed the ""rebel hunt""",left,right
nan,"labrador is a more conservative alternative to the former immigration lawyer. ""americans are looking for a change in the status quo,"" he says. last year, more than 5 million people signed an flier asking the u.s. to vote for new leader.",right,right
nan,"house speaker john boehner swayed by victory for former immigration lawyer, labrador. some tea party candidates want their chances questioned; only one way is to stand up for the right. white house spokesman says democrats, democrats have a chance. ""i know there could be people like him in the running,"" says democrat.",left,right
nan,more conservatives need a leader who doesn’t fit into the mold of current majority whip. that could help the republicans win seats with an outsized margin. the election results are indicative of a trend toward a conservative candidate.,left,center
nan,rep. ral R. labrador is a moderate Democrat who has barely served two terms in congress. he is competing in the u.s. house for the majority whip position. the elections might be a plea for a place at the leadership table.,left,center
nan,"federal campaign is giving a new republican a chance to challenge the current majority whip. it is feared that some cantor supporters won’t be as optimistic about a possible challenge. if a replacement were chosen, he will likely represent the conservatives.",left,center
Raul Labrador To Run for House Majority Leader,Raul labrador wants to build momentum and peel off votes from Kevin McCarthy. the senate republican won control of the caucuses with 312 vetoes. democrats have lost hands in past congressman races; labrador is a tea party congressman. a separate vote will be held for the majority leader's position on thursday.,left,left
Raul Labrador To Run for House Majority Leader,idaho congressman who has challenged the leadership says he plans to run. he won't contest the house majority leader post. labrador is a former immigration attorney and father of five.,left,left
Raul Labrador To Run for House Majority Leader,Raul Labrador has two terms in the house and has challenges as tea party whip. the 28-year-old is running as a number of conservatives declined to support him. the two-term congressman said he plans to challenge for majority leader on friday. the decision was made on a week before election to build momentum in house.,right,left
Raul Labrador To Run for House Majority Leader,"labrador, 46, will challenge house majority whip Kevin McCarthy. his goal is to create ""a leadership team that can bring the republican conference together"" in a statement, he says he was stunned when Eric Cantor lost his seat. the winner will be declared majority leader on tuesday.",right,right
Raul Labrador To Run for House Majority Leader,"Raul Labrador wants to create ""a leadership team"" to bring the party together. some conservatives were hesitant to support Labrador despite the loss. the congressman is a two-term republican who has previously challenged the house.",right,right
Raul Labrador To Run for House Majority Leader,the two-term tea party congressman will challenge House majority leader Kevin McCarthy. Labrador's run comes a day after majority leader was killed by a swing vote. the election is on friday -- leaving little time for the new whip to build momentum.,right,right
Raul Labrador To Run for House Majority Leader,"report: rural idaho congressman to challenge white house leader. congressional republican calls for change in ""status quo"" he'll run again for position as majority leader.",left,center
Raul Labrador To Run for House Majority Leader,"Raul Labrador, 46, is a two-term republican congressman. he's a tea party congressman and Puerto Rican-born only child of a single mother. he'll run for the position of House majority leader. Labrador is a married father of five who runs for two terms.",left,center
Raul Labrador To Run for House Majority Leader,"Raul Labrador says he will run for majority leader after the loss of speaker in primary. ""people are looking for a change in the status quo,"" Labrador said. the 46-year-old tea party congressman hopes to ""build a leadership team""",right,center
Democratic Senate Candidate Faces Harsh Criticism Over Farmer Comments,the state's major political action committee has condemned braley's comments. the governor of iowa is holding the race for the vacant iowa senatorship. he is running to succeed retiring senator tom hanks (R-iowa),left,left
Democratic Senate Candidate Faces Harsh Criticism Over Farmer Comments,"braley made comments about Grassley, which he opposed. he apologized to Grassley, praised a farm where he grew up. some political opponents have criticized the remarks.",left,left
Democratic Senate Candidate Faces Harsh Criticism Over Farmer Comments,"Republican sen. Bruce braley confronts tough local coverage over comments he made about sen. Grassley. braley says grassley ""never went to law school, never practiced law"" braley apologizes and emphasizes that he has farmers in his family. he's running to succeed retiring sen. tom gunne; he'll be sen. roberts of elma, maryland.",left,left
Democratic Senate Candidate Faces Harsh Criticism Over Farmer Comments,iowa rep. Bruce braley is running to succeed retiring sen. tom harkin in the senate. he faced local criticism over comments he made about sen. Chuck Grassley. the republican apologized for his comments and stressed that he has farmers in his family.,right,right
Democratic Senate Candidate Faces Harsh Criticism Over Farmer Comments,"conservative opposition research group released critical comments about braley. d-iowa representative apologizes in person, notes he has farmers in his family. former law school classmate joe hart criticizes d-iowa senator for comments. d-iowa gov. mary o’connell: braley is ""a powerful man, a man of character and a man of a life""",left,right
Democratic Senate Candidate Faces Harsh Criticism Over Farmer Comments,"democrat brunst braley apologizes in person to Grassley after remarks are made public. braley contrasted his past with those of grassley, who owns a farm. grassley is a retired u.s. senator from iowa.",left,right
Democratic Senate Candidate Faces Harsh Criticism Over Farmer Comments,"""i apologize to Sen. Grassley and anyone I may have offended,"" braley wrote. he made the comments at a fundraiser for his campaign. he said his parents both grew up on farm during the great depression.",right,center
Democratic Senate Candidate Faces Harsh Criticism Over Farmer Comments,republican lawmakers defend a criticism of a state law professor. rep. braley is running to succeed retiring senator tony harkin. he made the comments at a fundraiser in the united states. some of the comments come from supporters in his home state of iowa.,left,center
Democratic Senate Candidate Faces Harsh Criticism Over Farmer Comments,senator's harsh comments about Sen. grassley are criticized. braley has apologized in person and said that he has farmers in his family. he is running to succeed retiring sen. democrat thomas w. mulvaney.,center,center
Eric Holder Hears From The People Of Ferguson Face To Face,"attorney general held a meeting at the university of Missouri. he told students he understands the mistrust. ""change doesn't happen overnight,"" he said. ""few things have affected me as greatly as my trip to Ferguson.""",center,left
Eric Holder Hears From The People Of Ferguson Face To Face,"attorney general speaks with students after brief stop at local college. he will ""continue to stand with Ferguson"" on michael brown case, attorney general says.",left,left
Eric Holder Hears From The People Of Ferguson Face To Face,"he is the attorney general of the united states, but also a black man. he met with students at a community college in ferguson, mo., on thursday. he says he understands the mistrust between police and residents.",center,left
Eric Holder Hears From The People Of Ferguson Face To Face,a federal judge told supporters of the investigation of the shooting. prosecutor says the justice department may seek to use the case to bring changes. lawyers for the police are reviewing statements from former justice secretary.,center,right
Eric Holder Hears From The People Of Ferguson Face To Face,"u.s. attorney general said he will continue ""to stand with Ferguson"" despite comments. a small group of students attended a small meeting. attorney general said he understands ""the mistrust"" of some residents and police. he said the justice department will ""continue to stand with Ferguson""",left,right
Eric Holder Hears From The People Of Ferguson Face To Face,"""change doesn't happen by itself,"" attorney general spoke in a meeting in Ferguson. he said his office would ""continue to stand with Ferguson"" he said justice department ""will continue to stand with Ferguson"" the justice department is still working on an investigation into the shooting death of brown.",left,right
Eric Holder Hears From The People Of Ferguson Face To Face,"eric holder met with students at a community college in the suburb where the student was shot. ""he just let us speak, basically.... he agreed somewhat to what everyone said,"" a student says. ""change doesn't happen by itself,"" he says, adding, ""this country is capable of change"" on tuesday, he told reporters that the justice department will investigate the case.",right,center
Eric Holder Hears From The People Of Ferguson Face To Face,"""change doesn't happen by itself,"" attorney general says of teen's killing. ""i am the attorney general of the United States, but also a black man,"" he says. he is ""proud of being remembered as a respected leader in u.s. law enforcement""",right,center
Eric Holder Hears From The People Of Ferguson Face To Face,"afghanistan's mayor ""remains committed to bringing justice to the streets"" attorney general: ""this country is capable of change. But change doesn't happen by itself"" in a big event, he met with students and said change won't happen overnight.",left,center
Prominent Republicans call for Ariz. Gov. Jan Brewer to veto bill allowing denial of service to gays,"""her best shot, and the opponents their best shot,"" a political consultant says. ""the bill is designed only to protect business owners with strong religious beliefs"" Republican politicians have called for a veto of an proposed gay sex discrimination bill.",left,left
Prominent Republicans call for Ariz. Gov. Jan Brewer to veto bill allowing denial of service to gays,governor's return to the capitol is expected to help her win veto. there is speculation that governor will veto bill that would allow gays to deny service. proponents of bill say law will protect business owners with strong religious beliefs. opponents say law isn't in place to protect citizens from discrimination.,right,left
Prominent Republicans call for Ariz. Gov. Jan Brewer to veto bill allowing denial of service to gays,governor returned home Tuesday afternoon to a political climate. she is expected to spend the next day or more pondering the bill. a bill would allow businesses to deny service to gays over their religious beliefs.,right,left
Prominent Republicans call for Ariz. Gov. Jan Brewer to veto bill allowing denial of service to gays,governor returns home to a political climate much different than just a week ago. recent criticisms include the death penalty on gay marriage. business advocates say the bill is only intended to protect business owners who hold religious beliefs.,right,right
Prominent Republicans call for Ariz. Gov. Jan Brewer to veto bill allowing denial of service to gays,"recent'veto' calls for governor to veto bill that would allow businesses to deny service. the legislation has caused a national uproar, prompting many to urge it. some political observers say governor is deliberate and not prone to act hastily. but they also say bill would protect business owners who are strong religious.",left,right
Prominent Republicans call for Ariz. Gov. Jan Brewer to veto bill allowing denial of service to gays,president obama urges state governor to veto bill that lets businesses deny service to gays. ex-gop presidential nominee mitt Romney has urged veto of bill. some democrats are calling for the governor to veto the bill.,left,right
Prominent Republicans call for Ariz. Gov. Jan Brewer to veto bill allowing denial of service to gays,pro-business mps calling for governor to veto controversial bill allowing gay service. governor will likely spend next day or more pondering senate bill 1062. bill passed last week allowing businesses whose owners cite sincerely held religious beliefs to deny service.,left,center
Prominent Republicans call for Ariz. Gov. Jan Brewer to veto bill allowing denial of service to gays,prominent Republicans are calling for veto of bill allowing gay service in business. governor returned home to different political climate from just a week ago. lawmakers have passed a bill allowing gay service and discrimination.,left,center
Prominent Republicans call for Ariz. Gov. Jan Brewer to veto bill allowing denial of service to gays,"""i'm not going to call her a governor"" ariz. governor to veto controversial bill allowing businesses to deny service to gays. prominent Republican senators call for the governor to veto the bill, which has caused national uproar. ""she's going to get a very detailed briefing from her legal team,"" says political consultant.",left,center
GOP Staffer Apologizes For Lecturing Obama Daughters To 'Show A Little Class',"the communications director for rep. Stephen Fincher apologized for a Facebook post on friday. malia and sasha Obama are one of the first daughters of president obama at a turkey pardon ceremony. the president reportedly remarked on a recent comment that it was ""puzzling"" the teen ladies' appearance at the ceremony is considered one of the silliest holiday traditions.",right,left
GOP Staffer Apologizes For Lecturing Obama Daughters To 'Show A Little Class',"former first daughter's comments condemned the president and his first daughters. the family was at the annual turkey pardon ceremony in nevada when the president remarked that it was ""puzzling"" a Facebook page posted a criticism that included photos and comments. the post was soon removed.",right,left
GOP Staffer Apologizes For Lecturing Obama Daughters To 'Show A Little Class',"the first daughter was mocked for their appearance at turkey pardon ceremony. her mother was impressed her daughter didn't give up her offer to pet one of the turkeys. the administration says it is aware of the criticism. ""you may have gotten caught doing a bit of bad rap but you just don't have the confidence to do it,"" a spokesman said.",right,left
GOP Staffer Apologizes For Lecturing Obama Daughters To 'Show A Little Class',"facebook post criticizing teen girls during annual turkey pardon ceremony. a republican communications director posted apology on the site. the comment follows a new book written by republican staffer. ""these judgmental feelings truly have no place in my heart,"" the staffer wrote.",right,right
GOP Staffer Apologizes For Lecturing Obama Daughters To 'Show A Little Class',"republican communications director apologized for criticism of second daughter's appearance at turkey pardon ceremony. she wrote that they should ""try showing a little class"" and ""dress like you deserve respect"" one comment sparked angry response online: ""as a father, i don’t want to be judgmental,"" the other said.",right,right
GOP Staffer Apologizes For Lecturing Obama Daughters To 'Show A Little Class',"the communications director for Rep. Stephen Fincher writes that the two teenagers should ""try showing a little class"" ""i would never have wanted to be judged myself as a teenager,"" Lauten says of Obama family.",left,right
GOP Staffer Apologizes For Lecturing Obama Daughters To 'Show A Little Class',"the communication director for Rep. Stephen Fincher said the two girls should ""try showing a little class"" the first daughters get at the turkey pardon ceremony every year. before approaching mac and cheese, president remarked that it was ""puzzling"" that I do this every year.",right,center
GOP Staffer Apologizes For Lecturing Obama Daughters To 'Show A Little Class',"a staffer apologizes for posting a message. the post says the two should ""try showing a little class"" a woman's reply prompted others to be open to any criticism.",left,center
GOP Staffer Apologizes For Lecturing Obama Daughters To 'Show A Little Class',"""it’s not like a man has a pet cat for a dog to get away with,"" says a former co-chair. an aide wrote the first daughters should show a little class. the president has said the turkey pardoning ceremony is ""puzzling"" at the White House.",right,center
Nebraska and Oklahoma Sue Colorado Over Marijuana Law,states file lawsuit challenging state-regulated recreational marijuana shops. they say marijuana is piping marijuana into neighboring states. lawsuit asks u.s. court to strike down key parts of voter-approved measure.,center,left
Nebraska and Oklahoma Sue Colorado Over Marijuana Law,"state-regulated recreational marijuana shops piping marijuana into neighboring states, suit says. suits asks united states to strike down key parts of 2012 voter-approved measure. state officials have allowed others to move ahead with state-run programs allowing marijuana.",center,left
Nebraska and Oklahoma Sue Colorado Over Marijuana Law,Nebraska and Oklahoma file lawsuit against federal marijuana legalization. state says more marijuana coming into neighboring states than previously planned. states say federal drug-control system abused in places like texas and oklahoma.,center,left
Nebraska and Oklahoma Sue Colorado Over Marijuana Law,"two heartland states filed lawsuit on marijuana legalization. they want the court to strike down key parts of a 2012 voter-approved measure. Colorado's attorney general said the challenge is ""without merit""",right,right
Nebraska and Oklahoma Sue Colorado Over Marijuana Law,"Nebraska and Oklahoma filed lawsuits challenging Colorado’s recreational marijuana laws. suit claims state-regulated marijuana shops are piping pot into neighboring states. suit says legalization would hurt national safety, impose more taxes, and decry penalties. if the lawsuit is successful, it could cause the state to shut down stores, suit says.",right,right
Nebraska and Oklahoma Sue Colorado Over Marijuana Law,"Nebraska and Oklahoma challenge legalization laws. state-regulated shops are piping marijuana into neighboring states, suit says. marijuana remains illegal in federal law but has been allowed in other states.",center,right
Nebraska and Oklahoma Sue Colorado Over Marijuana Law,Nebraska and Oklahoma challenge Colorado law legalizing recreational marijuana. attorneys general: illegal recreational sales undermining law and should be shut down. san francisco bay is the apex court in a district that's investigating the cases.,center,center
Nebraska and Oklahoma Sue Colorado Over Marijuana Law,federal court challenges state-regulated recreational marijuana stores. suit claims the shops were piping marijuana into neighboring states. challenge asks the court to strike down key parts of ballot measure legalizing marijuana. states say the laws are limiting access to marijuana and raising taxes.,center,center
Nebraska and Oklahoma Sue Colorado Over Marijuana Law,"two heartland states file challenge to marijuana legalization. lawsuit seeks strikes down key parts of 2012 voter-approved measure legalizing marijuana. suit seeks dismissal of amendment 64, which was ""without merit"" in Colorado.",left,center
"Nebraska, Oklahoma File Federal Suit Against Colorado Over Marijuana Legalization","Nebraska, Oklahoma file federal lawsuit against Colorado over marijuana legalization. nebraska attorney general says state's recreational pot laws are unconstitutional. in this case, he says marijuana remains illegal under federal law. d.c. has legalized recreational marijuana in 111 states, but only 62 of 23 states.",center,left
"Nebraska, Oklahoma File Federal Suit Against Colorado Over Marijuana Legalization","Nebraska, Oklahoma file federal lawsuit against Colorado over marijuana legalization. suit says states are concerned about marijuana entering their states. states say federal law undisputedly prohibits production, sale of marijuana. state attorney general: ""we believe this suit is without merit""",center,left
"Nebraska, Oklahoma File Federal Suit Against Colorado Over Marijuana Legalization",the states of Nebraska and Oklahoma file a federal lawsuit against Colorado. they say legalization of recreational marijuana is unconstitutional under federal law. the lawsuit says marijuana remains illegal under the 1970 Controlled Substances Act.,right,left
"Nebraska, Oklahoma File Federal Suit Against Colorado Over Marijuana Legalization","Nebraska and Oklahoma file federal lawsuit over legalized marijuana in u.s. marijuana remains illegal under federal law. 21 states have legalized recreational marijuana in the state, with 4 federally licensed.",left,right
"Nebraska, Oklahoma File Federal Suit Against Colorado Over Marijuana Legalization","Nebraska and Oklahoma files lawsuit against legalizing recreational marijuana in Colorado. federal law prohibits the production and sale of marijuana, Nebraska says. legalizing recreational marijuana in Colorado is illegal under the 1970 controlled substances act. ""we believe this suit is without merit and we will vigorously defend it in the u.s. Supreme Court""",left,right
"Nebraska, Oklahoma File Federal Suit Against Colorado Over Marijuana Legalization","Nebraska, Oklahoma file federal lawsuit over legalization of marijuana. states claim state law prohibits production and sale of marijuana. states say legalization is unconstitutional under federal law. but state attorney general says he will fight marijuana laws.",center,right
"Nebraska, Oklahoma File Federal Suit Against Colorado Over Marijuana Legalization",Nebraska and Oklahoma file federal lawsuit in court over legalization of marijuana. lawsuit says legalized marijuana is unconstitutional under federal law. state: federal law undisputedly prohibits the production and sale of marijuana.,center,center
"Nebraska, Oklahoma File Federal Suit Against Colorado Over Marijuana Legalization",Nebraska and Oklahoma file federal lawsuit against Colorado over marijuana legalization. states claim marijuana was illegal under federal law. marijuana remains illegal under the 1970 controlled substances act.,center,center
"Nebraska, Oklahoma File Federal Suit Against Colorado Over Marijuana Legalization","Nebraska, Oklahoma filed federal lawsuit in the u.s. supreme court. state attorney general: ""we believe this suit is without merit"" he says that federal law ""undisputedly prohibits the production and sale of marijuana"" 23 states and the district of Columbia have legalized marijuana.",left,center
Third-Highest Ranking Republican In U.S. House Calls For Legalizing Undocumented Immigrants,"one of the highest-profile Republicans in the house said he agrees with giving undocumented immigrants a chance to legalize their status. the plan is reportedly the result of a debate among the majority-holding house republicans over whether to let immigrants go through amnesty. ""the principles aren’t written yet, but in my personal belief, i think it’ll go with legal status that will allow you to work and pay taxes,"" said Majority Whip Kevin McCarthy in an interview with KBF",right,left
Third-Highest Ranking Republican In U.S. House Calls For Legalizing Undocumented Immigrants,'immigration principles' will outline a path to legal status for illegal immigrants. republicans have attacked the issue for years. gov. chris christie says he doesn't agree with the plan.,right,left
Third-Highest Ranking Republican In U.S. House Calls For Legalizing Undocumented Immigrants,"many conservatives in Congress argued deporting all 11 million undocumented immigrants was not realistic. but conservatives, such as senator martin luther king, argued against amnesty. one of the highest-profile Republican lawmakers voted for immigration reform this week.",right,left
Third-Highest Ranking Republican In U.S. House Calls For Legalizing Undocumented Immigrants,"third-ranking u.s. house member Kevin McCarthy agrees with path to legal status. majority whip said he equates ""legal status"" to a decent wage and ability to work. republicans have opposed the idea, but some argue a pathway to legal status is a waste. republicans in the house would like to see immigration reform come to a head next year.",right,right
Third-Highest Ranking Republican In U.S. House Calls For Legalizing Undocumented Immigrants,new legislation calls for path to legal status for undocumented immigrants. some conservatives say amnesty would have led to them being deported. but critics say it would be cruel to deny the u.s. citizens an economic future.,right,right
Third-Highest Ranking Republican In U.S. House Calls For Legalizing Undocumented Immigrants,conservatives said deporting all 11 million undocumented immigrants was not realistic. if the measure passes the house it would amount to amnesty for lawbreakers. national immigration reform will live or die this year.,left,right
Third-Highest Ranking Republican In U.S. House Calls For Legalizing Undocumented Immigrants,several conservatives argue that not deporting all 11 million undocumented immigrants was not a realistic option. more and more republican lawmakers and conservatives have accused of misrepresenting this effort. the white house is now expected to use the issue to help the opposition.,left,center
Third-Highest Ranking Republican In U.S. House Calls For Legalizing Undocumented Immigrants,high-profile Republican in the house agrees with giving undocumented immigrants a chance to legalize their status. Majority Whip Kevin McCarthy made his comments in an interview with KBFX-TV. the republican principles reportedly call for a path to legal status for undocumented immigrants.,right,center
Third-Highest Ranking Republican In U.S. House Calls For Legalizing Undocumented Immigrants,"'immigration principles' will cover how the U.S. border should be protected. the principles reportedly will cover how immigration laws should be enforced inside the u.s.. ""if you want to become a citizen, you’ll have to go through the path. There won’t be amnesty inside it,"" he said.",right,center
House Republicans to Offer Broad Immigration Plan,the u.s. legislature would be open to bipartisan passage of immigration legislation. the plan includes a path to legal status but not citizenship. the president and the u.s. will meet this week to discuss an immigration plan.,left,left
House Republicans to Offer Broad Immigration Plan,"house leaders expected to release their own broad template for overhauling immigration system this week. they will call for border security and enforcement measures, as well as a path to legal status. it could also provide a path to legal status — but not citizenship — for many of the 11 million undocumented immigrants.",center,left
House Republicans to Offer Broad Immigration Plan,"house leaders expected to unveil their own broad template for overhauling immigration system. plan is expected to call for border security, enforcement measures, pathway to citizenship. comes as president is expected to push for an overhaul of immigration system.",right,left
House Republicans to Offer Broad Immigration Plan,house leaders plan to release immigration principles at annual retreat in Cambridge. a two-page bill would require immigration reform for children. the white house has said it wants a path to citizenship for children and adults.,right,right
House Republicans to Offer Broad Immigration Plan,house speaker john boehner plans to unveil template for overhauling immigration. the president is expected to push again for overhauling the immigration system. it is expected to include several separate bills on border security and enforcement.,right,right
House Republicans to Offer Broad Immigration Plan,house democrats to unveil draft immigration framework this week. house speaker john boehner hopes to get through to congress with a bill this week. president obama set to talk immigration in state of the union address next week.,left,right
House Republicans to Offer Broad Immigration Plan,president barack obama is expected to push for an overhaul of immigration system Tuesday. the house is preparing to unveil its own broad template this week. some conservatives say it will create the conditions for a multimillion-dollar overhaul of the system.,left,center
House Republicans to Offer Broad Immigration Plan,"house republicans plan a broad immigration reform agenda this week. some conservatives oppose legal status and calling it ""amnesty"" other proposals include steps to curb undocumented workers.",left,center
House Republicans to Offer Broad Immigration Plan,"speaker john boehner is expected to release a one-page document on immigration principles. aides: document will call for border security and enforcement measures. the white house is expected to pass bipartisan immigration legislation next week. bill could include path to legal status, but not citizenship, for 11 million undocumented immigrants.",left,center
"Indictment Expected for Grimm, Staten Island Congressman","he is expected to be indicted on fraud charges, the people with knowledge of case say. two of his fund-raisers are already charged in the corruption case. two of those allegedly funneled more than $10,000 into his campaign.",left,left
"Indictment Expected for Grimm, Staten Island Congressman",two women who helped fund Grimm's campaign are charged. a woman is also charged with improperly sending money to the senator. it’s unclear if the charges will focus on the scandal of his health food company.,center,left
"Indictment Expected for Grimm, Staten Island Congressman","rep. michael g. grimm is expected to face federal fraud charges. he is also expected to face charges related to his holding of a health food restaurant. he was accused of illegally funneling more than $10,000 into his campaign.",left,left
"Indictment Expected for Grimm, Staten Island Congressman",michael grumm and ofer biton pleaded guilty to visa fraud. two of the congressman's fund-raisers have been charged. prosecutors are also expected to seek charges against grumm.,left,right
"Indictment Expected for Grimm, Staten Island Congressman","two of rep. Michael G. Grimm’s fund-raisers have already been charged. a lawyer for the ex-fbi agent said the probe was ""a politically driven vendetta"" ""When the dust settles, he will be vindicated,"" he said.",left,right
"Indictment Expected for Grimm, Staten Island Congressman","two fund-raisers were charged in connection with his health food restaurant. he is expected to be indicted on fraud charges, but they have not been officially announced. two others have already been charged in the case. ""he will continue to serve his terms,"" an attorney says.",center,right
"Indictment Expected for Grimm, Staten Island Congressman","allegations of fraud were ""politically driven vendetta,"" his lawyer says. representative michael g. grimm is expected to be indicted. he reportedly earned more than $1.4 million from the 2008 election.",right,center
"Indictment Expected for Grimm, Staten Island Congressman","a lawyer for the then-congressman says that when the dust settles, he will be vindicated. he said he is innocent and that the investigation was ""politically driven vendetta"" the former fbi agent and marine, 44, will be charged with wire fraud.",right,center
"Indictment Expected for Grimm, Staten Island Congressman","retrial of disgraced former fbi agent is scheduled for june 25. it is unclear whether the charges against him will include campaign fraud, wire fraud. the allegations stem from the 2009 administration's probe into a restaurant he owned in the lower east side of the city. both of the congressman’s fund-raisers have been charged with fraud, including in a nyt investigation.",left,center
GOP Congressman Expected To Be Indicted,"new: the charges against Grimm will include mail fraud and wire fraud, his lawyer says. Grimm's lawyer: ""we are disappointed by the government’s decision, but hardly surprised"" the charges against Grimm will focus on his conduct in connection with a health food restaurant. the charges are expected to be unsealed in the coming days.",left,left
GOP Congressman Expected To Be Indicted,"new: ""when the dust settles, he will be vindicated,"" he tells politicians. charges against Grimm will include mail fraud and wire fraud. new: the charges will focus on his conduct in connection with a health food restaurant. the charges are expected to be unsealed in the coming days.",left,left
GOP Congressman Expected To Be Indicted,"""when the dust settles, he will be vindicated,"" Grimm's lawyer says. he is expected to face charges for fraud, wire fraud. federal grand jury expected to unseale indictment friday.",right,left
GOP Congressman Expected To Be Indicted,lawyer: Michael Grimm will be indicted by the eastern district of new york. a federal grand jury is expected to open its indictment friday. a federal grand jury is examining allegations of money laundering.,left,right
GOP Congressman Expected To Be Indicted,"the charges against Rep. Michael Grimm ""will include mail fraud and wire fraud"" the charges include ""the conduct in connection with a health food restaurant he owned""",left,right
GOP Congressman Expected To Be Indicted,"lawyer of congressman who allegedly charged, says he will turn himself in when dust settles. accused of paying false checks and accepting improper donations during his first congressional campaign. new: charges will focus on restaurant he owned after leaving the federal Bureau of Investigation.",left,right
GOP Congressman Expected To Be Indicted,"""when the dust settles, he will be vindicated,"" his lawyer says. the defense will say he filed erroneous campaign finance reports, accepted improper donations. the indictment is expected to be unsealed in the coming days. Grimm is likely to turn himself in once the indictment is unsealed, the post says.",center,center
GOP Congressman Expected To Be Indicted,"federal grand jury indicts former congressman Michael Grimm. he is expected to be indicted. ""the justice department has pursued a politically driven vendetta against Congressman Grimm,"" his lawyer says.",center,center
GOP Congressman Expected To Be Indicted,"indictment expected to be unsealed within few days, lawyer says. attorney: allegations of fraud, wire fraud will be investigated. ""when the dust settles, he will be vindicated,"" lawyer says. federal grand jury has already indicted ""victim's lawyer,"" the post reports.",left,center
Representative Apologizes for Criticizing Iowa Senator,"rep. braley apologized to senator who will be next year's ranking democrat. the democrat is not running against Grassley, who has a seventh term in 2016. the u.s. rep. robert brown is running for president in 2016.",left,left
Representative Apologizes for Criticizing Iowa Senator,"conservatives use video to criticize democrats. democrat apologizes to Grassley, saying ""a farmer who never went to law school, never practiced law"" a Democrat is running for the state senate.",left,left
Representative Apologizes for Criticizing Iowa Senator,a conservative political action committee has vowed to use videos and opposition research to attack democrats. a conservative political action committee posted the footage on tuesday. representative braley apologized to Republican senator Charles e. Grassley.,left,left
Representative Apologizes for Criticizing Iowa Senator,"democrats run for the u.s. Senate this year, criticizing grassley's farming history. this time, a farmer from Iowa could become chairman of the Judiciary Committee. republicans fear they are wrong to blame a law professor for not attending college. conservatives quick criticized remark; there are a series of recent rebukes from republicans.",left,right
Representative Apologizes for Criticizing Iowa Senator,"a conservative political action committee has vowed to attack democratic candidates. republican rep. braley apologized to a farmer who may have offended him. he said a farmer from a school district in the united states never practiced law. republican nominees can learn from mistakes, such as the ads of one hog.",left,right
Representative Apologizes for Criticizing Iowa Senator,texas democrat apologizes to sen. Charles Grassley for a 'crash' in the court. conservative political action committees swiftly attack democrats. conservative video says it is a good lesson for politicians to retread their rhetoric.,right,right
Representative Apologizes for Criticizing Iowa Senator,"democrat apologizes to Republican senator for warning him to go to the Senate. representative braley apologized to Grassley for not working at law school, not practicing law. conservative group vowed to attack other candidates with video and opposition research.",left,center
Representative Apologizes for Criticizing Iowa Senator,a conservative political action committee is vowed to use videos and opposition research. rep. braley has apologized to republican senator. conservatives quickly criticized him for his actions.,left,center
Representative Apologizes for Criticizing Iowa Senator,"new: conservative groups claim video is a good reminder of mistakes of politicians. rep. braley apologized to sen. Grassley and criticized him on twitter. ""senator grassley's"" family has a strong agricultural history. grassley plans to seek a seventh term in 2016, but is unlikely to challenge his party.",left,center
Dem running for Senate in Iowa mocks Grassley as farmer 'who never went to law school',"a video of braley mocking a farmer in the middle of his campaign for the u.s. senator surfaced. he said he ""respects"" Grassley and that he would likely become the next chair of the Senate Judiciary Committee. Grassley fired back, saying that braley wouldn't be eligible to speak out on agriculture and health care.",left,left
Dem running for Senate in Iowa mocks Grassley as farmer 'who never went to law school',rep. braley mocks senator grassley as a farmer from Iowa who never went to law school. braley apologized for the remarks and proclaimed his support for Iowa’s farmers. grassley fired back saying he wouldn't be able to speak out on a number of policy issues.,left,left
Dem running for Senate in Iowa mocks Grassley as farmer 'who never went to law school',rep. braley was mocked in video of mocking sen. grassley as farmer from Iowa. the video shows braley mocking grassley as a farmer who never went to law school. Grassley fired back in response saying he would not be eligible to speak out on a number of issues.,right,left
Dem running for Senate in Iowa mocks Grassley as farmer 'who never went to law school',the video shows a lawyer mocking senators from the farm industry. grassley's aide says braley was the first time the video was ever released.,left,right
Dem running for Senate in Iowa mocks Grassley as farmer 'who never went to law school',braley mocks grassley in video on election day as agriculture advocate. grassley firing back after he criticizes braley.,left,right
Dem running for Senate in Iowa mocks Grassley as farmer 'who never went to law school',"video released after braley mocks sen. grassley. if elected to the Senate, braley would like to serve on the judicial committee. Grassley fired back, saying braley would be unlikely to speak out on several policy issues.",left,right
Dem running for Senate in Iowa mocks Grassley as farmer 'who never went to law school',a video shows braley mocking a senator as a farmer from Iowa who never went to law school. the video came as braley's campaign for the senator aimed to replace retiring senator. a grassley spokesperson fired back saying braley's logic meant he couldn’t speak out on a number of policy issues.,right,center
Dem running for Senate in Iowa mocks Grassley as farmer 'who never went to law school',"a video shows braley mocking grassley as a farmer from the state who never went to law school. grassley fired back on braley’s logic, saying he would not be eligible to speak on agricultural issues.",left,center
Dem running for Senate in Iowa mocks Grassley as farmer 'who never went to law school',"video appears to show the Iowa congressman mocking sen. Chuck Grassley. Grassley argues he can't speak out on a number of policy issues. the video shows the man mocking Grassley, a former ""farmer who never went to law school"" braley apologizes for the remarks and says he will support the farm community.",right,center
Holder says he understands mistrust of police as Ferguson protests dwindle,"legal adviser says there is ""no reason"" blacks would ""like to see a white police officer"" not stop whites. president obama praises ""extreme and remarkable"" actions of the president. black communities are suffering from the unrest since shooting death of 18-year-old brown.",left,left
Holder says he understands mistrust of police as Ferguson protests dwindle,"attorney general Eric Holder was in the suburb of Ferguson, where a black teenager was killed. his visit to the city came amid a week of unrest in the wake of the death of a black teenager. he made the comments during a one-day swing through the suburb to discuss the case.",center,left
Holder says he understands mistrust of police as Ferguson protests dwindle,"attorney general snarls out of the st. Louis suburb where student was fatally shot. ""i am the attorney general of the united states. but i am also a black man,"" he says. ""it was an honor for me to live in the city,"" he says of the civil rights movement in the city.",center,left
Holder says he understands mistrust of police as Ferguson protests dwindle,"a black man remembers being stopped by police in his younger years. ""i was a federal prosecutor.... i wasn't a kid,"" he recounts. he also talks to citizens about their issues with the police. he visits the neighborhood where a black teenager was fatally shot.",left,right
Holder says he understands mistrust of police as Ferguson protests dwindle,"a national guard officer says six are under arrest in the city of larkspur. a nba veteran says he's ""expressed and deeply saddened"" by recent developments in the neighborhood. the ""firewalls"" in the city ""are going down,"" the police chief says. he says he is aware the larkspur ""will take you back to blacks""",left,right
Holder says he understands mistrust of police as Ferguson protests dwindle,"in Ferguson, the black teenager killed by white police officer Darren Wilson. the governor is traveling with a group of citizens looking to help the police. he met with officials on a two-day tour of the city, including a community center. he says he understands why blacks distrust police, but ""i am also a black man""",center,right
Holder says he understands mistrust of police as Ferguson protests dwindle,"black americans distrust police in st. louis, georgia, he says. attorney general meets with community leaders in the city. he understands ""mistrust"" of white officers, he says.",left,center
Holder says he understands mistrust of police as Ferguson protests dwindle,"the attorney general took part in a meeting in the suburb of Ferguson, mo., where a black teenager was shot dead. he said he is also a black man. a spokesman says he was acquitted in a civil rights lawsuit but not for a police shooting.",right,center
Holder says he understands mistrust of police as Ferguson protests dwindle,"black citizens distrust police, black president says. attorney general visits police stations in Ferguson where black teenager was shot. he meets with community leaders to talk about their concerns. he also meets with police chief who is overseeing security in the area.",left,center
"As Tension Eases on Ferguson's Streets, Focus Turns to Investigation","a grand jury is set to meet to begin hearing evidence, spokesman for prosecuting attorney says. he rejects arguing he can't be impartial to prosecute'michael brown' a judge is expected to discuss whether the case is a ""good or bad deal""",left,left
"As Tension Eases on Ferguson's Streets, Focus Turns to Investigation",a grand jury is set to meet to begin hearing evidence in brown's shooting death. protesters gathered outside a prosecuting attorney’s office on wednesday. attorney general was meeting with community leaders and federal investigators.,left,left
"As Tension Eases on Ferguson's Streets, Focus Turns to Investigation",a grand jury has been convened and is scheduled to meet Wednesday to begin hearing evidence. a spokesman for Robert P. McCulloch says he has only one interest: justice for victims. he is not the same person accused of murder and weapons possession by white officer.,left,left
"As Tension Eases on Ferguson's Streets, Focus Turns to Investigation","an investigation is underway into the shooting death of unarmed black teenager, Michael brown. a grand jury has been convened and is scheduled to meet Wednesday to begin hearing evidence. ""if i can make it sound like it takes the entire case, i will put it on trial,"" says prosecuting attorney, robert mcculloch. mcculloch’s father, a police officer, was shot and killed by a black man while on duty when he was a child.",left,right
"As Tension Eases on Ferguson's Streets, Focus Turns to Investigation","a grand jury has been convened and is scheduled to meet Wednesday to begin hearing evidence. prosecutors deny he is impartial because his father was shot and killed by a black man. attorney general says he may not be impartial because he is unelected. he says he will step down after this week’s protests, but could lose case.",center,right
"As Tension Eases on Ferguson's Streets, Focus Turns to Investigation","authorities hoping to calm tensions. former attorney general doesn't think he can be impartial. a grand jury will meet to begin hearing evidence, police say. brown family's lawyer: the arrests were just ""a mistake""",left,right
"As Tension Eases on Ferguson's Streets, Focus Turns to Investigation",attorney general takes to the streets to meet with community leaders. he meets with police and federal investigators. a grand jury has been convened on the shooting death of michael brown. he is rejecting protesters gathered outside his office on a city radio station.,left,center
"As Tension Eases on Ferguson's Streets, Focus Turns to Investigation",a grand jury has convened. the focus turned to the investigation into the shooting death of michael brown. lawyer for Robert P. McCulloch has dismissed allegation he cannot be impartial. the shooting of an unarmed black teenager by a white police officer in 2007.,left,center
"As Tension Eases on Ferguson's Streets, Focus Turns to Investigation",attorney general eric holder met with community leaders in ferguson. authorities said they were confident that the investigation would be fair. a grand jury is scheduled to meet on tuesday to begin hearing evidence.,left,center
Governor of Arizona Is Pressed to Veto Bill,a law gives business owners right to invoke religion to refuse service to gays. new bill would give businesses the right to refuse service to those seeking help from christian clergy. governor faced pressure to veto bill from a range of angles. bill's supporters have called it a sword of religious intolerance.,left,left
Governor of Arizona Is Pressed to Veto Bill,governor faces pressure from many corners to veto bill. bill grants business owners right to invoke religion to refuse service. supporters took to airwaves and the Internet to defend the bill.,right,left
Governor of Arizona Is Pressed to Veto Bill,governor Jan Brewer to veto bill grant business right to invoke religion. bill passed both houses of the legislature on Thursday. supporters of the bill took to the airwaves and the Internet to defend it.,right,left
Governor of Arizona Is Pressed to Veto Bill,a bill to grant business owners right to invoke religion to refuse service to gays is on the table. the bill is intended to be part of legislation to make business owners subject to religious restrictions. governor faces a strong push to veto it and has the power to veto.,left,right
Governor of Arizona Is Pressed to Veto Bill,"bill would give business owners the right to invoke religion to refuse service to gays. state's governor facing pressure to veto bill, which has cast unwanted national attention on state. a spokesman for the bill says she's still waiting to hear back from the state. a conservative group says measure would allow businesses to invoke religious freedom.",right,right
Governor of Arizona Is Pressed to Veto Bill,bill would allow business owners to invoke religion to refuse service to gays. governor faces pressure to veto the bill after being asked to return to the capitol. voters voted 7-1 in favor of the measure with some expected it to pass.,right,right
Governor of Arizona Is Pressed to Veto Bill,governor faced pressure from many corners to veto a bill that would grant business owners the right to invoke religion. a bill is being sent to the governor. an executive from apple to urge her to reject the bill.,left,center
Governor of Arizona Is Pressed to Veto Bill,"""the bill has instead been mischaracterized by its opponents as a sword of religious intolerance,"" said two senate republicans. ""the bill has instead been mischaracterized by its opponents as a sword of religious intolerance,"" said two sen. sally kohn. kohn: if you were to sign the bill, it'd be your right to object to the behavior of people from a certain faith.",left,center
Governor of Arizona Is Pressed to Veto Bill,"governor was expected to return Tuesday to take up her veto of bill to give businesses the right to invoke religion. opponents are claiming he would deport businesses that refuse service to gays. state senators hoped to veto the measure. spokesman says ""the bill has instead been mischaracterized by its opponents as a sword of religious intolerance""",right,center
Jan Brewer Announces Veto Of Arizona Anti-Gay Bill,"new: iraq war minister says bill will be used as ""an attack on ""secular democracy"" ""we do not support this bill,"" says super bowl host committee. governor vetoes legislation allowing businesses to refuse service on religious grounds. businesses also warned the bill would make things worse for their communities.",left,left
Jan Brewer Announces Veto Of Arizona Anti-Gay Bill,"vetoing state bill would allow businesses to refuse service to anyone on religious grounds. governor: bill ""has the potential to create more problems than it purports to solve"" business owners' religious liberty hasn't been violated. bill has come under intense criticism from activist, lawmakers and business leaders.",left,left
Jan Brewer Announces Veto Of Arizona Anti-Gay Bill,"governor's decision to veto bill allowing businesses to refuse service to people on ""religious freedom"" grounds. bill would have allowed businesses to legally refuse service to anyone on ""religious freedom"" grounds. business leaders angry about bill, which is set to be voted on in new super bowl.",left,left
Jan Brewer Announces Veto Of Arizona Anti-Gay Bill,"governor vetoes legislation that would allow businesses to refuse service to anyone on ""religious freedom"" grounds. the bill would have allowed businesses to discriminate against same-sex couples. a bill to allow open discrimination against same-sex couples also has become popular in other states. ""we do not support this bill,"" the governor said in a letter.",left,right
Jan Brewer Announces Veto Of Arizona Anti-Gay Bill,governor vetoes bill allowing businesses to refuse service to non-faithful people. businesses also fear it will set back economic growth. bill also would allow businesses to discriminate against same-sex couples.,center,right
Jan Brewer Announces Veto Of Arizona Anti-Gay Bill,"Arizona governor vetoes bill allowing businesses to refuse service on religious liberty grounds. businesses will now be allowed to discriminate against same-sex couples. governor: bill has ""the potential to create more problems than it purports to solve""",left,right
Jan Brewer Announces Veto Of Arizona Anti-Gay Bill,"governor vetoes legislation that would have allowed businesses to refuse service to anyone. law would've allowed businesses to legally refuse service to anyone on religious freedom grounds. governor says it's ""potential to create more problems than it purports to solve""",left,center
Jan Brewer Announces Veto Of Arizona Anti-Gay Bill,"governor vetoes bill to allow businesses to refuse service to someone on ""religious freedom"" grounds. the bill effectively allowed businesses to discriminate against same-sex couples.",left,center
Jan Brewer Announces Veto Of Arizona Anti-Gay Bill,a new veto by governor of a state could have allowed businesses to refuse service for religious-based reasons. veto follows criticism by businesses for banning same-sex service in the state. business owners are worried as the super bowl is set to be held in ariz. for the first time.,left,center
GOP Smackdown: Rep. Labrador Enters The Race For House Majority Leadership,Labrador would be the tea party alternative to McCarthy for majority leader position. cantor defeated by a tea party candidate who cast him as soft on border security. other parties in tea party field challengers with more right-wing views.,left,left
GOP Smackdown: Rep. Labrador Enters The Race For House Majority Leadership,"Labrador is challenging McCarthy for the house majority leader position. the republican would be the tea party alternative to McCarthy, who is the whip. ""I want a...leadership team that can help unite and grow our party,"" he said.",right,left
GOP Smackdown: Rep. Labrador Enters The Race For House Majority Leadership,"Labrador is running for majority leader in the house. he would be the tea party alternative to McCarthy, who is the whip.",right,left
GOP Smackdown: Rep. Labrador Enters The Race For House Majority Leadership,"the candidate, who lost to rep. Eric Cantor, said he wanted to see a change in the status quo. Labrador would be the tea party alternative to McCarthy, who is the whip. the race is one of the most dramatic events in the fall. some say they are pushing for a more political time to put a different candidate in the race.",right,right
GOP Smackdown: Rep. Labrador Enters The Race For House Majority Leadership,"rep. Raul Labrador is challenging rep. Kevin McCarthy for the majority leader position. 'you are looking for a change in the status quo,' Labrador says. labrador would be the tea party alternative to McCarthy, who is the whip. 'i want a...leadership team that can help unite and grow our party', he said.",right,right
GOP Smackdown: Rep. Labrador Enters The Race For House Majority Leadership,"some lawmakers pressed Labrador to run, according to reports. in house race, Labrador is the tea party alternative to Kevin McCarthy. labrador would be the first Latino, first Mormon and first Idaho lawmaker to be majority leader.",left,right
GOP Smackdown: Rep. Labrador Enters The Race For House Majority Leadership,"a number of prominent conservatives urged labrador to run for majority leader. labrador would be the tea party alternative to former whip and favored by establishment Republicans. last time Labrador was majority leader was in 2006, when he won the democratic primary.",left,center
GOP Smackdown: Rep. Labrador Enters The Race For House Majority Leadership,"new: Labrador would be the tea party alternative to McCarthy. some lawmakers pressed Labrador to run, according to reports. Labrador is seeking a leadership team. he would be the first lawmaker from Idaho to be majority leader.",center,center
GOP Smackdown: Rep. Labrador Enters The Race For House Majority Leadership,"conservatives were stunned by defeat in Tuesday’s primary in virginia of rep. cantor. raul labrador would be the tea party alternative to rep. Kevin McCarthy. Labrador would represent several firsts: the first Latino, first Mormon and first Idaho lawmaker to be House majority leader.",left,center
Who is Dave Brat?,"conservatives booed the house majority leader at a local party convention. economics professor at small liberal arts school raised just over $200,000. cantor was beaten by economics expert Dave brat, 49, who also has two children. brat cast Cantor as a Washington insider who isn't conservative enough.",left,left
Who is Dave Brat?,house majority leader cantor was beaten by economics professor. cantor spent more than $1 million in April and May alone to try to beat back challenge. critics attacked cantor for being too close to the conservative agenda.,right,left
Who is Dave Brat?,"economics professor Dave brat casts house majority leader as Washington insider. brat raised just over $200,000 for his campaign, while cantor spent more than $1 million. brat's campaign raised just over $200,000 for his campaign, while cantor spent more than $1 million. he has two children; 11,-year-old daughter and 15-year-old son.",left,left
Who is Dave Brat?,"cantor's opponent teaches economics at a small liberal arts school in Virginia. economist says he cast the congressman as a Washington insider who isn't conservative enough. brat raises just over $200,000 for his campaign, while cantor spent more than $1 million.",left,right
Who is Dave Brat?,"conservative activists booed cantor after he defeated him. conservatives say brat cast cantor as a Washington insider who's not conservative enough. brat made a few adjustments to his campaign to keep him in office. john sutter, luke mcgee and chris christie have criticized brat.",left,right
Who is Dave Brat?,economics professor in small school votes for cantor on budget. conservatives accuse him of not being conservative enough. cantor says he is willing to give up education.,center,right
Who is Dave Brat?,"conservative fundraiser Dave Brat casts Eric Cantor as a Washington insider. he raises over $200,000 for his campaign, while cantor spent more than $1 million. brat says he is active in his local republican party.",left,center
Who is Dave Brat?,"economics professor Dave Brat casts cantor as a Washington insider. he has two children, an 11-year-old daughter and a 15-year-old son. brat is active in his local Republican party and has two published children.",left,center
Who is Dave Brat?,"conservative activists and tea party activists booed house speaker cantor. economics professor Dave Brat earned more than $200,000 for his campaign.",center,center
Man Who Defeated Cantor Calls His Big Win 'A Miracle',"tea party-backed candidate credited win to ""god acted through the people on my behalf"" brat compared the victory to ""i'm in a very good place..."" and that ""ideas matter in history""",left,left
Man Who Defeated Cantor Calls His Big Win 'A Miracle',"Dave Brat won the senate for the republican nomination in a phone interview. he said he attributes his win to God and grassroots efforts. ""i've been a conservative my whole life,"" he said.",right,left
Man Who Defeated Cantor Calls His Big Win 'A Miracle',"Dave brat calls win a ""miracle"" during a phone interview. brat says he ran on his principles but blamed ""the tea party and the Republicans"" the republican won his race for the republican nomination.",right,left
Man Who Defeated Cantor Calls His Big Win 'A Miracle',"""there's nothing hard right or far right about anything,"" brat says. he says he runs on conservative principles. the college professor will be an republican, the tea party-backed candidate says.",left,right
Man Who Defeated Cantor Calls His Big Win 'A Miracle',"u.s. tea party-backed candidate claims victory over cantor to be ""miracle"" brat says he had tremendous tea party support. he attributed his win to ""god acted through the people on my behalf""",left,right
Man Who Defeated Cantor Calls His Big Win 'A Miracle',"Dave brat declared victory in saturday's primaries. conservative, backed by tv experts, calls win ""miracle"" the tea party-backed candidate attributed victory to God and grassroots efforts.",left,right
Man Who Defeated Cantor Calls His Big Win 'A Miracle',"""if you go door to door knocking, the American people know the country is headed in the wrong direction,"" brat said. the tea party-backed candidate won 56 percent of the vote over house majority leader cantor. he spoke with former sen. harry reid, who has been sworn-in to the white house.",right,center
Man Who Defeated Cantor Calls His Big Win 'A Miracle',"""god acted through the people on my behalf,"" brat says. he attributes victory to a ""miracle"" in a phone interview with fox news' washington post. ""there's nothing hard right or far right about anything,"" he says.",left,center
Man Who Defeated Cantor Calls His Big Win 'A Miracle',"Dave Brat called the victory ""a miracle"" he unseated h.e. cantor with 56 percent of the vote. brat, a tea party-backed candidate, says he ran on the Republican principles. the winner calls the win a ""miracle""",left,center
"Federal prosecutors subpoena Christie's campaign, NJ GOP committee",federal prosecutors to use subpoenas to investigate traffic lanes closure. aides allegedly created traffic jams as political payback. the closure of traffic lanes on the bridge last year has created traffic gridlock. a state legislative committee is also under investigation.,left,left
"Federal prosecutors subpoena Christie's campaign, NJ GOP committee","federal prosecutors are subpoenaing new jersey governor's campaign. attorney says aides caused traffic jams as political payback. federal and state subpoenas are due in a week or two. ""this is a serious issue... but the governor is fighting it,'' says attorney.",right,left
"Federal prosecutors subpoena Christie's campaign, NJ GOP committee",federal prosecutors subpoenaed governor's campaign and state republican group. governor's aides are accused of creating traffic jams for political payback. the closures created traffic gridlock in the town of Fort Lee.,left,left
"Federal prosecutors subpoena Christie's campaign, NJ GOP committee",federal prosecutors have subpoenaed the campaign and state Republican party committee. the state legislative committee is also being subpoenaed by the federal government. the closure of traffic lanes near the George Washington bridge created traffic gridlock.,left,right
"Federal prosecutors subpoena Christie's campaign, NJ GOP committee","federal prosecutors reveal they've subpoenaed a re-election campaign in state. state committee suing for documents related to traffic closures is also ordered. emails, text messages may have been sent to state lawmakers over political payback. ""i am confident that i am bringing this up,"" aide tells ""naob""",left,right
"Federal prosecutors subpoena Christie's campaign, NJ GOP committee",federal prosecutors subpoena Republican governor's campaign. they say the aides created traffic jams as political payback. the controversy comes days after governor's campaign hired a lawyer.,right,right
"Federal prosecutors subpoena Christie's campaign, NJ GOP committee","federal prosecutors issue subpoenas to political opponents and state committee. governor's campaign employs law firm and is general counsel for state party committee. aides alleged that they created traffic jams as political payback. u.s. attorney says he is ""going to wait"" for response.",left,center
"Federal prosecutors subpoena Christie's campaign, NJ GOP committee",federal prosecutors have subpoenaed the campaign of the governor. aides of the governor are alleged to have created traffic jams as political payback. emails and text messages turned over to legislators suggest it was a message to the town's mayor.,center,center
"Federal prosecutors subpoena Christie's campaign, NJ GOP committee",federal prosecutors have subpoenaed governor's campaign and a state party committee. the probe was escalating and includes documents from the u.s. attorney's office. a state legislative committee is also investigating traffic lanes closure near the George Washington Bridge. the state government is investigating an allegations of partisanship.,center,center
U.S. Attorney Subpoenas Chris Christie Campaign Documents,"the federal government in new jersey is investigating the ""Bridgegate"" scandal. reelection campaign of new jersey governor ron paul and n.j. state committee also involved. the subpoenas focus on the closure of lanes on the George Washington bridge.",left,left
U.S. Attorney Subpoenas Chris Christie Campaign Documents,"the u.s. attorney's office subpoenas documents from reelection campaign. governor reelection campaign, new jersey republican state committee retained. n.j. attorney general: republicans ""allowed"" more government spending to be taxed. chris christie was removed from office as deputy chief of staff in september.",left,left
U.S. Attorney Subpoenas Chris Christie Campaign Documents,"subpoenaed documents focus on closure of lanes on the George Washington Bridge. campaign says it will respond to subpoenas accordingly. ""the new jersey republican state committee has been referred to the state legislature,"" says a partner.",center,left
U.S. Attorney Subpoenas Chris Christie Campaign Documents,"the u.s. attorney's office subpoenaed documents from campaign of gov. Chris Christie. documents focused on closure of lanes on bridge in wake of ""Bridgegate"" investigation. newark state senators to consider case, as state legislative committee does.",left,right
U.S. Attorney Subpoenas Chris Christie Campaign Documents,"state's lawmakers are also investigating ""bridgegate"" controversy. the closures caused massive traffic jams in Fort Lee, N.J.",right,right
U.S. Attorney Subpoenas Chris Christie Campaign Documents,"u.s. attorney's office subpoenas documents from reelection campaign. ties include documents from ""the governor"" and a new jersey party. report shows ""bridgegate"" scandal was aimed at the senate democratic mayor.",left,right
U.S. Attorney Subpoenas Chris Christie Campaign Documents,"new jersey governor re-elected to be senate candidate in 2021. the controversy stems from the closure of bridge lanes on the bridge. gov. thomas christie said he did not know he was being punished for ""Bridgegate""",left,center
U.S. Attorney Subpoenas Chris Christie Campaign Documents,"the u.s. attorney’s office in new jersey has subpoenaed documents. this part of its investigation into the ""Bridgegate"" scandal. the closures caused massive traffic jams.",left,center
U.S. Attorney Subpoenas Chris Christie Campaign Documents,"the u.s. attorney's office has subpoenaed documents from the reelection campaign of new jersey governor. the documents come as part of its investigation into ""Bridgegate"" scandal. reelection campaign and committee are seeking documents related to closure of George Washington Bridge.",left,center
Clintons Report Earnings of $139 Million in Seven Years,the former secretary of state has released a list of paid speeches. this tax return reflects her income from 2007 through 2014.,left,left
Clintons Report Earnings of $139 Million in Seven Years,"nicolaus mills: new tax returns show she and ex-president bill Clinton earned $139 million. mills: in 2013 she earned nearly $10 million in speaking fees. a lopsided tax code favors rich people like nicolaus mills, she says. mills: it is more important that nicolaus mills pay taxes to those who receive them.",left,left
Clintons Report Earnings of $139 Million in Seven Years,"former presidential candidate releases eight years of tax returns. roxanne jones: in 2008, former president and wife paid $3 million in charitable donations. she says the donations came from the Clinton family foundation; others were matched. jones: now she should have been able to offer tax incentives to her former office.",left,left
Clintons Report Earnings of $139 Million in Seven Years,"last year, ex-Presidents bill and gloria keller were both hit hard by a $139 million deficit. mrs. keller had a lopsided tax code that favors wealthy people, a new report shows. a list of paid speeches shows she earned nearly $10 million in speaking fees in 2013. the former secretary of state made the disclosure in a statement.",left,right
Clintons Report Earnings of $139 Million in Seven Years,"lz granderson: new tax returns show that Clinton family made $139 million in income in 2007. he says she also made $10 million in speaking fees in 2013, year she left state department. he says she, husband were ""dead broke"" when they left the white house. granderson: her actions have gotten her attention as well as voters.",left,right
Clintons Report Earnings of $139 Million in Seven Years,Hillary Clinton releases $8.7 million in return for re-enactment. sally kohn: a lopsided tax code favors wealthy people like her. she says her husband's comments sparked a push to expose her emails. kohn: she is swayed by a complicated story in her election years.,left,right
Clintons Report Earnings of $139 Million in Seven Years,"rex robbins: Clintons are more generous after paying $43,885,310 in taxes in 2007. she says she gave $15 million to charity; she has been on the move to become president. robbins: people who use emails are much more likely to accept Clinton as their candidate. she says she's been reluctant to answer those questions; she's not going to give up.",left,center
Clintons Report Earnings of $139 Million in Seven Years,"Hillary Rodham Clinton released eight years of tax returns. lisa kohn: Clintons paid $43,885,310 in tax from 2007 to 2014. kohn: she wants to make the process more transparent.",center,center
Clintons Report Earnings of $139 Million in Seven Years,the Clintons earned $139 million in adjusted gross income from 2007 to 2014. they gave nearly $15 million to charity. she released list of paid speeches showing she had earned nearly $10 million.,right,center
"Clinton camp releases candidate's clean bill of health, tax returns","she's been in ""excellent physical condition and fit to serve as president of the United States"" ""deep vein thrombosis"" listed in recent medical history. ""deep vein thrombosis"" had been attributed to concussion.",left,left
"Clinton camp releases candidate's clean bill of health, tax returns","new: despite suffering a concussion, the former secretary of state is in ""excellent physical condition and fit to serve as president of the United States,"" her doctor says. new: she also cites her 2012 concussion as a recent medical history. the revelation follows a report by the state department that showed the Clintons paid $43 million in federal taxes since 2007. the report also shows the Clintons donated $15 million to charity, and paid an additional $13.6 million in state taxes.",left,left
"Clinton camp releases candidate's clean bill of health, tax returns","Clinton says she's ""in excellent physical condition and fit to serve as president"". ex-secretary of state has seasonal pollen allergies and suffered concussion in 2012. tax returns show she has paid $43 million in taxes since 2007.",right,left
"Clinton camp releases candidate's clean bill of health, tax returns",health official says the former secretary of state is in good physical condition. tens of millions of dollars paid in federal taxes since 2007. the documents show they have donated $15 million to charity.,right,right
"Clinton camp releases candidate's clean bill of health, tax returns","Clinton's medical team says she is in ""excellent physical condition"" doctors reveal she received anticoagulation therapy for a concussion in 2012. they say she had seasonal pollen allergies and a bone fracture during her time in office. the release comes after eight years of tax returns show the Clintons paid $43 million in federal taxes since 2007.",right,right
"Clinton camp releases candidate's clean bill of health, tax returns","the state department releases 8 years of tax returns showing the Clintons paid $43 million in federal taxes since 2007. the statement comes on the same day the state department released thousands of emails relating to her tenure as secretary of state. it said she is in ""excellent physical condition"" and fit to serve as president of the united states.",right,right
"Clinton camp releases candidate's clean bill of health, tax returns","obama campaign releases statement from doctor declaring she is fit to serve as president. 8 years of tax returns show the Clintons have paid $43 million in federal taxes since 2007. obama campaign releases medical report with obama's first stance. obama campaign will release a list of donors, reps for her next presidential bid.",left,center
"Clinton camp releases candidate's clean bill of health, tax returns","health official: ""i am in excellent physical condition"" hr candidate has ""deep vein thrombosis,"" elbow fracture, concussion in 2012. ex-secretary of state has dietary restrictions, doesn't smoke, drinks.",left,center
"Clinton camp releases candidate's clean bill of health, tax returns","ex-secretary of state was diagnosed with concussion in 2012. her doctor tells her she is in ""excellent physical condition"" she is also handed a tax return showing the Clintons paid $43 million in federal taxes since 2007.",left,center
Arkansas Governor’s Son Thrust Into Spotlight Over Religious Exception Bill,"governor asa asa hutchinson tipped his son to fight religious freedom bill in state. critics said it would legalize discrimination against gay people. however, his son warned that the bill could damage his state’s reputation and economy.",right,left
Arkansas Governor’s Son Thrust Into Spotlight Over Religious Exception Bill,"texas gov. asa hutchinson said his son had warned the bill would harm his state. the governor is fighting the proposal that would legalize discrimination against gay people. his son, Seth, is a labor organizer who spearheaded a protest in his home state.",left,left
Arkansas Governor’s Son Thrust Into Spotlight Over Religious Exception Bill,governor asa hutchinson defended the proposed religious freedom bill. his son warned against the bill and threatened to hurt state's reputation. his dad is now serving on the national executive committee.,right,left
Arkansas Governor’s Son Thrust Into Spotlight Over Religious Exception Bill,"governor asa hutchinson said the bill would bring ""cultural shock"" to his children. his son said the bill is only a way for families in their state to protect their children. family is still close despite some concerns about the bill.",right,right
Arkansas Governor’s Son Thrust Into Spotlight Over Religious Exception Bill,"asa and seth Hutchinson are known to be the biggest influence in the state. a tough bill to legalize discrimination against gay people will likely draw the opposition of his son. it would help the state to be more affluent, even if it's not for tuesday's vote. a tuesday vote could provide a boost to the state’s economy and job market.",center,right
Arkansas Governor’s Son Thrust Into Spotlight Over Religious Exception Bill,"governor asa hutchinson has been criticizing state's religious freedom bill. his son has criticized the law, and says it could damage his family’s reputation. former legislator grew frustrated by the numbers of workers struggling on the job. u.s. federal worker says laws on gay marriage should be removed.",center,right
Arkansas Governor’s Son Thrust Into Spotlight Over Religious Exception Bill,"governor asa and his son, seth, have become closest over recent years. seth has long expressed concern for state's future of proposed religious freedom bill. governor's comment was met with resistance from his son, who warns against bill's implementation. he is currently in the process of drafting the bill which would legalize discrimination against gay people.",right,center
Arkansas Governor’s Son Thrust Into Spotlight Over Religious Exception Bill,"governor jokingly said he would support bill that would end discrimination against gays. critics say such laws would hurt Arkansas’ reputation and economy. son argued that state needs to have a ""fair and balanced approach"" to civil rights.",right,center
Arkansas Governor’s Son Thrust Into Spotlight Over Religious Exception Bill,"""it would be surprising to me if he didn’t do that,"" former congressman says. he is no stranger to politics but has spoken out against bill's critics. the governor tells supporters he is considering a tax hike if it passes. the legislation, called religious freedom, is in the works for now.",right,center
Arkansas Gov. Signs Amended Religious Freedom Bill,"a revised version of the bill was signed, one day after it was denied. the state legislature passed a revised version at the governor's request. the amendment is based on provisions that would have allowed businesses to discriminate. in Indiana, some legislators have made changes to the controversial RFRA.",left,left
Arkansas Gov. Signs Amended Religious Freedom Bill,governor asa hutchinson signed revised version of religious freedom reformation bill. he refused to sign earlier version of bill over concerns about lgbt discrimination. he said his son had asked him to veto the bill to make clear that it did not discriminate. changes to state law come amid enormous national backlash.,left,left
Arkansas Gov. Signs Amended Religious Freedom Bill,Arkansas governor signed a revised version of the RFRA. he rejected the previous version over lgbt issues. the amendments came amid enormous national backlash.,center,left
Arkansas Gov. Signs Amended Religious Freedom Bill,governor asa hutchinson signed revised version of state's Religious freedom reformation act. he refused to sign earlier version of bill over concerns about discrimination against LGBT individuals. but lawmakers in april signed new version that changed that. they say no discrimination is allowed under new law.,left,right
Arkansas Gov. Signs Amended Religious Freedom Bill,lawmaker says son vetoed state version over discrimination concerns. governor says his son signed petition asking him to veto the bill. critics say the bill would have hurt the business of lgbt people.,right,right
Arkansas Gov. Signs Amended Religious Freedom Bill,governor asa hutchinson signs revised version of state's RFRA. change comes after opposition to earlier version of RFRA. president bush has come under fire for extending ban.,left,right
Arkansas Gov. Signs Amended Religious Freedom Bill,state legislature passes revised version of religious freedom reformation act. the governor refused to sign earlier version because of discrimination concerns. legislators in Indiana have made changes to the controversial RFRA.,center,center
Arkansas Gov. Signs Amended Religious Freedom Bill,governor asa hutchinson signed revised version of state's religious freedom reformation act. the governor's request came after an earlier version was blocked over concerns. lawmakers in Indiana have made changes to the controversial RFRA.,center,center
Arkansas Gov. Signs Amended Religious Freedom Bill,the governor signs a revised version of the state's religious freedom reformation act. legislation amended provisions that would have allowed businesses to discriminate. governor's son reportedly signed petition asking him to veto the bill.,center,center
Benghazi Panel Wants To Interview Clinton About Emails,"house select committee will not focus on email relating to personal or private matters. in letter, rep. Trey gowdy asks candidate to appear before committee. committee was sent a formal interview request regarding emails she exchanged. reports revealed she used private email address and a server located in her home.",right,left
Benghazi Panel Wants To Interview Clinton About Emails,"house committee on Benghazi sends formal interview request to Hillary Clinton’s lawyer. panel will focus only on emails relating to “Libya and Benghazi during relevant time periods"" bill will be introduced to ensure all relevant documents will be shared with committee.",left,left
Benghazi Panel Wants To Interview Clinton About Emails,bill asked for private chat with actress during her time as secretary of state. report says Clinton used private email address and server in her home. lawmakers want to hear from the 2016 presidential hopeful on whether she would testify publicly.,right,left
Benghazi Panel Wants To Interview Clinton About Emails,"house committee sends formal interview request to Hillary Clinton’s lawyer. request pertains to emails exchanged during her time as secretary of state. committee will focus on emails pertaining to ""Libya and Benghazi during the relevant time periods"" sen. marco rubio has said he is not against hiring a special counsel to handle e-mails.",left,right
Benghazi Panel Wants To Interview Clinton About Emails,house Select Committee on Benghazi sends formal interview request to Hillary Clinton’s lawyer. committee will focus on emails about libya and Benghazi during the relevant time periods. house committee chairman says committee doesn't care about personal or private matters.,right,right
Benghazi Panel Wants To Interview Clinton About Emails,"house select committee on Benghazi sends formal interview request to Clinton's lawyer. request regarding emails she exchanged during her time as secretary of state. house will focus solely on those pertaining to ""Libya and Benghazi during the relevant time periods""",left,right
Benghazi Panel Wants To Interview Clinton About Emails,congressional committee chairman sent formal interview request to Hillary Clinton’s lawyer. committee will focus on emails she exchanged during her time as secretary of state. gowdy said the email server used for emails during her tenure had been wiped clean.,center,center
Benghazi Panel Wants To Interview Clinton About Emails,"House Select Committee on Benghazi sends interview request to Hillary Clinton’s lawyer. committee to focus solely on emails relating to ""Libya and Benghazi"" republican congressman says house will not interview Hillary Clinton again.",left,center
Benghazi Panel Wants To Interview Clinton About Emails,house committee on Benghazi sends formal interview request to Hillary Clinton. request comes after reports revealed she used a private email address and a server in her home. a deadline for the interview is set for the committee's may 1 deadline.,right,center
House Panel Seeks Private Talk With Hillary Clinton About Email,house committee investigating the Benghazi attacks asked for a private interview. committee chairman asked her for testimony about her exclusive use of a personal email account. congressman: it was unusual if not unprecedented for her to say that the emails were deleted. a lawyer said she didn’t need to turn over server because it had no copies of her emails.,left,left
House Panel Seeks Private Talk With Hillary Clinton About Email,"in march, the house committee investigated the Benghazi attacks on a server at her home. house committee chairman asked for a private interview on her use of an email account. in a letter to the committee’s chairman, representative Trey gowdy says there was no need to turn over the server.",left,left
House Panel Seeks Private Talk With Hillary Clinton About Email,house committee investigating the Benghazi attacks wants a private interview. he says her exclusive use of personal email account when she was secretary of state. but her lawyer says the servers were kept because of the absence of government records.,right,left
House Panel Seeks Private Talk With Hillary Clinton About Email,house committee investigating the Benghazi attacks asked her to appear. committee chairman said she must explain her use of a personal email account. her lawyer said the email server had no copies of emails she sent during a time as secretary of state. senator says she hoped the disclosure would help bolster her case.,right,right
House Panel Seeks Private Talk With Hillary Clinton About Email,"house committee investigating the Benghazi attacks asked the secretary of state to appear. house committee chairman wrote to the woman in a letter. committee chairman: ""email arrangement with herself is highly unusual, if not unprecedented""",left,right
House Panel Seeks Private Talk With Hillary Clinton About Email,"house panel investigating the Benghazi attacks asked illinois woman to speak. house chairman tipped off committee to email accounts when she was secretary of state. lady Clinton used a private server for emails she sent during her time in office. a week ago the house committee found she sent only 60,000 emails.",right,right
House Panel Seeks Private Talk With Hillary Clinton About Email,"congressional committee investigating the benghazi attacks asks secretary of state to speak to a private attorney. rep. gowdy says that the email server was free of copies of her emails. he added that disclosure of deletion ""only exacerbates our need to better understand what the secretary did""",left,center
House Panel Seeks Private Talk With Hillary Clinton About Email,"committee investigating the Benghazi attacks asked Hillary Clinton to appear for a private interview. committee chairman asked her to give private interview about her exclusive use of a personal email account. she has no records of emails sent during her time as secretary of state, he says.",right,center
House Panel Seeks Private Talk With Hillary Clinton About Email,congressional panel investigating the Benghazi attacks asked Hillary Clinton. it asked her to appear for private interview about her exclusive use of personal email account. all of the emails from the personal account had been deleted. an examination of the server revealed that it had no copies of emails she sent.,right,center
"In first foreign policy speech, candidate Rubio pushes stronger U.S. leadership",florida republican ran as new presidential candidate. he said he would prioritize strong military to fight off foreign aggression. other foreign policy choices also included more aggressive steps to fight against extremists.,left,left
"In first foreign policy speech, candidate Rubio pushes stronger U.S. leadership","u.s. senator: if elected, he would prioritize a strong military and aggressive steps against nations. he said he would make it a priority even in times of peace and stability. he criticized the president for having ‘arrogance’ and the audacity to ‘dictate our terms’. if elected, he says he would take aggressive steps to fight nations that undermine global commerce.",left,left
"In first foreign policy speech, candidate Rubio pushes stronger U.S. leadership",the senator said the u.s. was losing its place as a world military and moral power. he said he would prioritize a strong military and fight nations that undermine global commerce. he was critical of the president’s reckless behavior in a response to adversity.,left,left
"In first foreign policy speech, candidate Rubio pushes stronger U.S. leadership","u.s. senator says, ""to restore american strength, my first priority will be to adequately fund our military"" ""he has embraced regimes that systematically oppose every principle our nation has long championed,"" he says. his speech will be his first major foreign policy speech since launching his presidential campaign.",left,right
"In first foreign policy speech, candidate Rubio pushes stronger U.S. leadership","he says the u.s. is losing its place as a world military and moral power. president's cautious approach to foreign crises has taken hold, he says. he says the united states should move decisively when aggressive nations are aggressive.",left,right
"In first foreign policy speech, candidate Rubio pushes stronger U.S. leadership","u.s. senator says the need for american strength has not risen since the end of the Cold War. if elected, he'd prioritize a strong military, fight nations that undermine global commerce. he also said the federal government should act after wars by giving priority to russian oil companies. if elected, he would act after a war that began in the late 1980s.",left,right
"In first foreign policy speech, candidate Rubio pushes stronger U.S. leadership","u.s. senator criticized president obama for ""arrogance"" during crisis. americans must fight countries such as china and Iran. the senator also warned u.s. must prevent any risk to global commerce.",right,center
"In first foreign policy speech, candidate Rubio pushes stronger U.S. leadership","the foreign policy speech was first major foreign policy speech since launching his campaign. ""obama demonstrated a disregard for our moral purpose,"" said senator. ""it takes forethought to design and many years to build the capabilities we may need at a moment’s notice,"" he said.",right,center
"In first foreign policy speech, candidate Rubio pushes stronger U.S. leadership","margaret hoover: president obama displayed disregard for our moral purpose. hoover: what is important is a strong military; fighting nations like china, Iran will be top priority. he says it is crucial to build a better defense force that has the capability to win. hoover: the u.s. military is becoming a moral leader in a world burgeoning.",right,center
NJ Gov Chris Christie to Throw His Hat in the Ring for White House Run,"Chris Christie is set to run for the 2016 presidential nomination in livingston, new jersey. he’s expected to announce the results early today, at 11am from his hometown of Livingston. ""it's too early to say what he'll do for a white house run,"" he says.",center,left
NJ Gov Chris Christie to Throw His Hat in the Ring for White House Run,"Christie to announce this morning at 11am from his hometown of Livingston, new jersey. facing an uphill climb for the nomination with low poll numbers and a fundraising deficit. the governor has become a maestro of the town hall meeting, standing in a suit taking questions. meanwhile, a former florida governor has been criticized as a'short-sighted' politician.",right,left
NJ Gov Chris Christie to Throw His Hat in the Ring for White House Run,"former state senator chris christie will be the latest to put his hat in the ring for 2016. governor face an uphill climb for the nomination with low poll numbers. christie will make announcement today at 11am from his hometown of Livingston, new jersey.",left,left
NJ Gov Chris Christie to Throw His Hat in the Ring for White House Run,governor to announce he's running for white house this morning. christopher whitson is tipped to challenge jeb bush for governor. whitson argues that he will not give up on winning the white house. he also expects a short term challenge against a possible republican challenger.,left,right
NJ Gov Chris Christie to Throw His Hat in the Ring for White House Run,"Chris Christie expected to become the latest Republican to throw his hat in the ring for 2016. he’ll make the announcement today at 11am from his hometown of Livingston, new jersey. the governor faces an uphill climb for the nomination with low poll numbers, and a fundraising deficit.",right,right
NJ Gov Chris Christie to Throw His Hat in the Ring for White House Run,"new jersey Gov. Chris Christie expected to become next republican to throw hat in ring for 2016. governor facing uphill climb for nomination with low poll numbers, and fundraising deficit. public debate will be a big part of the election process, says white house committee chairman.",left,right
NJ Gov Chris Christie to Throw His Hat in the Ring for White House Run,"Christie likely to become the latest republican to throw his hat in the ring for 2016. governor faces an uphill climb for the nomination with low poll numbers. he’ll make the announcement today at 11am from his hometown of Livingston, new jersey.",right,center
NJ Gov Chris Christie to Throw His Hat in the Ring for White House Run,"new jersey governor is poised to run for the 2016 white house. john avlon: the governor faces an uphill climb for the nomination with low poll numbers. he’ll make the announcement today at 11am from his hometown of Livingston, new jersey. avlon: he’ll run a race that sells his personality -- brash, challenging and often combative.",left,center
NJ Gov Chris Christie to Throw His Hat in the Ring for White House Run,"Chris Christie expected to be latest Republican to run white house run for 2016. thomas mcdonnell: ""everybody says he hopes this guy wins the election"" despite scandals, governor could be the new favorite in 2016.",left,center
Indiana Governor Says Legislators May Clarify Religious Beliefs Law,the law aims to protect businesses from forced action that imposes burden on religious beliefs. hundreds protested and dozens more injured in suburban areas of the state. state’s chief executive officer has pledged to stop corporate travel. several businesses have been closed because of the law.,center,left
Indiana Governor Says Legislators May Clarify Religious Beliefs Law,business officials cancel jobs in the state due to the religious freedom law. the state signed a religious freedom law into law that protected companies. the law aims to protect religious liberty from being forcefully discriminated against. the law aims to protect organizations from having to act without fear of legal reprisals.,left,left
Indiana Governor Says Legislators May Clarify Religious Beliefs Law,"rep. jason stout: if possible, he will get legislation to clarify the intent of the law. he says religious freedom law protects nonviolent religious organizations. a recent dna test showed christian vendors were obligated to deny a gay couple service. stout: the law would permit them to resist service, to avoid legal retribution.",left,left
Indiana Governor Says Legislators May Clarify Religious Beliefs Law,religious freedom restoration act was signed into law on Thursday. opponents say the law should allow Christian vendors to refuse service to same-sex couples.,right,right
Indiana Governor Says Legislators May Clarify Religious Beliefs Law,governor Mike Pence says he signed religious freedom law into law. he denied assertions that the law protected lgbt persons. the law aims to protect religious beliefs from discrimination.,right,right
Indiana Governor Says Legislators May Clarify Religious Beliefs Law,"president obama visits n.y. to address controversy over state’s religious freedom law. n.j. congressman says indiana law gives citizens greater right to religious freedom. a state spokesman says it's under investigation by president obama. an earlier version of this article reported that religious liberty laws are still ""in the courts""",left,right
Indiana Governor Says Legislators May Clarify Religious Beliefs Law,new: u.s. drone strikes kill dozens of drones and missiles. the texas governor signs a religious freedom law. he's expected to discuss the law with legislators this weekend. the law would protect businesses from being forced to refuse service to same-sex couples.,left,center
Indiana Governor Says Legislators May Clarify Religious Beliefs Law,Indiana’s religious freedom law was signed into law on thursday. it's intended to protect businesses from discrimination against gays and lesbians. this is the seventh legality involving a gay marriage in the state since 1978.,right,center
Indiana Governor Says Legislators May Clarify Religious Beliefs Law,"politicians say they want to stop travel to the state. the governor says he signed the religious freedom restoration bill. in the past several days, officials have canceled flights to the u.s. and europe.",center,center
Mike Huckabee Is Running For President,"ordained southern Baptist minister Mike Huckabee announces he'll run for the 2016 political post. ""i am a candidate for president of the united states of America,"" he said. he'll likely face competition from democratic state Senator. he is the longest-serving governor of Arkansas from 1996 to 2007.",right,left
Mike Huckabee Is Running For President,"a former governor of Arkansas announced he'll run for president. ""the Supreme Court is not the supreme being,"" he said. he'll likely enlist support from the party's far right wing. he also faces competition from tea party favorite, the democratic nominee.",left,left
Mike Huckabee Is Running For President,ordained southern Baptist minister will run for president. he will likely enlist support from party's far right wing. he will face competition from Sen. Ted Cruz.,right,left
Mike Huckabee Is Running For President,"convicted sex offender wants to win over working-class voters. the ordained southern Baptist minister says he will run for president. he will likely face competition from conservative senator. the former governor now faces challenger, republican senator john mccain.",right,right
Mike Huckabee Is Running For President,"the former governor of Arkansas will run for president in 2016. he says he will ""conquer Jihadism"" and protect Social Security. Huckabee is an ordained southern Baptist minister. he lost more than 110 pounds during his tenure as governor.",right,right
Mike Huckabee Is Running For President,"the ordained Southern Baptist minister will run for the 2016 presidential nomination. Huckabee said he'd ""conquer Jihadism"" and protect social security. he will likely win support from the far right, where he faces competition from Sen. Ted Cruz.",right,right
Mike Huckabee Is Running For President,"""i am a candidate for president of the united states of America,"" said state senator. the ordained southern Baptist minister is among evangelical Christians. ""there's a real pathway to the nomination,"" said head of state michael sanders. he faces competition from senator andrew rosinski, r-texas, who is positioned as a tea party favorite.",right,center
Mike Huckabee Is Running For President,"a former republican governor announces he'll run for president. his name is said to be Mike Huckabee, a christian who lost 110 pounds. he said he would defeat ""jihadism"" and protect social security. ""there's a real pathway to the nomination,"" he said.",left,center
Mike Huckabee Is Running For President,"a long-serving Arkansas governor, Mike Huckabee, is running for president. he announced this week he will run for the party's 2016 presidential nomination. the announcement comes after he ran for president in 2008. he'll have to overcome social unrest and protect social security, he said.",center,center
Obama Aide Calls Netanyahu’s Planned Visit ‘Destructive’ to U.S.-Israel Ties,"u.s. national security adviser criticizes israeli pm in white house. ""it’s destructive of the fabric of the relationship,"" she says. president says he won't meet with 'natal party apologists.",left,left
Obama Aide Calls Netanyahu’s Planned Visit ‘Destructive’ to U.S.-Israel Ties,president obama criticized prime minister over alleged partisanship. white house said that the meeting violated protocol. the frankest acknowledgement of the damage done by u.s.-israeli relations.,left,left
Obama Aide Calls Netanyahu’s Planned Visit ‘Destructive’ to U.S.-Israel Ties,president has said he will not meet with prime minister of Israel during his visit. his comments marked strongest public rebuke to date by the administration. the president has said he will not meet with the prime minister of Israel.,left,left
Obama Aide Calls Netanyahu’s Planned Visit ‘Destructive’ to U.S.-Israel Ties,"president president obama's national security adviser sharply criticizes the prime minister of Israel. she says his action has hurt his nation’s relationship with the united states. prime minister's visit has “injected a degree of partisanship,"" she says. top administration officials have hinted more openly of their displeasure in recent days.",left,right
Obama Aide Calls Netanyahu’s Planned Visit ‘Destructive’ to U.S.-Israel Ties,president says he will not meet with prime minister to avoid appearance that he is trying to influence elections. senior administration officials have hinted more openly of their displeasure in recent days. former u.s. ambassador to israel says he is not supporting a deal with Iran.,center,right
Obama Aide Calls Netanyahu’s Planned Visit ‘Destructive’ to U.S.-Israel Ties,"nsa spokesman: it's not possible to avoid a similar apology in the future. the white house has said u.s. will not meet with a Netanyahu during his visit. the incident has touched off weeks of mostly anonymous sniping and finger-pointing. if it is true, u.s. might come back with new measures that end terrorism.",left,right
Obama Aide Calls Netanyahu’s Planned Visit ‘Destructive’ to U.S.-Israel Ties,"president has said he will not meet with the prime minister. frank comments are consistent with what the president has said, a spokesman says. last week the nation gained $600 million through private equity investments.",left,center
Obama Aide Calls Netanyahu’s Planned Visit ‘Destructive’ to U.S.-Israel Ties,the president has said he will not meet with Mr. Netanyahu during his visit. he said the visit has hurt his nation’s relationship with the united states. a top official said she did not know whether he and the president knew about the visit.,left,center
Obama Aide Calls Netanyahu’s Planned Visit ‘Destructive’ to U.S.-Israel Ties,u.s. president is scheduled to meet with speaker of u.s. congress this week. his position on the speech has been criticized by president and top officials. he cited a lack of a consensus that there is a political element to the visit. a compromise would also weaken the u.s.-israeli ties.,left,center
"Clinton, advisers have lots to say on key trade legislation, except where candidate stands","the trans-pacific partnership trade plan is a measure that has splits president of the u.s. from a coalition of 11 other nations. the proposal would give the president “fast-track” authority to approve pending trade deals with 11 Pacific Rim nations. this would be the second effort to give the president the authority to approve trade deals. ""if we don't get it, there should be no deal,"" says Clinton.",right,left
"Clinton, advisers have lots to say on key trade legislation, except where candidate stands","""let's take the lemons and turn it into lemonade,"" Clinton said at a supporter event. ""the president should listen to and work with his allies in congress,"" she said. the proposal would give president ""fast-track"" authority to approve pending trade deals. it would not modify the deal unless the president receives ""a new commitment""",right,left
"Clinton, advisers have lots to say on key trade legislation, except where candidate stands",the deal would give the president “fast-track” authority to approve pending trade deals with 11 Pacific Rim nations. liberals and labor unions have said the plan will cost U.S. jobs. Clinton appeared to be seeking a middle ground at the Iowa State fairgrounds in iowa.,right,left
"Clinton, advisers have lots to say on key trade legislation, except where candidate stands","""let's take the lemons and turn it into lemonade,"" Clinton tells supporters. a trade bill will give president 'fast-track' authority to approve pending trade deals with 11 Pacific Rim nations. liberals and labor unions have said the plan will cost U.S. jobs. the deal has not been finalized or submitted to congress.",right,right
"Clinton, advisers have lots to say on key trade legislation, except where candidate stands","""let's take the lemons and turn it into lemonade,"" sen. joe biden says of trade proposal. she said 'let's make it as good as it can be, and then let's make a decision' i'm trying to balance her view on a trade package and her views on economy. she did not indicate if she supports the package, but said she will look at it in light of the problems.",left,right
"Clinton, advisers have lots to say on key trade legislation, except where candidate stands","democratic strategists criticize a trade bill that has splintered president's trade agenda. the president could ask congress if they agree to the deal, she said. a retraining program was defeated to jeopardize this year's proposal. she said she has a ""happy ending"" on the proposed deal.",left,right
"Clinton, advisers have lots to say on key trade legislation, except where candidate stands","""let's take the lemons and turn it into lemonade,"" Clinton tells supporters. Clinton declines to say whether she supports or opposes the trade legislation. ""let's do it, and then let's make it as good as it can be,"" Clinton said. the legislation would give the president ""fast-track"" authority to approve pending trade deals with 11 Pacific Rim nations.",right,center
"Clinton, advisers have lots to say on key trade legislation, except where candidate stands","""let's take the lemons and turn it into lemonade,"" Hillary Clinton said. the trade proposal has splintered Obama from house Minority Leader Nancy Pelosi and rank-and-file Democrats. Clinton spoke at the Iowa state fairgrounds to some 600 supporters.",right,center
"Clinton, advisers have lots to say on key trade legislation, except where candidate stands","'let's take the lemons and turn it into lemonade' said thomas charles. she also appeared to be seeking a middle ground. she declined to say whether she supports or opposes the trade bill. the legislation would give the president ""fast-track"" authority to approve pending trade deals with 11 Pacific Rim nations.",right,center
Hillary Clinton's use of private email address while secretary of state draws scrutiny,a house committee discovered the existence of a personal email account by a house committee. a democratic republican group said it had gathered emails from the former secretary of state. some observers have questioned whether or not the emails are still active.,left,left
Hillary Clinton's use of private email address while secretary of state draws scrutiny,"it is unclear how Clinton's advisers selected which emails to turn over to the State Department. the fate of emails to foreign leaders, private citizens, and non-State Department officials is unclear. aides did not take any action to preserve emails on department servers.",left,left
Hillary Clinton's use of private email address while secretary of state draws scrutiny,former secretary of state was only able to send official communications to officials via personal account. but her aides took no action to preserve emails on department servers. no official documents were available for the records on state.gov servers.,left,left
Hillary Clinton's use of private email address while secretary of state draws scrutiny,"""we immediately said yes,"" a Clinton spokesman says. u.s. department of justice asks if emails should be kept for archival purposes. a congressional committee has now discovered the account.",center,right
Hillary Clinton's use of private email address while secretary of state draws scrutiny,federal law requiring official messages to be retained for the record challenges a stewardship move. a house committee discovered that she did not have a government email address. the fate of emails between her and Department officials with state.gov accounts is unclear. the former secretary of state has denied any wrongdoing.,left,right
Hillary Clinton's use of private email address while secretary of state draws scrutiny,"the fate of emails to foreign leaders and non-State Department officials is unclear. aides took no action to preserve Clinton's emails on department servers. spokesman: ""we immediately said yes"" if emails to other official's are preserved. in 2012, intel broke into private homes of women, and russia and israeli citizens.",left,right
Hillary Clinton's use of private email address while secretary of state draws scrutiny,"secretary of state didn't even have government email address during her tenure. there are still doubts about where emails are held, but the fate is unclear. spokesman: Clinton expected emails to officials to be preserved.",left,center
Hillary Clinton's use of private email address while secretary of state draws scrutiny,house probe discovered emails were only emailed to officials with state.gov account. revelation raises questions about access to full archive of emails.,right,center
Hillary Clinton's use of private email address while secretary of state draws scrutiny,"democrats question whether former secretary of state is keeping emails for archival purposes. aides in washington say obama administration ""sought yes"" for retaining emails. emails to foreign leaders, private citizens, and non-State Department officials unclear. state department says it has a ""wide array of records,"" including emails between Clinton and officials.",right,center
Hillary Clinton Asks State Department to Vet Emails for Release,"secretary of state john kerry, others are awaiting emails from a personal account of a Clinton employee. she said last week that ""no other departments or agencies"" have received her emails. the memo lists details of her emails, which are not yet publicly available.",left,left
Hillary Clinton Asks State Department to Vet Emails for Release,"former officials say they were examining documents relating to the 2012 attacks. emails sent to and from official departmental account for Hillary rodham Clinton. spokesman says the emails were kept, but it is a private email account.",right,left
Hillary Clinton Asks State Department to Vet Emails for Release,"new: a committee chairman criticized the move. among documents reviewed, there were no emails for Mrs. Clinton. an official says the request raises questions about the account and why it is missing.",left,left
Hillary Clinton Asks State Department to Vet Emails for Release,Clinton spokesman says move aimed at updating department's record management system. official: emails sent to and from official departmental account for hr-clifford. official: hr-clifford acted independently of former secretary of state. source: the emails were all sent to and from a personal account for hr-clifford.,center,right
Hillary Clinton Asks State Department to Vet Emails for Release,some of the documents examined were from a personal account for the former secretary. the emails were emailed to and from an official departmental account for the former secretary. the public disclosure of the emails comes ahead of the summer.,center,right
Hillary Clinton Asks State Department to Vet Emails for Release,official: there are no emails from official departmental account for Mrs. Clinton. secretary of state John Kerry pushed the state department to hand over documents. one email was going to a private account.,left,right
Hillary Clinton Asks State Department to Vet Emails for Release,"it took several months to respond to house committee requiring. but the department says there were no emails to or from an official account. now, it is giving the Clintons their personal email addresses. the emails, of which a personal one is not a classified document, are now in the public domain.",center,center
Hillary Clinton Asks State Department to Vet Emails for Release,"the former secretary of state gave over her emails to and from a personal account for hriri clinton. among the documents in question, there were no emails to or from an official account for her. her emails and documents show that she primarily used a private account.",left,center
Hillary Clinton Asks State Department to Vet Emails for Release,a house committee is investigating the 2012 attacks in Libya. officials say the emails were sent to and from a personal account for Hillary. she is using her private email account to file letters about her government work. but some emails have been removed from the account over the last few months.,right,center
Marco Rubio to Outline His Approach to Foreign Policy,"in a speech before the Council on Foreign Relations in new york, senator Marco Rubio will outline his own approach to foreign policy. in his speech, he will promise to use American power to oppose any violations of international waters, airspace, cyberspace or outer space. his first priority will be to “adequately fund” the nation’s military, his campaign says.",center,left
Marco Rubio to Outline His Approach to Foreign Policy,"sen. Marco Rubio will outline his own approach to foreign policy in speech. he promises to use American power to oppose any violations of international waters. as president, he will commit to preserving moral clarity of country's core values.",right,left
Marco Rubio to Outline His Approach to Foreign Policy,Marco Rubio is set to outline his own approach to foreign policy. his main priority will be to “adequately fund” the nation’s military. he will offer his greater vision of the country’s broader role in the world.,left,left
Marco Rubio to Outline His Approach to Foreign Policy,"senator Marco Rubio to outline his own approach to foreign policy. he will promise to use American power to oppose international waters, airspace, cyberspace. republican could help him stand out in crowded primary field.",left,right
Marco Rubio to Outline His Approach to Foreign Policy,"Marco Rubio will outline his approach to foreign policy in speech before council. he promises to use american power to oppose “any violations of international waters"" while in congress, he will pledge not to “adequately fund” the nation's military. he is one of four senators endorsed by the republicans, one democrat and one republican.",left,right
Marco Rubio to Outline His Approach to Foreign Policy,"american people see their cries, see their suffering, desire their freedom, senator says. he pledges to ""adequately fund"" the nation’s military, as president. ensuring american strength, protecting the economy in a globalized world will be top priority.",right,right
Marco Rubio to Outline His Approach to Foreign Policy,"in his speech, Marco Rubio pledges to use American power to oppose any violations of international waters, airspace, cyberspace or outer space. ""adequately fund"" the nation’s military, he says. the 2016 presidential candidate is a former senator in congress.",center,center
Marco Rubio to Outline His Approach to Foreign Policy,"Rubio will outline his own approach to foreign policy before the council on foreign relations. he will promise to use American power ""to oppose any violations of international waters, airspace, cyberspace or outer space"" he will pledge ""to defend any violations of international waters, airspace, cyberspace or outer space""",left,center
Marco Rubio to Outline His Approach to Foreign Policy,"Marco Rubio will outline his own approach to foreign policy in a speech. he will promise to use American power ""to oppose any violations of international waters"" he will also defend the economy in a globalized world and promote rights for the vulnerable.",left,center
Marco Rubio Lays Out Hawkish Foreign Policy Doctrine Invoking Kennedy,"the presidential candidate speaks about the ""Rubio Doctrine"" the conservative senator says he sees the world as safer and more globalized.",left,left
Marco Rubio Lays Out Hawkish Foreign Policy Doctrine Invoking Kennedy,"defiant senator, who is running for u.s. nomination, says world better if power abroad. '""moral clarity regarding America’s core values,"" he says in remarks. he defends criticism of democrats over use of foreign-policy terminology.",right,left
Marco Rubio Lays Out Hawkish Foreign Policy Doctrine Invoking Kennedy,"senator says if we took a step back and ceded leadership to other countries, we would be safer. ""american strength is the means of preventing war, not promoting it,"" he says. in his speech he also takes a swipe at democratic presidential hopeful Hillary Clinton.",right,left
Marco Rubio Lays Out Hawkish Foreign Policy Doctrine Invoking Kennedy,"filipino senator calls on presidents to do more 'nation building at home' in foreign policy. he defends the ""bravo Doctrine"" for projecting power globally. u.s. military would be heavier, Rubio calls the world safer. critic says republicans should denounce american aggression for ""non-american ideology""",left,right
Marco Rubio Lays Out Hawkish Foreign Policy Doctrine Invoking Kennedy,"presidential hopeful outlines 'Rubio Doctrine' in speech. he takes a swipe at Democratic presidential hopeful Hillary Clinton. he calls for a federal fund to fund development aid, or a u.s. military.",left,right
Marco Rubio Lays Out Hawkish Foreign Policy Doctrine Invoking Kennedy,"the florida senator has written that it's the time for a global alliance. in his recent foreign policy speech he attacked presidential hopeful Hillary Clinton. ""you can't be successful in a foreign policy, but you can be a human being""",left,right
Marco Rubio Lays Out Hawkish Foreign Policy Doctrine Invoking Kennedy,democratic senator criticizes presidential hopefuls. he says obama administration should spend more time protecting the environment. obama will return to south africa later this month.,left,center
Marco Rubio Lays Out Hawkish Foreign Policy Doctrine Invoking Kennedy,"""moral clarity regarding America’s core values,"" says Marco Rubio. the florida senator lays out what his campaign calls the ""Rubio Doctrine"" in a speech at the council on foreign relations. he takes a swipe at democratic presidential hopeful Hillary Clinton.",right,center
Marco Rubio Lays Out Hawkish Foreign Policy Doctrine Invoking Kennedy,"""american strength is a means of preventing war, not promoting it,"" Rubio said. ""moral clarity regarding America’s core values,"" he said in his campaign speech. he said the world would be safer if the military had a bigger budget.",left,center
Benghazi committee seeks 'transcribed' interview with Clinton over deleted records,a congressional committee will call on october 29 to interview secretary of state. committee chairman says the server she used for official business was wiped clean. the committee is interested only in emails relating to her response to the 2012 attacks.,right,left
Benghazi committee seeks 'transcribed' interview with Clinton over deleted records,"congressional committee wants testimony from secretary of state. committee chief says he wants a ""transcribed"" interview. republican says secretary of state has not yet adequately addressed issue. he said his inquiry in an october letter aims to find out how she handled email server.",center,left
Benghazi committee seeks 'transcribed' interview with Clinton over deleted records,"committee asks that Clinton appear for an interview on her use of a personal email server. hillary clinton has not formally responded to the subpoena request. clinton admitted to sending or receiving roughly 60,000 related emails in 2011. congressional chairman, republican rep. Trey Gowdy, says he wants to have ""separate conversations""",left,left
Benghazi committee seeks 'transcribed' interview with Clinton over deleted records,"a congressional committee is asking that hilary cooper appear before the committee for an interview. she admits to sending or receiving roughly 60,000 related emails over eight months. a month ago, she told the committee she permanently deleted all emails. committee chief rep. Trey gowdy said the sec's wiping of the server had kept her data from being accessed.",right,right
Benghazi committee seeks 'transcribed' interview with Clinton over deleted records,"congressman asks that secretary of state be interviewed on her use of e-mail server. gowdy says the committee learned that the server had been ""wiped clean"" and permanently deleted. he calls on her to have separate conversation about the Benghazi attacks. committee hopes the interview will help to understand decisions on her own in making such decisions.",center,right
Benghazi committee seeks 'transcribed' interview with Clinton over deleted records,committee members want to know who used server for official business. rep. john king makes offer to interview as a private speaker. king says he's skeptical of a presidential bid by the democrats.,center,right
Benghazi committee seeks 'transcribed' interview with Clinton over deleted records,"committee members ask that a ""transcribed"" interview be held on her server. the server has been ""wiped clean"" since early january, gowdy writes. he has asked that secretary of state go further on this.",left,center
Benghazi committee seeks 'transcribed' interview with Clinton over deleted records,"congressional committee seeks interview with president of the united states. obama to testify next week about hilary clinton's use of public servers. republican sends letter to Clinton's lawyer. committee chairman: ""it's a matter of human rights""",left,center
Benghazi committee seeks 'transcribed' interview with Clinton over deleted records,"republican chairman to congressional panel: ""we are left with no alternative"" to ask for an interview. congressional committee investigating the 2012 terror attacks on a military base in Libya. republican members of the committee have called for a ""transcribed"" interview. the group has asked that secretary of state hillary clinton answer questions about deleting personal emails.",left,center
Hillary Clinton Releases Tax Returns Going Back To 2007,"lisa mccain releases 10 percent of her income on tax return. former secretary of state and Democratic presidential candidate released the returns. their income included $9.4 million from her own business, according to tax returns.",right,left
Hillary Clinton Releases Tax Returns Going Back To 2007,"hilary and bill Clinton earned roughly $141 million from book sales and speeches. couple paid nearly $44 million in federal income taxes from 2007 to 2014, tax returns show. return shows couple paid $43,885,310 in federal taxes and $13,625,777 in state and local taxes.",right,left
Hillary Clinton Releases Tax Returns Going Back To 2007,"former secretary of state release tax returns showing she and her husband paid nearly $44 million in taxes. the couple earned roughly $141 million over eight years and paid nearly $44 million in federal income taxes. the returns show the Clintons made roughly $106,450 in charitable contributions during that time.",right,left
Hillary Clinton Releases Tax Returns Going Back To 2007,"ex-secretary of state and democratic presidential candidate released tax returns on her campaign website. Clintons made $140,937,785 over eight years primarily from book sales and speaking fees. bill and yehudia paid $43,885,310 in federal taxes and $13,625,777 in state and local taxes.",left,right
Hillary Clinton Releases Tax Returns Going Back To 2007,hilary and bill Clinton paid nearly $44 million in federal income taxes. former secretary of state released tax returns on her campaign website. hilary and bill earned roughly $141 million from book sales and speaking fees.,center,right
Hillary Clinton Releases Tax Returns Going Back To 2007,Clintons earned roughly $141 million from book sales and speeches in 2014. the couple paid nearly $44 million in federal income taxes from 2007 to 2014. the former secretary of state and democratic presidential candidate released the returns on her campaign website.,right,right
Hillary Clinton Releases Tax Returns Going Back To 2007,"tax returns show bill and Hillary Clinton made $44,4 million. the former secretary of state and Democratic presidential candidate released the returns. her health records showed the couple made over 10 percent of their income to charity.",right,center
Hillary Clinton Releases Tax Returns Going Back To 2007,"Hillary and bill Clinton earned roughly $141 million over eight years, tax returns show. she released tax returns on her campaign website. the Clintons paid nearly $44 million in federal income taxes. the couple paid $43,885,310 in federal taxes and $13,625,777 in state and local taxes.",right,center
Hillary Clinton Releases Tax Returns Going Back To 2007,"sally kohn: tax returns show Clintons pay $44 million in income taxes. kohn: tax returns show couple earned $141 million from books sold and speeches. she says husband-wife also made $10,99,000 from speeches, health records. kohn: reforming tax code can help. ""reform the tax code can help""",left,center
Arkansas governor seeks changes in religious freedom bill,"governor has urged state lawmakers to reverse bill against religious bias in state. lawmakers will ""recall"" the bill, he said, or pass additional legislation. opponents of the bill say the bill was a ""ceasefire"" of the 1993 federal law. governor has faced pressure from state's top employers to veto it.",left,left
Arkansas governor seeks changes in religious freedom bill,"governor says he is considering executive order to combat discrimination. new: ""it doesn't feel right. there is no excuse for wanting to make a big change,"" his son tells a texas paper. his veto urges that the bill be ""recalled"" or passed to ""remedy"" the issue. opposition from companies and a public health group threw away the bill.",left,left
Arkansas governor seeks changes in religious freedom bill,"governor urges state lawmakers to change controversial religious freedom bill. bill prohibits state and local governments from infringing upon someone's religious beliefs. critics say it would allow discrimination by businesses based on sexual orientation. ""this bill is not really complicated,"" governor Asa Hutchinson says during press conference.",right,left
Arkansas governor seeks changes in religious freedom bill,"governor urges state lawmakers to ""recall"" religious freedom bill. he had initially said he planned to sign it but backed off as his state became focal point. state has been criticized for allowing businesses to discriminate on sexual orientation. but critics warn its expanded language may come at cost to state workers.",right,right
Arkansas governor seeks changes in religious freedom bill,"governor urges state lawmakers to change religious freedom bill. his state is center of backlash over ""criminalization"" bill. critics say bill will allow discrimination based on sexual orientation.",right,right
Arkansas governor seeks changes in religious freedom bill,new: Arkansas governor urges state lawmakers to change religious freedom law. new: he wants changes made to make it more closely mirror a 1993 federal law. critics had questioned if the bill would allow business discrimination based on sexual orientation. governor's appeal for change prompted an unanimity within a state legislature.,left,right
Arkansas governor seeks changes in religious freedom bill,"in protest at bill, Republican governor urges changes to law on religious freedom. in response to criticism, he says legislation is not compliant. governor has faced pressure from several state employers.",center,center
Arkansas governor seeks changes in religious freedom bill,state governor backs off rescinding religious freedom bill. he says he wants changes made so it more closely mirrors 1993 federal law. a report has said a similar bill in Indiana could allow discrimination based on sexual orientation. an independent state panel is considering the bill; a state executive vetoes the bill.,center,center
Arkansas governor seeks changes in religious freedom bill,"state gop governor backs off on religion-rights bill. he said he wants the bill ""recalled"" or passed legislation to address the issue. his decision comes amid calls for veto of religious freedom bill. if the bill passes, it will go forward until its supporters can demonstrate their intent.",left,center
John McCain Suggests Hillary Clinton's Use Of Personal Email Was Hypocritical,"""on its face, it seems to be rather serious,"" says sen. john McCain. a former secretary of state, she may have violated federal records law by making personal emails public. the rules against using private email were not relayed to government officials until 2014. democrats argued that privacy protections for her emails are violated.",center,left
John McCain Suggests Hillary Clinton's Use Of Personal Email Was Hypocritical,"sen. meek camp says only the emails she sent are publicly available. former secretary of state was criticized for secrecy. campaign says emails are public, but she's still reluctant to reveal details. sen. patrick thompson calls the controversy ""serious""",left,left
John McCain Suggests Hillary Clinton's Use Of Personal Email Was Hypocritical,"McCain says she wants all emails, emails to be publicly available. sen. chris christie criticized the use of personal email account. christie claimed she is a ""strong supporter of cronyism run amok""",left,left
John McCain Suggests Hillary Clinton's Use Of Personal Email Was Hypocritical,"'i think this is serious' suggests republican presidential candidate. the former u.s. secretary of state has a private email account. there's no way to know if all of Clinton's emails have been saved. ""we know about the secret wiretaps and we know about the secret military tribunals,"" she said.",left,right
John McCain Suggests Hillary Clinton's Use Of Personal Email Was Hypocritical,"senator says ""stunning record of secrecy and corruption"" during time as secretary of state. john McCain says personal email use is hypocritical for democratic nominee. former gop presidential candidate jeb bush says such a misuse shows lack of transparency.",left,right
John McCain Suggests Hillary Clinton's Use Of Personal Email Was Hypocritical,"John McCain: using email while secretary of state was hypocritical. aclu says that's because she's a ""symbol"" for administration. Clinton tweeted she would make her emails publicly available.",left,right
John McCain Suggests Hillary Clinton's Use Of Personal Email Was Hypocritical,"McCain argued that she had to give public all her emails to the government. he said the use of personal emails was hypocritical. he criticized ""secret wiretaps,"" ""secret military tribunals,"" secret emails.",left,center
John McCain Suggests Hillary Clinton's Use Of Personal Email Was Hypocritical,"sen. jeb bush, r-ariz., suggested that Clinton’s exclusive use of personal email was hypocritical. sen. joseph bezos criticized the use of personal email at the white house. it is unclear whether her emails have been saved but they were not originally retained. in a tweet, he said she's asking the state department to make her emails publicly available.",right,center
John McCain Suggests Hillary Clinton's Use Of Personal Email Was Hypocritical,"her use of email in 2014 may have violated records law, the new york times reported. she asked the state department to make her private emails publicly available. the emails were not originally retained by the government. now, in her tweet, she says she wants them public because of a lack of transparency.",left,center
Hillary Clinton: Obama Should Listen To Nancy Pelosi On Trade,"a trade bill to give president power to speed up international deals was blocked by house. democratic presidential candidate's campaign says she does not believe in trade. ""no president would be a tougher negotiator on behalf of American workers,"" she says.",right,left
Hillary Clinton: Obama Should Listen To Nancy Pelosi On Trade,a trade bill was rejected on Friday. some republicans voted against the measure. but they won't get it through the next week. a congressional majority on friday approved the measure.,center,left
Hillary Clinton: Obama Should Listen To Nancy Pelosi On Trade,democratic presidential hopeful Hillary Clinton encourages president obama to listen to pelosi on trade. Pelosi took to the house floor for his opposition to trade legislation. house Democrats rejected the president's trade agenda in overwhelming numbers.,right,left
Hillary Clinton: Obama Should Listen To Nancy Pelosi On Trade,"cnn's max foster gives u.s. a run at presidential election. ""the president should listen to and work with his allies in Congress,"" she says. Clinton seems to suggest she would seek to negotiate trade deal as president.",left,right
Hillary Clinton: Obama Should Listen To Nancy Pelosi On Trade,"Clinton says president should listen to sen. pelosi on trade. ""there should be no deal"" if the deal isn't made in the final, she says. the gop candidate is campaigning in the u.s. for the white house this week.",right,right
Hillary Clinton: Obama Should Listen To Nancy Pelosi On Trade,"democrat Hillary Clinton encourages president barack obama to listen to house minority leader. u.s. government slaps back on ""trade war"" through deal that would have allowed trade bill to be delayed. democrats reject obama's plan by blocking legislation that would have allowed trade to fast-track sweeping agreements through congress. candidates for president and vice president have vowed to make trade as good as it can be.",left,right
Hillary Clinton: Obama Should Listen To Nancy Pelosi On Trade,democratic presidential hopeful Hillary Clinton encourages president Barack Obama on trade. pelosi took to the house floor friday to oppose trade legislation. House democrats rejected the president's trade agenda in overwhelming numbers. Clinton appears to suggest she will seek to negotiate the trade deal as president.,right,center
Hillary Clinton: Obama Should Listen To Nancy Pelosi On Trade,"Hillary Clinton says she wants to make ""the best, strongest deal possible"" democrats reject trade bill that would have given him power to fast-track international deals. it would be the first time such legislation has been approved by house democrats.",left,center
Hillary Clinton: Obama Should Listen To Nancy Pelosi On Trade,"democratic presidential candidate Hillary Clinton wants president obama to listen to pelosi. she calls on his advisers to work together on trade issues. iran's governor threatens to 'prove' the deal, says ""senator sen. melania romney"" she urges republicans to allow pelosi to have a fair and transparent discussion.",left,center
Hillary Clinton Urges Obama to Listen to Democrats on Trade Deal,". if she were president, she would not abandon the 12-nation Pacific trade. deal should reflect concerns about protecting american jobs and wages, she said.",right,left
Hillary Clinton Urges Obama to Listen to Democrats on Trade Deal,"clinton urges president obama to work with his allies in congress to change trade deal. obama won't support her as secretary of state if she doesn't go all-in on the deal. democrats have been critical of the deal, including congressional republicans.",left,left
Hillary Clinton Urges Obama to Listen to Democrats on Trade Deal,u.s. secretary of state Hillary rodham Clinton says congress could work for a better deal. she argues a deal without a deal would mean a jobless raft of 'unfavorable' parts. this is not the first time she has spoken to congressional Democrats on the deal. the former secretary of state uses the opposition to negotiate more trade deals.,left,left
Hillary Clinton Urges Obama to Listen to Democrats on Trade Deal,the former secretary of state laid out a far more calibrated position on the deal than many Democrats have taken. she declined to take sides on the Friday vote itself but instead allied herself with democratic critics of the deal.,left,right
Hillary Clinton Urges Obama to Listen to Democrats on Trade Deal,"in her first detailed comments on the trade deal since the house refused on friday to allow Mr. Obama to negotiate it freely, she laid out a far more calibrated position on the deal than many Democrats and Republicans have taken. she also allied herself with Democrats who have expressed concerns about the impact that a weak agreement would have on our workers. in this latest move, the secretary of state urged president obama to consider cutting back on the 12-nation deal.",left,right
Hillary Clinton Urges Obama to Listen to Democrats on Trade Deal,"she said that if she were president, she would not abandon the 12-nation trade deal. she said the house refused on Friday to allow the president to negotiate it freely.",right,right
Hillary Clinton Urges Obama to Listen to Democrats on Trade Deal,"if she were president, she would not abandon the trans-pacific Partnership deal. she said the vote gave him “this amazing opportunity” to seek concessions from partners. the trade deal was signed into law by president george w. bush in 1998.",left,center
Hillary Clinton Urges Obama to Listen to Democrats on Trade Deal,"""if we don’t get it, there should be no deal,"" Clinton says in speech at rallies in. former secretary of state is arguing that congress should act on the trade deal. ""the president should listen to and work with his allies,"" she says.",right,center
Hillary Clinton Urges Obama to Listen to Democrats on Trade Deal,"secretary of state has taken a far more calibrated position than many others. she declined to take sides on the Thursday vote itself, but instead allied herself with critics. if she were president, she would use the opposition in congress as negotiating leverage.",left,center
"Huckabee announces 2016 White House bid, with focus on economy and security | Fox News","former Arkansas governor and former president vowed to end'stagnant wages' he also vowed to protect Medicare and defeat radical Islamic terrorism. he vowed to end ""stagnant wages,"" protect Medicare and give states more say in government.",right,left
"Huckabee announces 2016 White House bid, with focus on economy and security | Fox News","new: ""hope to higher ground"" actor john avlon says he will fight for the civil rights of women. former boss of a conservative radio network says he'll be ""the only one"" running for president. avlon: ""we will no longer try to contain Jihadism. we will conquer it"" avlon: he vowed to end ""stagnant wages"" and protect Medicare.",left,left
"Huckabee announces 2016 White House bid, with focus on economy and security | Fox News","former Arkansas gov. mike huckabee announced he is running for president. he plans to address a range of subjects from economics to security. ""it’s a long way from a little brick rented house to the white house,"" he says.",right,left
"Huckabee announces 2016 White House bid, with focus on economy and security | Fox News","former arkansas governor wants to end ""stagnant wages"" and protect Medicare. he is also going to give states more influence in government and education. the 59-year-old ran for president in 2008 after winning eight states and one state.",right,right
"Huckabee announces 2016 White House bid, with focus on economy and security | Fox News","59-year-old former governor of Arkansas announces he is running for president. he made announcement in his hometown of Hope, Arkansas, on wednesday. ""i always believed that kid could go from hope to higher ground,"" he said. he vowed to end ""stagnant wages"" and protect Medicare.",right,right
"Huckabee announces 2016 White House bid, with focus on economy and security | Fox News",a former governor is running to replace an older one. the former republican governor has left his job as a news host in preparation for a potential 2016 run. he's set to appear on the conservative obama show.,left,right
"Huckabee announces 2016 White House bid, with focus on economy and security | Fox News","former republican governor is running for president in 2016. the former governor's message is an economic, security-oriented message. his campaign will face stiff competition from conservative candidates. he won eight states from 2008.",left,center
"Huckabee announces 2016 White House bid, with focus on economy and security | Fox News",former former federal government governor announces he's running for president. he took a swipe at president obama for declining to recognize the terrorists.,right,center
"Huckabee announces 2016 White House bid, with focus on economy and security | Fox News","new: former Arkansas governor says he has 'nothing to fear' in his presidential bid. former naacp rep. jonathan davis says the presidential race is largely over. he took a swipe at the president for not recognizing the terrorists. ""i wonder if he can watch a western from the '50s,"" he tells voters.",left,center
Mike Huckabee on the Issues,former republican gov. Mike Huckabee will run for president on thursday. he opposes same-sex marriage. he says same-sex marriage is a lifestyle choice. he opposes a cap and trade bill meant to curtail carbon emissions.,left,left
Mike Huckabee on the Issues,"former Republican governor of Arkansas announced his run for president on thursday. he opposes same-sex marriage, calling homosexuality lifestyle choice akin to drinking. he says he supports forceful military action against the Islamic State.",right,left
Mike Huckabee on the Issues,"the former republican governor announced his bid for u.s. presidency on thursday. he opposes same-sex marriage and says a nuclear deal with Iran is ""terrible"" but he has spoken of the possibility of using military force against the Islamic State.",right,left
Mike Huckabee on the Issues,gov. hillary clinton says he can't run for president and isn't confident. the former governor says he is a strong defender of israel. he has said he supports forceful military action against the Islamic State.,center,right
Mike Huckabee on the Issues,former republican gov. Huckabee has stepped up his campaign. he opposes same-sex marriage and says the tax reform act is a mistake. he also opposes a proposed nuclear deal with Iran.,left,right
Mike Huckabee on the Issues,gov. mike huckabee is running for the u.s. presidency on monday. he says same-sex marriage and tax reform are key issues. he is not opposed to the minimum wage.,left,right
Mike Huckabee on the Issues,"former republican gov. Mike Huckabee is preparing to run for the presidency. he opposes the federal government's proposed cap and trade legislation. he drew a mixed response to what he sees as a ""citizen's trap"" for president obama.",right,center
Mike Huckabee on the Issues,"former republican gov. Mike Huckabee has announced his run for president. he has fought against the ""cap and trade"" laws meant to curtail carbon emissions. but he also opposes same-sex marriage, criticizing government interference. he warns that radical Islam is a grave threat to the united states.",right,center
Mike Huckabee on the Issues,"former gov. Mike Huckabee has announced his run for president on thursday. he has opposed calls for a higher minimum wage, calling it government intrusion. he opposes same-sex marriage and says it is a lifestyle choice akin to drinking or swearing.",right,center
"Washington gov, Seattle mayor ban official travel to Indiana in wake of 'religious freedom' law","an openly gay man and Seattle mayor ban government-funded travel to Indiana. the move comes as 15 other states have introduced laws to craft or alter religious freedom. ""The new law does not discriminate,"" inslee says.",right,left
"Washington gov, Seattle mayor ban official travel to Indiana in wake of 'religious freedom' law","lawmakers move to clarify religious freedom legislation. ""the new law does not discriminate,"" the governor says. the law allows a business to assert a right to ""the free exercise of religion"" a spokesman for the federal government says he isn't aware of the problem.",left,left
"Washington gov, Seattle mayor ban official travel to Indiana in wake of 'religious freedom' law","new: legislators ""will impose an administration-wide ban on state-funded travel"" inslee, Murray say law doesn't reflect Seattle residents' values. a democrat who is openly gay voted for the ban during a special session this week. 15 other states have introduced legislation in 2015 to craft or alter their religious freedom.",left,left
"Washington gov, Seattle mayor ban official travel to Indiana in wake of 'religious freedom' law","a ""religious freedom"" law allows ""free exercise of religion"" on state-funded travel. washington governor says new law violates equality 101, has banned government-funded travel. ""the new law does not discriminate,"" state senator David Long says. 15 other states have introduced laws to craft or alter their religious freedom.",right,right
"Washington gov, Seattle mayor ban official travel to Indiana in wake of 'religious freedom' law","state legislators move to clarify federal legislation about religious freedom. backlash against law increases in wake of inslee, Murray bans government-funded travel. 13 other states have introduced legislation to craft or alter religious freedom.",left,right
"Washington gov, Seattle mayor ban official travel to Indiana in wake of 'religious freedom' law",state lawmakers ban government-funded travel to Indiana. democrat and openly gay Seattle mayor defend the law. attorney general calls law a violation of federal law. critics say it is an attempt to discriminate against gays and others.,right,right
"Washington gov, Seattle mayor ban official travel to Indiana in wake of 'religious freedom' law","the state government has been blocking travel to Indiana under the law. the law was signed into law on tuesday. other states have acted similar to bans on government-funded travel to the state. a federal judge found a religious freedom ""under the law""",left,center
"Washington gov, Seattle mayor ban official travel to Indiana in wake of 'religious freedom' law",a ban will be imposed on state-funded travel to. a democrat who is openly gay issued his ban via executive order over the weekend. the action comes amid boycott threats about a new religious freedom law. 14 other states have introduced legislation to craft or alter their religious freedom.,right,center
"Washington gov, Seattle mayor ban official travel to Indiana in wake of 'religious freedom' law","lawsuit against religious freedom restoration act grows over backlash. state lawmakers and a mayor ban government-funded travel to Indiana. washington governor calls the ban ""disturbing,"" urges city departments to review contracts. state lawmakers urge all of them to stay away from the law.",left,center
Washington State To Boycott Indiana Over LGBT Discrimination Law,new: businesses have canceled events in the state. new: the state's executive committees consider the bill an administrative violation. it's unclear what the ruling will mean.,left,left
Washington State To Boycott Indiana Over LGBT Discrimination Law,"law allows businesses to deny service to gay and lesbian individuals for religious reasons. ""we are deeply concerned about the impact it is having on our employees and on the reputation of our state,"" u.s. industry group says. state officials have pledged to pursue legal action against the law. despite opposition, businesses have reacted with great anger to the law.",right,left
Washington State To Boycott Indiana Over LGBT Discrimination Law,"gay and lesbian organizations may not be allowed to solicit, demand services in the state. new: inslee: ""we in Washington stand for equality and open to all people"" a judge has said the law provides ""religious justification"" for discrimination against gays.",left,left
Washington State To Boycott Indiana Over LGBT Discrimination Law,"inslee says he will ban state-funded travel to Indiana. the state will also ban city-funded travel to the state. governor says the law is 'dangerous' and ""not fair""",left,right
Washington State To Boycott Indiana Over LGBT Discrimination Law,"""we are open for business, and open to all people,"" Inslee says. law's supporters say it allows businesses to deny service to gays and lesbians for religious reasons. many businesses are unhappy with the sweeping ban, especially in the washington metro area. obama administration says the law would ""taint marriages"" in the city.",right,right
Washington State To Boycott Indiana Over LGBT Discrimination Law,"Washington governor inslee: ""we in Washington stand for equality"" he wants to ban state-funded travel to Indiana to confront new law. state-funded travel to the state isn't permitted; travelers can request credit. lawmakers have expressed their frustration at the law.",left,right
Washington State To Boycott Indiana Over LGBT Discrimination Law,"state's governor to ban state-funded travel to Indiana. inslee: ""i find Indiana’s new law disturbing"" several businesses have also spoken out against the law.",left,center
Washington State To Boycott Indiana Over LGBT Discrimination Law,inslee said on Monday he would ban state-funded travel to Indiana. the measure has sparked national backlash. a federal judge has been criticized for its treatment of gay and lesbians.,center,center
Washington State To Boycott Indiana Over LGBT Discrimination Law,"governor says he will ban state-funded travel to Indiana over religious beliefs. ""we in Washington stand for equality,"" says governor. inslee cited case of a florist who was ordered to pay a fine for discriminating. ""we will join other states and cities in opposing this law,"" he says.",right,center
Susan Rice: Netanyahu Visit 'Destructive' To U.S.-Israel Relationship,"""there has now been injected a degree of partisanship,"" said rice. senators opposed the speech, saying it could strain negotiations. a democrat called it ""a low level speech"" and a ""tawdry stunt""",left,left
Susan Rice: Netanyahu Visit 'Destructive' To U.S.-Israel Relationship,"partisanship is ""destructive"" to U.S.-israel relations, a senior adviser says. house speaker invites Israeli pm to speak on march 1. he didn't seek approval from the white house before inviting the leader. republicans want ""it's not a referendum on u.s. sovereignty,"" a top u.s. senator says.",left,left
Susan Rice: Netanyahu Visit 'Destructive' To U.S.-Israel Relationship,"president will not meet with nation's top leader ahead of planned march speech. house speaker boehner invited him to speak before joint session of congress. a representative says Netanyahu's remark will put strain on international nuclear talks. a senator calls the planned speech a ""tawdry and high-handed stunt""",left,left
Susan Rice: Netanyahu Visit 'Destructive' To U.S.-Israel Relationship,"u.s.-israeli relations have been strained by the planned speech, congressional reports say. congressional sources are concerned that the speech could hurt the relations. senators have criticized the speech, saying it could cause strain on negotiations.",left,right
Susan Rice: Netanyahu Visit 'Destructive' To U.S.-Israel Relationship,"the president's national security adviser says the scheduled speech will be disruptive to relations. she says it will cause strain on talks over Iran's nuclear plan, which is on hold with no resolution. she says the speaker will be the first to meet with the leader during his speech in march.",right,right
Susan Rice: Netanyahu Visit 'Destructive' To U.S.-Israel Relationship,"house speaker invited new leader to speak in front of congress in advance of election. lawmakers have spoken out against the speech, saying it could cause additional strain on international talks. rice says both sides ""need to keep it that way. I think the american people want it that way""",right,right
Susan Rice: Netanyahu Visit 'Destructive' To U.S.-Israel Relationship,congressional leaders say speaker's invitation will strain international relations. lawmakers have spoken out against Netanyahu's speech. the speaker is also expected to conduct his first national visit in two weeks.,center,center
Susan Rice: Netanyahu Visit 'Destructive' To U.S.-Israel Relationship,president won't meet with the leader ahead of his speech in march. the speech will cause strain on international talks over Iran's nuclear plans. a delegation from the republic of israel will meet on october 24.,right,center
Susan Rice: Netanyahu Visit 'Destructive' To U.S.-Israel Relationship,"nsa's advocate says israel wants to stand up for u.s., not for the middle east. sen. patrick leahy calls Netanyahu's speech ""a tawdry and high-handed stunt"" white house says it is ""inappropriate"" to meet with u.s. leader ahead of elections. congressional republicans have called for a retrial of the speech.",left,center
Susan Rice calls Netanyahu's Capitol Hill speech 'destructive' to US-Israel relations,"nsa's Susan rice warns that ""destructive"" forces will impact relations between the two. ""it's destructive to the fabric of the relationship,"" she said on a pbs show. she was among the toughest on his trip. u.s. officials suggest trip is aimed at derailing a nuclear deal.",left,left
Susan Rice calls Netanyahu's Capitol Hill speech 'destructive' to US-Israel relations,a house speaker's invitation to meet with leaders of the senate aims to derailing a deal with Iran. the trip has further challenged the strained relationship between the u.s. and Netanyahu. a senior u.s. official says there isn't enough information to explain a trip's politics.,left,left
Susan Rice calls Netanyahu's Capitol Hill speech 'destructive' to US-Israel relations,"""it's always been bipartisan,"" nsa adviser said of the trip. ""we need to keep it that way,"" she said on the ""charlie rose"" show. rice's remarks come as obama refuses to meet with leaders of the senators.",right,left
Susan Rice calls Netanyahu's Capitol Hill speech 'destructive' to US-Israel relations,"nsa ad says speaker boehner planned to bring in israeli pm on nuclear issue. ""it's destructive to the fabric of the relationship,"" she says. rice says a meeting with president obama would be disruptive. house speaker could be ""the ultimate blow"" to both nations.",left,right
Susan Rice calls Netanyahu's Capitol Hill speech 'destructive' to US-Israel relations,nsa adviser says that this visit will create more political acrimony in relations. house speaker says he wanted to bring in israeli prime minister Benjamin Netanyahu. u.s. officials suggest it aimed primarily at derailing a nuclear deal with Iran.,left,right
Susan Rice calls Netanyahu's Capitol Hill speech 'destructive' to US-Israel relations,"house speaker john boehner invited the israeli prime minister without conferring with the white house. some have misinterpreted the invitation as political. israeli pm declines invitation saying it might ""compound misperception of partisanship"" tensions are rising on all sides.",left,right
Susan Rice calls Netanyahu's Capitol Hill speech 'destructive' to US-Israel relations,"a delegation of senators meets with Israeli prime minister Benjamin Netanyahu. cnn's dr. ed miliband, a retweet, will hold another special event. in addition to the speech, an fbi investigation finds an explosive pace of violence.",left,center
Susan Rice calls Netanyahu's Capitol Hill speech 'destructive' to US-Israel relations,"president obama has said the visit would be ""destructive"" to relations with Israel. nsa chief says that the trip will be ""one of the few that has actually actually happened"" nsa chief: the trip will not trigger a major nuclear deal with Tehran. president obama: ""it's not the way to solve a crisis""",left,center
Susan Rice calls Netanyahu's Capitol Hill speech 'destructive' to US-Israel relations,"nsa advises that an ""open border"" deal is needed to protect american peace. the prime minister's trip has further challenged the strained relationship between the two countries. a visit by israel's prime minister to address the nuclear threat from Iran is under threat.",left,center
"Chris Christie Announces Run, Pledging ‘Truth’ About Nation’s Woes","new jersey governor isn't going to be most popular guy with simple yet powerful message. he took swipe at republican rivals who have never run a state government. ""we need strength and decision-making and authority back in the Oval Office,"" he said.",right,left
"Chris Christie Announces Run, Pledging ‘Truth’ About Nation’s Woes","new jersey governor vows to not be ""the most popular guy"" but ""god will change things"" he referred to a lack of leadership on issues such as climate change, climate change. ""We need strength and decision-making and authority back in the Oval Office,"" he said.",right,left
"Chris Christie Announces Run, Pledging ‘Truth’ About Nation’s Woes","governor declares uphill presidential bid with new jersey-style swagger. ""we need strength and decision-making and authority back in the Oval Office,"" he says. ""i am not going to be the most popular guy who looks into your eye every day and says what you want to hear,"" he says. ""we need strength and decision-making and authority back in the Oval Office,"" he says.",right,left
"Chris Christie Announces Run, Pledging ‘Truth’ About Nation’s Woes",governor of n.j. declares uphill candidacy for president. says he has no problem talking about foreign policy. criticizes president obama and sen. marco rubio.,left,right
"Chris Christie Announces Run, Pledging ‘Truth’ About Nation’s Woes","'i am not going to be the most popular guy who looks into your eye every day and says what you want to hear,' he says. he attacks rivals who have never run a state government who have never run a government. ""we need strength and decision-making and authority back in the Oval Office,"" he says. he wants to ""get it under control"" so people don't have to think about him.",left,right
"Chris Christie Announces Run, Pledging ‘Truth’ About Nation’s Woes","governor has taken aim at his fellow republicans, taking aim at foreign policy. he takes aim at the conservatives who want to control the president. ""we need strength and decision-making and authority back in the Oval Office,"" he says.",right,right
"Chris Christie Announces Run, Pledging ‘Truth’ About Nation’s Woes","governor takes swipe at rivals who have never run a state government. ""you won’t have to wonder whether i can do it or not,"" he says in front of packed audience. he reserved deepest disdain for president and for former secretary of state. ""we need strength and decision-making and authority back in the Oval Office,"" he says.",left,center
"Chris Christie Announces Run, Pledging ‘Truth’ About Nation’s Woes","governor declared uphill candidacy with new jersey-style swagger, disgust. he portrayed himself as the only candidate who is forthright enough to run the country. ""we need strength and decision-making and authority back in the Oval Office,"" he said. he criticized president obama for ""demoralizing"" the nation in 2010.",left,center
"Chris Christie Announces Run, Pledging ‘Truth’ About Nation’s Woes","""We need strength and decision-making and authority back in the Oval Office,"" says new jersey governor. in his campaign, he pointedly attacks his rivals who are in the united states Senate. ""we need strength and decision-making and authority back in the Oval Office,"" he said. he reserved his deepest disdain for the president’s stewardship of foreign affairs.",right,center
Chris Christie Announces He's Running For President In 2016,"""both parties have failed our country,"" governor tells supporters. his decision comes a day after he announced he's running for president. ""I am now ready to fight for the people of the United States of America,"" he says.",right,left
Chris Christie Announces He's Running For President In 2016,"new: ""both parties have failed our country,"" Christie says at his announcement. he told supporters of his plans in a phone call Tuesday morning. Christie led his home state during storm damage from hurricane sandy in 2012. ""the president is ready to make his voice heard today,"" he said.",center,left
Chris Christie Announces He's Running For President In 2016,"Christie tells supporters he's running for president in 2016. he's been in power since 2010. ""this is the only time that I was going to stand up and say 'enough,'"" he says.",right,left
Chris Christie Announces He's Running For President In 2016,"new: ""both parties have failed our country,"" Christie says. the governor tells supporters in a phone call, according to NBC and the AP. he led his state during catastrophic damage from Hurricane sandy. the former federal prosecutor has served in the state since 2010.",left,right
Chris Christie Announces He's Running For President In 2016,"governor, who served as governor since 2010, announced he's running for president in 2016. ""the courage to choose, we need to have the courage to stand up and say 'enough'"" Christie praised his home state during storm damage in 2012; criticized presidents.",left,right
Chris Christie Announces He's Running For President In 2016,"""both parties have failed our country,"" Christie says of a candidate. ""i am now ready to fight for the people of the united states of America,"" Christie says. he praised his home state during hurricane disaster in 2012.",right,right
Chris Christie Announces He's Running For President In 2016,"new: ""both parties have failed our country,"" governor says. new: governor praised his home state and praised his efforts during hurricanes. ""i am now ready to fight for the people of the United States of America,"" he says. new: he is a tough-talking former federal prosecutor.",left,center
Chris Christie Announces He's Running For President In 2016,governor of new jersey announced he is running for president in 2016. he told supporters of plans in a phone call Tuesday morning.,center,center
Chris Christie Announces He's Running For President In 2016,"Christie praised his home state during hurricane damage in 2012. he led the state during hurricane damage in 2012 and was seen at disaster. ""both parties have led us to believe that America, a country that was built on compromise,"" Christie said.",right,center
"Ryan goes on offense over Medicare, accuses Obama of treating program like 'piggy bank'","ad claims ""obama is actually damaging Medicare for current seniors"" a former adviser says the health care reforms were made for the aging elderly. in his first one-on-one interview since being named as a 2016 presidential candidate, Ryan said he thinks Medicare can be a winning issue. he said he and his campaign are trying to show the ""clear contrast"" between what they say and what is done.",left,left
"Ryan goes on offense over Medicare, accuses Obama of treating program like 'piggy bank'","Paul Ryan says president Obama is “destroying Medicare for current seniors"" his ""Romney-Ryan"" plan preserves it. he said the GOP plan would only hit those retiring in 2007.",right,left
"Ryan goes on offense over Medicare, accuses Obama of treating program like 'piggy bank'","new: a former democratic opponent of mitt romney takes a swipe at his Medicare plan. new: a spokesman for the gop says the former gov. mitt romney is a 'gay man' and a 'tycoon' ad on the gubernatorial race in florida gives a two-page video of a debate between the two. ""we're the ones who are not raiding Medicare to pay for Obama",left,left
"Ryan goes on offense over Medicare, accuses Obama of treating program like 'piggy bank'","""it's irrefutable,"" he says when confronted with criticism on his plan to save Medicare. ""I think this is the debate we're going to win,"" he says. campaign tries to show ""clear contrast"" between what Republicans propose and ObamaCare law. the ""romney-ryan"" plan ""continues the guarantee of Medicare for people in or near retirement""",center,right
"Ryan goes on offense over Medicare, accuses Obama of treating program like 'piggy bank'","Paul Ryan says he's opposing presidents who ""turn Medicare into a piggy bank"" in a Fox interview. a new ad shows that ""public health"" is paying for ""obamacare"" bill. ""they turned Medicare into a piggy bank to finance ObamaCare,"" he adds. he and democrats have both dismissed the criticism as ""political junk""",left,right
"Ryan goes on offense over Medicare, accuses Obama of treating program like 'piggy bank'","the former congressman is scheduled for a debate in february. critics have claimed that Ryan is calling for cuts to Medicare for current retirees. he also says he's working on preserving the ""garanteed of Medicare""",right,right
"Ryan goes on offense over Medicare, accuses Obama of treating program like 'piggy bank'",the former senate republican was named as a possible presidential candidate on saturday. he said he thinks Medicare can be a losing issue for his campaign.,right,center
"Ryan goes on offense over Medicare, accuses Obama of treating program like 'piggy bank'","the former senator's campaign says he wants the guarantee of Medicare for retirement. ""people are getting sick"" is ""not being restored,"" he says in the video. his campaign says he aimed to preserve the benefit and not end the ""piggy bank""",left,center
"Ryan goes on offense over Medicare, accuses Obama of treating program like 'piggy bank'","sen. rand paul of u.s. has said the president has cheated the Medicare tax code by forcing it to grow. he said he wants to end the ""piggy bank"" while still providing for current retirees. he claimed the government is making some changes for that purpose. he said he was not raising taxes on the rich while being able to save the seniors.",left,center
Obama Medicare Attack In 2008 Targeted McCain For Cutting $800 Billion From Program,"john avlon: most recent debate centered around which candidate would do more harm. avlon: both campaign have claimed to be using medicare to fund ""obamacare"" avlon: the president took $700 billion from Medicare as part of his health care overhaul.",left,left
Obama Medicare Attack In 2008 Targeted McCain For Cutting $800 Billion From Program,"republicans challenge obamacare, say he's funded it. health insurance, other programs funded under ACA, arguing against it. new rules allow beneficiaries to have much higher premiums.",left,left
Obama Medicare Attack In 2008 Targeted McCain For Cutting $800 Billion From Program,"republicans oppose allowing Medicare to be run through the smokescreen to eschew voter participation. the president's campaign has defended the measure, despite more than $700 billion. opponents of president obama say the obamacare plan does not provide more protections. a vote on new gov. sen. mitt romney's health plan is expected to go off the table this year.",right,left
Obama Medicare Attack In 2008 Targeted McCain For Cutting $800 Billion From Program,"president obama ""stole $700 billion from Medicare to fund his health care overhaul"" republicans, independent fact-checkers question comments, saying one candidate was too virulent. ""if any person in this entire debate has blood on their hands in regard to Medicare, it's Barack Obama,"" says Priebus. some argue sweeping health care overhaul would go too far; some say it's too big to fail.",left,right
Obama Medicare Attack In 2008 Targeted McCain For Cutting $800 Billion From Program,"j.k. row over which candidate would slash benefits on the basis of the insurance reform. j.k. row: whoever is tapped by a senator to replace him would be ""shocked"" the controversy goes back to 2008 elections. row: which candidate would do more harm to people's health care benefits is more problematic.",left,right
Obama Medicare Attack In 2008 Targeted McCain For Cutting $800 Billion From Program,"the most recent back-and-forth between the Romney and Obama campaigns has become almost as complicated as the policy itself. john avlon: the Obama campaign is crying foul over this line of criticism. avlon: as part of the health care overhaul, he stole $700 billion from Medicare. he says the policy should be expanded to include all of the u.s. states and territories.",left,right
Obama Medicare Attack In 2008 Targeted McCain For Cutting $800 Billion From Program,the most recent back-and-forth between the Romney and Obama campaigns is still a subject of intense debate. the largest problem is in the money the democrats took from subsidized care. republicans say the democrats were too precocious with their characterization.,right,center
Obama Medicare Attack In 2008 Targeted McCain For Cutting $800 Billion From Program,"mitt romney has picked up a vice-presidential nomination for vp slot. april vp bill would cut benefits for a higher premium and lower co-pays. with romney in charge, he'd likely cut costs for the wealthy. bob greene says he would not pay for new programs to curb voter fraud.",left,center
Obama Medicare Attack In 2008 Targeted McCain For Cutting $800 Billion From Program,"republicans criticize an old plan that says a small percentage of workers do not have Medicare. lz granderson says it's also an opportunity to counter the threat of deregulation. a large amount of money has gone into a government system that doesn't make benefits work, he says. granderson: if we're not careful, government would be a huge tax payer.",left,center
Ryan facing Catholic prof complaints over budget comments ahead of Georgetown speech,"liberal professors say they're disappointed with Ryan's use of Catholic doctrine. they say he is using it as a ""rationale for gutting government programs"" university says he doesn't care who the bishops are. the republican is heading to the university for a conference on next week.",left,left
Ryan facing Catholic prof complaints over budget comments ahead of Georgetown speech,"professors at the school are critical of republican's use of Catholic doctrine. Ryan: ""people don't do much but government does something and works"" ""as long as people are connected and there is no fear of ills,"" the letter states. the administration also says Ryan misappropriated the teaching.",left,left
Ryan facing Catholic prof complaints over budget comments ahead of Georgetown speech,"professors, administrators connect with the jesuit-founded school send letter to rep. clinton. he says he misappropriated Catholic teaching to defend his house budget. the letter criticizes his role as ""rather than a free pass to dismantle government"" the republican will deliver a speech to Georgetown on monday.",left,left
Ryan facing Catholic prof complaints over budget comments ahead of Georgetown speech,"professors send letter saying rep. Paul Ryan has misappropriated Catholic teaching. letter claims to be a ""rationale for gutting government programs"" john avlon: 'our problem is you're misusing the doctrine'",left,right
Ryan facing Catholic prof complaints over budget comments ahead of Georgetown speech,"professors and administrators to the school cite examples of rep. Paul Ryan's misuse. the letter says that Ryan misappropriated Catholic doctrine to support his budget plan. ""we would be remiss if not challenged your continuing misuse of Catholic teaching,"" the letter says. the group says a plan which cuts food and health programs is too expensive for the country.",center,right
Ryan facing Catholic prof complaints over budget comments ahead of Georgetown speech,"a group of professors and administrators wrote to the democratic-founded college. they say rep. p.a.e. Ryan misappropriated the doctrine. the letter says the teaching isn't a ""rationale for gutting government"" but professors agree it is ""not a free pass to dismantle government""",left,right
Ryan facing Catholic prof complaints over budget comments ahead of Georgetown speech,"a group of nearly 90 professors and administrators send letter to congress. they say the speaker misused Catholic teaching to defend his budget. republicans have hailed the provision as ""a good way to fund social programs""",center,center
Ryan facing Catholic prof complaints over budget comments ahead of Georgetown speech,"professors at the conservative school say rep. Paul Ryan misappropriates Catholic doctrine to defend his budget. the letter also argues that Ryan misappropriated the teaching as a ""rationale"" for gutting government. the university is hosting a private event and a tax-paying trip to the event.",right,center
Ryan facing Catholic prof complaints over budget comments ahead of Georgetown speech,"a team of professors and administrators at a Catholic school send an ad supporting rep. Ryan. the letter says he’s misused the doctrine in his budget proposals. the letters don't express the views of all bishops, a point on which the conference disagrees. Ryan is heading to Georgetown for a speech but not before a Catholic school knuckle-rapping.",right,center
Georgetown Faculty Latest to Chide Ryan ,"a letter by nearly 90 faculty members and priests releases. the letter is signed by nearly 90 faculty members and priests. it states ""your budget appears to reflect the values of your favorite philosopher,"" not the gospel of Jesus Christ.",right,left
Georgetown Faculty Latest to Chide Ryan ,"house budget committee chairman Paul D. Ryan is to deliver the Whittington Lecture. in letter released Tuesday, nearly 90 faculty members and priests wrote to him. bishops have criticized president obama over rights violations.",right,left
Georgetown Faculty Latest to Chide Ryan ,conservative congressman criticizes fiscal wack. john mccain said he believes in the moral teachings of his faith. some Catholic leaders are trying to show that the Catholic church is not an arm of the Republican Party.,left,left
Georgetown Faculty Latest to Chide Ryan ,"letter criticizes rep. d. r. kyle, who has criticized his budget for slashing programs. cheryl cole says the letter does not reflect the values of philosopher ayn Rand. cole: the letter, signed by nearly 90 faculty members and priests, is part of effort to make it clear the Catholic church is not an arm of the republican party. cole: critics claim their budget could be worse because of the cost-cutting measures adopted by the new",left,right
Georgetown Faculty Latest to Chide Ryan ,some roman Catholic leaders accuse rep. Paul D. Ryan of using religion. the president and board of trustees have asked to rebuke bishop Jenky.,left,right
Georgetown Faculty Latest to Chide Ryan ,"letter condemns republican's budget-planning efforts. obama defended his plan to cut anti-poverty programs, he says. school board member says he will stand by his comments.",left,right
Georgetown Faculty Latest to Chide Ryan ,rep. ayn Rand says his budget plan was inspired by moral teachings of his faith. bishops have been vocal critics of president obama over religious freedom violations. they said the obama administration violated religious freedom. the president has made the plan less fiscally sound than other budgets.,right,center
Georgetown Faculty Latest to Chide Ryan ,rep. Paul D. Ryan has been excoriated by some Roman Catholic leaders. letter criticized for defending his budget plan that decimates food programs. professor tells the conservatives the budget is a reflection of his Catholic faith.,left,center
Georgetown Faculty Latest to Chide Ryan ,republican congressman Paul D. Ryan made a statement earlier this month. some Roman Catholic leaders criticized his budget plan. other leaders have also criticized the president's lack of health care coverage. a new letter signed by religious faculty calls for his resignation.,left,center
"Romney reaffirms belief in marriage as between man, woman","president Obama said he supports same-sex marriage in an interview with ABC. likely rival Mitt Romney also rejected the idea of gay marriage in a speech. nasa president kennedy will be held to account, the source says.",left,left
"Romney reaffirms belief in marriage as between man, woman","mitt Romney defends his support for same-sex marriage. despite remarks, he says he doesn't support it. he says he supports same-sex marriage.",left,left
"Romney reaffirms belief in marriage as between man, woman",Romney said he's on his own on he support same-sex marriage. the former governor's supporters want marriage equality in the united states. the former governor defended his position but said he supported allowing gay marriage.,right,left
"Romney reaffirms belief in marriage as between man, woman",likely rival mitt Romney said wednesday he supports same-sex marriage. he said that he believes marriage is between a man and a woman.,right,right
"Romney reaffirms belief in marriage as between man, woman","""i believe marriage is between a man and a woman,"" he tells reporters. he says he's had same views since he ""started running for office"" on same-sex marriage. Romney says he supports gay marriage but refuses to say he supports it.",right,right
"Romney reaffirms belief in marriage as between man, woman","sarah palin says mitt Romney's comments that he supports same-sex marriage piqued praise. she says that while he voted on same-sex marriage, he doesn't support it. the obama campaign pounced on the comments.",right,right
"Romney reaffirms belief in marriage as between man, woman","Mitt Romney says wednesday that he supports same-sex marriage. wednesday is maryland marriage day. with his endorsement by a state legislator, ""marriage is between a man and a woman,"" he says. he previously had said he supported equal rights for same-sex couples.",right,center
"Romney reaffirms belief in marriage as between man, woman",john avlon: president said marriage is between a man and a woman. avlon says it's more accurate to say it is between a man and a woman. avlon says he believes same-sex marriage is a union of one man and one woman.,left,center
"Romney reaffirms belief in marriage as between man, woman","president obama's ""heartbreaking"" remarks in interview haven't happened. but, speculation is growing that he may lose control of the election. other obama critics worry about what the president says on same-sex marriage.",left,center
Romney: My 'Preference' Is Marriage Between A Man And A Woman,president obama said for the first time he supports same-sex marriage. the president said for the first time he supports it. the president said he supports it but leaves the issue to state lawmakers. he also said he doesn't favor marriage between people.,left,left
Romney: My 'Preference' Is Marriage Between A Man And A Woman,"president Barack Obama has backed same-sex marriage for the first time. mitt Romney says he opposes marriage itself, but doesn't favor civil unions. the presumptive resounding endorsement is more measured than other politicians.",left,left
Romney: My 'Preference' Is Marriage Between A Man And A Woman,Romney reiterates that he opposes same-sex marriage. president obama said for the first time he supports same-sex marriage. the president has said for the first time he supports it.,left,left
Romney: My 'Preference' Is Marriage Between A Man And A Woman,"president barack obama said he supports same-sex marriage for the first time. the president says the issue should be left to the states to decide. the post-obama campaign is still a ""tender and sensitive topic,"" Mitt Romney says. the presumptive republican says he supports marriage between the couple.",left,right
Romney: My 'Preference' Is Marriage Between A Man And A Woman,tammy poll: 57% of republicans support same-sex marriage. president barack obama said for the first time he supports same-sex marriage. some say same-sex marriage is the preferable preference for some. cnn ireport: share your views on this story.,left,right
Romney: My 'Preference' Is Marriage Between A Man And A Woman,"Romney said he opposes same-sex marriage; president Obama said he supports it. his comments came after he reiterated that he opposes it, and for the first time he supports it. the president said for the first time he supports same-sex marriage. the announcement has drawn criticism from liberals and progressives alike.",left,right
Romney: My 'Preference' Is Marriage Between A Man And A Woman,"mitt Romney says he opposes same-sex marriage for the first time. same-sex marriage is ""a relationship between a man and a woman,"" Romney says. president Obama came out in support of same-sex marriage in an interview. president obama says he supports same-sex marriage.",left,center
Romney: My 'Preference' Is Marriage Between A Man And A Woman,president barack obama says he supports same-sex marriage for the first time. mitt Romney has reiterated his opposition to the issue. obama said earlier that he does not favor same-sex marriage and civil unions. he said the issue should be left to states to decide.,left,center
Romney: My 'Preference' Is Marriage Between A Man And A Woman,mitt Romney repeats that he opposes same-sex marriage. obama comes out in support of same-sex marriage for first time. presidential candidate says issue should be left to the states to decide.,left,center
Chick-fil-A Draws Huge Crowds for Appreciation Day,hundreds of thousands headed to chick-fil-a restaurants on thursday to rally support. former governor and former chick-fil-a owner Mike Huckabee attended. some customers shared their reasons for eating at the fast-food chain. the company did not participate in organizing the appreciation day.,right,left
Chick-fil-A Draws Huge Crowds for Appreciation Day,n.y. senator: thousands showed up to support the fast-food chain after critics criticized the company’s president. he asked former governor of Arkansas to organize an appreciation day for the chain on june 2. there were no tweets or photos about the appreciation day on the company's social media.,center,left
Chick-fil-A Draws Huge Crowds for Appreciation Day,customers documented their visits on social media sites and shared their reasons for eating at chick-fil-a restaurants. the fast-food chain's president drew criticism for his opposition to same-sex marriage last month. he organized an appreciation day for the chain after the company's president drew criticism.,center,left
Chick-fil-A Draws Huge Crowds for Appreciation Day,"many people documented their visits on social media sites and shared their reasons. more than 650,000 people signed up to participate, and tens of thousands ""liked"" photos of packed restaurants. eric liu: there will be no lunch for the group at chick-fil-a restaurants in 2012.",left,right
Chick-fil-A Draws Huge Crowds for Appreciation Day,thousands gather in chick-fil-A restaurants in support of business owner. supporters are also outraged at its decision to not include same-sex kiss-in in menu. chick-fil-a president drew criticism last month for his opposition to homosexuality.,right,right
Chick-fil-A Draws Huge Crowds for Appreciation Day,"more than 650,000 people signed up to participate in an appreciation day for chick-fil-A. tens of thousands “liked” photos of packed restaurants posted on facebook. no tweets or photos about the appreciation day on the company’s Facebook or twitter accounts.",center,right
Chick-fil-A Draws Huge Crowds for Appreciation Day,"more than 650,000 people signed up to participate in appreciation day for the fast-food chain. tens of thousands “liked” photos of packed restaurants. former governor of utah, alabama, criticized the company for opposing gay marriage. some say the response to the outpouring of support is ""too much""",right,center
Chick-fil-A Draws Huge Crowds for Appreciation Day,"more than 650,000 people signed up to participate, and tens of thousands “liked” photos of packed restaurants. more than 650,000 people signed up to participate, and tens of thousands “liked” photos of packed restaurants. a similar incident at a store in el nino led to calls to boycott the chain.",center,center
Chick-fil-A Draws Huge Crowds for Appreciation Day,"a former state governor contacted Chick-fil-A on social media to show support. former president Mike Huckabee said he was backing same-sex marriage. more than 650,000 people attended appreciation day for chain. president said there is a moral issue with same-sex marriage.",right,center
"Chick-fil-A Appreciation Day brings out supporters, protesters","at chick-fil-a, people are coming out to express support. ""the movement is a disgrace,"" said one protester. a nsa worker says, ""just eat your lunch and enjoy it""",left,left
"Chick-fil-A Appreciation Day brings out supporters, protesters","the chick-fil-a firestorm has taken on different meanings for different people. some argue it harks to the days of intolerance and segregation. others, it is about religious views of marriage. other have seen this as symbolizing the right to express your personal views.",center,left
"Chick-fil-A Appreciation Day brings out supporters, protesters",chick-fil-a restaurant in the u.s. is a symbol of right to express your personal views. it has become symbol of whether you stand for or against same-sex marriage. a crowded drive-thru in one place led to angry outrage across the country. critics say it is a protest against the restaurant's 'anti-fame chicken' policies.,left,left
"Chick-fil-A Appreciation Day brings out supporters, protesters",chick-fil-a is launching online campaign against gay marriage. presidents have said they oppose the chain. but many people still oppose it.,right,right
"Chick-fil-A Appreciation Day brings out supporters, protesters","chick-fil-a mayor calls decision ""a disgrace"" president obama accused fast food chain of trying to impose ""ethical restrictions"" to gay marriage. businessmen and workers say they will support gay marriage regardless of political affiliation.",left,right
"Chick-fil-A Appreciation Day brings out supporters, protesters","chick-fil-a is in high resurgence as people support the company. a new social media strategy for the chain lets you tell your own story. ""as a democrat, i'll make my position clearer,"" says a senior vice president.",center,right
"Chick-fil-A Appreciation Day brings out supporters, protesters","new: chick-fil-a's ceo says he isn't fighting marriage, wants to encourage free speech. chick-fil-a has become a symbol of free speech. some people view it as a predisposition to sexual discrimination. chick-fil-a is a religious leader, but others see it as a war against segregation.",left,center
"Chick-fil-A Appreciation Day brings out supporters, protesters","some are angry about a fast-food chain because it endorses traditional marriage. others see it as an attack on the social security system and an attempt to deny access to services. one woman says: ""everyone should be allowed to do that.""",right,center
"Chick-fil-A Appreciation Day brings out supporters, protesters",controversy over chick-fil-a has put people's opinions at odds with historical truths. gay marriage has been at the center of a skewed attack. chick-fil-a is not the biggest supporter of gay marriage and is more about free speech.,left,center
Santorum Defends Comments on Obama and Education,"obama campaign adviser says comments are a 'nastiness, divisiveness, ugliness' president has also called for bigger education bureaucracies.",right,left
Santorum Defends Comments on Obama and Education,"a number of white house advisers have criticized ""fake schools"" dissent. ""the idea that the federal government should be running schools is anachronistic,"" a consultant to president-elect. ""you can have an argument that you need some kind of reformative theology.""",left,left
Santorum Defends Comments on Obama and Education,"critics complain the comments reflect 'nastiness, divisiveness, ugliness' of a contested presidential race. but he defends some ideas, including using a 'phony theology' of president obama.",right,left
Santorum Defends Comments on Obama and Education,"""it’s about some phony ideal, some phony theology,"" writes president. the president is viewed as a visionary of humanity. but he has his own vision of man’s relationship with the world, he says. critics accuse the president of being too prescient in his criticism of school choice.",center,right
Santorum Defends Comments on Obama and Education,"in a campaign stop in Ohio, governor calls what he calls the “phony theology”. political adviser says that is anachronism of how schools should be run by the state. there is a role for government help in education, he says.",left,right
Santorum Defends Comments on Obama and Education,"comments made during campaign stop in ohio are ""about some phony ideal, some phony theology"" ""no less a theology,"" says phony theologist. a former adviser to president obama has called such attacks on ""character and faith""",left,right
Santorum Defends Comments on Obama and Education,obama campaign aide says he doesn't care how schools are run. mccain: comments about 'phony theology' are not the same as those against him. mccain's office has also criticized the idea of public schools being run by the government.,left,center
Santorum Defends Comments on Obama and Education,Rick Santorum said he was referring not to the president’s faith but to his view of man’s relationship to the world. he also called the idea that schools should be run by the federal government or by state governments “anachronistic”,right,center
Santorum Defends Comments on Obama and Education,"president obama has been criticizing critics of ""phony theology"" of president's agenda. cnn's steve clarke: comment reflects ""nastiness, divisiveness, ugliness"" jimmy carter: comment is wrong and ""disturbing""",left,center
Obama Boehner Fiscal Cliff Meeting: Grasping For Last-Minute Solution,"both parties put out identical, banal statements about what was discussed. they had a frank meeting in the oval office, says a news agency. the meeting comes after a two-hour wait and no further reading was scheduled.",center,left
Obama Boehner Fiscal Cliff Meeting: Grasping For Last-Minute Solution,president and house speaker boehner met for nearly an hour on Thursday night. neither camp told much of anything about what was discussed. the president is heading back to the capitol for the weekend.,right,left
Obama Boehner Fiscal Cliff Meeting: Grasping For Last-Minute Solution,"president, house speaker met for nearly an hour thursday in their latest attempt to break the impasse on impending tax hikes. neither side said much of anything about what was discussed. ""the president and speaker had a frank meeting in the Oval Office tonight,"" said the statements.",right,left
Obama Boehner Fiscal Cliff Meeting: Grasping For Last-Minute Solution,president and house speaker have met for the second time in a week. neither side said much of anything about what was discussed at the meeting. the president is heading back to the capitol for the weekend.,left,right
Obama Boehner Fiscal Cliff Meeting: Grasping For Last-Minute Solution,the president and house speaker meet in an attempt to break impasse over tax hikes. neither official said much about what was discussed. boehner's chief of staff and his policy director were also in attendance. no u.s. stimulus plan had been announced yet.,left,right
Obama Boehner Fiscal Cliff Meeting: Grasping For Last-Minute Solution,"president Obama and house speaker john boehner met for nearly an hour on tuesday. both camps put out identical, banal statements about what was discussed. the meeting is the second time in a week the president and house speaker have met in person.",left,right
Obama Boehner Fiscal Cliff Meeting: Grasping For Last-Minute Solution,"president Barack Obama and house speaker John Boehner met for nearly an hour. both camp has put out identical, banal statements, saying ""lines of communication remain open"" ""nice to see all of you,"" boehner said as he passed reporters eager for a readout.",right,center
Obama Boehner Fiscal Cliff Meeting: Grasping For Last-Minute Solution,president and house speaker tried to break impasse on impending tax hikes and spending cuts. neither said much of anything about the meeting. president calls for bipartisan negotiations and says no action is needed.,right,center
Obama Boehner Fiscal Cliff Meeting: Grasping For Last-Minute Solution,"the meeting ended with identical, banal statements by both sides. neither had said much about what was discussed. bill to raise tax rates on top earners is set for expiration this year. some argue there is no way of a deal in the works.",center,center
Boehner Sees One-in-Three Chance G.O.P. Will Lose House,"boehner delivers what aides called a wake-up call to his troops. he points to what aides called “orphan districts” in Democratic-leaning states. “we’ve got a real challenge, and we’ve got work to do,"" he says.",left,left
Boehner Sees One-in-Three Chance G.O.P. Will Lose House,"speaker says there is a one-in-three chance of losing control of the house in November. obama administration looking at whether he will stick with his party. boehner: ""we’ve got a big challenge, and we've got work to do"" conservative critics have said the party is ""successful"" in 2014 election.",left,left
Boehner Sees One-in-Three Chance G.O.P. Will Lose House,"speaker boehner said that one-in-three chance of losing control of house is slim. 'there’s a one-in-three chance that we could lose,' he said in interview with tv station. he said he now believes that he'll be in the lead in the senate.",right,left
Boehner Sees One-in-Three Chance G.O.P. Will Lose House,"republicans were expecting to lose control of the house in the second half. ""we’ve got a big challenge, and we’ve got work to do,"" speaker says in interview. nixon says it will be tough to get conservatives to stop swing states.",right,right
Boehner Sees One-in-Three Chance G.O.P. Will Lose House,speaker boehner says the house will have a one-in-three chance of losing in November. conservatives have been afraid to get involved in a presidential campaign in 2016. a cnn poll last week found voters favored a democratic-controlled congress over a Republican one.,right,right
Boehner Sees One-in-Three Chance G.O.P. Will Lose House,speaker says he has one-in-three chance of losing control of the house in November. says it is a wake-up call for his troops to find solutions to the challenge. he points to “orphan districts” in states where there is no presidential campaign.,right,right
Boehner Sees One-in-Three Chance G.O.P. Will Lose House,"Republicans have a one-in-three chance of losing control of the house. Speaker says that could be a ""wake-up call"" to troops. john boehner spoke to a network of cnn's john blake.",right,center
Boehner Sees One-in-Three Chance G.O.P. Will Lose House,"speaker boehner warns of ""one-in-three chance"" of losing control of the house. he points to the so-called ""orphan districts"" in the Democratic-leaning states. his party has been criticized as weakening its political base in those states.",left,center
Boehner Sees One-in-Three Chance G.O.P. Will Lose House,speaker John A. Boehner said that Republicans had a one-in-three chance of losing control of the house in November. aides called “orphan districts” in states that would not be a factor in the presidential campaign. a poll last week found voters favored a Democratic-controlled congress over a Republican one 46 percent to 41 percent.,left,center
"Sparks fly as Biden, Ryan face off in feisty vice presidential debate","biden hammered the candidate's comment on how he does not have to worry about taxes. vp yellen: biden ""never pushed this president,"" but that's ""no change"" vp also hammered the republican party's response to 9/11.",left,left
"Sparks fly as Biden, Ryan face off in feisty vice presidential debate","biden wasted no time trying to do what many Democrats felt president Obama failed to. he hammered mitt Romney over his secretly videotaped comment. he also attacked ""my mom and dad, the people I grew up with, my neighbors""",right,left
"Sparks fly as Biden, Ryan face off in feisty vice presidential debate","daniel treisman: vice president biden set aggressive tone; let few points go unchallenged. treisman: if bbc didn't run, he would have done a much better job of winning in 2008. he says if the administration can get a vote, it is in trouble if it has to deal with the budget crisis. treisman: biden's stance on tax reform is a big factor in determining whether ob",left,left
"Sparks fly as Biden, Ryan face off in feisty vice presidential debate","biden uses speech to hit a reset after losing presidential race. despite feisty exchanges, the vice president tries to come out on top. the presidential race will be set for a second debate on sunday.",right,right
"Sparks fly as Biden, Ryan face off in feisty vice presidential debate","in a head-to-head battle of proxies, vice presidential candidate snubs president with a directness that he doesn't practice. he attacks vp candidate mitt romney over a secret videotaped comment that he doesn't have to worry about 47 percent of americans who don't pay taxes. he also brushes off vice presidential candidate rick perry, who he calls out for his support and his election for president obama",left,right
"Sparks fly as Biden, Ryan face off in feisty vice presidential debate","the vice president sets the aggressive tone, focusing on his running mate's directness. with biden groaning on the republicans, he said he ""always say what i mean"" despite the flaws, biden wailed in his return to defense of the candidate.",left,right
"Sparks fly as Biden, Ryan face off in feisty vice presidential debate",the obama campaign launches a battle of proxies in the vice presidential debate. a barrage of attacks is on the biden/ryan ticket. biden is on a mission to go after a campaign that he felt failed to defend.,left,center
"Sparks fly as Biden, Ryan face off in feisty vice presidential debate","biden ""gave it up to here"" he says, saying ""sometimes the words don't come out the right way"" he accused a lackluster u.s. foreign policy but said it was ""not what a real recovery looks like""",left,center
"Sparks fly as Biden, Ryan face off in feisty vice presidential debate","biden took on president obama for his response to last week's opening debate. he fought off criticisms from both republicans, but not outright attacks. it's unclear whether debate will alter course of presidential race.",left,center
"With Abortion in the Spotlight, a Challenge for Romney",new: conservative republicans seek a political solution. president obama will travel to florida in tuesday to accept reelection. a re-election challenger said he will back 'em' for his support of abortion rights. cnn's ireport: tell us what you think.,left,left
"With Abortion in the Spotlight, a Challenge for Romney",resigning from his seat is a tricky political challenge for former presidential hopeful Mitt Romney. the vote puts the republican Party at odds with the democrat who supports rape and incest exceptions. he is facing criticism for comments by a democratic senator who claims women’s bodies will resist getting pregnant.,right,left
"With Abortion in the Spotlight, a Challenge for Romney",delegates oppose abortion without explicit exceptions for rape and incest. vote puts the republican party at odds with president obama. the president has to navigate between the moderate political views of democrats.,left,left
"With Abortion in the Spotlight, a Challenge for Romney",conservative senator says party should renegotiate position on abortion. conservative sources say obama eschews gop-led presidential run to avoid scandal. the house passes the bill at 5/2 ad time; no confirmation hearing scheduled for thursday. conservative senator in arizona calls for the legislation to be a constitutional amendment.,right,right
"With Abortion in the Spotlight, a Challenge for Romney","mitt romney faces tricky political challenge as he prepares to accept presidential nomination. he supports rape and incest exceptions but has refused to step down from his race. ""this is the platform of the Republican Party, it is not the platform of Mitt Romney,"" he says. the party is in the middle of a new battle, as is a challenge in a tough economy.",left,right
"With Abortion in the Spotlight, a Challenge for Romney",conservative groups and the religious right are in conflict over abortion. the votes put the republican party at odds with mitt romney's position on the issue. conservatives are calling for the obama administration to step back on the issue. the republican's platform reflects the delicate position that the u.s. is in when it comes to abortion policy.,left,right
"With Abortion in the Spotlight, a Challenge for Romney","rebecca ellis has asked rebecca to keep her distance from her senatorial running mate. edward snowden urges candidates in state to defend abortion rights. london mayor says rebecca would be uneasy with the idea of abortion as a ""political right""",left,center
"With Abortion in the Spotlight, a Challenge for Romney","republican convention delegates in florida to oppose abortion. democrats fear the vote puts the republican party at odds with mitt Romney. ""this is the platform of the Republican Party, it is not the platform of Mitt Romney,"" he says. the president faces a reluctance to take a stand in the fight against abortion.",left,center
"With Abortion in the Spotlight, a Challenge for Romney",new: aides to Mr. Romney declined to say on Tuesday whether he would call on convention delegates to reconsider position on abortion. the vote puts the republican party at odds with Mr. Romney who supports rape and incest exceptions. it is a tricky political challenge for the former u.s. rep. david gergen to accept the presidential nomination next week.,left,center
Netanyahu appears in conservative political ad airing in Florida,"the ad is $1.6 million, paid for by the conservative advocacy group Secure America Now. it's set to air in key battleground state of florida. it's aimed to make Iran a major campaign issue.",right,left
Netanyahu appears in conservative political ad airing in Florida,a new ad is set to air in key battleground state of florida to boost support for former president. the ad shows the prime minister making provocative remarks about its nuclear program. the ad will run in other heavily-Jewish states.,right,left
Netanyahu appears in conservative political ad airing in Florida,ad aims to make Iran a major campaign issue. the ad will air in three battleground states in key battleground states. a recent poll shows that nato is ahead in texas and florida.,left,left
Netanyahu appears in conservative political ad airing in Florida,"new ad by Israel's prime minister in key battleground state of Florida. ""the world needs american strength, not apologies,"" the prime minister says. state has 29 electoral votes against u.s. president obama. poll shows the state has nearly half the vote to send a strong message.",right,right
Netanyahu appears in conservative political ad airing in Florida,"new ad in florida aims to make rogue nuclear weapons a big campaign issue. poll showing president obama leading mitt Romney could swing the election, according to poll. a recent poll shows obama leading Mitt Romney, 49 percent to 44 percent in florida.",right,right
Netanyahu appears in conservative political ad airing in Florida,ad to air in florida could make Iran a campaign issue. a recent poll shows israel leading democrat mitt Romney in florida. florida has been a major campaign favorite in recent polling.,left,right
Netanyahu appears in conservative political ad airing in Florida,Israeli pm stars in new ad to air in the battleground state of florida. it will help make Iran a major campaign issue. a recent poll indicates that the state could swing u.s. presidential elections.,left,center
Netanyahu appears in conservative political ad airing in Florida,new ad targeted iran's potential as a presidential campaign issue in florida. it's reportedly costing $1 million to secure american advocacy group. a new poll shows a majority in both states believe that Iran will share nuclear weapons with terrorists.,left,center
Netanyahu appears in conservative political ad airing in Florida,"new ad in florida would be targeting support for middle east democracy. an obama poll shows that the middle east is considered a toss-up. ""the world needs American strength, not apologies,"" says prime minister Benjamin Netanyahu.",left,center
Netanyahu Appears in Conservative Group's Ad ,Secure America Now ads to run in areas of florida with large Jewish population. critics say it is a swipe at president barack obama for his anti-iran policies. president barack obama has refused to let the ads go public.,right,left
Netanyahu Appears in Conservative Group's Ad ,Jewish groups are looking at ad that will run in florida with large Jewish population. ad shows prime minister nani warning of the risks of nuclear arms. navarrette: i don't think a sarcastic ad is needed to discredit the arab world. he says israel is on board with the ad and that it has no plan to reverse the trend.,left,left
Netanyahu Appears in Conservative Group's Ad ,one ad aimed at stoking concerns over american policy toward volatile countries. the clip is a swipe at president obama. conservatives have criticized obama's foreign policy as apologetic.,left,left
Netanyahu Appears in Conservative Group's Ad ,"a new ad for ""secure America now"" hopes to stoke arab fears about u.s. global policies. ad uses clip of prime minister saying an Iran threat will soon make it closer to nuclear weapons. a senior government official said the government was not consulted on the ad. a christian school in northern florida has been used in the military to promote Israel.",right,right
Netanyahu Appears in Conservative Group's Ad ,"secure America now ad uses news clip of prime minister discussing risks of a nuclear Iran. tyson furrow: u.s. apologises, but it says its not consulted. furrow: ad used by two longtime Republican strategists, who have reserved $500,000 of airtime.",left,right
Netanyahu Appears in Conservative Group's Ad ,a new ad in florida stokes fear over u.s. foreign policy in region. the ads are aimed at areas of the middle east with large Jewish populations. a clip of prime minister Benjamin Netanyahu is shown telling of risks of a nuclear Iran. the ad shows the prime minister warning about the risks.,left,right
Netanyahu Appears in Conservative Group's Ad ,"Secure America Now to air in areas of Florida with large Jewish population. critics call ad a ""shameful blow"" to a democratic president.",center,center
Netanyahu Appears in Conservative Group's Ad ,"a new ad on tv shows president obama warning of the risks of a nuclear Iran. the ad says ""the world needs American strength, not apologies"" a government source told cnn the government's ad is sanitized.",left,center
Netanyahu Appears in Conservative Group's Ad ,Secure America Now wants to stoke concern about american policies in the region. it uses a news clip of Prime Minister Benjamin Netanyahu warning of the risks of nuclear Iran. john avlon: this isn't a political ad but a message to our allies. avlon: israel should be allowed to use more military means to counter growing nuclear threat.,left,center
Michele Bachmann Chick-Fil-A Visit: GOP Rep Shows Support For Company Amid Controversy,"Bachmann visits chick-fil-A as she shows her support for chain. support comes after Chick-fil-A president said it was ""guilty as charged"" gay rights groups are criticizing the fast-food chain.",right,left
Michele Bachmann Chick-Fil-A Visit: GOP Rep Shows Support For Company Amid Controversy,"Bachmann tweeted a photo of her visiting chick-fil-a. bill de blasio said the chain ""lacked integrity and a high level of transparency"" a texas teen sparked controversy by opening a bar in ginaea, mississippi.",right,left
Michele Bachmann Chick-Fil-A Visit: GOP Rep Shows Support For Company Amid Controversy,"""Chick-fil-A Appreciation Day"" is an unofficial ""Chick-fil-a Appreciation Day"" thursday is an unofficial ""Chick-fil-a Appreciation Day"" other conservatives are taking sides as gay rights groups launch boycotts against the company.",right,left
Michele Bachmann Chick-Fil-A Visit: GOP Rep Shows Support For Company Amid Controversy,"gay rights groups are banning the fast-food chain due to its 'guilty as charged' argument. prominent conservative figures like former Arkansas governor Mike Huckabee visit the fast-food chain. despite this, critics say the fast-food chain is 'guilty as charged'",left,right
Michele Bachmann Chick-Fil-A Visit: GOP Rep Shows Support For Company Amid Controversy,"Rep. Michele Bachmann, a congresswoman, tweeted an image of her visiting Chick-fil-a. the post became an unofficial ""Chick-fil-a Appreciation Day"" the event has come as gay rights groups criticized the restaurant.",right,right
Michele Bachmann Chick-Fil-A Visit: GOP Rep Shows Support For Company Amid Controversy,"Bachmann says she visited the fast-food chain. ""Have you gone today?"" Bachmann asks fans on unofficial ""Chick-fil-A Appreciation Day"" house minority leader Nancy Pelosi introduced a ""Chick-for-Gay"" sandwich.",right,right
Michele Bachmann Chick-Fil-A Visit: GOP Rep Shows Support For Company Amid Controversy,"Rep. Michele Bachmann (R-Minn.) tweets ""Chick-fil-A Appreciation Day"" the teen presidential hopeful visited the fast-food chain. the restaurant came after chick-fil-a president said the company was ""guilty as charged""",right,center
Michele Bachmann Chick-Fil-A Visit: GOP Rep Shows Support For Company Amid Controversy,"rep. Michele Bachmann is the latest in a line of conservatives showing support for a fast-food chain. the surge of support came as gay rights groups launched boycotts against the fast food chain. ""the last time you saw me, someone had a birthday,"" a bar employee said. john sutter: ""it's not a big deal""; chick-fil-a should be ""afraid of a family""",left,center
Michele Bachmann Chick-Fil-A Visit: GOP Rep Shows Support For Company Amid Controversy,"Bachmann visits chick-fil-a in support of fast food chain. the republican tweets a photo of her visiting the fast-food chain. despite gay rights boycotts, others show support for fast-food chain.",left,center
"Romney Reaffirms Opposition to Marriage, or Unions, for Gay Couples",same-sex marriage is legal but civil unions do not provide full legal protections. john avlon: people of the same gender have no right to civil unions. he says the president's embrace of civil unions reflects the opposite view. avlon: president obama hasn't made it clear he supports civil unions.,left,left
"Romney Reaffirms Opposition to Marriage, or Unions, for Gay Couples","president Obama has publicly embraced same-sex marriage. tina rose: the issue of civil unions is still an issue that profoundly animates both candidates. she says a civil union would not be considered gay, but would be a civil union. rose: civil unions would be less equitable to gay people than civil unions.",left,left
"Romney Reaffirms Opposition to Marriage, or Unions, for Gay Couples",civil unions and domestic partnerships most likely fit a president Romney’s description of marriage-like arrangements. he has said he favors domestic partnerships that bestow certain rights on same-sex couples. but he has not delineated them in great detail.,left,left
"Romney Reaffirms Opposition to Marriage, or Unions, for Gay Couples","douglas rushkoff: Romney is opposed to same-sex marriage but civil unions. he says if they are identical to marriage, why, I don't favor marriage between people of same gender. rushkoff: president obama has allowed civil unions, but he has not delineated the rights. rushkoff: such unions are more a result of federal funding, will protect legal status of same-sex couples.",left,right
"Romney Reaffirms Opposition to Marriage, or Unions, for Gay Couples","civil unions were an alternative to full marital rights for gay couples. lisa goffman: a civil union is identical to marriage. goffman: ""if a civil union is identical to marriage, why, why"" to keep same-sex couples out. goffman: civil unions wouldn't be a good option for same-sex couples and their families.",left,right
"Romney Reaffirms Opposition to Marriage, or Unions, for Gay Couples",conservatives reject civil unions in favor of marriage by a different name for gay couples. julian zelizer says legal status should be restricted to heterosexual couples. he says the country should ban marriage by a different name for gay couples. zelizer: other states may be considering civil unions and broad domestic partnerships.,left,right
"Romney Reaffirms Opposition to Marriage, or Unions, for Gay Couples",bob greene: mitt Romney opposes same-sex marriage but also civil unions. he says many states allowing civil unions would be ideal for same-sex couples. he says in some cases they are equivalent to marriage with a different name. greene: Obama and Romney have long been opposing the concept of civil unions.,left,center
"Romney Reaffirms Opposition to Marriage, or Unions, for Gay Couples","bob greene: despite support for civil unions, mitt Romney is opposed to same-sex marriage. he says the question of civil unions is a complex one. civil unions are an alternative to full marital rights for gay couples. greene: if it is identical to marriage, then why should we be limiting them to gay couples?",left,center
"Romney Reaffirms Opposition to Marriage, or Unions, for Gay Couples",president obama has publicly embraced same-sex marriage. bob greene: we shouldn’t be going after marriages aimed at gays. he says the two candidates have a strong ideological base and support civil unions. greene: the president should let the civil unions be legalized.,left,center
Battle Over Medicare Savings Intensifies Between Obama and Paul Ryan,"rep. lyndon christie says he's willing to listen to partisan skepticism. his proposal, approved twice, assumes the same amount of Medicare savings as president Obama’s health care law. christie: he wants voters to be convinced about his proposal. christie: democrats are pursuing their own agenda.",left,left
Battle Over Medicare Savings Intensifies Between Obama and Paul Ryan,"lawmakers expect similar Medicare savings to president barack obamacare. more than $4 billion will be cut under the bill this year, but it's still not for seniors. president obama is pushing the plan, saying it would end a 'bad, bad, bad' Medicare system. new congress will need to pass a reauthorization bill that cuts back on the care of older americans.",left,left
Battle Over Medicare Savings Intensifies Between Obama and Paul Ryan,"lawmakers hope to deflect attacks on health care bill by putting money into its account. a new bill, authored by senator john d. sen. lindsey, would save $700 billion. partisan brawl over Medicare threatens to become focus of the race. the current fight centers on changes in the new health law, the obamacare.",right,left
Battle Over Medicare Savings Intensifies Between Obama and Paul Ryan,"""this is a debate we want to have,"" rep. Paul d. ryan said. he said his plan assumes the same amount of Medicare savings as president Obama's health care law. a debate over Medicare has raged for years, threatens to become focus of race.",right,right
Battle Over Medicare Savings Intensifies Between Obama and Paul Ryan,"a new republican budget has more than doubled the cost of new health care law. a tv ad calls the bill ""dishonest and hypocritical"" and 'is not for you' a spokesperson for the campaign calls the plan ""safer, stronger and more effective"" the partisan brawl over Medicare threatens to become the focus of the race.",left,right
Battle Over Medicare Savings Intensifies Between Obama and Paul Ryan,"partisan brawl over medicare threatens to become the focus of the race. the current fight centers on changes in the program made in the new health law. conservatives say their ""ad on health care"" could be a victory. the u.s. will have to rethink its approach to medicare by 2014.",right,right
Battle Over Medicare Savings Intensifies Between Obama and Paul Ryan,"rep. Paul D. Ryan says his plan assumes same amount of Medicare savings as president Obama’s law. ian petraeus says the cuts would be devastating to millions of older Americans on Medicare. petraeus says it is a shame that the plans do not include enough saving. his budget would require 22% more than he did in 2009, according to the cbs.",left,center
Battle Over Medicare Savings Intensifies Between Obama and Paul Ryan,"conservatives say conservatives need to rethink government spending. it would be cheaper to use the money on medicare, but the deficit would be high. the current partisan brawl over Medicare threatens to become the focus of the race. 'Mitt Romney’s Medicare ad is dishonest and hypocritical,' campaign spokeswoman says.",right,center
Battle Over Medicare Savings Intensifies Between Obama and Paul Ryan,partisan brawl over Medicare threatens to become focus of the race. republicans hit back by a tv commercial asserting that the Romney-Ryan plan was better for older Americans. bill includes similar amounts of savings as president Obama’s health care law.,right,center
Paul Ryan Challenged On Budget By Georgetown Faculty,nearly 90 Georgetown scholars have called rep. Paul Ryan to task. they are not objecting to his speaking on campus but his arguments against it. bishops have written letters to congress defending his budget on Christian grounds.,left,left
Paul Ryan Challenged On Budget By Georgetown Faculty,"scholars condemn spending of senator on a key issue in a speech on public policy. ""this is nonsense,"" says one organizer who is a senior fellow at the Woodstock theological center. they also criticize the deficit and its resulting spending cuts.",center,left
Paul Ryan Challenged On Budget By Georgetown Faculty,"many Catholic scholars criticize Rep. Paul Ryan over his budget. their letter accuses him of using social teaching to defend his budget. the church says his budget is the result of ""the Gospel of compassion and love""",left,left
Paul Ryan Challenged On Budget By Georgetown Faculty,"about 90 Catholic scholars criticize rep. Paul Ryan over defending budget. they say he reflects values of philosopher Ayn Rand rather than gospel of Jesus Christ. students say the conservative-oriented public will suffer because of cuts. some criticize him on the basis he promotes ""self-interest"" among the poor.",right,right
Paul Ryan Challenged On Budget By Georgetown Faculty,scholars criticize rep. Paul Ryan for misuse of Catholic social teaching in defending budget. they accuse him of defending his budget on Christian grounds. rep. Ryan dismissed the bishops’ critique last week.,left,right
Paul Ryan Challenged On Budget By Georgetown Faculty,a chorus of Catholic scholars has called Rep. Paul Ryan to task for his attack on his budget. the scholars are correcting the use of Catholic social teaching in defending his budget. they say he misappropriated public money by focusing on social programs. the bishops are urging the administration to rethink the spending authority.,left,right
Paul Ryan Challenged On Budget By Georgetown Faculty,nearly 90 Georgetown university faculty and administrators call rep. Paul Ryan to task. lawmakers have taken issue with his use of Catholic social teaching in defending budget. scholars are calling on him to give the Whittington lecture on the budget.,left,center
Paul Ryan Challenged On Budget By Georgetown Faculty,scholars are calling rep. Paul Ryan to account for his abuse of catholic social teaching. the scholars want to join the bishops to point out how he costs taxpayers too much. the authors of the letter believe the debate is over who should have the right to vote.,left,center
Paul Ryan Challenged On Budget By Georgetown Faculty,"the bishops call the budget of rep. Paul Ryan ‘saddling the gospel of Jesus Christ’ professor: “survival of the fittest may be OK for social Darwinists but not for followers of the gospel of compassion and love” they point to cuts in food programs that keep the poor from starvation. rep. Ryan dismissed the bishops’ critique last week, claiming the letters didn’t represent “all the bishops”",left,center
Boehner: '1-in-3 chance' Republicans could lose House in November,"house speaker said that democrats have a ""two-in-three chance"" of retaking the house. control of the house could be up for grabs as the country's second congressional district. three races could undermine GOP gains in the special session.",center,left
Boehner: '1-in-3 chance' Republicans could lose House in November,"two-in-three chance for republicans of retaking the house, speaker says. but ""there's a one-in-three chance we could lose,"" he says. three races could undermine gains for the republicans.",left,left
Boehner: '1-in-3 chance' Republicans could lose House in November,"a flurry of redistricting decisions seems to be working as of late in the Democrats' favor. three races in particular could undermine those potential gains for the republican party. in total, 33 Senate seats are in play this year, with 23 currently held by Democrats.",right,left
Boehner: '1-in-3 chance' Republicans could lose House in November,"one-in-three chance the democrats could lose, speaker boehner tells a major news media. in the house, republicans hold a 242-190 seat advantage. 3 races in particular could undermine gains for the democrats.",left,right
Boehner: '1-in-3 chance' Republicans could lose House in November,"""there's a one-in-three chance we could lose,"" house speaker says. Boehner: ""there's a two-in-three chance we could lose"" the house was re-elected in 2010.",right,right
Boehner: '1-in-3 chance' Republicans could lose House in November,"house speaker tells the redistricting process that the party has a ""two-in-three chance"" he gives the party a chance of retaking the house, which is also the first major party to lose control of the house. in the house, a flurry of redistricting decisions appears to be working as of late in the Democrats' favor.",right,right
Boehner: '1-in-3 chance' Republicans could lose House in November,"boehner says his party has a ""two-in-three chance"" of holding on to control of the house. but there's a ""one-in-three chance we could lose,"" he told a congressional broadcast. in the other 25 Senate seats, 35 of 23 seats are open, with 23 held by democratic candidates. if the democrats want to control, they'll have to choose from a dozen seats on the board.",right,center
Boehner: '1-in-3 chance' Republicans could lose House in November,"""there's a one-in-three chance we could lose,"" republican speaker says. in total, 33 Senate seats are in play this year. three races in particular could undermine those gains.",left,center
Boehner: '1-in-3 chance' Republicans could lose House in November,"conservative pundit says republicans have a ""two-in-three chance"" of retaking the house. conservatives see more chance for their party to gain control of the house. however, boehner says this year's races will be ""a big challenge"" the conservatives see a ""two-in-three chance"" of retaking the house.",right,center
John Boehner: '1 In 3 Chance' Republicans Lose Control Of House,"""if Republicans were walking in lockstep, my job would be a whole lot easier,"" says boehner. house speaker: ""there’s a 1 in 3 chance that we could lose"" there's a ""2 in 3 chance that we win control of the house again"" but ""1 in 3 chance that we could lose,"" he says.",left,left
John Boehner: '1 In 3 Chance' Republicans Lose Control Of House,"house speaker warns there's a ""1 in 3"" chance the republicans will lose their majority in the house. boehner dismissed comments from far right party that 'they’re going to look for every boogeyman known to man' boehner spoke with Fox News' bill clinton on ""america's newsroom""",left,left
John Boehner: '1 In 3 Chance' Republicans Lose Control Of House,"house speaker's admission comes on a ""america's newsroom"" show. he says republicans in tough races have a ""1 in 3 chance"" of losing. he dismissed ""outrageous talk"" by campaign strategist.",right,left
John Boehner: '1 In 3 Chance' Republicans Lose Control Of House,"""we've got a big challenge and we’ve got work to do,"" speaker says. ""if Republicans were walking in lockstep, my job would be a whole lot easier,"" he tells radio station. boehner dismisses ""outrageous talk"" by white house strategist on candidates' ""reign of terror""",left,right
John Boehner: '1 In 3 Chance' Republicans Lose Control Of House,"boehner says he's looking forward to ""any boogeyman known to man"" ""i have 50 of our members in tough races; 89 freshmen running for their first re-elections"" ""we have 89 freshmen running for their first re-elections,"" he said. Boehner said if ""they were walking in lockstep, my job would be a whole lot easier""",right,right
John Boehner: '1 In 3 Chance' Republicans Lose Control Of House,house speaker says chance of slipping to 1 in 3 remains high. boehner also dismissed outlandish comment on obama campaign. house majority is largely democratic; he's representing democrats. boehner cites the role of congress in election win.,left,right
John Boehner: '1 In 3 Chance' Republicans Lose Control Of House,"house speaker: there's a 1 in 3 chance the Republicans could lose their majority in the house. if Republicans were walking in lockstep, my job would be a whole lot easier, he said. a ""reign of terror"" brought about by the far-right of their party, he said.",left,center
John Boehner: '1 In 3 Chance' Republicans Lose Control Of House,"'i would say 2 in 3 chance that we win control of the house again,' says speaker. ""if Republicans were walking in lockstep, my job would be a whole lot easier,"" he adds. if they were in office, they'd lose a slam, says house speaker. ""there’s a 1 in 3 chance that we could lose,"" he says in interview on ""america's newsroom""",right,center
John Boehner: '1 In 3 Chance' Republicans Lose Control Of House,"Speaker John Boehner says he's facing a ""big challenge"" he says many republicans fear they'll lose their majority. boehner is now the speaker of the house of representatives.",right,center
Biden-Ryan Debate: All About Joe,vice president was on center stage in one-day debate with rep. patty mulvaney. he dominated the spotlight in one-hour debate with little impact on the general election. but biden looked too over-the-top in the only debate between himself and rep. bill clinton. it was a performance by biden guaranteed to amp up -– and buck up -– worried voters.,left,left
Biden-Ryan Debate: All About Joe,"vice presidential dominated the spotlight in the only debate between himself and rep. Paul Ryan. the vice presidential dominated the spotlight, charging at Republican mitt Romney's running mate from the get-go. one blogger drew criticism from the alabama governor for asking biden to leave the debate.",right,left
Biden-Ryan Debate: All About Joe,some have mixed feelings about biden's offensive during this week's debate. vice president appeared intent on rallying democratic base after wrong debate. some on cnn have mixed feelings about his performance.,left,left
Biden-Ryan Debate: All About Joe,"biden dominated the spotlight in the only debate between himself and rep. Paul Ryan. he charged at the president's running mate from the get-go and bombarded him with eye rolls, interjections and accusations. it was a performance by the vice president guaranteed to amp up -– and buck up -– worried Democrats. what it accomplished among undecided voters, if anything, is hard to tell and will take days to sort out.",left,right
Biden-Ryan Debate: All About Joe,"daniel radcliffe: in vice presidential debates, vp dominated spotlight after failing to curb Obama. he says he and congressman snoozing in the debate; dissent from other contestants. he says it has a good chance of helping boost electorate; if not, it'll be for weeks to figure it out. radcliffe: vetting the candidates and keeping them honest about race will be key.",left,right
Biden-Ryan Debate: All About Joe,"""i thought Joe Biden was terrific tonight,"" the president said at a cnn debate. in a key debate, biden dominated the spotlight, charging at republican mitt romney from the get-go. his ""unrelenting"" attacks were a testament to a bipartisan response, as biden seemed to be trying to rally voters. the vice president dominated the spotlight, criticizing the candidate from the start, and a bit more.",right,right
Biden-Ryan Debate: All About Joe,"adnan jannay: biden made it hard to get back to the running mate without a debate. biden's over-the-top performance probably did what he appeared intent on doing. jannay: ""we just rolled over and laughed like the bull"" and kept biden from being a goofball. jannay: ""do you want to be the next president?""",left,center
Biden-Ryan Debate: All About Joe,"vp dominated spotlight in only debate between himself and rep. Paul Ryan. some undecided voters, if anything, will take days to sort out. biden's aggressive attacks also brought some anxiety to the debate floor. despite his overzealous behaviour, he seems set to make more dissent.",left,center
Biden-Ryan Debate: All About Joe,"""i thought Joe Biden was terrific tonight,"" the president told reporters. he seemed intent on rallying the Democratic base after his debate performance. Sullivan says it was ""a solid win for biden,"" calls ryan ""compete"" the debate came after a flurry of eye rolls and interjections from the vice president.",right,center
Biden Takes Off Gloves in Vice-Presidential Debate,"vice presidential debate on Tuesday was supposed to be reboot for the Obama campaign. in 1988 debate, vice president shook his head and scoffed pityingly at congressman. joe biden shrugged at bill clinton and tried to paint his opponent as ""dan queyle""",left,left
Biden Takes Off Gloves in Vice-Presidential Debate,"vice presidential debate in ohio on thursday saw vp use old buddy's 1988 debate playbook. vp used Lloyd Bentsen's remarks, shaking his head and scoffing pityingly at rep. david gergen. critics at a bar seemed disconcerted by sheer blowhard intensity vp brought. relives past debates and unleashes inner barroom brawler, says vp.",left,left
Biden Takes Off Gloves in Vice-Presidential Debate,"Joe Biden played with Lloyd Bentsen's 1988 debate playbook, admitting he had his doubts. vp leaned on the aides for a laugh as he spoke with a chuckle and pityd rep. lt. bill clinton. in a showdown between the president and his rival, biden scoffs at rep. paul ryan. ryan: while both candidates played well, biden surprisingly let loose",left,left
Biden Takes Off Gloves in Vice-Presidential Debate,Joe biden tried to paint his opponent as a latter-day Dan Quayle. he drew out the front row to defend his medicaid policies and iraq war. clinton said he had to watch the debate and put some light on his emotions.,right,right
Biden Takes Off Gloves in Vice-Presidential Debate,"vp Joe biden laughed at his opponent's comments so often and so heartily. bill richardson drew comparisons with former vice president, author steve mcgahey. he relived past debates and unleashed inner barroom brawler, richardson says.",left,right
Biden Takes Off Gloves in Vice-Presidential Debate,"daniel webster: bill clinton had better luck in 2008 debate than when he met Lloyd Bentsen. webster says his high-ranking staff was a valuable resource as he pushed to the back burner. he says vp Joe biden made full use of his old friend’s 1988 debate playbook. webster: vp biden didn't always appear ""poisonous"" but he had to be patient and energized ",left,right
Biden Takes Off Gloves in Vice-Presidential Debate,"lz granderson: for the vice presidential debate, it was a chance to unleash his inner barroom brawler. he says he acted as a companion, playing games with other debates. granderson: obama was seen as a threat, but this time he opened his mouth like a victim.",left,center
Biden Takes Off Gloves in Vice-Presidential Debate,"Joe Biden played the role of ""my friend"" but dismisses his arguments as ""malarkey"" the vice presidential debate was meant to be a reboot for the Obama campaign. there was a high buzz among the vice presidential nominees.",right,center
Biden Takes Off Gloves in Vice-Presidential Debate,"vice presidential debate held on monday night for first time since 2002 debate. former colleague of vice president, Lloyd Bentsen, used playbook to get his grip. he greeted president as ""my friend"" but dismissed his arguments as ""malarkey"" on bill clinton, he said ""you guessed it, you're right""",left,center
Mitt To Akin: Drop Out,"'why can't Mitt Romney run his race and I'll run mine?"" says rep. david gergen. rep. ted schumer's remark on ""another day"" ""i think he should be doing his job,"" says schumer. schumer: ''we have to get past a situation like this,'' says daniel stacy.",left,left
Mitt To Akin: Drop Out,"rep. Todd Akin was in a tough race to become the next president of the united states. ""why can't Mitt Romney run his race and I'll run mine?"" akin wrote on a radio show. he said the rape punishment ""should be on the rapist"" he declined to step down after a question about abortion.",right,left
Mitt To Akin: Drop Out,"akin, a Republican from mississippi, refused to resign on tuesday. voters in southeastern montana called for him to leave. the vote could raise questions on whether he's worth running for the state senate. other polls show the democrats are running strong, but don't want him out of the race.",right,left
Mitt To Akin: Drop Out,"lawmakers call for rep. Todd Akin to step aside from senatorship. ""Why can't Mitt Romney run his race and I'll run mine?"" asks one. Akin had not called his opponent to try to stay in the race.",right,right
Mitt To Akin: Drop Out,"rep. dr. todd kin refused to resign after his remark about rape support. the democrat's comments ""were offensive and wrong,"" Romney says. he also said akin would help the obama campaign by soldiering on.",right,right
Mitt To Akin: Drop Out,"akin prompted outrage with his response to a question about abortion in the case of rape. akin said that the ""penal... ought to be on the rapist"" the republican-controlled state was running for senate in a possible rio presidential run. akin is expected to be nominated for a second term in a year.",left,right
Mitt To Akin: Drop Out,"senator asked for akin to ""accept their counsel and exit the Senate race"" he was not to get out but was still refusing to step down on a talk radio interview. republicans say akin has created an irreversible distraction and can't run. the state senator will be in the running for president on thursday.",left,center
Mitt To Akin: Drop Out,Republicans call for governor to step down for the sake of the country. rep. Todd Akin said he thought the remarks were offensive. he said he would help a potential presidential candidate.,right,center
Mitt To Akin: Drop Out,"akin was asked to resign by vice presidential candidate Paul Ryan, but he didn't. ""why can't Mitt Romney run his race and I'll run mine?"" ""as a republican, i should not have gone to a senator who said he wouldn't,"" he said. akin has said he is not going to make a big deal of his comments.",left,center
Romney calls on Rep. Akin to drop Senate bid over 'rape' comments,"""the right decision is to step aside,"" five former senators said. akin has a 5 p.m. deadline to withdraw from the race. the congressman said he should seek a court order to resign. he said a new video is to show victims of sexual assault.",center,left
Romney calls on Rep. Akin to drop Senate bid over 'rape' comments,"""i believe that we can win this,"" rep. sen. thom wolfe urges him to walk away. five previous and present republican senators urge Akin to step aside. ""the issue at stake are too big, and this election is simply too important,"" they say. Akin faces a 5 p.m. deadline to withdraw.",left,left
Romney calls on Rep. Akin to drop Senate bid over 'rape' comments,"former republicans say senate seat won't be easy and that Akin should quit. ""i am not going to be killed."" ""the issue is not the apologies we have to be careful of,"" he tells cnn. ""i'll be a lawyer for the victims, but i will also be a prosecutor,"" he says. obama says ""anything is possible.""",left,left
Romney calls on Rep. Akin to drop Senate bid over 'rape' comments,"""i believe that we can win this,"" rep. Akin tells fox news host. five senators urged him to step aside. ""rape is an evil act. I used the wrong words in the wrong way"" ""as the father of two daughters, I want tough justice for predators,"" he says.",right,right
Romney calls on Rep. Akin to drop Senate bid over 'rape' comments,"five past and present senators urge akin to step aside. ""the issue at stake are too big,"" the lawmakers say. Akin denies calling rape ""an evil act"" and says he's staying in the race. he told a reporter, ""the mistake I made was in the words I said, not in the heart I hold""",left,right
Romney calls on Rep. Akin to drop Senate bid over 'rape' comments,"five republican senators urged republican candidate to step aside. ""the right decision is to step aside,"" they said in a statement. the rep. should consider ""what course would be in the best interest of our country,"" they said. his campaign releases a new ad in which he addresses the controversy.",left,right
Romney calls on Rep. Akin to drop Senate bid over 'rape' comments,"new: akin apologizes, saying, ""i use the wrong words in the wrong way"" republicans have urged akin to step aside over comments on rape. candidates in that race are being flouted, but many people want their representatives out. ""the right decision is to step aside,"" akin says in a campaign ad.",left,center
Romney calls on Rep. Akin to drop Senate bid over 'rape' comments,five former and present senators urged Akin to step aside. they say he rebuffed calls for a court order to withdraw from the race. conservatives criticized his comments. Akin said he has no regrets.,right,center
Romney calls on Rep. Akin to drop Senate bid over 'rape' comments,"""the right decision is to step aside,"" former Missouri senators say. ""the issues at stake are too big, and this election is simply too important,"" they say. ""the mistake I made was in the words I said, not in the heart i hold,"" said one man. he told a radio show host that he has since offered apologies.",right,center
Israel Prime Minister Bibi Netanyahu Used In Conservative Attack Ad Against Obama,"americans are suing the president, claiming his actions have thrown Israel under a bus. a new neoconservative nonprofit is attempting to influence the debate over american security. one commentator says the ad is designed to generate political frustration.",left,left
Israel Prime Minister Bibi Netanyahu Used In Conservative Attack Ad Against Obama,"a new neoconservative ad appears in florida, west palm beach and ft. myers. the pollster for Secure America Now said the ad will cost $400,000. Netanyahu says the u.s. has not been ready for the election.",left,left
Israel Prime Minister Bibi Netanyahu Used In Conservative Attack Ad Against Obama,"neoconservative nonprofit organization influencing debate on security, foreign policy. ""there is no bus"" against president, which cites security concerns for israel. ""those things are so simple, so simple,"" says top u.s. security official.",left,left
Israel Prime Minister Bibi Netanyahu Used In Conservative Attack Ad Against Obama,"ad featuring israel's prime minister features Israeli prime minister laying out security concerns. obama said earlier this year he is ""deeply concerned for"" israel. israeli prime minister says he ""can't stand to be seen as a villain""",left,right
Israel Prime Minister Bibi Netanyahu Used In Conservative Attack Ad Against Obama,"new ad airing in a three-county region: miami, west palm beach and february. pollster says about $400,000 has been placed so far. neoconservative nonprofit secure american now has run ad against president obama.",left,right
Israel Prime Minister Bibi Netanyahu Used In Conservative Attack Ad Against Obama,"""there is no bus,"" Netanyahu says about Iran's nuclear program in security ad. neoconservative group says it is representing all political ideologies. ""people are trying to draw me into the american election. I’m not going to do that"" ""there is no bus,"" he says on NBC's ""Meet the Press""",left,right
Israel Prime Minister Bibi Netanyahu Used In Conservative Attack Ad Against Obama,Secure America Now ad featuring Bibi Netanyahu lays out Israel’s security concerns. neoconservative nonprofit is trying to influence debate around american security and foreign policy. private firms such as seize a phone with security companies and hold elections.,left,center
Israel Prime Minister Bibi Netanyahu Used In Conservative Attack Ad Against Obama,new ad featuring neoconservative muslim leader airs in key markets in florida. muslim group says it wants to influence debate around security and foreign policy. secureamerica now has previously attacked president obama in similar ad.,left,center
Israel Prime Minister Bibi Netanyahu Used In Conservative Attack Ad Against Obama,"neoconservative organization Secure America now is airing an ad featuring Bibi Netanyahu. the ad features Netanyahu laying out Israel’s security concerns about Iran’s nuclear program. ""we are going to have to stop trying to run up in front of the public and make it more interesting,"" it said.",right,center
Obama and Boehner Talk Deficits at the White House,president Obama and Speaker John A. Boehner met privately on Sunday. top Republican senator suggested that his party should accede to Mr. Obama’s demand for tax hike. administration officials would not give details of the meeting; discussions are private. meeting gave rise to renewed optimism that a deal could be reached before the end of thursday.,right,left
Obama and Boehner Talk Deficits at the White House,"president and speaker boehner meet privately to discuss spending. the meeting is the first one-on-one deficit talks between the president and the speaker since a session three weeks ago. some lawmakers say a tax hike could pave the way for serious spending cuts. ""what we will reach a deal, but... I do not think that anything is either certain or imminent,"" says one member.",right,left
Obama and Boehner Talk Deficits at the White House,the president and the speaker met privately at the white house on Sunday. recent meeting gave rise to renewed optimism that a deal could be reached. the meeting gave rise to renewed optimism that a deal could be reached by the end of the month.,left,left
Obama and Boehner Talk Deficits at the White House,"president and speaker discussed tax hikes, helping seniors save money. if president and speaker reach a deal, ""thing is either certain or imminent,"" a representative says. sen. lindsey graham, r-oklahoma, and sen. john mccain both have concerns. critics believe tax hike is a ploy to reduce a large portion of benefits.",center,right
Obama and Boehner Talk Deficits at the White House,president and speaker have met privately at the white house on sunday. speaker's latest meeting gave rise to renewed optimism that a deal could be reached by month's end. president has a year to find a solution after years of ajitsu and tadashi.,left,right
Obama and Boehner Talk Deficits at the White House,president Obama and speaker John A. Boehner meet privately at the white house on Sunday. it’s the first face-to-face deficit talks between the president and the speaker since a session three weeks ago.,center,right
Obama and Boehner Talk Deficits at the White House,"a top republican senator suggests that his party should accede to Mr. Obama's demand to raise the top tax rates. ""my guess is still that we will reach a deal, but I do not think that anything is either certain or imminent,"" rep. tom kelly says. the last chance for the president to come closer is a three-week wait for his side of the aisle to move to an agreement. last time the president and his colleagues met was six months ago, when their search for ",left,center
Obama and Boehner Talk Deficits at the White House,president and speaker meet privately on sunday in bid to reach a budget deal. meeting was first one-on-one deficit talks between the president and the speaker since 2012. a top Republican senator suggested his party should accede to the president’s demand. he says he could try to raise top tax rates and give more attention to Medicaid cuts.,right,center
Obama and Boehner Talk Deficits at the White House,a top republican senator suggested that his party should accede to Mr. Obama’s demand. president's latest meeting gave rise to renewed optimism that a deal could be reached.,left,center
"Obama, Boehner meet on fiscal crisis for first time in weeks","president obama meets with boehner to discuss efforts to ""solve the fiscal cliff"" both sides say lines of communication remain open. boehner has suggested that congress rethink its tax reforms. obama was criticized last week for ""wasting another week""",left,left
"Obama, Boehner meet on fiscal crisis for first time in weeks",president obama and congressmen meet. meeting comes after obama publicly chided the speaker for the lack of progress. republicans are urging a gubernatorial pick as a trigger for tax hikes.,left,left
"Obama, Boehner meet on fiscal crisis for first time in weeks","president and speaker meet at white house for first time in weeks. meeting comes a day after president obama and house speaker boehner met for talks. president's statement criticized obama's ""wasted another week""",left,left
"Obama, Boehner meet on fiscal crisis for first time in weeks",president and house speaker met for first time in weeks. obama is headed to detroit to make final push for tax hikes. boehner is facing some pressure from a growing number of republicans. but some republicans want the president to focus on getting entitlement benefits back.,left,right
"Obama, Boehner meet on fiscal crisis for first time in weeks","president, speaker met for first time in weeks on tax reform. sen. Bob corker became latest  Republican to open door to tax rate hikes. house speaker says he'll be open to negotiations on tax increases. sen. rand paul calls boehner's proposals a ""screw-up, partisan battle""",left,right
"Obama, Boehner meet on fiscal crisis for first time in weeks","president and speaker had meeting at white house on Sunday. the meeting came after president obama had ""wasted another week"" speaker's statement said the line of communication remains open. house members and senators have three weeks to reach a deal.",left,right
"Obama, Boehner meet on fiscal crisis for first time in weeks",president barack obama and house speaker boehner met Sunday for first time in weeks. speaker was criticized by the president on friday for lack of progress to date. two lawmakers criticized in washington last week for not showing signs of progress.,left,center
"Obama, Boehner meet on fiscal crisis for first time in weeks","leaders meet with white house speaker after he chided the president of having ""wasted another week"" there are three weeks to come before tax hikes take effect. an economic analyst argues a tax hike is a temporary fix. if a deal isn't reached, then top earners would lose money in a year.",right,center
"Obama, Boehner meet on fiscal crisis for first time in weeks","president and speaker boehner met at the white house for the first time in weeks. the meeting comes after speaker jay zoellick opened door to tax hikes. boehner accuses the president of ""wasting another week""",left,center
"Santorum Calls For Ending Public Education, Prenatal Testing","nfl's edward allen says ""face the nation"" host is ""enemy of america"" the conservative says it's about ""some phony ideal, some phony theology"" Santorum says he doesn't question the president's faith.",left,left
"Santorum Calls For Ending Public Education, Prenatal Testing","""it's not about you. It's not about your quality of life,"" Rick Santorum says of president. the conservative activist has defended his recent claims against prenatal testing and government services. he says he believes the president should ""protect the earth"" and ""steward its resources""",left,left
"Santorum Calls For Ending Public Education, Prenatal Testing","""we're not here to serve the earth,"" says conservative conservative Rick Santorum on ""face the nation"" in an interview, he says that he's never questioning the president's faith. the evangelical journalist also defended his claims that prenatal testing results in abortions. he also argued that federally provided education is ""anachronistic""",left,left
"Santorum Calls For Ending Public Education, Prenatal Testing","john avlon: 'a different theology' doesn't support the ""we're not here to serve the earth"" avlon says ""i don't question the president's faith"" avlon: conservatives have more faith in ""the phony ideal"" of man protecting the earth. he says conservatives don't see his policies as based on ""theology based on the bible""",left,right
"Santorum Calls For Ending Public Education, Prenatal Testing","""oh, not a theology based on the bible. a different theology,"" says Santorum on ""face the nation"" he's saying government-run education is ""anachronistic"" ""it's not about you, it's not about your quality of life. It's not about your jobs,"" he says in an interview.",left,right
"Santorum Calls For Ending Public Education, Prenatal Testing","""that is not the objective, man is the objective,"" says ac santorum on ""face the nation"" he says prenatal testing results in more abortions and better education is needed. ""i don't question the president's faith,"" he says in interview, denying criticisms.",right,right
"Santorum Calls For Ending Public Education, Prenatal Testing","""it's not about you. It's not about your quality of life,"" says conservative chief of staff. he denies that he has challenged the legitimacy of the presidential election. he says he doesn't question the president's faith.",left,center
"Santorum Calls For Ending Public Education, Prenatal Testing",a host of conservative radio host asked Santorum about his comments. he said he does not question the president's faith. but he said he doesn't question the church's credibility.,right,center
"Santorum Calls For Ending Public Education, Prenatal Testing","""we're not here to serve the earth,"" says former president. ""it's not about you. It's not about your quality of life,"" he says. he rejects accusations that the president ""is the opposite of the ideal""",right,center
"Santorum: 'Phony theology' comment was about energy policy, not Christian faith","president's campaign calls remark ""a personal affront"" 'i was talking about the radical environmentalist' 'i'm a republican. i'm a republican' says campaign. 'it's time to have a debate on our political positions, but not question each other's character and faith,' he says.",left,left
"Santorum: 'Phony theology' comment was about energy policy, not Christian faith","new: ""the president is not a Christian. he is a radical environmentalist,"" senator says. critics say the comments are ""about some phony ideal."" former barack obama spokesman calls the criticism ""false"" and ""destructive"" the opposition will budge over the message, say critics.",left,left
"Santorum: 'Phony theology' comment was about energy policy, not Christian faith","new: sen. ted cruz: ""i am disappointed by the reaction,"" but the remark ""is an insult"" new: campaign of the new president says the issue is ""over the line,"" not about you. new: ""not a theology based on the Bible.... a different theology,"" sen. labolt says. obama spokesman: ""what we're going to do is push back the notion of a new theology""",left,left
"Santorum: 'Phony theology' comment was about energy policy, not Christian faith","campaign calls the president's ""phony theology"" ""man is not here to serve the Earth"" ""i think a lot of radical environmentalists have it upside down,"" he says. ""it's time to have a debate on our political positions,"" his former spokesman says.",right,right
"Santorum: 'Phony theology' comment was about energy policy, not Christian faith","democrats say polls show the ""obamacare policy is wrong"" former white house spokesman calls the comment a personal affront. president's campaign says it is time to move on with an ""essential conversation""",left,right
"Santorum: 'Phony theology' comment was about energy policy, not Christian faith","new: former senator calls comment ""false portrayal of the gospel and real truth"" new: ""we should be reformed as individuals to take the Gospel of the Gospel, not theology,"" he adds. new: ""this is no apology for man... we shouldn't have a reincarnation,"" an enlightened voter says. new: the president slams the 'phony ideal' that man wants to ""deliver its value and serve our planet",left,right
"Santorum: 'Phony theology' comment was about energy policy, not Christian faith","""i accept that the president's not a Christian,"" sen. hillary clinton says. daniel d. jones, mike ashfield and bill clinton back an apology. ""we're not here to serve the Earth. man is the objective,"" he adds. he cites ""false and extreme environmental"" reasons for his remark.",right,center
"Santorum: 'Phony theology' comment was about energy policy, not Christian faith",rick santorum says he's not asking whether president obama is not a Christian. he criticizes the president's policies that place stewardship above welfare of people. the president's campaign says the remark is a personal affront.,right,center
"Santorum: 'Phony theology' comment was about energy policy, not Christian faith","new: a british activist says he thinks sen. joe biden will continue with ""pivotal statements"" for reelection. santorum calls president obama's ""false theology"" and claims the earth is a concern. a republican polls show a lukewarm support for ads praising sen. mccain. the republican candidate calls the comment ""a personal aff",left,center
"Kathy Griffin apologizes for photo shoot with bloodied Trump mask, says she 'went too far'","new: in twitter post, Kathy Griffin said she was going to ""take down the image"" Griffin was photographed with controversial photographer Tyler Shields. Shields said the image was meant to serve as art. the video was posted on the website but was taken down for security.",left,left
"Kathy Griffin apologizes for photo shoot with bloodied Trump mask, says she 'went too far'","Kathy Griffin tweeted a picture of the president with a bloodied mask of Trump. the photo shows the two working together to make up a video for the new photo. actor steve baller tweeted back that ""the video was broken."" people took to twitter to express their disdain for the photo shoot.",right,left
"Kathy Griffin apologizes for photo shoot with bloodied Trump mask, says she 'went too far'",Kathy Griffin: 'i went too far and i was wrong' on her latest photo shoot. she tweeted a photo of a bloodied face holding president Trump. photographer Tyler Shields later removed a video he posted online about the photo. Shields says he has to work on new videos to fix glitches and be more careful with them.,right,left
"Kathy Griffin apologizes for photo shoot with bloodied Trump mask, says she 'went too far'","""I've made a lot of mistakes in my career,"" she says. the photo, titled ""it's too disturbing,"" first appeared in TMZ. Tyler Shields says it's meant to make a statement.",right,right
"Kathy Griffin apologizes for photo shoot with bloodied Trump mask, says she 'went too far'","""I went too far and I was wrong,"" Kathy Griffin says of photo shoot. a twitter post indicates her ""fear of being arrested"" the twitter post cited glitches in the video, which prompted him to take it down. Shields tells cnn the image is art and may hurt some viewers.",right,right
"Kathy Griffin apologizes for photo shoot with bloodied Trump mask, says she 'went too far'","""we'd love to do something political,"" photographer says. Kathy Griffin admits photoshoot was too disturbing. photographer says he was seeking statement from photo. facebook post for his image of president Trump has more than 10 million views.",center,right
"Kathy Griffin apologizes for photo shoot with bloodied Trump mask, says she 'went too far'","Kathy Griffin says she went too far on a photo shoot with controversial photographer. she was holding a bloodied mask of president obama. the photo is from a photoshoot with photographer Tyler Shields. in a twitter post, Griffin said the image was ""too disturbing""",right,center
"Kathy Griffin apologizes for photo shoot with bloodied Trump mask, says she 'went too far'","Kathy Griffin takes a ""too disturbing"" photo of president Trump, her husband says. a video of the shoot with a bloodied mask has since been taken down. Griffin said on twitter she would ""take down the image"" in the photo.",right,center
"Kathy Griffin apologizes for photo shoot with bloodied Trump mask, says she 'went too far'","""it's not real,"" photographer says of tense photo by national broadcaster. a video of ""behind the scenes with Kathy Griffin"" has been taken down. a critic says the move may be a response to a controversial photography issue. the tv series ""behind the scenes"" premieres on sunday.",right,center
"Shooting Brings Rare Comity to the Capital, but Will It Last?","congressman's team was struck by a gunman in a game at the capitol in june. in a bipartisan rebuttal, he said his office would not be intimidated. but by the game's end, he said, ""we are showing the world that we will not be intimidated"" some senators had not expected to stay, but by nightfall, the decision was clear.",left,left
"Shooting Brings Rare Comity to the Capital, but Will It Last?",lawmakers line up with supporters at nationals park to cheer on their opponents. the game is a charity game aimed at raising money for a wounded soldier. former congressman says the group wants to come back.,right,left
"Shooting Brings Rare Comity to the Capital, but Will It Last?",a gunman has fired four bullets at lawmakers at nationals park. some lawmakers had planned to stay with the game. a third 'gav' shot at nationals park was also opened.,right,left
"Shooting Brings Rare Comity to the Capital, but Will It Last?","congressman: ""if the game stops, it will stop."" some members of congress had not expected to stay. gunman jumped into pitch friday, striking four people including Scalise's minority whip.",center,right
"Shooting Brings Rare Comity to the Capital, but Will It Last?","president obama says he will not ""be intimidated"" by obama's remarks on nationals park. several congressional members urged their colleagues to stay or face their fate. democrats urged everyone to support the nationals park charity baseball game. sen. bob greene: republicans' decision not to return to l.a. after recent attacks.",left,right
"Shooting Brings Rare Comity to the Capital, but Will It Last?","lawmakers rallied to show they won't be intimidated by president. the violence is ""a victory"" for the democratic-led congressional delegation, they say. but the lawmakers are still optimistic. the gunman killed four people at a baseball practice.",right,right
"Shooting Brings Rare Comity to the Capital, but Will It Last?","two day earlier a gunman opened fire on members of the Republican congressional baseball team. at a nationals park game tuesday, many swayed as they waited to see the players. some lawmakers expected to stay, but the decision was clear. it would be a racial outrage to play baseball and to end years of war.",center,center
"Shooting Brings Rare Comity to the Capital, but Will It Last?","a gunman fired on lawmakers for charity game in nationals park. one congressman booed the shots and said: ""the game will go on"" the gunman also struck several others, including majority whip Steve Scalise. some senators said they waited for a play by the team in nationals park to get a shot.",right,center
"Shooting Brings Rare Comity to the Capital, but Will It Last?","bipartisan response to violence at baseball game is not exactly as it had before. gunman fired on players in tense nationals park practice. in tense moments, one of two opposing parties reportedly criticized each other.",center,center
"GOP Whip Steve Scalise, Others Shot At Early Morning Baseball Practice","the killing of six u.s. lawmakers at a congressional baseball game is ""a nightmare"" a single gunman opened fire on lawmakers in an Alexandria park on wednesday morning. two congressmen, two police officers, an aide and a lobbyist were wounded. Scalise had surgery to stop bleeding, is still in critical condition.",left,left
"GOP Whip Steve Scalise, Others Shot At Early Morning Baseball Practice","new: in good spirits, scaleise speaks to wife by phone. Scalise underwent surgery at the MedStar Washington Hospital Center after being shot in hip. the attack in an Alexandria, Virginia,, park killed six and injured three. president obama and first lady visit Scalise; president has been in touch.",left,left
"GOP Whip Steve Scalise, Others Shot At Early Morning Baseball Practice","the gunman fatally shot six members of a congressional baseball team in an Alexandria park. two congressional lawmakers, two police officers, a congressional aide and a lobbyist were wounded. the victim, house majority whip Steve Scalise, was shot by the assailant. he is in critical condition at a hospital.",center,left
"GOP Whip Steve Scalise, Others Shot At Early Morning Baseball Practice",six injured in lone gunfire at a congressional baseball game on tuesday. three injured were congressmen and two police officers. one injured aide was also wounded. three others treated in hospital as well as the two police officers.,center,right
"GOP Whip Steve Scalise, Others Shot At Early Morning Baseball Practice","the six injured in the attack in an Alexandria, Virginia, park are in critical condition. six people, including two congressmen, two police officers and a lobbyist, were shot. supreme court justice robert de niro ruled that he died after being shot. three senators, two senators are still in critical condition after being shot.",left,right
"GOP Whip Steve Scalise, Others Shot At Early Morning Baseball Practice","house majority whip in critical condition after shooting in park. six injured including two congressmen, two police officers, a congressional aide and a lobbyist. lone gunman opened fire at group practicing for congressional baseball game in washington. scaleise had surgery after being shot in the hip; he later died at a hospital.",center,right
"GOP Whip Steve Scalise, Others Shot At Early Morning Baseball Practice","six people shot in the hip, including two congressmen, two police officers, aide and a lobbyist. scaleise, a majority whip, was shot by a lone gunman and later died of his injuries. the assailant, 66-year-old James T. 'j' Hodgkinson, was shot by police and later died of his injuries.",center,center
"GOP Whip Steve Scalise, Others Shot At Early Morning Baseball Practice","house majority whips are still in critical condition in washington. new: federal agents shot the lone attacker while he was practicing for a baseball game. a shooter who wounded three people has yet to be identified. six were injured in the attack in an Alexandria, a london, park on thursday.",left,center
"GOP Whip Steve Scalise, Others Shot At Early Morning Baseball Practice","lone gunman opened fire on 6 lawmakers during baseball game in a virginia park. lawmakers including house majority whip, former congressman and aide among those injured. one lawmaker and a congressional aide were shot in the head by a police officer. aide of one of the victims is out of the hospital, undergoing surgeries.",center,center
Senate intel panel subpoenas two Flynn businesses in Russia probe,senators subpoena two of former nsa adviser Michael Flynn's businesses. senators have been studying possible documents related to the investigation. the investigation focuses on whether Flynn colluded with Russia.,center,left
Senate intel panel subpoenas two Flynn businesses in Russia probe,the lawmakers say they have subpoenaed two of former nsa aide's businesses. nsa fired Flynn in february because he misled vice president. Flynn is being investigated about whether he was fully forthcoming.,center,left
Senate intel panel subpoenas two Flynn businesses in Russia probe,"two former nsa advisers identified as Flynn Intel Group LLC and Flynn Intel Group Inc. Sen. Mark Warner, d-Va., said businesses were based in Alexandria, Va. the probe focuses on whether Flynn colluded with Russia to boost the republican candidate in the 2016 elections.",right,left
Senate intel panel subpoenas two Flynn businesses in Russia probe,Senate intelligence committee subpoenas two of Michael Flynn's businesses. Flynn will invoke fifth amendment protection against self-incrimination if requested. Flynn's lawyer notified committee that his client will not comply with its subpoena.,center,right
Senate intel panel subpoenas two Flynn businesses in Russia probe,"two businesses identified as Flynn Intel Group LLC and Flynn Intel Group Inc. based in Alexandria, Va.",center,right
Senate intel panel subpoenas two Flynn businesses in Russia probe,"the two businesses are Flynn Intel Group LLC and Flynn Intel Group Inc. Flynn's lawyer notified the committee that his client will invoke his Fifth Amendment protection against self-incrimination. ""A business does not have the right to take the fifth,"" Sen. Mark Warner told reporters. the action comes a day after Flynn's lawyer notified the committee that his client will invoke his Fifth Amendment.",center,right
Senate intel panel subpoenas two Flynn businesses in Russia probe,Sen. Mark Warner says the two businesses are Flynn Intel Group LLC and Flynn Intel Group Inc.,right,center
Senate intel panel subpoenas two Flynn businesses in Russia probe,senators of senators' intelligence committee have subpoenaed two of former national security adviser's businesses. Sen. mark Warner identified the businesses as Flynn Intel Group LLC and Flynn Intel Group Inc. the committee's action comes a day after Flynn's lawyer notified the committee that his client will invoke his Fifth amendment protection against self-incrimination.,center,center
Senate intel panel subpoenas two Flynn businesses in Russia probe,senate intelligence committee said it subpoenaed two of former nsa aide's businesses. democrats identified the businesses as Flynn Intel Group LLC and Flynn Intel Group Inc.,left,center
"House Intelligence Committee Will Subpoena Flynn, Schiff Says","house committee will issue subpoenas to president's first national security adviser. house intelligence committee says the panel will issue the subpoenas. democrats want to say if he rejects the subpoena, he will face prison time.",center,left
"House Intelligence Committee Will Subpoena Flynn, Schiff Says","house committee to issue subpoenas to lawyer for president's first national security adviser. he's being investigated for alleged rape of a man in osama bin laden's office. he is accused of trying to extort money from terrorists; attorney says he was under paid. house will have to decide whether to issue subpoenas, which would be necessary.",left,left
"House Intelligence Committee Will Subpoena Flynn, Schiff Says","a democrat says the house intelligence committee will issue subpoenas to the president's first national security adviser. a democrat says the subpoenas will be designed to maximize our chances of getting the information we need. the democrat believes it's ""a pretty difficult task"" for the president to maintain his position. the republican rep. william hague says he fears republicans could use the process for their own good.",center,left
"House Intelligence Committee Will Subpoena Flynn, Schiff Says","the house panel will issue subpoenas to president Trump’s first national security adviser. the move will escalate the president's troubles with congress. the president and his advisor was given $110 billion by his legal team, a source says.",center,right
"House Intelligence Committee Will Subpoena Flynn, Schiff Says","democrat says subpoenas ""will maximize our chance of getting the information that we need"" he says he’s refused request for documents and interview with adviser, president's first national security adviser. he also declined an interview with the committee. a subpoena, ordered on march 30, could lead to a reprimand for contempt of congress.",left,right
"House Intelligence Committee Will Subpoena Flynn, Schiff Says","the subpoenas could not be issued without at least some support from Republicans. ""we need to use whatever compulsory methods are necessary to get the information,"" democrat says. the subpoenas could not be issued without at least some support from Republicans.",center,right
"House Intelligence Committee Will Subpoena Flynn, Schiff Says","house will issue subpoenas to President Trump’s first national security adviser. democrat: ""we need to use whatever compulsory methods are necessary to get the information that he possesses"" subpoenas could not be issued without at least some support from republicans.",left,center
"House Intelligence Committee Will Subpoena Flynn, Schiff Says",house panel to issue subpoenas to president Trump’s first national security adviser. senate intelligence committee issues subpoenas on his firms to ask for information. subpoenas put him at risk of being held in contempt of congress.,left,center
"House Intelligence Committee Will Subpoena Flynn, Schiff Says",house intelligence committee will issue subpoenas to first national security adviser. democrats say the committee will seek details that could shed light on his lobbying work. the subpoena could not be issued without at least some support from republicans.,left,center
"President Trump takes office vowing to restore prosperity, ‘fight’ for country","he told Americans across the country they will ""never be ignored again"" and promised concrete results. the new president cast his presidency as a return to power for the people and vowed never to let them down. the speech did not delve into policy details, but rather reprised objectives from his 2016 campaign on trade, immigration and national security.",left,left
"President Trump takes office vowing to restore prosperity, ‘fight’ for country",president's inaugural address delivered on friday. promises concrete results for nation. casting his presidency as a return to power for the people. voters have shown overwhelming support for the new administration.,center,left
"President Trump takes office vowing to restore prosperity, ‘fight’ for country",new president promises concrete results. he cast his presidency as a return to power for the people. the address drew attention to the economy.,left,left
"President Trump takes office vowing to restore prosperity, ‘fight’ for country","he called for a ""new national pride"" and a rediscovery of American patriotism. he cast his presidency as a return to power for the people. ""from this day forward, it’s going to be only America first,"" he said. he pledged to work to ""rattle all swaying issues.""",left,right
"President Trump takes office vowing to restore prosperity, ‘fight’ for country","he cast his presidency as a return to power for the people and vowed never to let them down. “From this day forward, it’s going to be only America first,” he declared.",right,right
"President Trump takes office vowing to restore prosperity, ‘fight’ for country","new president urged americans across the country to open their hearts to patriotism. he also pledged concrete results, including his oath of office to restore prosperity. ""if you open your heart to patriotism, there is no room for prejudice,"" he said. the new president cast his presidency as a return to power for the people.",right,right
"President Trump takes office vowing to restore prosperity, ‘fight’ for country","new: rebuked those who have held power in the city of washington. new: sen. ted cruz: ""when you open your heart to patriotism, there is no room for prejudice"" new: he added: ""the times for empty talk is over. Now comes the hour of action"". he made a broad appeal for a ""new national pride"" and a rediscovery of American patriotism.",left,center
"President Trump takes office vowing to restore prosperity, ‘fight’ for country","new u.s. president promises concrete results in first year. 'the time for empty talk is over. now comes the hour of action,’ he said. he also rebuked those who have held power in washington. ""the time for empty talk is over. now comes the hour of action,"" he said. he cast his presidency as a return to power for the people.",left,center
"President Trump takes office vowing to restore prosperity, ‘fight’ for country","president rebuked those who hold power while ""the people did not share"" in the country’s wealth. but the new president cast his presidency as a return to power for the people and vowed never to let them down. in a succinct speech heavy on populist themes, the president told Americans across the country they will “never be ignored again”",center,center
Trump: Roy Moore will 'step aside' if sexual misconduct allegations are true,white house: president believes we cannot allow a mere allegation to destroy a person’s life. white house press secretary warns against a rush to judgment. Moore lashed out after the washington post reported on a woman's claims. leigh corfman reportedly claimed a sexual encounter with her father left her vulnerable.,left,left
Trump: Roy Moore will 'step aside' if sexual misconduct allegations are true,president says he believes we can't allow mere allegations to destroy lives. he is the second white house aide to say in two weeks. he wants to be sure that he does not repeat the 1982 remarks. he was criticized for making a number of unrelated stories about him.,right,left
Trump: Roy Moore will 'step aside' if sexual misconduct allegations are true,"the president thinks he'll step aside if allegations against him are true, the white house says. white house press secretary calls for a rush to judgment. president slams ""the Obama-Clinton machine's liberal media lapdogs"" after post sex allegations. former assistant district attorney leigh corfman said she didn't have sex with a candidate.",left,left
Trump: Roy Moore will 'step aside' if sexual misconduct allegations are true,"the white house says the president believes they can't allow a mere allegation to destroy a person’s life. president says Moore ""will do the right thing and step aside"" leigh corfman, now 53, alleges he took her to his home and kissed her when she was 14.",left,right
Trump: Roy Moore will 'step aside' if sexual misconduct allegations are true,"president says he thinks u.s. can ""allow a mere allegation"" to destroy a person's life. but a spokesman cautioned against rush to judgment. ""we were in tears,"" said a lawyer who'd known that the boy was still at home with his mother. ""our children and grandchildren’s futures are on the line,"" the senate candidate says.",left,right
Trump: Roy Moore will 'step aside' if sexual misconduct allegations are true,"the president thinks if sexual misconduct allegations against him are true, he'll ""step aside"" a woman alleges that the former assistant district attorney initiated a sexual encounter with her when she was 14. Moore calls for an investigation into the state of the investigation. he referred to the alleged encounter as ""an accidental encounter""",left,right
Trump: Roy Moore will 'step aside' if sexual misconduct allegations are true,"president says he believes allegations should not be rushed, but that he'll ""step aside"" obama also says he's glad he never gave up fight if sexual misconduct allegations are true. republicans call for democratic presidential candidates to step down. state department says it is investigating alleged sexual encounter.",left,center
Trump: Roy Moore will 'step aside' if sexual misconduct allegations are true,"new: president says he will ""go the right way and step aside"" if allegations are true. the white house says president believes that ""we cannot allow a mere allegation to destroy a person’s life"" the white house says president has his ""full respect"" for ""the liberal democrats"" but not all. white house spokesman: no rush to judgement. ""but if these allegations are true, Judge Moore will do the right thing and step aside.""",left,center
Trump: Roy Moore will 'step aside' if sexual misconduct allegations are true,"president believes ""the forces of evil will lie, cheat, steal –– even inflict physical harm"" if the sexual misconduct allegations are true, the president says. president says if a mere allegation can destroy a person’s life, ""the president also believes we cannot allow a mere allegation"" ""our nation is at a crossroads right now — both spiritually and politically,"" president adds. the post's story centers on allegations by young woman who claimed judge walked",right,center
Alabama Republicans Defend Roy Moore: ‘It Was 40 Years Ago’,"a post said in 1979 that president-elect Roy Moore had sex with four teenage girls. some republican officials in Alabama called the story a partisan plot. another official says that the story is ""total contrived media garbage""",left,left
Alabama Republicans Defend Roy Moore: ‘It Was 40 Years Ago’,"some Republicans dismiss the claims as partisan garbage. the state auditor says there were no illegal laws in the state that could have been brought up. he says that if an individual is 19 or older, he or she is guilty of sex abuse.",left,left
Alabama Republicans Defend Roy Moore: ‘It Was 40 Years Ago’,"a newspaper reported that gov. Roy s. moor had made sexual advances. he told the paper that the allegations were a desperate political attack on this campaign. a democrat called the claims a ""plot"" that the ndp should not take lightly. republicans called the allegations partisan garbage, though others are back on the record.",left,left
Alabama Republicans Defend Roy Moore: ‘It Was 40 Years Ago’,"reporter reported that he had made sexual advances to four teens in his 30s. he found three other women who said he pursued them. he called it a ""desperate political attack by the national democrat party"" two state auditors say they were ""much ado about nothing""",left,right
Alabama Republicans Defend Roy Moore: ‘It Was 40 Years Ago’,the Washington Post reported that a 14-year-old boy had been pursued by democrats. report was met with immediate backlash from republicans in Alabama. democrats say the story was a political attack.,right,right
Alabama Republicans Defend Roy Moore: ‘It Was 40 Years Ago’,the story has been met with immediate backlash from Republicans in Alabama. they dismissed the women’s claims as partisan garbage. some of them said the claims were a desperate political attack on the campaign. cnn's john sutter and mary king are launching a special election against a new senate candidate.,left,right
Alabama Republicans Defend Roy Moore: ‘It Was 40 Years Ago’,state auditor: reports of second-degree sex abuse are “contradictory media garbage” some Republicans say the women’s claims are a partisan plot by the democrats. the story was met with immediate backlash from Republicans in Alabama.,right,center
Alabama Republicans Defend Roy Moore: ‘It Was 40 Years Ago’,"report alleged democratic nominee made sexual advances to four girls in his 30s. Moore defended his nomination, saying his allegations were partisan garbage. many in the state defended their candidate despite their partisan nature. he is set to face a democrat in a special election next month.",left,center
Alabama Republicans Defend Roy Moore: ‘It Was 40 Years Ago’,former chairman of the mobile county republican party calls allegations 'contrived media garbage' critics say allegations unfair and are a political attack by the National Democrat Party and the Washington Post. many republicans say that they will support their candidate as he faces a special election next month.,center,center
"For Now, Trump to Keep Ban on Importing Elephant Trophies","president Trump reverses government decision to allow hunters to import trophies of elephants killed in two african countries. u.s. fish and wildlife service has signaled its intention to end 2014 ban citing Zimbabwe’s conservation efforts. a spokesman for the interior secretary said the decision applied to two African countries, though it did not name them.",center,left
"For Now, Trump to Keep Ban on Importing Elephant Trophies",president of the united states reverses ban on hunters from importing elephants. he waited until after the 2015 ban was lifted for elephants hunted in two african countries. the move faced backlash from conservatives and liberals in the washington d.c. area.,left,left
"For Now, Trump to Keep Ban on Importing Elephant Trophies","president Trump on Friday reversed decision to let hunters import trophies of elephants killed in two countries. decision faced backlash from both conservatives and liberals, with the comedian Ellen DeGeneres starting online campaign. ""Put big game trophy decision on hold until such time as I review all conservation facts,"" Mr. Trump tweeted.",right,left
"For Now, Trump to Keep Ban on Importing Elephant Trophies","president Trump reverses ban on hunting elephants in two african countries. he said on a twitter message, the government will be able to rescind the decision. the announcement faced backlash from both conservatives and liberals. elephants are now being slaughtered in africa and dyfed.",right,right
"For Now, Trump to Keep Ban on Importing Elephant Trophies",president pushed for hunters to import elephants that were killed in two african countries. he decided to wait until pending review of conservation facts. a bush spokesman told cnn in a tuesday interview that an elephant was tamed. a president was stoked about a decision to ban hunters importing big game trophy trophies.,left,right
"For Now, Trump to Keep Ban on Importing Elephant Trophies",president puts big game trophy decision on hold until conservation facts are reviewed. u.s. fish and wildlife service signaled intention to end 2014 ban on hunters importing trophies. Zambia and Zimbabwe have had mixed success in recent years maintaining or increasing their elephant population.,left,right
"For Now, Trump to Keep Ban on Importing Elephant Trophies","president Trump on Friday reverses decision to allow hunters to import elephants. u.s.fws had signaled its intention to end 2014 ban, citing Zimbabwe's conservation efforts. news faced backlash from both conservatives and liberals.",center,center
"For Now, Trump to Keep Ban on Importing Elephant Trophies",u.s. would begin issuing permits to allow the import of elephant trophies hunted in two african countries. one in nine elephants died in the african country last year. the ivory industry is expected to shrink by 30 percent in the next 10 years. a separate measure will allow hunters to import two trophies of elephants hunted between 2016 and 2018.,left,center
"For Now, Trump to Keep Ban on Importing Elephant Trophies",white house press secretary was on tv discussing elephant bans in african countries. bush administration waived 2014 ban and now allows hunters to import elephant trophies. decision faced backlash from both conservatives and liberals.,left,center
Joe Lieberman emerges as Trump's top choice for FBI director,"Trump said the top candidate to replace Comey would be the former democratic senator. he also met with former u.s. president clinton, the acting director of the FBI.",right,left
Joe Lieberman emerges as Trump's top choice for FBI director,"Trump says he is ""very close"" to naming a new FBI director. his leading contender is former democratic senator, former justice general Joe Lieberman. ""loverman is probably the only person who can get 100 votes,"" Senate majority whip cornyn said.",right,left
Joe Lieberman emerges as Trump's top choice for FBI director,"a former democratic senator is his leading contender. he met with president obama at the white house to discuss leading the law enforcement agency. he also met with the acting director of the fbi, acting director idris christie and acting deputy director joe biden.",left,left
Joe Lieberman emerges as Trump's top choice for FBI director,new: congressional republicans want to see a career politician in the lead. he'll be paired with obama and romney for a meeting. a former democrat has met with president obama. he is expected to launch a campaign to help the government.,left,right
Joe Lieberman emerges as Trump's top choice for FBI director,"president obama ""very close"" to naming new chief of the federal intelligence service. first man to be nominated is former democratic sen. Joe Lieberman. senators in both parties have talked about the possibility. democrats say the idea is ""foolish,"" but the potential candidates lack merit.",left,right
Joe Lieberman emerges as Trump's top choice for FBI director,former democratic senator Joe Lieberman is a frontrunner for the job. he is on the shortlist to replace the death of former fbi director with new director. liberals fear the nominee would get as many votes as not.,left,right
Joe Lieberman emerges as Trump's top choice for FBI director,conservatives see the potential of former democratic senator Joe Lieberman as a frontrunner. the 67-year-old ran as vice president on al gore's 2000 ticket. the former vice president was a democrat and an independent.,right,center
Joe Lieberman emerges as Trump's top choice for FBI director,"obama says he is ""very close"" to naming a new FBI director to replace James Comey. former democratic senator Joe Lieberman is the sudden frontrunner for the job. republicans have expressed their dismay over the appointment of a senior investigator.",left,center
Joe Lieberman emerges as Trump's top choice for FBI director,"former democratic senator Joe Lieberman is the sudden frontrunner. he served as a democrat from 1989-2013 and also served as an independent. he won re-election in 2006, which he opposed in 2016.",left,center
"Lieberman Is a Finalist for F.B.I. Director, Trump Says","president Trump announces that he is “very close” to appointing a new director. he says he named former sen. jason jones, who was in charge since 1981. jones: ""we need a great director of the F.B.I. It’s special""",center,left
"Lieberman Is a Finalist for F.B.I. Director, Trump Says",Trump said he was “very close” to picking a successor to James B. Comey. he named former democrat and vice-presidential nominee as a finalist. but officials say the president and his team are keeping the decision-making process closely held.,right,left
"Lieberman Is a Finalist for F.B.I. Director, Trump Says","president Trump makes a ""very close"" decision on successor to James B. Comey. he named former democratic senator and vice-presidential nominee as a finalist. president offered emphatic ""yes"" when asked if Lieberman was among the finalists.",center,left
"Lieberman Is a Finalist for F.B.I. Director, Trump Says","president said he was close to choosing successor to James B. Comey. he named former democrat and vice-presidential nominee, Joseph I. Lieberman a finalist. members of president’s staff have quietly urged him to take more time to make such a crucial hire.",left,right
"Lieberman Is a Finalist for F.B.I. Director, Trump Says","president urged he take more time to make such a critical hire, officials say. he named former sen. and vice-presidential nominee as a finalist. he told reporters he was “very close” to picking a new f.b.i. director.",left,right
"Lieberman Is a Finalist for F.B.I. Director, Trump Says","president obama lauds the nomination of a new federal law enforcement director. he named new sen. joe biden as the finalist. president has offered an emphatic ""yes"" to such a nomination.",left,right
"Lieberman Is a Finalist for F.B.I. Director, Trump Says","president named former democrat and vice-presidential nominee as finalist. officials say president is taking more time to make such a critical hire. a former senate democrat, an independent, would be an atypical choice.",left,center
"Lieberman Is a Finalist for F.B.I. Director, Trump Says",gop senator and vice-presidential nominee chosen as finalist by president. the decision came as he waited 24 hours to decide on successor to James B. comey. fbi has one of the few apolitical institutions in the united states.,left,center
"Lieberman Is a Finalist for F.B.I. Director, Trump Says","new: democrats are outraged, but neither candidate will be a finalists. new: the agency is looking to hire new directors in the wake of the election. h.r. davis says the u.s. is looking for ""in-depth intelligence""",left,center
Donald Trump Jr. releases messages with WikiLeaks from before election,"tweets produced by Trump Jr. are part of a long correspondence between @wikileaks. tweets from earlier campaign show Trump Jr. produced ""all chain of messages with @wikileaks"" president Jr. is in a stable position to help gov. rick santorum win the 2016 presidential election.",right,left
Donald Trump Jr. releases messages with WikiLeaks from before election,"tweets produced by the president’s son show a long correspondence between the two organizations before the 2016 presidential election. ""one of the congressional committees has chosen to selectively leak. how ironic!"" he tweeted. tweets were turned over to investigators by the president’s attorneys.",center,left
Donald Trump Jr. releases messages with WikiLeaks from before election,"tweet produced by president’s son shows up in tweets. email exchange between wikileaks and him has prompted lawsuit. obama administration will push for new laws, aide says.",left,left
Donald Trump Jr. releases messages with WikiLeaks from before election,"president Trump’s eldest son, Donald Trump Jr., corresponded with WikiLeaks before the 2016 presidential election. the messages were produced in a series of tweets produced by the president’s son.",center,right
Donald Trump Jr. releases messages with WikiLeaks from before election,president’s son produced a series of tweets produced by his father. the messages were produced in a series of tweets produced by his son. a similar conversation occurred before the 2016 election.,center,right
Donald Trump Jr. releases messages with WikiLeaks from before election,president's eldest son confirmed on twitter that he corresponded with wikiLeaks in 2016. he produced the entire chain of messages with @wikileaks. the messages included a private message from the account with Trump Jr. and his daughter.,right,right
Donald Trump Jr. releases messages with WikiLeaks from before election,"the president’s son, Donald, produced the entire chain of messages with @wikileaks. “A PAC run anti-Trump site putintrump.org is about to launch,” WikiLeaks wrote. “i’ll ask around,” Trump Jr. later replied.",center,center
Donald Trump Jr. releases messages with WikiLeaks from before election,"Donald Trump Jr., the president’s son, corresponded with WikiLeaks before the 2016 election. a confidential version of the message emerged monday after he received the tweets. the messages were sent to a democratic committee of congressional oversight.",center,center
Donald Trump Jr. releases messages with WikiLeaks from before election,"a PAC run anti-Trump site putintrump.org is about to launch, WikiLeaks wrote. in a series of tweets, the president Jr. produced ""the entire chain of messages with @wikileaks"" the president's son was able to produce three replies, including one in the tweet produced by his son. he said the conversations were to be exchanged before the 2016 presidential election.",center,center
"Trump calls Flynn treatment 'unfair,' claims Clinton 'lied many times' with impunity","president Trump on Monday called the criminal case against former national security adviser Michael Flynn “very unfair"" the white house is embroiled in a massive probe into the former national security adviser. republicans are saying the court would merely hear evidence of his own actions.",right,left
"Trump calls Flynn treatment 'unfair,' claims Clinton 'lied many times' with impunity","president slammed former nsa adviser as ""very unfair,"" saying he feels ""badly"" for him. the president criticized his 2016 rival who also lied during her July interview. flynn has already pleaded guilty to lying to the FBI about his contacts. a similar tweet from a conservative senator led to his firing.",left,left
"Trump calls Flynn treatment 'unfair,' claims Clinton 'lied many times' with impunity","the president argued that Hillary Clinton lied to the FBI but only Michael Flynn faced consequences. on Monday, he said he feels “badly” for his 2016 rival, who ""lied many times"" during her interview in early July. the president had also suggested that the administration think twice about tweeting and commenting on upcoming presidential elections.",center,left
"Trump calls Flynn treatment 'unfair,' claims Clinton 'lied many times' with impunity","a weekend tweet landed the president in hot water. the president said his 2016 ally lied in an interview before she was fired by the federal government. meanwhile, he criticized a tweet he made about the case.",center,right
"Trump calls Flynn treatment 'unfair,' claims Clinton 'lied many times' with impunity","new: gov. rick santorum says he will take steps to prevent the u.s. government from engaging in a criminal case. the president calls the criminal case against former national security adviser Michael Flynn ""very unfair"" he says he and Hillary Clinton both ""lied"" to the FBI but only Flynn faced consequences. republicans are pushing for republicans to step aside from the investigation.",left,right
"Trump calls Flynn treatment 'unfair,' claims Clinton 'lied many times' with impunity","white house in hot water following tweet about FBI investigators. president says he and hillary clinton both ""lied"" to FBI but only flynn faced consequences. clinton had been interviewing former nsa adviser before firing him.",left,right
"Trump calls Flynn treatment 'unfair,' claims Clinton 'lied many times' with impunity","president slams former adviser as an “abusionist"" and calls bribery ""very unfair"" on Monday, he says he and his 2016 rival ""lied many times"" in a recent interview. a tweet on the issue on saturday caused problems for the president's office. the tweet slammed gov. rick santorum's comments about his office.",right,center
"Trump calls Flynn treatment 'unfair,' claims Clinton 'lied many times' with impunity","president slams ex-flynn over his election campaign, saying he feels ""badly"" for his former aide. president john mccain has made a series of similar comments about his campaign on social media. he did not give details of a nsa leak on thursday, but tweeted: ""my choice was to fire you""",left,center
"Trump calls Flynn treatment 'unfair,' claims Clinton 'lied many times' with impunity","a federal judge ordered an investigation into the nsa leaker. an independent investigation concluded the tweets were fake. president says the former nsa leaker lied many times but only flenn faced consequences. the president says his wife ""lied many times"" during an interview in early July.",center,center
Donald Trump Defends Michael Flynn By Saying Hillary Clinton Is The Real Liar,"bob greene: a former national security adviser indicting former national security adviser, Michael Flynn. he says he felt like his wife, Hillary, had been lied to. white house says the investigation is about him. greene: if he told gop he had lied, the scandal would lead to u.s. invasion of iraq.",left,left
Donald Trump Defends Michael Flynn By Saying Hillary Clinton Is The Real Liar,"this morning, morning Joe tweeted an image of flynn's face on the web. president says his former adviser is guilty of lying to investigators. white house says that special counsel has not yet reopened the investigation. an earlier version of this article said an individual had sought financial help to fund the investigation.",left,left
Donald Trump Defends Michael Flynn By Saying Hillary Clinton Is The Real Liar,"Donald Trump on Monday defended former national security adviser, Michael Flynn. it's the first former administration official to face charges in the probe. it also makes it increasingly difficult for the president to distance himself.",center,left
Donald Trump Defends Michael Flynn By Saying Hillary Clinton Is The Real Liar,president tweets 'i feel very badly for Gen. Flynn' after firing him. former national security adviser pleaded guilty to lying to the FBI. Flynn is the first former administration official to face charges in the investigation. he has pleaded not guilty.,center,right
Donald Trump Defends Michael Flynn By Saying Hillary Clinton Is The Real Liar,"president defended former national security adviser on monday injuring his 2016 olympic opponent. he invoked Hillary Clinton with a tweet, referring to the special counsel's investigation. joe altschuler: ""this is very unfortunate for the people who have criticized the president"" al gore said he was ""disappointed, [by] the way we have been treated in our nation""",left,right
Donald Trump Defends Michael Flynn By Saying Hillary Clinton Is The Real Liar,"president of the united states defended former national security adviser, Michael Flynn. ""i feel very badly for Gen. Flynn,"" president said on monday in a video interview. he also referred to his 2016 october 5 election opponent, Hillary Clinton.",right,right
Donald Trump Defends Michael Flynn By Saying Hillary Clinton Is The Real Liar,"william bennett says president Donald Trump was right in defending his former national security adviser. he used a comparison to his 2016 opponent, Hillary Clinton. the president was speaking in a trip to the united states. bennett says that he was forced to move on, and not to follow his adviser's lead.",right,center
Donald Trump Defends Michael Flynn By Saying Hillary Clinton Is The Real Liar,"president Donald Trump defends former national security adviser, Michael Flynn. he mentions his 2016 opponent, allegedly referring to the investigation into her use of a private email server. on the day before the indictment, he had pleaded guilty for lying to the FBI.",left,center
Donald Trump Defends Michael Flynn By Saying Hillary Clinton Is The Real Liar,"bob greene: President tipped off to former nsa adviser's indictment. he says he said 'nothing happened to the 2016 election' he says he feels awful for former national security adviser, who lied to the agency. greene: it would seem likely that he was aware of his actions.",left,center
Republicans prepare to go nuclear with Gorsuch vote as Dems seek new delay,"democratic senators are planning to use a ""nuclear option"" to block confirmation. if they try to filibuster, the judge will have to garner 60 'yea' votes. a conservative republican says he will continue to support the nominee.",left,left
Republicans prepare to go nuclear with Gorsuch vote as Dems seek new delay,"a white house spokesman says there will be a ""nuclear option"" to confirm Gorsuch. it would require Democrats to get 60 ""yea"" votes to be able to filibuster. the move could complicate a vote on nominee president obama.",left,left
Republicans prepare to go nuclear with Gorsuch vote as Dems seek new delay,"a majority of republicans say their party will use the nuclear option to lower the vote threshold for confirmation. lawmakers are urging the senate to drop the vote to 60 ""yea"" votes in the Senate. that would requiring Gorsuch to garner 60 ""yes"" votes in the Senate. republicans believe the judge would be a lifetime nominee.",center,left
Republicans prepare to go nuclear with Gorsuch vote as Dems seek new delay,the democratic-run Senate could still try to filibuster for new nominee. but Republican sen. thune predicts a vote in the Senate on the nomination. republicans praised the move as 'unseemly' to be moving ahead so quickly.,left,right
Republicans prepare to go nuclear with Gorsuch vote as Dems seek new delay,"Senate Democrats float options to complicate a vote on president's nominee. top republican said his party is willing to use the ""nuclear option"" to lower the vote threshold. if Democrats try to filibuster, they must garner 60 ""yea"" votes.",right,right
Republicans prepare to go nuclear with Gorsuch vote as Dems seek new delay,u.s. senators don't want to go after judicial nominee. democratic senators want to avoid filibustering.,left,right
Republicans prepare to go nuclear with Gorsuch vote as Dems seek new delay,"top republican says he will use “nuclear option” to lower vote threshold. if democrats try to filibuster, they need 60 ""yea"" votes to confirm Gorsuch. he could lose a seat before the investigation into possible links between Russia and other nations. Senate democrats vowed to reintroduce the vote and go on in the thursday morning session.",center,center
Republicans prepare to go nuclear with Gorsuch vote as Dems seek new delay,"senators threaten to filibuster after a Senate vote to confirm the nominee. if the judge is confirmed by democrats, they would have to garner 60 votes.",center,center
Republicans prepare to go nuclear with Gorsuch vote as Dems seek new delay,"top republican senator says he'll do what is necessary to confirm. but no doubt, democrats can still try to filibuster the nominee. sen. thune questioned whether he would vote to confirm Gorsuch.",left,center
Donald Trump Sworn In As 45th President,new: justice John Roberts administers the 38-word oath at 12:00 p.m. new: he capitalized on a primary voting base angry at the establishment. he won the nomination against a crowded field of 16 other candidates.,left,left
Donald Trump Sworn In As 45th President,president takes oath of office friday to become the 45th president. he won the Republican nomination against a crowded field of 16 other candidates. he capitalized on a primary voting base angered at the establishment GOP for not more aggressively fighting President Barack Obama.,right,left
Donald Trump Sworn In As 45th President,supreme court has administered the 38-word oath of office. Trump led democratic nominee Hillary Clinton in the general election nearly the entire way. he was helped by the near daily release of internal Democratic Party emails.,center,left
Donald Trump Sworn In As 45th President,"sen. john mccain takes an oath to become president of the united states. despite losing the general election, he capitalized on a primary voting base angry at the establishment. he led in the general election nearly the entire way by nearly daily release of emails stolen by Russian hackers.",left,right
Donald Trump Sworn In As 45th President,president of the united states takes the oath of office on friday. he will become the 45th president of the united states. he trailed Hillary Clinton in the general election nearly the entire way.,right,right
Donald Trump Sworn In As 45th President,"julian zelizer: president obama oathees himself to become 45th president. zelizer: in last month of election, he led after release of emails stolen by hackers. he says polls were grim because only 12 percent of voters backed a candidate. zelizer: polls indicate the only people in the race that would want more support from the establishment.",left,right
Donald Trump Sworn In As 45th President,president of the united states takes the oath of office. this week marks 54 days since he announced his candidacy. he won the nomination against a crowded field of 16 other candidates.,left,center
Donald Trump Sworn In As 45th President,"michael owens: election came on the heels of two weeks of campaign trailing Hillary Clinton. owens: despite his surprise win in the primary, we need more americans. he says he must appoint replacement for rick perry to join the white house. owens: the election is just the beginning of a new path for president.",left,center
Donald Trump Sworn In As 45th President,"ronald reagan: oath marks end of unlikely path of president of us. a crowded field of 16 other candidates fielded by Donald J. Trump. a number of factors helped him out of the race, including the irs and the white house. reagan: it was an extraordinary election, but one that shows we have a long way to go.",center,center
"Donald Trump Is Sworn In as President, Capping His Swift Ascent","president of the u.s. addresses nation's most significant disruption in generations. ""america will start winning again, winning like never before,"" he says. he says millions have been killed in the past year. he promises to remove the ""frustration of the government"" and end “american carnage""",left,left
"Donald Trump Is Sworn In as President, Capping His Swift Ascent",president of the u.s. announced on friday he is to fight for democracy. he has not endorsed a senate bill but promised changes in the system. his first tweet was an apology to the president for using force against him. he will take steps to protect his wife and children from drug gangs.,left,left
"Donald Trump Is Sworn In as President, Capping His Swift Ascent",president Donald John Trump inaugurated friday as 45th president. he has pledged to reshape an America already suffering from economic chaos. he has laid out his own steadfast promises to his supporters. his signature move: a ban on the use of tax dollars in an election year.,center,left
"Donald Trump Is Sworn In as President, Capping His Swift Ascent","tuesday was the 45th president of the united states. he promised to reverse the national decline that he called ""american carnage"" ""i will fight for you with every breath in my body,"" he tells crowd. inaugural address: ""this american carnage"" stops ""right here and stops right now""",right,right
"Donald Trump Is Sworn In as President, Capping His Swift Ascent","new president will strike a chord with millions of people, says jim wright. he promises to change the system and stem ""american carnage"" critics are upset by his reluctance to back down. a majority in parliament would back anti-immigration laws, he adds.",left,right
"Donald Trump Is Sworn In as President, Capping His Swift Ascent","he says ""the time for empty talk is over"" and ""i will fight for you with every breath in my body"" the 45th president's will be able to ""turn the tide"" for good, says john mccain. mccain hopes his ""deliberateness"" will tame ""tie"" relations with u.s. but he drew criticism, says he was ""deserving""",left,right
"Donald Trump Is Sworn In as President, Capping His Swift Ascent","president Donald John Trump will begin new era of national reconciliation. ""we will start winning again, winning like never before,"" he says in historic address. u.s. needs a new era of economic recovery and political stability, he says.",center,center
"Donald Trump Is Sworn In as President, Capping His Swift Ascent","inauguration of his 45th president marks start of a populist era. he promises to reverse declining economy, blame drug abuse, rising globalization. he made a bold remark referring to his own rise, but also to his own family. he has criticized the e-mail that aides say he can't work with new administration.",center,center
"Donald Trump Is Sworn In as President, Capping His Swift Ascent","'america will start winning again, winning like never before,' he says. he promises to reverse decline in ""american carnage"" with new administration. his first major job was to reverse fears of the war against china, he says. ""you are going to do good work to correct your mistake in this one ad,"" says former u.s. defense secretary.",right,center
White House Responds To Sexual Misconduct Allegations Against Roy Moore,president Donald Trump responds to allegations that Alabama republican Roy Moore sexually molested a 14-year-old girl in 1979. many republicans on capitol hill called on Moore to drop out of the race if allegations are true. former sen. james carville says his office has a history of failing to investigate. carville: the allegations of four women are “the very definition of fake news”,center,left
White House Responds To Sexual Misconduct Allegations Against Roy Moore,"a girl, 14, was molested by florida house judge Roy Moore in 1979. her alleged boyfriend, a 19-year-old african-american, was arrested and subsequently released. the girl alleged Moore sex the same year her mother was raped.",right,left
White House Responds To Sexual Misconduct Allegations Against Roy Moore,senate race for Roy Moore halted in recent weeks amid allegations. a 14-year-old girl was allegedly molested by lone democrat in 1979. obama is a long-time supporter of brown.,left,left
White House Responds To Sexual Misconduct Allegations Against Roy Moore,"white house press secretary says president must step aside if allegations are true. u.s. senator in 1975 claims that he had a sexual assault victim. if true, he’d be ""disqualified"" from the political world, a spokesman says.",center,right
White House Responds To Sexual Misconduct Allegations Against Roy Moore,president and u.s. senator offer their support to alleged 1979 molestation allegations. Alabama sen. Roy Moore was initially dismissed by the washington post. the state attorney general's office in a lawsuit over the alleged victim's death.,left,right
White House Responds To Sexual Misconduct Allegations Against Roy Moore,president president responds to allegations he will run for office. the president is against the current allegations. sen. Luther Strange is backed by the president in his primary campaign.,left,right
White House Responds To Sexual Misconduct Allegations Against Roy Moore,former senator from alaska calls for judicial nominee Roy Moore to step aside if allegations are true. many republican lawmakers call on Moore to drop out of the race if allegations are true. republicans are calling on democrats to back conservative state governor and vice president.,left,center
White House Responds To Sexual Misconduct Allegations Against Roy Moore,"president Trump replies to allegations of molestation of 14-year-old girl. it was the first time allegations have surfaced against republican presidential candidate Roy Moore. a spokesperson for vice president Mike Pence said the veep ""found the allegations in the story disturbing""",center,center
White House Responds To Sexual Misconduct Allegations Against Roy Moore,"some republicans have called on republican senator Roy Moore to step aside if the allegations are true. the president has also tweeted in support of Moore, calling him “a really great guy”",right,center
Shooting spurs calls for new lawmaker security measures,"majority whip has a full-time security detail from the capitol police. the staffing is tighter at capitol hill events, including town halls. the staffing of the capitol police security detail is a critical oversight issue.",left,left
Shooting spurs calls for new lawmaker security measures,"h.m. obama has pledged to take action on the ""detailed attacks"" for congressional republicans. in recent weeks, congressmen have been reporting violent incidents outside of capitol hill. lawmakers are worried about whether congressional security should be improved.",left,left
Shooting spurs calls for new lawmaker security measures,"lawmakers at baseball practice shooting say they've been sitting ducks since the attack. members have warned that congressional security should be re-engineered to better reflect events outside capitol. Rep. Dave Brat: ""we get a little excited and didn’t think things through as well we could have""",center,left
Shooting spurs calls for new lawmaker security measures,"lawmakers say the shooting at a baseball practice is a ""massacre"" congressman and the gunman were at a ""holding still"" with security detail. members of congress say security should not be tightened at public events.",center,right
Shooting spurs calls for new lawmaker security measures,"minority whip Steve Scalise's detail credited with putting down the attacker. rep. brat suggests ""tighter security"" at town halls. brat: lawmakers could be asked to ""do more"" to improve security at large events.",left,right
Shooting spurs calls for new lawmaker security measures,"lawmakers at baseball practice shooter's site describe themselves as ""sitting ducks"" majority whip Scalise, a member of congress, has full-time security detail. congressional leaders have faced criticism over congress' security practices. some in congress have said small town hall events should be held out of the way.",left,right
Shooting spurs calls for new lawmaker security measures,"a majority whip and his detail in congress have been called ""sitting ducks"" he's receiving another operation and in critical condition. some lawmakers say tougher security measures are needed at town halls. a small minority of congress, like the gop, says it has little power.",left,center
Shooting spurs calls for new lawmaker security measures,"lawmaker said injuries from baseball practice shooter stemmed from security detail. mccain referred to the small businessman as ""a wretch"" congressman brat suggested tighter security at town halls.",left,center
Shooting spurs calls for new lawmaker security measures,"lawmakers cite ""sitting duck"" behavior after shooting at baseball practice. a hospital says scalise's injury caused him to need further surgery. the issue is where lawmakers can put more emphasis on security. lawmakers say congress needs more attention to state government.",center,center
"Top House Intel Dem: Flynn Not Cooperating With Russia Probe, Subpoenas Coming","a subpoena from the house intelligence committee is expected this week. it will be used ""to maximize our chance of getting the information that we need"" the house committee is looking for ways to obtain documents of a separate probe.",left,left
"Top House Intel Dem: Flynn Not Cooperating With Russia Probe, Subpoenas Coming",house intelligence committee will issue subpoenas against former national security adviser Michael Flynn. Flynn complies with subpoenas from the committee on a separate probe into his part in the investigation of a rival u.s. government. senators will get subpoenas targeting others who refuse to cooperate.,center,left
"Top House Intel Dem: Flynn Not Cooperating With Russia Probe, Subpoenas Coming",the house intelligence committee is preparing to issue subpoenas against Michael Flynn. he denied a request to turn over documents related to the committee’s Russia probe. he is seeking to obtain documents of his conversations with top intelligence officials.,left,left
"Top House Intel Dem: Flynn Not Cooperating With Russia Probe, Subpoenas Coming","lt. gov. ron paul says a request for documents from the committee is on the table. a house committee is preparing to issue subpoenas against former national security adviser. rep. Adam Schiff says the committee will use ""whatever compulsory process we need"" to get information.",center,right
"Top House Intel Dem: Flynn Not Cooperating With Russia Probe, Subpoenas Coming","the house committee will issue subpoenas against ex-nsa aide Michael Flynn. Flynn asked to voluntarily turn over documents related to the committee’s Russia probe. the house committee will use “whatever compulsory process we need” to get information, Schiff says.",center,right
"Top House Intel Dem: Flynn Not Cooperating With Russia Probe, Subpoenas Coming",senators are preparing to issue subpoenas against former nsa official Michael flynn. the committee has rejected his request to turn over documents related to the probe. he denies voluntarily turning over a list of documents related to the probe.,left,right
"Top House Intel Dem: Flynn Not Cooperating With Russia Probe, Subpoenas Coming","house committee is preparing to issue subpoenas against former national security adviser. chairman fleynn denied a request to voluntarily turn over documents related to the committee. rep. Schiff says committee would use ""whatever compulsory mechanism"" to get flynn's information.",center,center
"Top House Intel Dem: Flynn Not Cooperating With Russia Probe, Subpoenas Coming",former national security adviser denied request to voluntarily turn over documents. house committee is looking for ways to obtain documents related to the probe. the committee is conducting its own parallel investigation into Russian interference in the election.,center,center
"Top House Intel Dem: Flynn Not Cooperating With Russia Probe, Subpoenas Coming",the House intelligence committee is preparing to issue subpoenas against flynn. he was denied a request to turn over documents related to the panel’s Russia probe. he also cited the Fifth Amendment right not to provide materials or documents is limited.,center,center
Kathy Griffin Apologizes For Controversial Images Of Bloodied Trump Head,"actress Kathy Griffin apologizes for controversial images of a bloody head. the actress says she posed for a photo during a pool party on the side of the road. a representative for celebrity photographer and director Tyler Shields says the photo shoot is a ""expression of art"" the secret service has since issued a tweet in response to the images.",right,left
Kathy Griffin Apologizes For Controversial Images Of Bloodied Trump Head,a photo shoot with a fake bloody Trump head has sparked outrage on twitter. the image has angered several people and even angered others. president obama and his administration are facing fines of up to $1m each.,center,left
Kathy Griffin Apologizes For Controversial Images Of Bloodied Trump Head,Kathy Griffin apologized for her image of a bloody head of president Donald Trump. the comedian snapped the photo with her famous head resembled that of his predecessor. the secret service tweeted a response to the controversy. the official twitter account of the secret service has since issued a statement.,right,left
Kathy Griffin Apologizes For Controversial Images Of Bloodied Trump Head,"u.s. secret service says tweets were in response to controversial image. a secret service tweet: ""a robust protective intelligence division"" cyberattacks were an offence at a federal agency, the tweets read. ""they"" want to shut down this scandal,"" the tweet read.",left,right
Kathy Griffin Apologizes For Controversial Images Of Bloodied Trump Head,"comedian apologies for controversial photo shoot with a fake bloody Donald Trump head. photos by film and fashion photographer, Tyler Shields, show him holding the head. ""now lets just hope she stays out of jail,"" a representative for Shields told huffpost. a secret service official confirms that the tweets are in direct response to the image.",right,right
Kathy Griffin Apologizes For Controversial Images Of Bloodied Trump Head,actress Kathy Griffin mocks president with picture of fake bloodied head of Trump. a spokesperson for photographer and director Tyler Shields says her photo shoot was aimed at provocating violence in public. secret service tweets addressed the photo shoot.,right,right
Kathy Griffin Apologizes For Controversial Images Of Bloodied Trump Head,"Kathy Griffin's photo shoot with a fake bloody Trump head made the internet rounds. a secret service representative confirmed to HuffPost that a tweet was in direct response to the controversial image. ""i went way too far,"" she said in a video on the social media site.",right,center
Kathy Griffin Apologizes For Controversial Images Of Bloodied Trump Head,Kathy Griffin has issued an apology for a controversial photo shoot with a fake bloody head of the president. the photo shoot with a fake Donald Trump head has spawned a series of viral images. her followers have used the etiquette of the presidential nominee to appeal for help. the secret service tweeted that the tweets were in response to the controversy.,right,center
Kathy Griffin Apologizes For Controversial Images Of Bloodied Trump Head,a fake bloody Trump head has gone viral since the sexist photo shoot. the secret service tweeted a statement after the controversy.,right,center
Trump Lashes Out at Kathy Griffin and Democrats,"in new video, comedian posing for photo of the severed and bloodied head of president. president assailed comedian, comedian in twitter blasts since returning from overseas trip. first lady, first lady, questioned her sanity. former tv host and author, Kathy Griffin, says 'i crossed the line'",right,left
Trump Lashes Out at Kathy Griffin and Democrats,tv star was in video with severed and bloodied head of president. president apologises for posing. former nyc host will be fired.,right,left
Trump Lashes Out at Kathy Griffin and Democrats,president criticized comedian and comedian for posing for video of severed and bloodied head. the president also mocked democrats who allegedly tried to kill off him. he also criticizes the fbi for the failure to find a new media outlet for it.,right,left
Trump Lashes Out at Kathy Griffin and Democrats,daniel sanders says he wants to end the snub for former iraq war hero. he says the tv comedian was mistaken and she's never been a fan of tv's dark side. president slams comedian for posting a video showing him holding the grave of a president.,right,right
Trump Lashes Out at Kathy Griffin and Democrats,"president says comedian posed for footage of his opponent holding her dead head. he also attacks tv star for social media post on the show and snubbers her. comedian: ""i sincerely apologize""; first lady, but not specifically referring to u.s. election. first lady, a supporter of the president, questioned her sanity.",right,right
Trump Lashes Out at Kathy Griffin and Democrats,"president tweeted a picture of Kathy Griffin with what looks like the head of a president. the tv comic apologized, asked for the photographer to pull the images. the first lady questioned his sanity, and tweeted that she would no longer appear on the program. president rebuked a democratic aide for tweeting about him taking an ""anti-fake"" photo.",right,right
Trump Lashes Out at Kathy Griffin and Democrats,"a video showed comedian's shoulders holding what looks like the slain president. the first lady, melania, asked the photographer to pull the images. the president was criticized for posing for a photo on twitter on thursday. the first lady said her reaction was egregious, not humorous.",right,center
Trump Lashes Out at Kathy Griffin and Democrats,"first lady, Melania Trump, questioned Kathy Griffin’s sanity. he accuses democrats of attempting to influence a controversial topic. one of his tweets shows that he said he has no intention of stopping the show. he adds, ""I can't think of anything bigger than this""",left,center
Trump Lashes Out at Kathy Griffin and Democrats,"president assaults comedian for video showing her holding severed head of President. he accuses congressional members of trying to make sense of past. first lady, first lady questioned her sanity and calls for her to apologize. ""i was a diva who was not a joke,"" a young tv host tells mailonline.",left,center
Democrats Concerned That The Supreme Court May Be Rigged For The Rich And Republicans,october 11 marks four years since the nominee was a federal judge. julian zelizer: justices can’t be tainted and should be judged for their own good. he says Gorsuch has done his best to ensure that his case never gets overlooked. zelizer: nomination hearings should address the issue of whether nominee is rigged.,left,left
Democrats Concerned That The Supreme Court May Be Rigged For The Rich And Republicans,"tanouk: most u.s. judges won't respond directly to the nomination inquiry. no one has endorsed an Antonin Scalia nominee in recent weeks, she says. she says it would be wrong to try to get a nominee to be underappreciated by all parties. tanouk: they'd do everything possible to help u.s. supreme court win nomination.",left,left
Democrats Concerned That The Supreme Court May Be Rigged For The Rich And Republicans,william bennett: nominees have kept open their eyes because they fear the nominee will flip. bennett: Gorsuch doesn’t make any fanciful statements that could lead to a republican flip. he says the case against the nominee is that he made the case that justice kirk would be the right. bennett: the case of Antonin Scalia was rigged to benefit corporations and the wealthy.,left,left
Democrats Concerned That The Supreme Court May Be Rigged For The Rich And Republicans,conservatives have been against the nomination of Justice Neil Gorsuch. julian zelizer: it isn't clear whether the judiciary is defrauded of its constitutional mandate. zelizer: conservatives in the midterm election should be open to challenges.,left,right
Democrats Concerned That The Supreme Court May Be Rigged For The Rich And Republicans,"democratic nominee to fill late justice Antonin Scalia’s seat, Judge Neil Gorsuch, not included. nathaniel miller: Gorsuch was in for a surprise hearing. he says conservatives have used nomination hearings to focus on economic factors. miller: if justice was, he could lose seat, he will get a full hearing next year.",left,right
Democrats Concerned That The Supreme Court May Be Rigged For The Rich And Republicans,"paul begala: critics of judge's nomination have been honing in on character, temperament. he says nominees often aren't clear about particular case that could derail nominee. begala: senators could be accused of dithering in favor of corporations and the wealthy. he says racy judicial nominees do not have a sense of entitlement and power.",left,right
Democrats Concerned That The Supreme Court May Be Rigged For The Rich And Republicans,"gloria borger: some nominees don't answer any direct questions, which is a mistake. borger: the reason for opposing Gorsuch was that the court is falsely presented. she says gore isn't the best judge, but he's a right-wing liberal who is able to influence. borger: the court should be one of the first place in politics that no one can trust.",left,center
Democrats Concerned That The Supreme Court May Be Rigged For The Rich And Republicans,"gordon brown: nominees have gotten into a crusade against the nominee. brown: the nominee stayed in line with the facts, didn't make deranged statements. he says senators can't see the rigged justice's behavior as helping candidates get elected. brown: in the end, it would be bad for corporations to take control of the process.",left,center
Democrats Concerned That The Supreme Court May Be Rigged For The Rich And Republicans,"justice Antonin Scalia's nomination is now up for grabs in the senate. julian zelizer says conservatives will be wary of nominees and its rigged nature. he says a court is not the body above politics and power, like the senate should be. zelizer: a nomination should rig justices who are willing to have their say, not nominees.",left,center
Democrats Plan to Filibuster to Thwart Gorsuch Nomination,"obama, democrats vote on filibuster of court nominee's fate. nominee will be confirmed a year after death of justice Antonin Scalia. senators are weighing whether to step in, say they may still vote on him. republicans hope to raise election prospects as sen. chris christie is chosen for the job.",left,left
Democrats Plan to Filibuster to Thwart Gorsuch Nomination,"senate democrats vow to filibuster confirmation vote of judge. if filibuster succeeds, senators will have to make a first vote. senate majority leader, mitch mccain will push on and get a majority on. if sen. john mccain wins, obama will try to bring mccain to the court.",left,left
Democrats Plan to Filibuster to Thwart Gorsuch Nomination,Senate Democrats vow to filibuster nomination of Judge Neil M. Gorsuch. the nominee is the nominee if he is elected to the supreme court. republicans will try to make up for his low numbers with new rules.,left,left
Democrats Plan to Filibuster to Thwart Gorsuch Nomination,Senate Democrats vow to filibuster nomination of Judge Neil M. Gorsuch. the filibuster mark the beginning of an impending partisan showdown over the nominee. the Senate’s “cloture” rule requires a supermajority of 60 votes to overcome a filibuster.,center,right
Democrats Plan to Filibuster to Thwart Gorsuch Nomination,"senate dems vow to block filibuster for the nomination of Judge nelson mills. mills: some senators apprehensive about the nomination but will give up if they want him. judges have been appointed after the death of justices daniel radcliffe, ann ladlow. if they win in house, they can be appointed by voters with a supermajority of 60.",left,right
Democrats Plan to Filibuster to Thwart Gorsuch Nomination,"the senate will vote to filibuster Judge Gorsuch if he enacts his nomination. Senate democratic leader, Chuck Schumer, wants to block a vote. ""my vote will be no"" on the nominee, he says; no such rule would allow a supermajority. republicans want a simple majority vote, not an up-or-down vote on Gorsuch.",left,right
Democrats Plan to Filibuster to Thwart Gorsuch Nomination,confirmation of judge to be up for the challenge in federal court. filibuster of nomination will be the latest major partisan challenge. republicans say it's a smart move but want to keep the vote separate. it may be politically ill-suited to the nomination as a public matter.,center,center
Democrats Plan to Filibuster to Thwart Gorsuch Nomination,the Senate’s “cloture” rule requires a supermajority of 60 votes to overcome a filibuster. the filibuster must earn at least eight Democrats to overcome such a filibuster. it seems more likely that Republicans would resort to replacing longstanding rules with a simple majority.,left,center
Democrats Plan to Filibuster to Thwart Gorsuch Nomination,"Senate republicans promise to filibuster nomination of Gorsuch, threatening partisan showdown. judiciary experts question whether the nominee's fate has been fixed. judge is among the three nominees to serve on the u.s. supreme court.",left,center
Donald Trump Jr. Communicated With WikiLeaks During Campaign,u.s. government officials believe the group acted as a conduit for Russian operatives. president in recent weeks handed over the emails to several congressional committees. documents were published in a statement on monday.,center,left
Donald Trump Jr. Communicated With WikiLeaks During Campaign,"four congressional officials say Mr. Trump exchanged multiple online conversations. this is the second time it has been publicly revealed that the president communicated with the group. in a September interview, the president acknowledged that he had met with the group. he handed over his Twitter messages to several congressional committees investigating.",center,left
Donald Trump Jr. Communicated With WikiLeaks During Campaign,new: president's son handed over tweets with wikiLeaks to congressional committee. the president met with other groups with ties to the Russian government. he said this was part of an effort to undermine the 2016 election.,center,left
Donald Trump Jr. Communicated With WikiLeaks During Campaign,"attorney: documents released by wikiLeaks are ""selectively leaked"" attorney: hacked email messages were ""selectively leaked"" in the 2016 election. he handed over the documents to congressional committees investigating possible interference.",left,right
Donald Trump Jr. Communicated With WikiLeaks During Campaign,campaign emails were seen to be being handed over to several congressional committees. officials think hacked emails facilitated the campaign of ronald reagan and rand paul. a spokesman for the president says he is happy with the materials.,right,right
Donald Trump Jr. Communicated With WikiLeaks During Campaign,the president’s son in recent weeks handed over Twitter messages he exchanged with WikiLeaks to congressional investigators. his lawyer says he has no concerns about the documents and questions about them have been easily answered in the appropriate forum.,center,right
Donald Trump Jr. Communicated With WikiLeaks During Campaign,"president’s son, Donald Trump, had online conversations with anti-secrecy group. last year, hacked trove of democratic emails released. attorney says the documents were a conduit for the operatives.",center,center
Donald Trump Jr. Communicated With WikiLeaks During Campaign,"the president’s son in recent weeks handed over messages with WikiLeaks. his lawyer says the emails were “selectively leaked” among thousands. in 2007, the british intelligence services released a dossier that included two emails.",right,center
Donald Trump Jr. Communicated With WikiLeaks During Campaign,"president's son in recent weeks handed over twitter messages exchanged with WikiLeaks. it is the second time it has been publicly revealed that he communicated with Russians during the 2016 presidential campaign. president's lawyer said the documents were ""selectively leaked"" among the thousands that have been turned over to congressional investigators.",center,center
Donald Trump Jr. Messaged With WikiLeaks During Presidential Campaign,"the president's older son communicated with wikiLeaks over Twitter direct message. the messages are mostly from WikiLeaks to the president’s oldest son, but Trump Jr. did occasionally respond to the messages. WikiLeaks asked the elder president to provide his father’s tax returns after the 2016 election. democrats say he is trying to reach out to those who know about his correspondence.",center,left
Donald Trump Jr. Messaged With WikiLeaks During Presidential Campaign,"Donald Trump Jr. contacted WikiLeaks over Twitter direct message during 2016 campaign. messages are mostly from WikiLeaks to the president’s oldest son, but Trump Jr. did occasionally respond. the messages are mostly from WikiLeaks to the president’s son.",center,left
Donald Trump Jr. Messaged With WikiLeaks During Presidential Campaign,a report claims a tweet from the president's oldest son triggered an email exchange. tweets from the president have been removed from the site and the report is disputed. the message was sent to congressional investigators probing if the 2016 campaign colluded with russian officials. the president and his lawyers confirmed their correspondence with the group on monday.,right,left
Donald Trump Jr. Messaged With WikiLeaks During Presidential Campaign,"president's oldest son, Donald Trump Jr., contacted WikiLeaks during presidential campaign. emails were given to congressional investigators probing whether he colluded with Russian officials. a former white house official said in an interview he hadn’t known about the messages.",center,right
Donald Trump Jr. Messaged With WikiLeaks During Presidential Campaign,"president's oldest son tweeted a link to a cache of leaked emails. messages were given to congressional investigators probing whether Trump campaign colluded with Russian officials to influence election outcome. the president's attorney, Alan Futerfas, said his client has no concerns about the documents.",center,right
Donald Trump Jr. Messaged With WikiLeaks During Presidential Campaign,"the president’s oldest son, Donald Trump Jr., allegedly messaged with WikiLeaks during 2016 presidential campaign. tweets include a link to a cache of leaked emails, tweets from the president about a possible dnc influence. the messages were given to congressional investigators probing whether the presidential campaign colluded with Russian officials. the president also frequently tweeted about the organization.",center,right
Donald Trump Jr. Messaged With WikiLeaks During Presidential Campaign,"president's oldest son, Donald Trump Jr., contacted the site over Twitter. he also sent several emails via direct message while campaign was in hot water. the messages were given to congressional investigators probing whether he colluded with Russian officials to influence election outcome. a report from the Atlantic obtained by the journalist on monday was published.",center,center
Donald Trump Jr. Messaged With WikiLeaks During Presidential Campaign,"the president’s oldest son, Donald Trump Jr., communicated with WikiLeaks during 2016 race, according to a report. tweets were mostly from WikiLeaks to the president’s son, but Trump Jr. did occasionally respond to the messages. after Trump won election, Wikileaks suggested he should prod Australia to appoint the site’s founder, Julian Assange, ambassador to the united states.",center,center
Donald Trump Jr. Messaged With WikiLeaks During Presidential Campaign,"president obama’s oldest son, Donald Trump Jr., communicated with WikiLeaks. messages were given to congressional investigators probing if campaign colluded with Russian. congressional investigators are investigating whether the campaign colluded with Russian officials. Trump Jr. later on Monday confirmed his correspondence with WikiLeaks.",center,center
"F.B.I. 'Destroyed' Flynn’s Life for Lying, Trump Says, but 'Nothing Happened' to Clinton","president, wife both say the fbi ruined the life of former national security adviser. the president calls his new national security adviser a ""trash tiger"" on the case against him. he says wife has not suffered consequences since she lied ""many times"" to the fbi. a spokesman for the fbi said it was reviewing the emails sent to flynn.",left,left
"F.B.I. 'Destroyed' Flynn’s Life for Lying, Trump Says, but 'Nothing Happened' to Clinton","""they destroyed his life,"" president says of leaking lies about former adviser. the statement comes as the investigation of a special counsel is concentrated on the white house.",right,left
"F.B.I. 'Destroyed' Flynn’s Life for Lying, Trump Says, but 'Nothing Happened' to Clinton","u.s. president: he is'very badly' for former nsa adviser and his opponent, hillary clinton. he blasts the white house, says clinton did not suffer consequences for lied. he says his friend shadi nasirah was the first woman to lied to the bureau. nasirah says fbi has been trying to find out if she had told any of his family about her",left,left
"F.B.I. 'Destroyed' Flynn’s Life for Lying, Trump Says, but 'Nothing Happened' to Clinton","p.e. bob greene: president Trump slammed the government's handling of his former adviser. he says president obama had no problems with a former nsa aide, former secretary of state. he says he feared he had been used as an assistant, an apologist for the u.s. senate. greene: he must be cleared by the next congress to be convicted, detained.",left,right
"F.B.I. 'Destroyed' Flynn’s Life for Lying, Trump Says, but 'Nothing Happened' to Clinton","president says the fbi ruined the life of his former adviser, and his opponent is not. presidents rarely weigh in on federal investigations to avoid appearing to influence outcome. former national security adviser pleaded guilty to lying to the fbi in his 2016 interview.",center,right
"F.B.I. 'Destroyed' Flynn’s Life for Lying, Trump Says, but 'Nothing Happened' to Clinton","president says michael flynn was blamed for killing his former adviser. ""hillary lied many times"" to the F.B.I. ""they destroyed his life,"" says president. he says he feels ""very badly"" for the ""strong"" former national security adviser. the president says his opponent, clint eastwood, did not receive any bad publicity.",left,right
"F.B.I. 'Destroyed' Flynn’s Life for Lying, Trump Says, but 'Nothing Happened' to Clinton",president says investigation ruined life of his former national security adviser. he says his former opponent for president lost no consequences after she lied. mr. gop claims mr. obama should have been told to stay away from u.s. president.,left,center
"F.B.I. 'Destroyed' Flynn’s Life for Lying, Trump Says, but 'Nothing Happened' to Clinton","president of u.s. says president ruined life of his former national security adviser. he also said his rival for president did not suffer consequences after lied many times. president joe biden says his stance is based on ""the very real story of the story""",left,center
"F.B.I. 'Destroyed' Flynn’s Life for Lying, Trump Says, but 'Nothing Happened' to Clinton","new: president calls rick santorum ""dark horse"" and ""evil boy"" he says the ""silent man"" lied before he fled to u.s. for second term. he says his first national security adviser lied to the federal government about meetings with u.s. ambassador. he was fired in february for lying, but now charges have been dropped against him.",left,center
"Trump Calls Elephant Trophy Hunting A 'Horror Show,' Says He's Unlikely To Allows Imports","president Trump called big game trophy hunting a ""horror show"" and canceled the ban. the ban on big game trophy hunting from the two african countries lifted in 2014. a hunting advocacy group sued to block the 2014 ban.",center,left
"Trump Calls Elephant Trophy Hunting A 'Horror Show,' Says He's Unlikely To Allows Imports","president halts big game trophy imports on his own initiative. he called these decisions a “horror show” and says he won't allow them. u.s. ruled sport hunting of elephants in africa would “enhance the survival of the species"" safari club international sued to block 2014 ban, which has rolled back protections for lions.",left,left
"Trump Calls Elephant Trophy Hunting A 'Horror Show,' Says He's Unlikely To Allows Imports",president Donald Trump announces he has suspended big game trophy decisions. u.s. federal agency opted to lift ban on the importation of elephant trophies from Zimbabwe and Zambia. president obama says he isn't planning on doing anything with elephant imports. safari club is calling for the ban to be lifted.,left,left
"Trump Calls Elephant Trophy Hunting A 'Horror Show,' Says He's Unlikely To Allows Imports","Trump halts allowing hunters to import elephants killed in two african countries. he says big game trophy decision will be announced next week. ""would be hard pressed to change my mind that this horror show"" will help conservation, he says.",center,right
"Trump Calls Elephant Trophy Hunting A 'Horror Show,' Says He's Unlikely To Allows Imports","Donald Trump calls big game trophy hunting a ""horror show"" on twitter. the president announced on friday he has suspended the big game trophy ban. but he's unable to accept the imports or reverse the 2013 ban. safari club international helped win a lawsuit to block the 2014 ban.",right,right
"Trump Calls Elephant Trophy Hunting A 'Horror Show,' Says He's Unlikely To Allows Imports","president Donald Trump called elephant hunt a ""horror show"" he said he's unlikely to change his mind. wildlife protection groups sued to block 2014 ban. hunters were allowed to import elephant trophies from two african countries.",left,right
"Trump Calls Elephant Trophy Hunting A 'Horror Show,' Says He's Unlikely To Allows Imports",president Donald Trump called hunting a 'horror show' earlier this week. he said such imports would help save elephants. president said he has suspended the big game trophy ban.,center,center
"Trump Calls Elephant Trophy Hunting A 'Horror Show,' Says He's Unlikely To Allows Imports","president Trump calls big game trophy hunting a ""horror show"" and says he won't allow such imports. government recently lifted the ban on importing elephant trophies from two african countries. ivory industry has been criticized for allowing such imports without a legal basis. hunting was suspended after ivory industry began to recover after legal challenge.",right,center
"Trump Calls Elephant Trophy Hunting A 'Horror Show,' Says He's Unlikely To Allows Imports",a 2014 ban on big game trophy hunting was lifted in u.s. but now it will be lifted in both africas. president eric holder said he is “hard-pressed” to change his mind and allow such imports. elephants killed in those countries were still protected from hunting by the white house.,left,center
Trump holds off reversing ban on elephant trophy imports,"president Trump reveals his decision to lift ban on importing elephant trophies from Africa. his tweet came hours after it was first announced the administration would lift ban. Royce says the move is ""wrong move at the wrong time""",center,left
Trump holds off reversing ban on elephant trophy imports,a 2015 ban on importing elephant trophies from africa was lifted. the decision to lift the ban on trophies from Zimbabwe and Zimbabwe has been questioned. white house: this is the wrong move at the wrong time.,left,left
Trump holds off reversing ban on elephant trophy imports,"a top Republican on the house foreign affairs committee is calling on the u.s. to reverse its newly announced policy. he said he decided to put the ""big game trophy decision on hold"" in a tweet friday night. the panel chairman on the panel questioned the action because of concerns about African wildlife.",center,left
Trump holds off reversing ban on elephant trophy imports,"the president lifted a 2014 ban on importing elephant trophies from africa. he said he put the ""big game trophy decision on hold"" house foreign affairs committee chairman questioned the action.",right,right
Trump holds off reversing ban on elephant trophy imports,some politicians on the hfa call the move the wrong move at the wrong time. but the u.s. fws says it wants to protect wild elephants killed from 2007 to 2018. a new policy allows elephant trophies from zambia and zimbabwe to be brought back. the ban comes less than 48 hours after the president said he will reverse it.,center,right
Trump holds off reversing ban on elephant trophy imports,"new: state department says it's working on measures to stop ""wrong move at wrong time"" the ban is for elephant trophies killed between the years of 2015 and 2016. a 2014 ban on importation lifted over conflict in africa. a new rule will allow elephants killed in recent years to be reintroduced as trophies.",left,right
Trump holds off reversing ban on elephant trophy imports,"house republican says it's the ""wrong move at the wrong time"" a ban was imposed on elephant trophies from the former presidents of colombia, zimbabwe. a new rule allows elephants killed from zimbabwe to be brought back as trophies. u.s. rep. ed Royce says the move is in response to concern over economic growth.",left,center
Trump holds off reversing ban on elephant trophy imports,a u.s. congressman in california calls on the administration to reverse the move. president tuesday lifts a ban on importing elephant trophies from africa. an advocacy group says the move will increase conservation funding. a new u.s. law allowing elephant trophies will help the population.,center,center
Trump holds off reversing ban on elephant trophy imports,"administration lifts ban on importing elephant trophies from africa. ruling comes 48 hours after it was first announced that it would reverse policy. u.s. rep. ed Royce said the action was ""the wrong move at the wrong time""",left,center
Donald Trump Says Joe Lieberman Is His Top Choice For FBI Director,"white house said on Thursday that he would be ""very close"" to selecting an interim candidate. former senator Joe Lieberman has the backing of the Senate, according to pool reports. former sen. chris christie slammed the choice as a political “mistake” in favor of a law enforcement official. christie criticized a current choice for the prestigious post for a senator.",left,left
Donald Trump Says Joe Lieberman Is His Top Choice For FBI Director,"new: gop senator praises former vice presidential nominee. nicolaus mills, eric holder: a potential nomination could be very difficult. gop senator: nomination a mistake, undermines confidence in agency. nicolaus mills: gop clout among top candidates for top obama challenger.",left,left
Donald Trump Says Joe Lieberman Is His Top Choice For FBI Director,"a former senator is the top choice for the job, according to a white house pool report. he would succeed former FBI director james comey as acting director. that vacancy would be vacated if he loses a primary bid for re-election.",center,left
Donald Trump Says Joe Lieberman Is His Top Choice For FBI Director,"white house confirms former Sen. Joe Lieberman is his top choice, according to pool reports. he is most associated with a centrist Democrat, according to the white house. a possible nomination for Lieberman would have the backing of a democratic majority.",left,right
Donald Trump Says Joe Lieberman Is His Top Choice For FBI Director,"president is ""very close"" to selecting an interim candidate to replace comey. president confirms former senators joe and lisa brown as top picks. the republican candidate also has a history of political activism. liberal democrats say the decision was a “mistake""",left,right
Donald Trump Says Joe Lieberman Is His Top Choice For FBI Director,former senator Joe Lieberman could be the next FBI director. he has no law enforcement experience and has no background in politics. a u.s. senator endorsed a nominee who would join a white house committee. republicans have opposed a Lieberman candidacy.,left,right
Donald Trump Says Joe Lieberman Is His Top Choice For FBI Director,"new: former former senator Joe Lieberman is his top choice, according to white house pool reports. new: he is the founder of her law firm that runs her firm, kasowitz, benson, tores & Friedman. new: nixon, gop senator calls nomination an ""obvious and improbable sin"" new: nadine rice: ""no matter what the outcome of the hearings is, we cannot have any compromise""",left,center
Donald Trump Says Joe Lieberman Is His Top Choice For FBI Director,"president'very close' to choosing an interim candidate to replace ex-fbi boss comey. candidates included bill clinton, michele bachmann, rick perry. u.s. senators are working on finding the middle ground. fbi will also be looking into the pending investigation of leaks from the probe.",left,center
Donald Trump Says Joe Lieberman Is His Top Choice For FBI Director,"the president says he is ""very close"" to selecting an interim candidate. an aide to the former director of the agency says it's a ""good time to select someone"" but a federal judge says the nominee has the ""majority"" of the backing in the house. a senate aide says the senators are ""not as smart as the edward snowdens""",left,center
"Double-Dip Recession Possible Without Tax Deal, Obama's Top Economic Aide Warns",tax cut bill could go to the Senate floor as early as Thursday. a democratic senator from florida says a compromise is being asked for. house speaker william hague says a vote on a new tax bill would be expected this week. president barack obama and rick santorum have met in congress.,left,left
"Double-Dip Recession Possible Without Tax Deal, Obama's Top Economic Aide Warns","outgoing white house adviser says failure to pass tax cut compromise would raise risk of recession. he says failure to pass bill in next few weeks would ""materially increase the risk"" sen. john mccain visits u.s. capitol in bid to discuss tax deal, warns economy may stall.",left,left
"Double-Dip Recession Possible Without Tax Deal, Obama's Top Economic Aide Warns","a new tax deal could be on the house floor in a few weeks, a top republican says. the new bill would extend expiring tax cuts for the rich as well as the middle class. some conservatives say the government is giving away too much to the wealthy.",center,left
"Double-Dip Recession Possible Without Tax Deal, Obama's Top Economic Aide Warns","economic adviser summers: failure to pass a tax cut compromise would ""raise the risk"" of a double-dip recession. a tax cut bill could be on the senate floor as early as Thursday.",left,right
"Double-Dip Recession Possible Without Tax Deal, Obama's Top Economic Aide Warns","an economic adviser warns of a ""double dip"" economy due to failure to pass new tax cut deal. he says the deal is the right thing to do. senators have asked administration for ""changes"" to the tax bill. but a new texas senator says he is not expecting anything drastic.",right,right
"Double-Dip Recession Possible Without Tax Deal, Obama's Top Economic Aide Warns","two-year tax cuts extended for middle class and wealthy, included in plan. summers: failure to pass tax bill in next couple of weeks ""would materially increase risk of double dip"" house could vote on measure next week but the opposition is fierce. biden, biden on tax bill in private meeting to discuss their plans.",left,right
"Double-Dip Recession Possible Without Tax Deal, Obama's Top Economic Aide Warns",former white house economic adviser warns congress would not pass new tax cuts. sen. john mccain says the president and his administration need to work to fix some big problems. d-texas gov. rick santorum is to meet with the president and vice president.,right,center
"Double-Dip Recession Possible Without Tax Deal, Obama's Top Economic Aide Warns","white house adviser warns of risk of double dip recession. congressional Democrats demanding ""changes"" to tax bill, he says. president obama says tax bill not good for economy.",left,center
"Double-Dip Recession Possible Without Tax Deal, Obama's Top Economic Aide Warns","economic adviser warns congress would have chance of recession if it doesn't pass bill. a bill could be on the senate floor as early as Thursday, secretary of state says. a bipartisan compromise would cut the amount of tax cuts the rich will get. u.s. congress must go back to work on it as well, he says.",center,center
Larry Summers: If Tax Deal Goes Down There's A 'Significant Risk' Of A Double Dip Recession,"the white house begins a robust process of selling the tax cut deal to democrats. economic adviser Larry Summers says delay would increase the risk of a double dip. ex-clerks' economic adviser ""larry summers"" said delay would also have a ""significantly increased"" risk. a former commerce official says wait would bring ""real change"" for the economy.",left,left
Larry Summers: If Tax Deal Goes Down There's A 'Significant Risk' Of A Double Dip Recession,"white house raising stakes on congressional Democrats in tax cut negotiations. a delay ""materially increases the risk"" of a double dip recession, one official warns. ""the deal that they announced is stimulative, and... ought to boost growth"" a plan that extends unemployment insurance, would push up cost of living.",left,left
Larry Summers: If Tax Deal Goes Down There's A 'Significant Risk' Of A Double Dip Recession,"white house raises stakes on congressional Democrats over tax cuts. outgoing economic adviser Larry Summers downplays significance of continuing tax cuts. economist joe lowry argues delay is ""a good option for some,"" but is not an alternative. some economists say a short wait wouldn't produce significant change.",left,left
Larry Summers: If Tax Deal Goes Down There's A 'Significant Risk' Of A Double Dip Recession,"economic adviser: if congress doesn't pass tax cut bill it is ""materially increase risk"" white house raising stakes on congressional Democrats in tax cut debate. obama promises a 22% tax cut for 2011; most states want it to pass. obama preparing to pass a plan to pay out $2.2 trillion in stimulus.",left,right
Larry Summers: If Tax Deal Goes Down There's A 'Significant Risk' Of A Double Dip Recession,"nancy pelosi's tax cut proposals are on course to be pushed through. on the tax cut issue, outgoing economic adviser warned of ""double dip"" recession. on housing, white house said it would help stabilize the housing market. tax cuts would help stabilize the housing market.",left,right
Larry Summers: If Tax Deal Goes Down There's A 'Significant Risk' Of A Double Dip Recession,"white house, congressional officials raise stakes on democrats for their tax cuts. white house officials said the plan has not been fully implemented. ex-white house economic adviser urged congress to stop stalling the economy. ""the deal they announced is stimulative and should boost growth,"" he said.",left,right
Larry Summers: If Tax Deal Goes Down There's A 'Significant Risk' Of A Double Dip Recession,ed miliband says tax cuts plan is good for reducing middle-class taxes. he says the 'deal is not enough to lift the economy to a different place' miliband says the deal helps stabilize housing and stabilize the economy.,left,center
Larry Summers: If Tax Deal Goes Down There's A 'Significant Risk' Of A Double Dip Recession,"white house raised stakes on congressional Democrats in trying to get tax cut deal passed. ex-economist says delay would ""materially increase the risk"" of recession. economic adviser says plan isn't enough to boost economic growth.",right,center
Larry Summers: If Tax Deal Goes Down There's A 'Significant Risk' Of A Double Dip Recession,"the administration raised the stakes on congressional Democrats to pass a tax cut deal. inaction would ""significantly increase the risk"" of a double dip recession. outgoing aide joe perry had hinted on the tax cut.",left,center
Michael Steele Criticized for Afghanistan Comments,chairman of the rnc drew fierce criticism for calling the war a 'war of Obama’s choosing' he called the war in Afghanistan 'a war of Obama’s choosing',left,left
Michael Steele Criticized for Afghanistan Comments,"steele called the war in Afghanistan ""a war of Obama’s choosing"" he said the war in Afghanistan ""has been prosecuted by the United States under Presidents Bush and Obama"" the president has accused the united states of ""flipping a script"" during a campaign.",left,left
Michael Steele Criticized for Afghanistan Comments,"steele called war in Afghanistan ""a war of Obama’s choosing"" he issued statement saying ""there is no question that America must win the war on terror"" comments the latest in a string of controversial statements he has made as party chairman.",left,left
Michael Steele Criticized for Afghanistan Comments,"president is trying to be cute by half by flipping a script, he says. ""there is no question that America must win the war on terror,"" he says. fellow conservative calls for his resignation.",right,right
Michael Steele Criticized for Afghanistan Comments,"steele calls war in Afghanistan “a war of Obama’s choosing"" at a party fund-raiser. he says president was demonizing Iraq while saying battle really should be the ground battle. he also asks what war he won’t continue if president will not have a decision.",right,right
Michael Steele Criticized for Afghanistan Comments,"critics and others call for rnc chairman to resign after criticism. he told a fund-raiser that war in Afghanistan wasn't a war of Obama’s choosing. he issued a statement on Friday afternoon saying, ""there is no question that America must win the war on terror"" the war began by former president, new zealand and is entering its ninth year.",left,right
Michael Steele Criticized for Afghanistan Comments,he called the war in Afghanistan “a war of Obama’s choosing” at a party fund-raiser. he said it was not something the united states had actively prosecuted or wanted to engage in. he issued a statement on friday afternoon asking for clarification on his remarks.,left,center
Michael Steele Criticized for Afghanistan Comments,"""you know that’s the one thing you don’t do, is engage in a land war in Afghanistan,"" Steele said, according to a video of his remarks. ""this is not something the United States had actively prosecuted or wanted to engage in,"" he said. ""your tenure has, of course, been marked by gaffes and embarrassments,"" wrote an editor.",left,center
Michael Steele Criticized for Afghanistan Comments,"gloria borger: i think the president is a master of misinformation. she says steele is accused of flipping script, demonizing the war in war of war. borger: there is no question that America must win the war on terror. borger: he should have been given a clear mandate to combat terror.",left,center
"Senate Republicans Vow to Block Dem Legislation Until Tax Cuts, Budget Pass","all 42 members of the GOP caucus are warning him that they will bring matters to a standstill unless he swiftly brings those tax-and-spending issues to the floor. republicans want to repeal military's policy banning gays from serving openly in the military. in the meantime, republicans want to end war on terror, add a border wall.",left,left
"Senate Republicans Vow to Block Dem Legislation Until Tax Cuts, Budget Pass",members of the GOP caucus are sending a letter to Senate Majority Leader Harry Reid. they are warning him that they will bring matters to a standstill unless he swiftly brings those tax-and-spending issues to the floor. a panel of administration officials and bipartisan lawmakers is getting to work Wednesday.,right,left
"Senate Republicans Vow to Block Dem Legislation Until Tax Cuts, Budget Pass",all 42 members of the republican caucus are sending a letter to majority leader Harry Reid. they're warning him they will bring matters to a standstill unless he swiftly brings those tax-and-spending issues to the floor. it means putting on the backburner a push to repeal the military policy banning gays from serving openly in the military.,left,left
"Senate Republicans Vow to Block Dem Legislation Until Tax Cuts, Budget Pass",senators are sending a letter to house minority leader. they vow to block all efforts to extend the tax cuts until a bill is approved. the administration is still looking to repeal the military policy banning gays from serving. house majority leader edward snowden is leading the way for the letter.,left,right
"Senate Republicans Vow to Block Dem Legislation Until Tax Cuts, Budget Pass","republican members vow to block most bill until tax cuts are approved, according to fox news. the letters to the senate minority leader also threaten to stop bipartisan bills. a panel of administration officials is working on a compromise on tax cuts. the administration is looking at repealing the military policy banning gays from serving openly.",right,right
"Senate Republicans Vow to Block Dem Legislation Until Tax Cuts, Budget Pass","president and congressional leaders met at a news conference on tuesday. ""the bill is the one solution i've been trying to come up with,"" rep. sen. john mccain says. most members of the house republicans are refusing to support any legislation unless the chamber rewrites the tax cuts. members of the republican caucus warn sen. Harry mccain that it will bring the tax-and-spending issues to the floor",left,right
"Senate Republicans Vow to Block Dem Legislation Until Tax Cuts, Budget Pass",members of congress are warning of a standstill unless it swiftly brings the tax-and-spending issues to the floor. the letter threatens to block any legislation until the chamber extends the Bush tax cuts and approves a spending bill. democrats want the military's policy banning gays from serving openly in the military. the president is working with top democrats to set an agenda.,left,center
"Senate Republicans Vow to Block Dem Legislation Until Tax Cuts, Budget Pass","members of house republican caucus say they will block senate unless house moves tax-and-spending issues. unless house passes tax bill, some items could be considered before a new congress. republicans are also putting on the backburner a push to repeal the military's policy banning gays from serving openly.",left,center
"Senate Republicans Vow to Block Dem Legislation Until Tax Cuts, Budget Pass","the members of the GOP caucus are sending a letter warning they will bring matters to a standstill. the letter threatens to block all new legislation until sen. sir. sen. harry reid approves a spending bill. the u.s. has taken steps to extend the tax cuts and end the unemployment benefits program. the gop leader told a congressman that the country ""can't sustain itself on all the short stretches""",left,center
N.A.A.C.P. Challenges Tea Party on Racism,"national association for the Advancement of Colored People passed resolution. tea party group, tea party co-sponsors passed the resolution. resolution calls for Tea Party groups to remove “racist elements” from their ranks. white house says it won't allow ""racist elements"" to be removed from the movement.",left,left
N.A.A.C.P. Challenges Tea Party on Racism,"national association for the Advancement of Colored People passed resolution calling for Tea Party groups to weed out ""racist elements"" resolution does not go over well with Tea Party groups and their supporters.",left,left
N.A.A.C.P. Challenges Tea Party on Racism,"naaacp passes resolution calling for Tea Party groups to weed ""racist elements"" out of their ranks. resolution does not go over well with tea party groups and their supporters. democrats and blacks accuse whites of being partisan political attack dogs.",left,left
N.A.A.C.P. Challenges Tea Party on Racism,"n.a.a.a.c.p. says resolution is not an attempt to label Tea Party movement racist. president says group must distance itself from hate groups. sarah palin, 2008 vp nominee, also calls on politicians to rebuke the group.",left,right
N.A.A.C.P. Challenges Tea Party on Racism,"a resolution calling for Tea Party groups to weed ""racist elements"" out of their ranks passes. the resolution did not go over well with Tea Party groups and their supporters. the resolution did not go over well with tea party groups and their supporters.",left,right
N.A.A.C.P. Challenges Tea Party on Racism,"president of n.a.a.a.c.p.: with increased public attention, increased power, comes the responsibility. resolution did not go over well with Tea Party groups and their supporters. former vice presidential nominee Sarah palin weighed in to defend the tea party movement. n.a.a.c.p. says resolution was not an attempt to label entire Tea Party movement as racist.",left,right
N.A.A.C.P. Challenges Tea Party on Racism,"n.a.a.a.c.p. has passed resolution calling for Tea Party groups to weed ""racist elements"" out of their ranks. resolution failed to go over well with Tea Party groups and their supporters.",left,center
N.A.A.C.P. Challenges Tea Party on Racism,"""stand up and say enough is enough,"" says president of ""national association for the advancement of colored people"" ""tea party activists are not doing this anymore,"" says martin luther king. king: ""[racist] elements"" are no longer tolerated by tea party groups.",left,center
N.A.A.C.P. Challenges Tea Party on Racism,"national association for the Advancement of Colored People passes resolution calling for Tea Party groups to weed ""racist elements"" in their ranks. members at the annual convention of the N.A.A.C.P. approved the measure Tuesday in Kansas City. president of N.A.A.A.C.P. says resolution wasn't attempt to label the Tea Party movement as racist.",center,center
Reid: Mosque Should Be Built Someplace Else,"president Obama praises ""Ground Zero mosque"" supporters. newt gingrich: sen. Harry Reid opposes construction of mosque in its current location. he says it's clear the ""el"" is a republican candidate and must stay. gingrich: democratic opposition only has to get through a tough senate battle.",left,left
Reid: Mosque Should Be Built Someplace Else,"president has come out against construction of the ""Ground Zero mosque"" in new york. bob greene: president spoke about project's constitutionality and geopolitical impact. he says the bill would help help the first responders who have been devastated. greene: the bill would end the violence and will not be a deal breaker.",left,left
Reid: Mosque Should Be Built Someplace Else,"a senator's official opposition to the construction of the mosque shows political contempt. julian zelizer: congress has to do more to keep the controversy from getting out of hand. he says president obama has defended ""the use of a mosque"" that can be used by any political organization. zelizer: the ""Ground Zero mosque"" project will cost taxpayers millions if it's built.",left,left
Reid: Mosque Should Be Built Someplace Else,"president ""edwards"" Obama says the 'ground zero mosque' is not ""wisdom"" but a right. julian zelizer: democrats are trying to force the debate on a mosque in Manhattan. he says a majority of democrats in the senators has backed the construction. zelizer: democrats want to stop the construction and reopen the dialogue.",left,right
Reid: Mosque Should Be Built Someplace Else,"sen. lindsey wilkes: criticism of president is bad news for conservatives. she says majority leader comes out against construction of ""ground zero mosque"" wilkes: democrats are taking action to block the mosque. wilkes: congress needs to decide whether to approve the proposed building.",left,right
Reid: Mosque Should Be Built Someplace Else,"julian zelizer: some thought the decision boosted case for putting ""Ground Zero"" mosque up. but democratic congressman said it would only help support building of mosque. he says opposition to project a double dose of bad news for many republicans. zelizer: a moderate democratic majority should vote to allow the project to pass.",right,right
Reid: Mosque Should Be Built Someplace Else,"president Obama endorsed the ""Ground Zero mosque"" for its constitutionality. danny cevallos: the president drew praise for the planned ""Centoba House"" project. he says the project has already become too expensive and should be built elsewhere. cevallos: a bill allowing the mosque should be built in a larger city in a different city.",left,center
Reid: Mosque Should Be Built Someplace Else,"president Obama had been expected to make case for the ""ground zero mosque"" but a senior senator came out on Monday. paul begala: both the president and senator oppose the construction of the mosque. he says that ""difficult to be done is not be done in the right place"" begala: we need to act to protect freedom of religion in this dangerous situation.",left,center
Reid: Mosque Should Be Built Someplace Else,"the highest-ranking democrat in the u.s. Senate officially came out against construction of the mosque. michael wojciechowski: president obama should be applauded for backing of the center. wojciechowski: it's a bad news for the u.s. democrats and for Republicans. in another week the obama campaign backed the mosque, says why not?",left,center
Reid Breaks With Obama Over Proposed Ground Zero Mosque,"Reid says mosque should be built somewhere else. spokesman: republicans were careful not to back off on the president's remarks. president doesn't agree with Reid, but has been supportive of the park 51 project.",right,left
Reid Breaks With Obama Over Proposed Ground Zero Mosque,"president's stance on mosque in the park 51 area is a politically polarizing topic. sen. Reid said mosque should be built elsewhere rather than in the park 51 area. spokesman: president didn't speak because of ""politics"" of mosque in park 51 controversy.",right,left
Reid Breaks With Obama Over Proposed Ground Zero Mosque,"white house claims he did not do the remarks to ""protect freedom of religion"" majority leader Harry Reid broke with president about mosque near ground zero. republicans were quick to attack other Democrats in the mosque debate. sen. michael schulder has backed the project, although it is still on the gop agenda.",left,left
Reid Breaks With Obama Over Proposed Ground Zero Mosque,"president president was talking on religious freedom, not mosque projects, white house says. ""the president didn't do this because of the politics,"" white house spokesman says. the senate majority leader breaks with president over the proposed mosque project. ""the first amendment protects freedom of religion,"" one spokesman says.",left,right
Reid Breaks With Obama Over Proposed Ground Zero Mosque,"white house says president did not talk about mosque, politics. but spokesman: ""he believes that the mosque should be built somewhere else."" white house spokesman says he ""can't speak to the politics of what the Republicans are doing"" democratic senator says he wants to win over latinos.",left,right
Reid Breaks With Obama Over Proposed Ground Zero Mosque,"senators attack president for not speaking on ground zero issue. sen. john mccain says he doesn't think sen. patrick willrew should be offended. he says republicans should not attack a new president who wants ""a very special way"" white house says it ""can't speak to the politics"" of the republican party.",left,right
Reid Breaks With Obama Over Proposed Ground Zero Mosque,"president obama has been largely silent on his comments about an idea for a mosque. the proposal has become a political controversy. sen. dean obeidallah has accused obama of having a ""scared"" view on america.",left,center
Reid Breaks With Obama Over Proposed Ground Zero Mosque,"white house: ""the president doesn't do this because of the politics"" new: president slams president's omission to get into mosque debate. sen. jerry richards is on the record saying his position is open to criticism. congressional majority leader sally kohn threatens to drop out of senate.",left,center
Reid Breaks With Obama Over Proposed Ground Zero Mosque,president in heated talks over mosque near ground zero. senator's statement came at inauguration celebration. president not looking to make political hay with his remarks.,right,center
Glenn Beck Rips Progressivism at CPAC,"""america is an idea that sets people free,"" Glenn Beck tells conservative crowd. he calls for more progressives to become mainstream. at a panel discussion on his subject, he blames progressives for America's problems.",left,left
Glenn Beck Rips Progressivism at CPAC,"""america is not a clown show. the bad guy sometimes wins,"" says Glenn Beck. the ""progressivism"" chalkboard brought the audience to its feet. ""people need to understand that life is not fair. the bad guy sometimes wins,"" says the comedian.",right,left
Glenn Beck Rips Progressivism at CPAC,"""america is an idea that sets people free,"" says Glenn Beck in keynote speech at CPAC. ""i'm a man that is just like i am a person"" says man from arizona. he also launches 9/12 Project, sets forth nine values, 12 principles that he believes country is founded upon.",right,left
Glenn Beck Rips Progressivism at CPAC,"new: ""these people are a very real man. they are our civil rights,'"" said one attendee. ""progressivism"" was a key topic in Beck's keynote speech at conservative political action conference. he blamed ""progressivism"" for America's problems, saying it's ""not that simple"" ""America is an idea that sets people free,"" said the speaker.",left,right
Glenn Beck Rips Progressivism at CPAC,"in keynote speech at conservative political action conference, gad criticized progressives. cpac's elon barker: ""america is not a clown show. the bad guy sometimes wins"" ""what is this? a circus?"" says Glenn Beck, a leader in the new conservative movement. ""america is an idea that sets people free,"" says one attendee who calls him ""everyday guy""",left,right
Glenn Beck Rips Progressivism at CPAC,"the conservative political action conference is about five days away. Beck, whose brand of chalkboard, blames ""progressivism"" for America's problems. a young woman says she was inspired by the speech by his words.",center,right
Glenn Beck Rips Progressivism at CPAC,"fox news host Glenn Beck blames ""progressivism"" for ""america's problems"" ""america is an idea that sets people free,"" Beck says. a spokesman for his political and media personality says it's ""not that simple""",left,center
Glenn Beck Rips Progressivism at CPAC,"frankness, vulnerability, empathy a hallmark of the conservative leader, says Glenn Beck. ""the bad guy sometimes wins,"" he says, drawing laughter. he blames ""progressivism"" for America's problems.",right,center
Glenn Beck Rips Progressivism at CPAC,"""america is an idea that sets people free,"" he says. ""the bad guy sometimes wins,"" says a university student who attended the march. ""people need to understand that life is not fair. the bad guy sometimes wins,"" says another.",right,center
White House Used Bill Clinton to Ask Sestak to Drop Out of Race,"president bill clinton used former president bill clinton as an intermediary. in this matter, the white house said he asked president obama to consider his options. white house said he hoped former u.s. president would stop a primary fight if he took a prominent advisory role. the conversations weren’t illegal, but republican sen. darrell issa said they were a result of an illegal quid pro quo.",left,left
White House Used Bill Clinton to Ask Sestak to Drop Out of Race,"president’s chief of staff used former president bill Clinton to make an advisory appointment. former president was asked to discuss “options of service” on a presidential or senior government advisory board. it is illegal for anyone “directly or indirectly, promises any employment, position, compensation, contract, appointment, or any other benefit” to someone else. the white house disputed Republican claims that the conversations might be illegal or improper.",left,left
White House Used Bill Clinton to Ask Sestak to Drop Out of Race,president’s chief of staff asked former president Bill Clinton to explore “options of service” on a presidential or senior government advisory board with Rep. Joe Sestak. Mr. Sestak said yes and went on to win last week’s primary against Senator Arlen Specter. the white house denies the discussions were illegal or improper. a source cited the white house’s “ethical and legislative objectives” for the conversations.,right,left
White House Used Bill Clinton to Ask Sestak to Drop Out of Race,president was asked to think about presidential or senior government advisory board by bill clinton. he agreed and opted for not to serve on the advisory board. the white house disputed Republican claims that the conversations might be illegal or improper.,left,right
White House Used Bill Clinton to Ask Sestak to Drop Out of Race,"president president used former president bill Clinton to sign up for advisory position. democratic Rep. darrell Issa is calling the talks an illegal quid pro quo. white house: conversations are ""fully consistent with the relevant law and ethical requirements""",left,right
White House Used Bill Clinton to Ask Sestak to Drop Out of Race,"democratic senators say such talking is illegal, not illegal. president’s chief of staff sought unpaid advisory position from former president. he asked to discuss options of service for presidents or top government officials. house minority leader says ""policy shenanigans"" are 'business as usual'",left,right
White House Used Bill Clinton to Ask Sestak to Drop Out of Race,former president bill clinton was asked by the white house to explore if bill clinton would drop out of the primary. the white house said there was no such impropriety. one senior congressional Republican has accused the president of engaging in political shenanigans.,left,center
White House Used Bill Clinton to Ask Sestak to Drop Out of Race,"chief of staff tried to secure a position with a prominent, but unpaid, advisory group. former president bill clinton helped broker agreement, the white house says. the operative was asked to consider a presidential or senior government advisory board. white house disputes republican claims that the discussions are illegal or improper.",left,center
White House Used Bill Clinton to Ask Sestak to Drop Out of Race,"president’s chief of staff asked former president. bill clinton to explore “options of service” on a presidential or senior government advisory board. the former president was asked to explore “options of service” on a presidential or senior government advisory board. the conversations were “illegal quid pro quo” even if the position was unpaid, the white house said.",left,center
"While Blumenthal Retains Washington Support, Republicans Smell Opening in CT",new report exposes wrong statement involving attorney general. republican rep. cornyn praises attorney general's effort to re-elect him. democrats are seeking to replace incumbent sen. dodd in the u.s. primary.,left,left
"While Blumenthal Retains Washington Support, Republicans Smell Opening in CT","Sen. Chris Dodd, a retired marine, was told he was not part of the marines. his campaign has called for a second term for the attorney general. a newspaper report called his service in the marines ""outrageous distortion""",left,left
"While Blumenthal Retains Washington Support, Republicans Smell Opening in CT","a recent paper report by the attorney general about his service in the marines exposed a past incorrect statement. a ream of facts to be learned about the late dg. dodd, who backed the attorney general. dc-veterans hoped to get the nomination, but the new race could be off the mark.",left,left
"While Blumenthal Retains Washington Support, Republicans Smell Opening in CT","a texas senator says his campaign backed a newspaper's inaccurate coverage of his service in the army. the attorney general once thought to be a shoo-in for the seat being vacated by ad. a newspaper report called his service in the marines an ""outrageous distortion"" and it ""outraged,"" the attorney general said. senator cornyn's democratic rival said a ""clever and uncompromising"" endorsement of him will bolster his support for vet",left,right
"While Blumenthal Retains Washington Support, Republicans Smell Opening in CT","former cong. Rob Simmons, a Vietnam vet, is running for state attorney general's seat. a report in the newspaper exposed the mistaken information last year. a senior democrat, republican senator and other political party leaders say the news opens the door. florida attorney general is expected to face either republican-endorsed candidates.",left,right
"While Blumenthal Retains Washington Support, Republicans Smell Opening in CT","rep. cornyn, now a key Democratic candidate for attorney general, says revelation will help push re-election to second place. on tuesday, dodd announced he would not run if an outright false statement came out. on saturday, dodd announced he would run for governor; he hasn't run since. republicans hope the revelation will boost re-election, with the governor facing a tough challenger.",center,right
"While Blumenthal Retains Washington Support, Republicans Smell Opening in CT",republicans in recent weeks smell a possible race open for attorney general Richard Blumenthal. a newspaper published a story saying he had served in the marines. one conservative said the information'simply inaccurate' and 'unreliable' democrats want their candidate's name removed.,left,center
"While Blumenthal Retains Washington Support, Republicans Smell Opening in CT","Blumenthal faced off against a report that made a false claim of his service in the marines. his campaign slammed the report and called it an ""outrageous distortion"" he faces a primary winner in the august 10 primary. his opponent, retired marine professor david ford, slams him.",right,center
"While Blumenthal Retains Washington Support, Republicans Smell Opening in CT","democratic attorney general says he was ""outrageously distortion"" of his service in the marines. pentagon's british editor: ""there's a strong sense of community and shared responsibility"" a texas newspaper exposes a past incorrect statement regarding his service in the marines. Blumenthal is running in a primary that will decide the general's future.",left,center
Richard Blumenthal Calls NYT Report 'Outrageous Distortion',"attorney general says news report has distorted his record on military service. ""we have learned something important since the days that I served in Vietnam,"" he said in 2008. ""the people who knew me didn't know what i had done,"" attorney general says of u.s. state. former state lawmaker says report is ""fed to paper by the Linda McMahon"" campaign.",right,left
Richard Blumenthal Calls NYT Report 'Outrageous Distortion',a video shows a Democrat saying he never served in Vietnam. he says he obtained at least five military deferments during his time in the marine reserve. a former republican state lawmaker criticized the story.,right,left
Richard Blumenthal Calls NYT Report 'Outrageous Distortion',"former republican state legislator says rebuttal from greenwich ""outrageous distortion"" new york times report makes clear he didn't serve ""in Vietnam"" former sen. greg dyke says the report, about $600,000, is the ""most accurate""",left,left
Richard Blumenthal Calls NYT Report 'Outrageous Distortion',"a new york times report says tt's lawyer has missed his military service in Vietnam. the report is an ""outrageous distortion"" on the attorney general's record. a former n.y. congressman says the report was ""fed to the paper"" by a senate candidate.",left,right
Richard Blumenthal Calls NYT Report 'Outrageous Distortion',"report on Blumenthal's 2008 speech accuses him of discrediting his military service. he denies claims he misstated his military service and says he did not. former state lawmaker says story was fed to the paper by his campaign, paid out $16 million. the u.s. Senate candidate is seeking a third term after a second term.",left,right
Richard Blumenthal Calls NYT Report 'Outrageous Distortion',"a new york times report shows a misstated defense of ""military in Vietnam"" legal battle comes as christopher w. grumman's campaign denies the report. it cites a 2012 decision to release ""a video recorded with an audience of veterans"" a former democratic senate candidate says the allegations are ""outrageous distortion""",left,right
Richard Blumenthal Calls NYT Report 'Outrageous Distortion',"attorney general says he never served in Vietnam. a new york times report says his marine deferments helped him avoid war. a former republican state lawmaker says the piece was ""fed to the paper"" by a party.",left,center
Richard Blumenthal Calls NYT Report 'Outrageous Distortion',"florida attorney general backed by supporters who say he missed his duty. allegations of misstated military record are ""outrageous distortion,"" newspaper says. former u.s. senator slams ""abjective manipulation"" by his opponents.",center,center
Richard Blumenthal Calls NYT Report 'Outrageous Distortion',"florida democrat says he's never been to war; never served in the marine reserve. new york times says he misstated his service when he said he had served in the marines. former state lawmaker says report was ""fed to paper"" by campaign of late sen. Linda Mcmahon. Blumenthal: ""if he can’t keep up with history, i can see his war legacy intact""",left,center
Steele to Announce Decision on R.N.C. Run,rnc chairman Michael Steele is expected to give an update on his plans on monday. he has ruled out running for a second term. the political director of the committee resigned in protest last month.,right,left
Steele to Announce Decision on R.N.C. Run,the battle for control of the republican national committee takes a new turn on Monday. gov. barack obama to announce whether to step down as party chairman. several member have withdrawn their support for mr. Steele.,left,left
Steele to Announce Decision on R.N.C. Run,rnc chairman Michael Steele says he plans to step down or seek a second term. the former lieutenant governor of Maryland has been under fire at the committee. several republicans have withdrawn support from Steele.,center,left
Steele to Announce Decision on R.N.C. Run,the former lieutenant governor will announce his plans during a conference call. he will step down or seek a second term. his tenure has been one of the few blemishes this year.,left,right
Steele to Announce Decision on R.N.C. Run,the republican national committee chairman will announce his departure on Monday. the political director of the committee resigned in protest last month. there are five candidates for the seat. the two candidates are in the running for several seats.,left,right
Steele to Announce Decision on R.N.C. Run,"'the president is very in charge of all political parties,' john w. taylor says. he says he’s looking forward to speaking to members on Monday evening. ""thank you and i look forward to talking to you,"" he writes in an e-mail to fellow Republicans. he is expected to reveal his intentions on a call.",right,right
Steele to Announce Decision on R.N.C. Run,"john avlon: steele won't seek reelection, was key to gaining control. he was elected in 2009 to lead republicans and won control of the house. avlon: if Steele leaves, he could resign, disregard criticism about his oversight of the committee. avlon: he might try to rebuild coalition, but he’s in close counsel about his plans.",left,center
Steele to Announce Decision on R.N.C. Run,"the re-elected chairman of the rnc will announce his intentions on monday. he has not yet said whether he will try to rebuild his frayed coalition. he says he has kept close counsel about his future, and his plans were unknown even to his own advisers.",center,center
Steele to Announce Decision on R.N.C. Run,"r.n.c. chairman to announce plans on monday evening. he could miss a conference call because he is a former republican governor. the former governor will be replaced by new chairman, Michael Steele.",left,center
"Etheridge, Caught on Video, Apologizes ","rep. john mccain says he is sorry for pulling a camera out to grab a young man. he says the congressman grabbed him by the arm, arm and neck. mccain: ""this is a very unfortunate gesture""",left,left
"Etheridge, Caught on Video, Apologizes ","rep. Bob Etheridge apologized for grabbing a young man on a sidewalk. video captured as congressman asked man to express support for a new education program. the video, which received widespread attention, was posted on conservative web site.",center,left
"Etheridge, Caught on Video, Apologizes ",a video of a man trying to ask the congressman whether he supports the president’s agenda went viral. rep. Bob Etheridge snatched the camera and was filmed.,right,left
"Etheridge, Caught on Video, Apologizes ","democrat, who represents a conservative district south of Raleigh, is facing a re-election challenge. he apologized for grabbing a young man to ask whether he supports president. ""how are you? Do you fully support the Obama agenda?"" he said.",right,right
"Etheridge, Caught on Video, Apologizes ",rep. bob etheridge filmed grabbing a young man by the hand. he is seen on video repeatedly asking him whether he supports president Obama’s agenda. a video of the confrontation was posted on the conservative web site.,right,right
"Etheridge, Caught on Video, Apologizes ","rep. Bob Etheridge of north carolina apologized for grabbing a young man on a street. a video camera rolled as the man tried to ask if he supports the president’s agenda. ""Tell me who you are,"" the congressman said as a camera caught up with him.",right,right
"Etheridge, Caught on Video, Apologizes ",rep. Bob Etheridge apologizes for grabbing young man as camera rolled. the man was asked to tell him whether he supports president Obama’s agenda. it is not clear whether the congressman was properly dressed.,right,center
"Etheridge, Caught on Video, Apologizes ","rep. Bob Etheridge grabbed man on sidewalk to ask him whether he supports Obama’s agenda. video of grabbing was posted online on conservative web site by conservative publisher. spokesman for the democrats calls the grabbing behavior ""unbecoming of a member of congress"" a republican spokesman calls on congress to ""promote a civil public discourse""",left,center
"Etheridge, Caught on Video, Apologizes ","rep. Bob Etheridge apologizes for grabbing a man by the hand, arm and neck. video shows him repeatedly asking the man to identify himself. ""Tell me who you are,"" he says.",right,center
Bob Etheridge Attacks Student: North Carolina Congressman Gets Rough With Interviewer,Rep. Bob Etheridge struck away a video camera and assaulted a student. dean obeidallah: the assault is part of a conspiracy theory that threatens the u.s.,left,left
Bob Etheridge Attacks Student: North Carolina Congressman Gets Rough With Interviewer,True,center,left
Bob Etheridge Attacks Student: North Carolina Congressman Gets Rough With Interviewer,"christopher oswald: an anonymous reporter asked the congressman if he supported the president’s agenda. oswald: in the video, a student is asked if he “fully supported the Obama agenda.” he says he wasn’t physically assaulted by student, who didn’t ask him about school. oswald: there are two things we should do: move to limit audience, not limit impact.",left,left
Bob Etheridge Attacks Student: North Carolina Congressman Gets Rough With Interviewer,False,center,right
Bob Etheridge Attacks Student: North Carolina Congressman Gets Rough With Interviewer,"bob etheridge, a sitting congressman, attacks a student after he supports the government. he knocks away a camera, but the cameraman replies, “we’re just students”. etheridge also attacks journalists who are unaware they can interview students.",left,right
Bob Etheridge Attacks Student: North Carolina Congressman Gets Rough With Interviewer,True,center,right
Bob Etheridge Attacks Student: North Carolina Congressman Gets Rough With Interviewer,not_entailment,left,center
Bob Etheridge Attacks Student: North Carolina Congressman Gets Rough With Interviewer,"roland martin: rep. Bob Etheridge struck away a video camera and assaulted a student. he says he did not need to get physical with students, but the behavior is ""partially justified"" he says congress has been taking a snub of conservative journalism. martin: he didn’t care about school funding, but he did want to show voters that he believed in a change in politics.",left,center
Bob Etheridge Attacks Student: North Carolina Congressman Gets Rough With Interviewer,True,center,center
G.O.P. Seizes on Mosque Issue Ahead of Elections,"Senate's top democrat objected to the mosque being built there. ""it is very troubling to see president Obama again turning a deaf ear to the thoughts of a majority of Americans,"" a Republican says. the ""second-highest concentration"" in a u.s. college is at ground zero, analysts say.",right,left
G.O.P. Seizes on Mosque Issue Ahead of Elections,"the president should support the developers’ right to build the mosque, a spokesman says. some Democrats say the president should stand up for religious freedom. republicans say their attack shows the president is out of touch with average americans. a senate republican says it has a chance to regain control of the senate.",right,left
G.O.P. Seizes on Mosque Issue Ahead of Elections,senator Harry Reid said some who plan to build mosque should look elsewhere. some leading Democrats said it was president’s role to stand up for constitutional rights. president obama criticized the mosque project in congress.,right,left
G.O.P. Seizes on Mosque Issue Ahead of Elections,sen. Harry Reid said those who plan to build the mosque should look elsewhere. a senator in the u.s. voted against the proposal. re-election campaign says there is an impending mormon massacre in mecca. a democratic senate majority leader says the proposal is a distraction.,right,right
G.O.P. Seizes on Mosque Issue Ahead of Elections,a democrat says he objected to the mosque being built in the square near ground zero. a democrat opposes the construction but says president's comments show he is out of touch. republicans attacked president for defending the right to free speech in a bid to unseat him.,center,right
G.O.P. Seizes on Mosque Issue Ahead of Elections,"Republican Congressional candidates on Monday intensified efforts to inject the divide over mosque construction. senator Harry Reid of Nevada, the Senate majority leader, said those who plan to erect the mosque should look elsewhere. some leading Democrats said it was the president’s role to stand up for constitutional rights in the mosque dispute.",center,right
G.O.P. Seizes on Mosque Issue Ahead of Elections,Senate top democrat opposes building mosque near ground zero. some Republican Congressional candidates have drawn division on the issue. but democratic senator said he opposes mosque being built there. others say it shows that the president is out of touch with americans.,right,center
G.O.P. Seizes on Mosque Issue Ahead of Elections,"the edward snowden re-election campaign is trying to spread the divide over mosque construction. the president is in opposition to the mosque development near ground zero. the u.s. should allow ""a Jewish temple or Christian church to be built in mecca""",left,center
G.O.P. Seizes on Mosque Issue Ahead of Elections,democrats oppose construction of an Islamic center near ground zero. congressional candidates say president is out of touch with americans. republican candidates challenge democratic leaders about mosque proposals. some leading democratic politicians say president should stand up for rights.,left,center
Calling The Senate GOP's Bluff: Multiple Bills Likely To Come Up Before Tax Cuts,"republicans will likely test their threat of filibuster on bill to cut tax rate. the DREAM Act, collective bargaining for firefighters, and 9/11 health bill are among the bills. republicans and democrats have no chance of meeting to discuss next year's bill. if they've done this, it'll get the house to take a vote on tax cuts.",left,left
Calling The Senate GOP's Bluff: Multiple Bills Likely To Come Up Before Tax Cuts,a senior democratic staffer says the move is likely to happen tonight or tomorrow. some members of the re-elected house will be expected to vote on the budget bill next week. the senator is planning to file cloture this week on at least three measures. republicans are threatening to filibuster every single piece of legislation until the chamber solves the tax issues.,center,left
Calling The Senate GOP's Bluff: Multiple Bills Likely To Come Up Before Tax Cuts,it doesn't appear as if tax cuts will come before these bills that are already in the queue. a senior democratic staffer says that it's likely to happen tonight or tomorrow. the house could vote on continuing to debate the DREAM act as soon as next week. republicans can still use their majority to undermine the debt ceiling.,left,left
Calling The Senate GOP's Bluff: Multiple Bills Likely To Come Up Before Tax Cuts,"a democratic senator has said he will file cloture on the bill after a vote on budget and tax cuts. a cloture proposal could come before the chamber on friday or as early next week. the republicans have threatened to filibuster every piece of legislation until they resolve fiscal woes. the DREAM Act, collective bargaining for firefighters and a 9/11 health bill could be considered.",left,right
Calling The Senate GOP's Bluff: Multiple Bills Likely To Come Up Before Tax Cuts,a senior democratic staffer told the newspaper that any bill could come before the Senate for a vote on proceeding to full debate as soon as Friday. a senior democratic staffer told the Huffington Post that it was likely to happen tonight or tomorrow. a senior democratic staffer told the newspaper that the bill is likely to happen tonight or tomorrow.,center,right
Calling The Senate GOP's Bluff: Multiple Bills Likely To Come Up Before Tax Cuts,senators will likely file cloture this week on at least three bills. Senate may vote on a full debate as soon as friday or next week. a senior democratic staffer told the post that it was likely to happen tonight or tomorrow.,left,right
Calling The Senate GOP's Bluff: Multiple Bills Likely To Come Up Before Tax Cuts,a senior democratic staffer said it was likely to happen tonight or tomorrow. a senior democratic staffer said that the bill was likely to happen tonight or tomorrow. it doesn't appear as if tax cuts will come before the bills already in the queue.,left,center
Calling The Senate GOP's Bluff: Multiple Bills Likely To Come Up Before Tax Cuts,a senator's promise to filibuster bills could come before the house on friday. a senior democratic staffer says it could happen tonight or tomorrow. the obama administration has said it is reviewing the obama budget proposals. senators are trying to increase d-vote votes to filibuster some bills.,left,center
Calling The Senate GOP's Bluff: Multiple Bills Likely To Come Up Before Tax Cuts,"president obama has threatened to filibuster any bill while the chamber resolves fiscal issues. democratic staffer: cloture on 9/11 health bill likely to happen tonight or tomorrow. ""i'll file cloture this week on all three pieces of legislation at the same time,"" Reid says. republicans have threatened to filibuster all bill until budget cuts are resolved.",left,center
Senate Republicans: No Legislation Until After Tax Cut Extension,a letter signed by 41 members of the republican caucus says no legislative item will go forward. congress must act to fund government and prevent a job-killing tax hike. president Obama and democratic lawmakers want to extend the Bush-era tax cuts.,left,left
Senate Republicans: No Legislation Until After Tax Cut Extension,"senators in lame duck session want legislation that would end the tax cuts. in letter, they say they will not proceed with legislation ""pending the Senate has acted to fund the government"" the stimulus package expires at the end of the year; new tax cuts will not. the 12th congress takes over the 112th congress in January.",left,left
Senate Republicans: No Legislation Until After Tax Cut Extension,"the 50 states have approved a bill, which would fund taxes on income above $250,000. the tax cut was supposed to be extended to all americans, not just those with incomes above $250,000. the u.s. tax code requires every state to pass an income-level tax to avoid a tax hike. but a new fsa-inspired law would be passed to increase the tax cut to all americans.",left,left
Senate Republicans: No Legislation Until After Tax Cut Extension,"house republicans hope to pass nonbudget-related legislation in the lame-duck session. they wrote to the majority leader, Harry Reid, and cited by minority leader, Mitch McConnell. they indicated that they would not go ahead with “any legislative item” until the Senate acted to fund the government. in this context, the 112th congress takes over in January.",left,right
Senate Republicans: No Legislation Until After Tax Cut Extension,"the majority leader in the house wants the government funded by the end of the year. in a letter, the iraqi democrats say the budget bill is an opportunity to show the full support needed. they warn the u.s. senators and congressional leaders not to go forward with a tax bill unless congress funds the government.",center,right
Senate Republicans: No Legislation Until After Tax Cut Extension,Republicans are outraged at congressional plan not to pass tax-cut extension. they say no law until we stop tax increase awaiting all taxpayers. the obama administration says most of its revenue will go back into the taxpayer. the 112th congress takes over in January.,right,right
Senate Republicans: No Legislation Until After Tax Cut Extension,"senators trying to pass nonbudget-related legislation in lame-duck session put on notice by their Republican colleagues. in letter signed by the 42 members of the republican caucus, the leaders of the conservative party alerted senators. the letter also said the parties would not prioritize any matters above 'critic issues' of funding the government.",right,center
Senate Republicans: No Legislation Until After Tax Cut Extension,"the republican caucus sent a note to the majority leader, Harry Reid, urging them to not tackle budget issues during the lame-duck session. the letter stated that the republicans were unhappy they wouldn’t prioritize anything above the crucial issue of funding the government.",left,center
Senate Republicans: No Legislation Until After Tax Cut Extension,Republicans in senatorial caucus put pressure on house dems to pass nonbudget-related legislation. a letter from 42 members in the Republican caucus tells the majority leader: 'we cannot agree to prioritize any matters above the critical issues' and says 'we are not going to prioritize' legislation.,right,center
NAACP Condemns Tea Party Racism In Resolution,"tea party activists disputed claims of racism and called on NAACP to withdraw resolution. resolution calls for tea party to ""repudiate the racist element and activities within the tea party"" tea party organizers say it's the tea party he's worked with to try and avoid. a separate resolution says racism ""is a major problem for the tea party movement""",left,left
NAACP Condemns Tea Party Racism In Resolution,tea party organizers called on the NAACP to withdraw the resolution. the resolution was adopted during the annual convention in Kansas city. president jealous had accused tea party activists of tolerating bigotry.,right,left
NAACP Condemns Tea Party Racism In Resolution,tea party activists accused of tolerating bigotry at convention. organization's leaders approve resolution condemning racism. tea party organizers disputed claims of racism. tea party supporters call on NAACP to withdraw resolution.,left,left
NAACP Condemns Tea Party Racism In Resolution,president of the naacp says tea party will 'not tolerate bigotry' members of tea party called on the tea party to'repudiate racist element and activities' tea party organizers disputed claims of racism and called on NAACP to withdraw resolution.,left,right
NAACP Condemns Tea Party Racism In Resolution,"tea party organizers disputed claims of racism. resolution calls on tea party to repudiate racism. group's board of directors will approve resolution in October. sarah palin, a vocal tea party supporter, said she was ""saddened"" by the ruling.",center,right
NAACP Condemns Tea Party Racism In Resolution,"tea party organizers dispute claims of racism. resolution aimed at a small minority of people who believe ""our country has been taken away from them"" resolution calls on tea party to ""avoid the racism"" campaign's aims.",left,right
NAACP Condemns Tea Party Racism In Resolution,"tea party organizers reject tea party's claim that patriotic americans ""are somehow racist"" a resolution condemning racism in the political movement was voted down. the final version calls for tea party activists to ""repudiate the racist element""",left,center
NAACP Condemns Tea Party Racism In Resolution,"president jealous: ""we have an issue with their acceptance and welcoming of white supremacists."" tea party organizers dispute claims of racism and called on the NAACP to withdraw the resolution. resolution calls on tea party ""to be responsible members of this democracy"" a tea party critic said the resolution did not encourage tea party supporters to turn to ""white supremacists""",left,center
NAACP Condemns Tea Party Racism In Resolution,"tea party supporters reject claims that activists ""judge people by the color of their skin"" the resolution condemns racism. members call on tea party organizers to withdraw the resolution. tea party organizers deny claims of racism.",left,center
NAACP Resolution Calls on Tea Party to Repudiate 'Racist Elements' in Movement,"a naaCP vote calls on the movement's leaders to repudiate bigotry. the resolution criticizes the movement and calls on its leaders to end its racist rhetoric. ""we believe in freedom of assembly and people raising their voices in a democracy,"" the president says.",left,left
NAACP Resolution Calls on Tea Party to Repudiate 'Racist Elements' in Movement,"the nation's leading civil rights group takes up the language at its annual convention. the resolution condemns ""racist elements"" in the tea party movement. the resolution downplays criticism of all Tea Partiers.",left,left
NAACP Resolution Calls on Tea Party to Repudiate 'Racist Elements' in Movement,"the nation's leading civil rights group took up the language at its annual convention. the resolution condemns ""racist elements"" in the tea party movement. it also calls on the movement's leaders to repudiate bigotry. tea parties have criticized the resolution, saying it is political ploy.",left,left
NAACP Resolution Calls on Tea Party to Repudiate 'Racist Elements' in Movement,tea parties have attacked a planned anti-government rally by the organization. the resolution condemns tea party racists and calls on the movement's leaders to repudiate bigotry. critics say tea party supporters will only go along with the tea party campaign. the resolution was adopted by an all-star group called the the tea party partisan attack dog.,right,right
NAACP Resolution Calls on Tea Party to Repudiate 'Racist Elements' in Movement,"in ""the time is come for them to accept responsibility,"" chief says. the resolution calls on tea parties to ""accept the responsibility that comes with influence"" critics say the measure has played a political ploy; tea partiers say it's a political one. the resolution also calls on the president to ""show respect for civil liberties""",left,right
NAACP Resolution Calls on Tea Party to Repudiate 'Racist Elements' in Movement,"the nation's leading civil rights group takes up the language at its annual convention. it calls on the movement's leaders to repudiate bigotry and ""repudiate the responsibility"" the resolution calls for the groups to repudiate bigotry despite accusations by tea Partiers.",left,right
NAACP Resolution Calls on Tea Party to Repudiate 'Racist Elements' in Movement,"the nation's leading civil rights group calls on tea party leaders to repudiate bigotry. the resolution first said the organization would ""repudiate the racism of the Tea Parties"" the next day, the nation's leaders will consider a possible constitutional amendment.",left,center
NAACP Resolution Calls on Tea Party to Repudiate 'Racist Elements' in Movement,"tea parties blast the move as a political ploy. the nation's leading civil rights group adopts resolution condemning ""racist elements"" in the Tea Party movement. the resolution also asks tea party leaders to reject ""other forms of bigotry"" ""we believe in freedom of assembly,"" the group's president says.",center,center
NAACP Resolution Calls on Tea Party to Repudiate 'Racist Elements' in Movement,"NAACP condemns ""racist elements"" in tea party movement at convention in kc. president jealous: ""the time has come for them to accept the responsibility that comes with influence"" the group's members say they would merely support the tea party movement. a debate after the vote was mostly closed to the public.",left,center
GOP Senators Keep Pressure on Steele Over 'Inaccurate' Afghanistan Comments,"conservatives keep up pressure on party chairman Michael Steele to apologize. the chairman said Afghanistan is a ""war of Obama's choosing"" but it is a ""war of Obama's choosing""",right,left
GOP Senators Keep Pressure on Steele Over 'Inaccurate' Afghanistan Comments,"conservatives call for steele to apologize for remarks that are war of Obama's choosing. john avlon, rep. lz granderson: criticism is just another instance of a Republican chairman's behavior. conservatives accuse Steele of trying to convince him he can still function in his job. republicans say they'll continue to back his comments, and urge him to resign.",left,left
GOP Senators Keep Pressure on Steele Over 'Inaccurate' Afghanistan Comments,"conservatives call for chairman to step down over comments on ""war of... not war"" ""the right people will stand briskly behind us"" as some backlash grows, two men face possible firestorm. two senators back calls for steele to apologize and clarify his position.",left,left
GOP Senators Keep Pressure on Steele Over 'Inaccurate' Afghanistan Comments,"conservatives continue pressure on RNC chairman Michael steele to apologize. some conservatives say it would be better if he stood down. ""we need a chairman who's focused,"" one senator says.",center,right
GOP Senators Keep Pressure on Steele Over 'Inaccurate' Afghanistan Comments,"conservatives have called for steele's resignation over remarks on ""war of Obama's choosing"" republican chairman told media members that battle may not be winnable. some conservatives called for Steele to step down. sen. ted cruz said ""remorse for this plight of one man is better than a week away""",left,right
GOP Senators Keep Pressure on Steele Over 'Inaccurate' Afghanistan Comments,"conservatives called for Republican party chairman to resign over his apology. president obama said on the radio that he would ""never allow it to go unnoticed"" in an e-mail. his office refused to let the obama remarks resurface. he's expected to stand down in coming weeks.",right,right
GOP Senators Keep Pressure on Steele Over 'Inaccurate' Afghanistan Comments,"new: conservatives call for steele's resignation, demand apology. jim deMint: ""we need a chairman who's focused"" on obama administration. senator says he is aware that the comments ""didn't fit his message"" the house chairman is known for a backlash against on-camera comments.",left,center
GOP Senators Keep Pressure on Steele Over 'Inaccurate' Afghanistan Comments,senators were calling for steele to apologize for his on-camera remarks. conservatives reacted to the comments by calling for his resignation. the conservative chairman was expected to face political challenges.,right,center
GOP Senators Keep Pressure on Steele Over 'Inaccurate' Afghanistan Comments,"conservatives are calling for the resignation of chairman Michael steele. the 2016 election was ""a big year"" for steele, a former republican senator says. but the republicans are getting into the dust after the u.s. supreme court. new: the u.s. tea party's president says he hopes.",left,center
Michael Steele’s Afghanistan Comments Stir Up Furious Reaction From Conservatives,"conservatives react negatively to his comments about the war in Afghanistan. former senator says the statement is a ""double standard of ethics"" conservatives say Steele is a ""taoiseach, not a warman""",left,left
Michael Steele’s Afghanistan Comments Stir Up Furious Reaction From Conservatives,"prominent conservatives offered swift negative reactions to rnc chairman's comments. julian zelizer: comment “puts [you] at odds with about 100 percent of the Republican party” he says it is an affront to the honor of the republican party and to the mission of the soldiers fighting. zelizer: it’s not an embarrassment, but an affront not just to the strategy, but also to the commitment of the soldiers.",left,left
Michael Steele’s Afghanistan Comments Stir Up Furious Reaction From Conservatives,"ed miliband: conservatives say he put ""war in Afghanistan... unwinnable war of Obama’s choosing"" he says, if that is the case, it will not succeed, but it will. miliband: presidents don’t have to worry; his comments are ""inherently irresponsible"" neoconservative figure says steele's comments are ""utterly irresponsible""",left,left
Michael Steele’s Afghanistan Comments Stir Up Furious Reaction From Conservatives,"""the war in Afghanistan was not a war of Obama’s choosing,"" said former RNC chairman. john avlon: many conservatives say his comments are more than an embarrassment. avlon: the neoconservative figure says the avlon’s comments are ""utterly irresponsible"" he says there is a huge partisan divide in the conservatives who like steele's comments.",left,right
Michael Steele’s Afghanistan Comments Stir Up Furious Reaction From Conservatives,"conservative criticized Steele for saying war in Afghanistan is unwinnable. fdr: the comments are more than an embarrassment. conservatives have been campaigning for Steele's resignation. republicans will lose confidence in the chairman, republicans say.",left,right
Michael Steele’s Afghanistan Comments Stir Up Furious Reaction From Conservatives,"prominent conservatives offer swift, negative reactions to a comments by republical chairman. he said afghanistan war was not ""a war of Obama’s choosing"" john avlon says comments are an affront to all sections of the party.",left,right
Michael Steele’s Afghanistan Comments Stir Up Furious Reaction From Conservatives,conservative critics take issue with recent assertion that war in Afghanistan is unwinnable. rnc chairman makes the claim; critics also point to president's failure to respond to questions. democratic strategist says comments are unfair and unjustifiable. republicans are increasingly calling for a repeal of the 2008 civil war.,left,center
Michael Steele’s Afghanistan Comments Stir Up Furious Reaction From Conservatives,conservatives have criticized the comment made by steele about war in Afghanistan. david frum: it's not easy to get it right when you have people who want to pull out. he says conservatives are calling for the RNC to resign. frum: no one is suggesting that the country will not stay in the dark.,left,center
Michael Steele’s Afghanistan Comments Stir Up Furious Reaction From Conservatives,"rnc chairman made the comment that the war in Afghanistan is an unwinnable war. eliot spitzer, john avlon among many who call for steele to resign. spitzer says his comments are an affront to honor of the republican party. conservatives will remain outraged at his comments.",left,center
"Biden Tries, Again, to Sell Tax Compromise to Hill Democrats","“you’ll a very good word” about the deal. Mr. Komorowski and Mr. Obama with his visit on Wednesday as the white house starts churning out messages of support with left bias::, with right bias. left bias: Posted on January 23, 2018:. a group of reporters with said about ,,” and to translate the negotiating the White House and including",left,left
"Biden Tries, Again, to Sell Tax Compromise to Hill Democrats","“that’s an important thing to understand,” Mr. Obama said. “The people are watching, and they’re expecting action on our parts. You don’t need to translate that to that.” President Obama and Vice President biden plan to return to Capitol Hill this afternoon in an attempt to sell the agreement.",left,left
"Biden Tries, Again, to Sell Tax Compromise to Hill Democrats","""we have to translate at the White House, but I don’t think we need to translate that."" Mr. Obama said that “economists across the country have upwardly revised their forecasts for growth” after the tax deal was announced on Monday night. “I don’t think we need to translate that.” Vice President biden will travel to the Hill this afternoon to meet with the house Democrats. As for the shutdown, the White House announced a statement to the House indicating support for the administration, adding",center,left
"Biden Tries, Again, to Sell Tax Compromise to Hill Democrats","this should be a surprise his remarks come as an outgoing chairman of the National Economic Council makes a statement at a White House briefing. On Wednesday, the president said that “more people are looking at it, the more people will say this makes sense” and that a tax deal would “significantly increase the risk” of a double-dip recession. ; president and vice president biden are set to meet with house members this afternoon. White House e-mails to Democratic congressional colleagues are starting",left,right
"Biden Tries, Again, to Sell Tax Compromise to Hill Democrats",he has to translate that into English.” the president said that “economists across the country have upwardly revised their forecasts for growth” after the tax deal was announced this week. “I don’t think we need to translate that.” Vice President Biden to travel to Capitol Hill this afternoon to meet with house Democrats.,left,right
"Biden Tries, Again, to Sell Tax Compromise to Hill Democrats","“just don’t think we need to translate that.” an economics briefing of the White House press secretary and the president’s political adviser, Mr. Axelrod, referred to the problem that was discussed at the meeting with president Obama. Mr. Obama on Wednesday said that “economists across the country have upwardly revised their forecasts for growth.” Mr. Obama on Wednesday disputed that Democrats generally feel betrayed by his deal with Congressional Republicans, saying that “the more people who look at it",left,right
"Biden Tries, Again, to Sell Tax Compromise to Hill Democrats","he doesn’t think we need to translate he said: “this is a really good if passed in time,” he said. During a briefing at the White House with President Komorowski, Mr. Obama said that “economists across the country have upwardly revised their forecasts for growth”. The president’s message machine began churning out e-mails quoting endorsements from conservatives, including the ill-known freshman freshman House member, Rep",left,center
"Biden Tries, Again, to Sell Tax Compromise to Hill Democrats","“we’re doing our part,” Mr. Komorowski said. “We just need to translate that into actuality."" Mr. Obama said that “economists across the country have upwardly revised their forecasts for growth” since the deal was announced. In a briefing with the president’s top political adviser, Mr. Summers told a group of reporters that failure to pass a package like the tax deal “would significantly increase the risk” of a double-dip recession. White House sent e",left,center
"Biden Tries, Again, to Sell Tax Compromise to Hill Democrats","I think you need to translate that into action.” Mr. Obama, the outgoing chairman of the national economic council, told reporters in a briefing on a recent conference with the White House press secretary. “...the more who look at it, the more will say this makes sense....I just think it’s very important for Congress to examine the agreement, look at the facts, have a thorough debate, but get this done,” he said. After a briefing with the president and former economic adviser,",left,center
Michael Steele's End Could Be Near,reports: some expect steele to withdraw from presidential race. mccain said tuesday he did not plan to run again. the clintons could be running for two reelections.,left,left
Michael Steele's End Could Be Near,"many predicted that Michael Steele will not seek a second term at the helm of the republican national committee. but he's expected to announce he won't be seeking a second term as the head of the committee. the nature of his forthcoming decision is a ""closely guarded secret,"" some Republicans say.",left,left
Michael Steele's End Could Be Near,"republicans may decide to block Steele's bid if he doesn't run. many predict that steele will not seek a second term as head of the RNC. sources say the nature of the decision is a ""closely guarded secret""",left,left
Michael Steele's End Could Be Near,"conservative sources tell the washington post that they believe steele will drop out of the race. steele ""has built no known reelection team or structure,"" sources say. some fear he will run again but other republicans have come forward to challenger.",left,right
Michael Steele's End Could Be Near,"report: Steele expected to drop out of the race after his current term. many are skeptical that he will seek another term, according to some reports. some in san francisco and missouri fear that the chairman will turn against republicans.",left,right
Michael Steele's End Could Be Near,"many believe that RNC chairman Michael Steele will not seek a second term. multiple sources say that they believe the chairman will drop out of the race. the nature of the decision is a ""closely guarded secret,"" according to multiple sources. some say the race is an ""attractive mess"" with unavoidable political consequences.",left,right
Michael Steele's End Could Be Near,"reports: some think Steele will no longer run for second term. sources: some believe the republican chairman will have a hard time choosing a successor. if Steele does not run, he will seek another term as chairman of the rnc.",center,center
Michael Steele's End Could Be Near,many predict that steele will call it quits after his current term. his largely unofficial return as chairman of the rnc has helped the race. a significant bloc of GOPers are intent on see his departure next month.,left,center
Michael Steele's End Could Be Near,"many expect that RNC chairman Michael Steele will not run again. some sources tell Fox news that they believe Steele will drop out. some have suggested that he will also run. other sources say steele's decision is a ""closely guarded secret""",right,center
RNC Chairman Steele to Announce Intentions on a Second Term,"rnc chairman will announce decision on whether to run for chairmanship. he may not re-elect but pressure is mounting for him to step down. Steele has been unpredictable, particularly over recent weeks.",left,left
RNC Chairman Steele to Announce Intentions on a Second Term,"conservative mp tells cnn he wants to run for re-election. e-mail sent to committee members Saturday night with subject line ""conference call"" some close to chairman say he wants to run for another term.",left,left
RNC Chairman Steele to Announce Intentions on a Second Term,rNC chairman Michael Steele to announce decision on monday. some close to the chairman say he wants to run for another term. Steele has been unpredictable and is struggling to find enough support for a second term.,right,left
RNC Chairman Steele to Announce Intentions on a Second Term,"former Michigan Republican Party chairman says he is ""so disappointed"" about election. ex-rnc chief says ""this is how i feel about you,"" not ""i haven't heard of that one"" it's unclear if the committee will continue to run, but he is expected to announce Monday.",right,right
RNC Chairman Steele to Announce Intentions on a Second Term,steele expected to announce a decision on whether to make another run for chairmanship. conservatives say the chairman wants to run for another term. but steele has been unpredictable and hasn't raised enough money. critics have described the chairman as gaffe-prone.,right,right
RNC Chairman Steele to Announce Intentions on a Second Term,"a handful of well-placed and influential RNC insiders tell Fox News they expect Steele to announce he is not running for re-election. some close to the chairman say he wants to run for another term and is struggling to find enough support for a second term. Steele has been unpredictable, especially over recent weeks, and some close to the chairman say he wants to run for another term.",right,right
RNC Chairman Steele to Announce Intentions on a Second Term,"Michael Steele is expected to speak with members in a scheduled meeting. steele to announce a decision about whether to make another run for the chairmanship. the republican chairman has been volatile despite gains in the house, the senate and the governorship.",left,center
RNC Chairman Steele to Announce Intentions on a Second Term,RNC chairman Michael Steele will speak to members on Monday. a handful of well-placed and influential insiders tell Fox News he expects to announce he is not running for re-election. some close to the chairman say he wants to run for another term and is struggling to find enough support.,right,center
RNC Chairman Steele to Announce Intentions on a Second Term,Michael Steele expected to announce a decision on whether to make another run for the RNC chairmanship. some close to the Republican chairman say he wants to run for another term. but some have described the chairman as gaffe-prone and said he hasn't raised enough money.,right,center
N.C. Congressman Apologizes for Physical Confrontation With Man in Washington,"conservative blogger says congressman grabbed student by neck. rep. bush apologizes ""if i knew who the young men were"" white house calls his apology a ""mistaken"" ""it's a terrible moment for a congressman,"" pelosi says.",left,left
N.C. Congressman Apologizes for Physical Confrontation With Man in Washington,"video shows north carolina congressman grabbing his neck and wrist in confrontation. ""it's bad enough that he's joined the assault on north carolina jobs,"" he says. he also is accused of attacking student he is trying to support the ""obama agenda"" a conservative blogger wrote that the confrontation occurred last week.",left,left
N.C. Congressman Apologizes for Physical Confrontation With Man in Washington,"a video surfaced showing a confrontation between a congressman and a student. rep. Bob Etheridge, a democrat, has responded to the video. his spokesman says the video was a sham and that it wasn't the incident.",center,left
N.C. Congressman Apologizes for Physical Confrontation With Man in Washington,"""i've been spat at, pushed and threatened before but that's no excuse,"" says bill-maker. videos shows bill holder grabbing the wrist and neck of student. democrats criticize ""deeply disturbing"" behavior of legislators. republican lukewarm about video, critic says, calling it ""the most tragic thing ever""",left,right
N.C. Congressman Apologizes for Physical Confrontation With Man in Washington,"a video shows a student grabbing a Democrat rep. bob etheridge's wrist and neck. he then apologizes and says ""there's no excuse"" for the confrontation. the video has gotten a lot of attention, but ""he does do what he says he can""",right,right
N.C. Congressman Apologizes for Physical Confrontation With Man in Washington,"video shows house speaker john mccain in angry confrontation with congressional candidate. republican rep. john mccain called incident ""a massive attack on the iraq and afghanistan"" mccain said he was ""aware of this's repercussions"" on the fight. rep. ""deeply regrets"" incident, says his ""candid"" apology.",left,right
N.C. Congressman Apologizes for Physical Confrontation With Man in Washington,"new: ""that's no excuse,"" congressman says of video where he confronts teen. he grabbes neck and wrist, threatens to hold onto phone and a camera. a conservative blogger says his video was a coverup of a political tussle. republican leader mike thomas calls for more action against the lawmaker.",left,center
N.C. Congressman Apologizes for Physical Confrontation With Man in Washington,"new: rep. bob etheridge says the incident occurred after a ""long day"" in a video. new: etheridge says he is ""profoundly"" sorry for the incident. a video of an assault between two young men was posted to YouTube last Friday. a student asks the congressman to ""please let go of me""",left,center
N.C. Congressman Apologizes for Physical Confrontation With Man in Washington,"former rep. Bob etheridge was seen in an amateur video grabbing a young man on a washington street. he says he hasn't apologized because ""i dont know who they are"" he said ""it is unbecoming of a member of congress""",right,center
White House Asked Bill Clinton to Urge Sestak to Drop Out of Senate Race,"former president bill Clinton talked with rep. Joe Sestak over possible alternatives. but white house said the conversations were informal, not tied to specific offer. a report by the white house said allegations of improper conduct rest on factual errors.",left,left
White House Asked Bill Clinton to Urge Sestak to Drop Out of Senate Race,"white house disputed claims that a position in the Obama administration was offered to a former president. former president bill clinton was asked about possibility of joining the president. former rep. bob dylan called the discussions ""ridiculous""",left,left
White House Asked Bill Clinton to Urge Sestak to Drop Out of Senate Race,"former president bill clinton spoke to congressional republican rep. Joe Sestak. clinton was rumored to have thought about ""alternative"" strategies. but white house report in which he was investigated says he was evicted. clinton, obama said they planned on holding meetings after sestak left the white house.",left,left
White House Asked Bill Clinton to Urge Sestak to Drop Out of Senate Race,"white house argued that there had been ""substantial"" allegations of improper conduct. ""allegations of improper conduct rest on factual errors,"" report says. ""i felt i was being a fraud,"" says daniel levy, who is an official with the u.s. embassy.",left,right
White House Asked Bill Clinton to Urge Sestak to Drop Out of Senate Race,"white house says obama talked to rep. Joe Sestak about possible alternatives. but report says that conversation is informal and not tied to specific job offer. former president was offered executive branch positions on advisory boards. ""a lot of times i want to see a president who sincerely cares about all of us,"" one official said.",left,right
White House Asked Bill Clinton to Urge Sestak to Drop Out of Senate Race,former president bill clinton dangled former senator in the obama administration. a white house report disputed any allegations of improper conduct. the report described the Clinton conversations as informal. a congressional aide says a general secretary was offered more than his salary.,left,right
White House Asked Bill Clinton to Urge Sestak to Drop Out of Senate Race,"""allegations of improper conduct rest on factual errors,"" white house report says. report: former president discussed ioc candidate's stance against specter. but officials say they didn't know what to expect. he was a longtime supporter of president clinton.",left,center
White House Asked Bill Clinton to Urge Sestak to Drop Out of Senate Race,a white house report says the discussions with congressman were informal. it says there was no guarantee that he would have any. the white house has denied reports of inappropriate conduct.,center,center
White House Asked Bill Clinton to Urge Sestak to Drop Out of Senate Race,"white house report disputed suggestions of ""improper conduct"" by former president. ex-president clinton dated rep. joe sestak over the summer. reports: i have seen a huge spike in the number of id sestak conversations in recent months. white house spokesman: i have no doubt he will be ""much more successful""",left,center
White House Asked Bill Clinton To Talk To Joe Sestak About Senate Run,"source: former president bill clinton offered an advisory post to congressman. house candidate was offered position in national security/foreign policy area. source disputes u.s. policy statement calling his post ""obamacare""",left,left
White House Asked Bill Clinton To Talk To Joe Sestak About Senate Run,"former President bill Clinton offered congressman a prominent but uncompensated position if he declined to enter the senate primary. the offer was made over phone during the months of June and July 2009. a source disputes a major part of the story, says the white house never offered Sestak the job of secretary of the navy.",left,left
White House Asked Bill Clinton To Talk To Joe Sestak About Senate Run,"white house offered congressman a prominent but uncompensated, advisory position if he declined to enter the Pennsylvania Senate primary race. the offering was made by president bill clinton through a prominent intermediary -- former president bill clinton. a source challenged one major aspect of the story line, insisting that the white house never offered Sestak the job of secretary of the navy. a previous version of this story stated that a democrat was enamored of the issue and it was never",left,left
White House Asked Bill Clinton To Talk To Joe Sestak About Senate Run,source: offer would have allowed sestak to remain in the house while advising the president. the offer was made over phone and would have allowed him to remain in the house. former president bill clinton took the offer a month before the senate primary election. source: the White house never offered Sestak the job of secretary of the navy.,left,right
White House Asked Bill Clinton To Talk To Joe Sestak About Senate Run,source challenged one key aspect of what talked to rep. joe sestak about running. he said the offer was made to the white house by former president bill clinton. it would have permitted the congressman to remain in the house while advising the president. the source said it would not be surprising if more than one conversation took place.,left,right
White House Asked Bill Clinton To Talk To Joe Sestak About Senate Run,congressman rejected the overture and was defeated in the primary election. he said the offer should have allowed him to stay in the house while advising the president. a source challenged a major aspect of the story line.,center,right
White House Asked Bill Clinton To Talk To Joe Sestak About Senate Run,new: sources say one conversation occurred at a time when senator had been invited to run. sources: the exchange occurred over phone. a source says the white house never offered the position of secretary of the navy.,left,center
White House Asked Bill Clinton To Talk To Joe Sestak About Senate Run,"a white house official said bill clinton agreed to sestak's aides, but not a navy official. source says he was offered a prominent but uncompensated, advisory position. the aide claimed he had not gotten a chance to serve on the military service. a democratic primary opponent drew a narrow majority for a congressional seat.",left,center
White House Asked Bill Clinton To Talk To Joe Sestak About Senate Run,"source: former president, now president, offered a key role for sestak. the offer was to remain in the house while advising the president. the offer was made in 2009, when the u.s. tried to recruit a candidate for re-election. sestak ultimately rejected and lost the primary election.",left,center
Richard Blumenthal's Words on Vietnam Service Differ From History,"attorney general says he never served in Vietnam. he got at least five deferments from 1965 to 1970, records show. he was hired in 1970 to get out of the marines. he has used more ambiguous language at veterans' ceremonies.",left,left
Richard Blumenthal's Words on Vietnam Service Differ From History,attorney general's actions have been plainly untrue in his recent speech. he said that he has had a similar tone since his administration began his campaign. lz granderson: his message was not to avoid the war and not to imply a war. he says he hasn't been able to talk about his life since he served in iraq and afghanistan.,left,left
Richard Blumenthal's Words on Vietnam Service Differ From History,"attorney general Richard Blumenthal says he never served in Vietnam. he was denied entry to the marine reserve due to military deferments. historians doubt his military deferments went to war. he says that he went to school, did a graduate fellowship in England.",left,left
Richard Blumenthal's Words on Vietnam Service Differ From History,"attorney general says he was not told the war ended despite avoiding it. ""i never was a terrorist. in this lifetime, I did my best to avoid the war,"" says former senator. attorney general says he has been clear on this issue on several occasions. he did not say how he would respond to veterans' requests.",right,right
Richard Blumenthal's Words on Vietnam Service Differ From History,"attorney general says he misspoken during veteran's ceremony in norwalk. he says he could have had missteps, but that he was right on the line. john avlon: the u.s. owes its military men and women unconditional support. avlon: he is taking risks and is advising voters to make changes to his administration.",left,right
Richard Blumenthal's Words on Vietnam Service Differ From History,"attorney general won five military deferments from 1965 to 1970. deferments allowed him to pursue studies at Harvard, pursue a fellowship in England. he obtained an coveted spot in the marine reserve which virtually guaranteed he would not be sent to war. he joined unit in washington that conducted drills and other exercises.",left,right
Richard Blumenthal's Words on Vietnam Service Differ From History,attorney general says he's used the wrong language to avoid a war. he says it's not his intention to be completely clear and accurate. the attorney general says he is trying to be very accurate.,left,center
Richard Blumenthal's Words on Vietnam Service Differ From History,attorney general says he never served in Vietnam. he obtained at least five military deferments from 1965 to 1970. he subsequently landed a coveted spot in the marine reserve.,center,center
Richard Blumenthal's Words on Vietnam Service Differ From History,"attorney general says he never served in Vietnam. he obtained at least five military deferments from 1965 to 1970. now running for the united states senator, he never served in Vietnam.",left,center
Beck Wows the CPAC Crowd,"""this is the disease in America,"" he said at conservative conference. ""it’s shaping up to be kind of a nasty day,"" he said. the end of three-day event was the closing address to a conservative group.",right,left
Beck Wows the CPAC Crowd,"""it’s shaping up to be kind of a nasty day, but it’s still morning in America,"" he told the conservative conference. ""this is the disease in America,"" he said. ""tiger woods wasn’t happy.... people are not realizing that you can make it, you aren’t sure of it"" ""a few people think that you can make this work,"" he said.",right,left
Beck Wows the CPAC Crowd,"""this is the disease in America,"" he said at a conservative conference. he criticized both the Democrats and the republicans and said progressivism must be cut out of the system. ""this is a cancer that must be cut out of the system,"" he said. he aimed his fire at Republicans as well as Democrats.",left,left
Beck Wows the CPAC Crowd,"""this is the disease in America,"" he told the conservative conference. he gave them little quarter and called progressivism a cancer. ""i’m addicted to spending and big government,"" he said. his comments made him laugh with applause.",left,right
Beck Wows the CPAC Crowd,he tells the conservative political action conference that progressivism is a cancer. he says the political right has to admit that he has a problem with the irs. the closing speaker of a three-day conservative conference was Glenn Beck.,left,right
Beck Wows the CPAC Crowd,conservative think tank boss says a few years of stagnation have a cost. he tells conservatives that progressivism is a cancer that must be cut out of the system. but he says both parties are to blame. he denounces the senate and the democrats.,right,right
Beck Wows the CPAC Crowd,"""This is the disease in America,"" he says of progressivism. he says republicans must fight for equal protection in tax and spending. he tells of hope for some but says they can't afford to spend. ""i'm addicted to spending and big government,"" he says.",right,center
Beck Wows the CPAC Crowd,"new: he stretches to congress and cites two reasons he felt so alone in this country. he blasts progressivism; says the politicians must cut it out of the system. he says he wants the government to make a living, not to subsidize it. ""this is the disease in America,"" he says, quoting tiger woods.",left,center
Beck Wows the CPAC Crowd,"""i’m addicted to spending and big government,"" he says at a conservative conference. ""the disease in America,"" he says, lamenting progressivism. he also said conservatives, not business, are “like a parasite”. his speech was the closing speaker at the conservative political action conference.",right,center
Glenn Beck CPAC 2010 Speech VIDEO: Republicans Don't Need A Big Tent,"""it is going to be a very good year for conservative ideas,"" says one conservative. but he demands purity among his likely allies. his appeal is not the usual ""suck"" rhetoric, he says, but is a sign of his inner turmoil. ""one party won't tax and will spend. it is both of them together,"" says the talk show host.",center,left
Glenn Beck CPAC 2010 Speech VIDEO: Republicans Don't Need A Big Tent,"conservative talk show host said, ""I've never seen a come-to-jesus moment from Republicans yet."" he didn't really name names. he also took a swipe at a fellow Republican who said he was fond of president obama.",right,left
Glenn Beck CPAC 2010 Speech VIDEO: Republicans Don't Need A Big Tent,"conservative talk show host: conservatives need to get their own house in order before retrying to be governors. in a nearly hour-long speech, he demanded purity among his likely allies. his personal turmoil touched as much on his personal turmoil as his politics.",right,left
Glenn Beck CPAC 2010 Speech VIDEO: Republicans Don't Need A Big Tent,conservative talk show host delivers a rousing message. he demands that conservatives get their own house in order. he also calls for reining in the conservative system.,center,right
Glenn Beck CPAC 2010 Speech VIDEO: Republicans Don't Need A Big Tent,"a nearly hour-long address spent not bemoaning his ideological foes, but demanding purity among his likely allies. ""i haven't seen the Come-To-Jesus moment from Republicans yet,"" he told an audience. he also touched on his own personal struggle as a recovering alcoholic.",left,right
Glenn Beck CPAC 2010 Speech VIDEO: Republicans Don't Need A Big Tent,"""it is going to be a very good year for conservative ideas,"" he declared. it is not enough to not suck as much as the other side,"" he declared. his own struggles are complicated by his loss in 1992.",left,right
Glenn Beck CPAC 2010 Speech VIDEO: Republicans Don't Need A Big Tent,"conservative talk show host and former alcoholic Glenn Beck closed conservative conference. he declared conservative ideas ""was designed to eat the Constitution"" but his message was more about a message of purity for the younger GOP. in 2010, he said that conservatives voted for the nascent, anti-democratian church.",right,center
Glenn Beck CPAC 2010 Speech VIDEO: Republicans Don't Need A Big Tent,"""i haven't seen the Come-To-Jesus moment from Republicans yet,"" he told participants. ""one party won't tax and will spend. it is both of them together,"" he said, citing his recovery. ""i don't believe there will be a moment when our republicans don't do anything,"" he added.",right,center
Glenn Beck CPAC 2010 Speech VIDEO: Republicans Don't Need A Big Tent,liberal talk show host promises that politics will not come under his control. the conservative host spoke at a conservative conservative conference in chicago. he called for conservatism to succeed and end a fiscal cliff.,right,center
Mueller Disputes BuzzFeed Report That Trump Told Michael Cohen To Lie To Congress,special counsel’s office disputes BuzzFeed's report about a ruse-related election. special counsel Robert Mueller’s office disputes the report. the special counsel said specific statements to Mueller’s office were inaccurate.,center,left
Mueller Disputes BuzzFeed Report That Trump Told Michael Cohen To Lie To Congress,"special counsel’s office claims its ""description"" of statements to the special counsel’s office is inaccurate. Mueller’s spokesman: ""the characterization of documents and testimony are not accurate"" a BuzzFeed spokesman also tweeted that the news site has ""re-confirmed"" its reporting.",right,left
Mueller Disputes BuzzFeed Report That Trump Told Michael Cohen To Lie To Congress,special counsel Mueller’s office disputes BuzzFeed's report that president Donald Trump directed attorney Michael Cohen to lie to congress. the company has now issued a rare statement disputed by the special counsel. a spokesman for the special counsel told the news site that the report was inaccurate. the special counsel's office says the report is not accurate.,center,left
Mueller Disputes BuzzFeed Report That Trump Told Michael Cohen To Lie To Congress,special counsel’s office disputes report claiming that a president ordered michael kushner to lie. special counsel argued they're not wrong but 'not accurate' a spokesperson for the special counsel says the report was inaccurate.,left,right
Mueller Disputes BuzzFeed Report That Trump Told Michael Cohen To Lie To Congress,special counsel's office in conflict with BuzzFeed report on Michael Cohen. special counsel's office in court accused of incorrect information. special counsel's office says documents and testimony were not accurate. reports say president dominated the media because of his relationship with russia.,center,right
Mueller Disputes BuzzFeed Report That Trump Told Michael Cohen To Lie To Congress,special counsel's spokesman denies special counsel's statements to the media are accurate. special counsel's team says specific statements to special counsel’s office are inaccurate. some commentators say that 'blatantly inaccurate' reports are false.,left,right
Mueller Disputes BuzzFeed Report That Trump Told Michael Cohen To Lie To Congress,special counsel insists report from BuzzFeed is accurate. special counsel's spokesman denies specific statements. report made reference to handling of Russian state meeting.,center,center
Mueller Disputes BuzzFeed Report That Trump Told Michael Cohen To Lie To Congress,special counsel re-confirms the report on BuzzFeed. the news site did not dispute that president Donald Trump directed lawyer Michael Cohen to lie. the special counsel argued that characterization of documents was incorrect. but that was not the case in BuzzFeed's report that claimed that president obama told him to lie.,right,center
Mueller Disputes BuzzFeed Report That Trump Told Michael Cohen To Lie To Congress,special counsel’s spokesman says it is inaccurate. Mueller disputed BuzzFeed’s report about Cohen. it said that President Donald Trump directed lawyer to lie to congress.,center,center
Mueller Statement Disputes Report That Trump Directed Cohen to Lie,"special counsel Robert S. Mueller challenges an article published by BuzzFeed News. the report says president trump caused him to lie before his congressional testimony. a spokesman for the special counsel claims the account is ""categorically false""",left,left
Mueller Statement Disputes Report That Trump Directed Cohen to Lie,"""two words sum it up better than anything anybody else can say,"" white house press secretary says. a spokesman for special counsel is challenging a report that claims president. the report says president allegedly instructed the president to lie to congress.",right,left
Mueller Statement Disputes Report That Trump Directed Cohen to Lie,"a spokesman for special counsel's office claims that president trump led to a false report on michael d. Cohen. the president publicly denies that the report was accurate but was reportedly upset by a recent e-mail from d.c. bruce schneier says allegations could be grounds for impeachment. sandra day of dissent, her remarks at senate were dubbed ""ghost stories""",left,left
Mueller Statement Disputes Report That Trump Directed Cohen to Lie,"new: spokesman: report contradicts what happened to Cohen before congressional testimony. new: the president calls the allegations “a very sad day for journalism, but a great day for our Country!”. a report published by BuzzFeed shows how the president pressured attorney to lie to prosecutors. special counsel says report could be grounds for impeachment proceedings against Mr. Trump.",left,right
Mueller Statement Disputes Report That Trump Directed Cohen to Lie,"special counsel infuriated congressional hearing that says president had asked him to lie. news outlet says if true, allegations could spark impeachment proceedings. a spokesman for the special counsel challenges the fact, saying allegations are inaccurate.",right,right
Mueller Statement Disputes Report That Trump Directed Cohen to Lie,"special counsel's office: report says president pushed attorney to lie before his testimony. if true, charges could be grounds for impeachment suit against the president. ""one word sums it up better than anything anybody else can say,"" spokesman says. in rare public statement, special counsel spokesman: ""there is no justification""",left,right
Mueller Statement Disputes Report That Trump Directed Cohen to Lie,"special counsel questions report that said president told prosecutors that he was pressured to lie. report says president has told mistress before negotiating to build skyscraper in Moscow. a spokesman for special counsel, special counsel's spokesman, says report is not true. president calls the report a “very sad day for journalism, but a great day for our Country”",center,center
Mueller Statement Disputes Report That Trump Directed Cohen to Lie,"special counsel disputed report that said president was pressured. special counsel spokesman said he hasn’t verified story before. president has called the allegations “a very sad day for journalism""",left,center
Mueller Statement Disputes Report That Trump Directed Cohen to Lie,"an article was published on Friday that says president Trump pressured a lawyer to lie. the special counsel’s spokesman, Peter Carr, said it was “categorically false”",center,center
Rashida Tlaib's Expletive-Laden Cry to Impeach Trump Upends Democrats' Talking Points,"president asks new speaker if he wants to impeach him, despite impeachment promise. new: mccain says he has a job and wants him to go before congress in the months to come. a freshman democrat made it clear the president is facing a potential impeachment battle.",left,left
Rashida Tlaib's Expletive-Laden Cry to Impeach Trump Upends Democrats' Talking Points,a freshman congresswoman swears profanely to impeach u.s. president. a camera caught her promising profanely to impeach u.s. rep. rashida tlaib. he asked new speaker if he was planning to impeach him. democrats' questions fueled speculation over president's involvement in impeachment.,left,left
Rashida Tlaib's Expletive-Laden Cry to Impeach Trump Upends Democrats' Talking Points,"newt gingrich: impeachment promises seem to have a chance to make news. he asks if new speaker may use impeachment threats to get government to shut. gingrich: it wasn't easy, but the gubernatorial vote went to a heady sour note. gingrich: impeachment promises aren't the last word; we are a democratic nation.",left,left
Rashida Tlaib's Expletive-Laden Cry to Impeach Trump Upends Democrats' Talking Points,u.s. congresswoman promised profanely to impeach man on her immigration record. a camera captured a freshman democrat promising profanely to impeach. republicans see impeachment as politically dangerous and premature.,left,right
Rashida Tlaib's Expletive-Laden Cry to Impeach Trump Upends Democrats' Talking Points,"a freshman democrat from mississippi promises profanely to impeach president. democrats look to impeach democratic leaders as political danger, democrats said. a video was taken at a saturday evening celebration in washington. democratic leaders, the president asked the speaker if he planned to impeach him.",left,right
Rashida Tlaib's Expletive-Laden Cry to Impeach Trump Upends Democrats' Talking Points,"a freshman house democrat has promised profanely to impeach the president. the move prompted a president to ask if democratic leaders planned to impeach him. dr. kelly johnson says ""she’s been a great supporter of his effort to end the shutdown"" he says the president would not go to a federal court without the impeachment vote.",right,right
Rashida Tlaib's Expletive-Laden Cry to Impeach Trump Upends Democrats' Talking Points,"a freshman democrat promised profanely to impeach a new congressman. ""why don’t you use this for impeachment?"" he asked. president asked speaker if he planned to impeach him.",left,center
Rashida Tlaib's Expletive-Laden Cry to Impeach Trump Upends Democrats' Talking Points,"a freshman house democrat has promised a vote in the next 116th congress. the democrat profanely said she would impeach president obama. however, a democratic group has refused to go so far. there is not any evidence that a new congress would be successful, a critic says.",right,center
Rashida Tlaib's Expletive-Laden Cry to Impeach Trump Upends Democrats' Talking Points,"a freshman democrat's profane impeachment promise helped prompt president to ask if he planned to impeach him. ruben navarrette: democrats looking for ways to deflect blame from new president. navarrette: president had better ask if she might decide to impeach him. the 116th congress was sworn in on friday, and the house is in process of a new election.",left,center
Trump announces deal to end partial government shutdown,"president john kerry says he's backing short-term spending bill to re-open government. he says the spending bill will go before the Senate immediately. ""walls should not be controversial,"" he said. shutdown sparked by disagreement over funding for a wall or steel barrier.",left,left
Trump announces deal to end partial government shutdown,"new: bill will go before the Senate immediately to end government shutdown, president says. new: president says bill will keep government open for three weeks, despite shutdown dispute. republicans are putting pressure on president bush to back a wall and the ire of the hsbc. some lawmakers are backing the bill but the government shutdown is on hold.",left,left
Trump announces deal to end partial government shutdown,president says he plans to support short-term spending bill to end government shutdown. he's said deal would keep government open for three weeks until Feb. 15. shutdown was sparked by disagreement over president's demand for $5.7 billion in funding.,right,left
Trump announces deal to end partial government shutdown,president obama says he will support a spending bill to re-open the government. he has remained on sidelines since the shutdown began. he said the bill would keep the government open for three weeks until february 15. a bill would go before the senator immediately.,left,right
Trump announces deal to end partial government shutdown,u.s. president says he plans to support short-term spending bill to re-open government. the partial government shutdown has dragged on for more than a month. the deal will keep the government open for three weeks until february 15.,left,right
Trump announces deal to end partial government shutdown,"president says he will support short-term spending bill to re-open government. deal will keep government open for three weeks, until february 15. shutdown started after disagreement over president's demand for $5.7 billion in funding for wall.",right,right
Trump announces deal to end partial government shutdown,"president obama signs short-term spending bill to re-open government. talks are scheduled to run until february 15, he said. spokesman says a three-week continuing resolution would do the trick. the shutdown dragged on for more than a month.",left,center
Trump announces deal to end partial government shutdown,president will support a spending bill to re-open the government. the deal will keep the government open for three weeks until february 15. he says he will wait until negotiations continue to come to an agreement.,left,center
Trump announces deal to end partial government shutdown,president obama calls for short-term budget bill to reopen government. the funding bill will be submitted to the senate immediately. it's a temporary measure aimed at easing the government shutdown.,left,center
"Trump Declares a National Emergency, and Provokes a Constitutional Clash","u.s. president asserts flow of drugs and criminals is a profound threat to national security. he wants to access billions of dollars that he won't get to build a border wall. a week earlier, congress failed to pay for a wall because of illegal border crossings. a spokesman for the u.s. navy says a government shutdown is required to clear the border.",left,left
"Trump Declares a National Emergency, and Provokes a Constitutional Clash","president says he is ready to take on ""national security crisis"" in border with mexico. he announced a national emergency to access millions of dollars that lawmakers would not give him. he used congress' decision to snag the money to build a border wall. his decision has an immediate condemnation from the political left.",left,left
"Trump Declares a National Emergency, and Provokes a Constitutional Clash","president says he will ""confront the national security crisis"" at southern border. ""if congress is not at the table, then congress will not be able to make a resolution,"" he says. his actions have prompted immediate condemnation from u.s. and other leaders.",left,left
"Trump Declares a National Emergency, and Provokes a Constitutional Clash",president has declared emergency on border with mexico. president hopes to get money he was denied to build a wall. president's decision sparked immediate condemnation from republicans.,left,right
"Trump Declares a National Emergency, and Provokes a Constitutional Clash","u.s. president declares a national emergency on the border to pay for a wall. ""it’s an invasion,"" he says. the decision came shortly after congress passed a spending measure without the money he had sought.",left,right
"Trump Declares a National Emergency, and Provokes a Constitutional Clash",president declares a national emergency on the border with Mexico on friday. he wants to access billions of dollars that congress refused to give him to build a wall there. he also has the right to be an ally of his enemies in the fight over the wall.,left,right
"Trump Declares a National Emergency, and Provokes a Constitutional Clash","president declares emergency on border with Mexico. president wants to access billions of dollars he had sought to build a wall. he calls flow of drugs, criminals and illegal immigrants ""an invasion"" and has vowed to try to overturn decision. he also said he'd rather do it much faster, ""that's all""",left,center
"Trump Declares a National Emergency, and Provokes a Constitutional Clash","president declares a national emergency on border to access billions of dollars he's denied to build wall. he says flow of illegals from drug cartels, criminals and illegal immigrants constitutes threat to national security. president made comments on economics, china trade talks, meeting with north Korea’s leader, Kim Jong-un. he also touched on economy, china trade talks and a summit meeting with north-korean leader, Kim Jong-un.",right,center
"Trump Declares a National Emergency, and Provokes a Constitutional Clash","""this is clearly a power grab by a disappointed president,"" the president says. the president's announcement comes during a freewheeling, 50-minute appearance. it comes within hours of congress passing a spending measure without the money he sought. critics have accused the president of manufacturing a crisis.",right,center
"Trump declares emergency on border, eyes $8B for wall as he signs spending package","president says he is declaring a national emergency at the border. a bill includes a $3 billion emergency declaration, plus more funding for a wall. ""we will have a national emergency, and we will then be sued,"" he said, noting a legal fight. the move is expected to face a swift and forceful legal challenge, he added.",center,left
"Trump declares emergency on border, eyes $8B for wall as he signs spending package","""we're talking about an invasion of our country,"" president says in a speech friday. he signed spending bill that includes just $1.4 billion for border security. as money moved, he is seeking to unlock funds from the defense spending budget.",right,left
"Trump declares emergency on border, eyes $8B for wall as he signs spending package","president makes national emergency declaration and pact. move expected to be forceful legal battle, could end up in the supreme court. some congressional opposition to the plan has already prompted fierce opposition.",left,left
"Trump declares emergency on border, eyes $8B for wall as he signs spending package",president Trump says he is declaring a national emergency. money-moving plans allow him to fight for border wall construction. congressional leaders want to force the ire of the obama administration to back his bill.,left,right
"Trump declares emergency on border, eyes $8B for wall as he signs spending package","a senior administration official tells fbi that snp is ""incomplete"" the president signed the spending bill to fund border security. a white house source says $3 billion in government spending would be diverted. the move could face a legal battle before the supreme court.",left,right
"Trump declares emergency on border, eyes $8B for wall as he signs spending package",the president signs a spending bill that includes just $1.4 billion for border security. he declares a national emergency on border. the plan is expected to face a swift and forceful legal challenge. a senior administration official said the plan is “easy money” that the white house can use however it wants.,left,right
"Trump declares emergency on border, eyes $8B for wall as he signs spending package",president says he has signed spending package that includes $1.4 billion for border security. he declares a national emergency on the southern border to move funds toward wall. the move would also help with the department of defense’s military construction budget. but it could face a legal battle that could stall the attempt in the courts for the near future.,right,center
"Trump declares emergency on border, eyes $8B for wall as he signs spending package",president is declaring a national emergency on the southern border. he signed a spending deal addressing the issue friday. the president says he is leveraging executive power in a bid to divert billions toward construction of a wall. he is also considering a push to unlock military funding to the tune of $3.5 billion.,center,center
"Trump declares emergency on border, eyes $8B for wall as he signs spending package","""we're talking about an invasion of our country,"" president Trump says. he signs spending bill that includes just $1.4 billion for border security. the president says he wants to divert billions toward border wall construction. but diverting Pentagon funding could set off a legal battle.",center,center
"Indicting Roger Stone, Mueller Shows Link Between Trump Campaign and WikiLeaks","a top Trump campaign official dispatched Roger J. Stone Jr. to get information from WikiLeaks. the effort began weeks after democratic officials publicly accused Russian operatives of the theft. he was arrested at his Florida home before dawn after a raid, according to a court document.",center,left
"Indicting Roger Stone, Mueller Shows Link Between Trump Campaign and WikiLeaks","new: investigators found ""no evidence"" the two campaigns conspired in 2008, the prosecutor says. indictment: top Trump campaign official dispatched Roger Stone Jr. to get WikiLeaks data. he was arrested at his home in Fort Lauderdale, with ballistic vests and guns drawn. his texas apartment also was raided, his recording studio snatched.",left,left
"Indicting Roger Stone, Mueller Shows Link Between Trump Campaign and WikiLeaks","high-profile adviser to president, who worked with a senior campaign official, sent information to hacker. indictment says he also received messages from senior aide about potential release of emails. he is charged with obstruction, making false statements and witness tampering. attorney: 'the investigation was a major step in what was intended to be a politically damaging effort'",center,left
"Indicting Roger Stone, Mueller Shows Link Between Trump Campaign and WikiLeaks",a top u.s. campaign official dispatched campaign adviser to get information on hacked emails. he reportedly asked WikiLeaks about more release of hacked emails. the effort began weeks after 'deception' of 'disney's' hacked emails.,right,right
"Indicting Roger Stone, Mueller Shows Link Between Trump Campaign and WikiLeaks","a top Trump campaign official dispatched Roger J. Stone Jr. to get information from wikiLeaks. prosecutors cited a ""complex"" plot to try to gain access to hacked democratic emails. a senior campaign official ""was directed"" to contact Mr. Stone about additional wikiLeaks releases.",center,right
"Indicting Roger Stone, Mueller Shows Link Between Trump Campaign and WikiLeaks",campaign official dispatched Roger Stone Jr. to get information about hacked emails. the effort began weeks after democratic officials accused operatives of hacking. the hacked e-mails were part of a wide campaign to sabotage the 2016 election.,center,right
"Indicting Roger Stone, Mueller Shows Link Between Trump Campaign and WikiLeaks",official dispatched adviser to president. lawyer says he doesn't know if he's wanted on election campaign. president used funds from online pranksters to defraud office.,center,center
"Indicting Roger Stone, Mueller Shows Link Between Trump Campaign and WikiLeaks","Mueller calls on mr. ron stone to give up. stone is charged with obstruction, making false statements and witness tampering. the charges are reminiscent of the former russian foreign minister's british diplomacy.",left,center
"Indicting Roger Stone, Mueller Shows Link Between Trump Campaign and WikiLeaks",lawyers from the white house and the special counsel spoke together. they criticized it as being the latest attempt to undermine the 2016 campaign. the special counsel's report on the allegations comes a day after he released a memo to the white house.,center,center
"House approves sweeping Dem election reform bill, amid First Amendment concerns",the broader bill institutes a public financing system for congressional campaigns. the bill also requires presidential candidates to disclose tax returns. civil libertarians and republicans said the bill was dead on arrival in the senate.,center,left
"House approves sweeping Dem election reform bill, amid First Amendment concerns","the House of Representatives on Friday approved an election reform bill. but it has been criticized by civil libertarians and Republicans over first amendment concerns. house speaker Nancy pelosi says the bill ""restores the people's faith"" and ""restores a democratic tone""",right,left
"House approves sweeping Dem election reform bill, amid First Amendment concerns",partisanship has been at odds with the house's bill. some republicans believe it will weaken the freedom of speech. some republicans hope it will pass as the bill is dead on arrival.,center,left
"House approves sweeping Dem election reform bill, amid First Amendment concerns","house approves overhaul bill that aims to curb big money in politics, increase transparency. republicans say measure is a federal takeover, and house speaker pelosi says it will be ""restores the people's faith"" measure also changes election rules on public financing for congressional campaigns. critics say it will undermine free speech rights, bring down taxes.",right,right
"House approves sweeping Dem election reform bill, amid First Amendment concerns","the house approves a sweeping election reform bill on friday. the legislation aims to curb big money in politics and bolster election security. it's not expected to succeed in the senate, where mitch McConnell has said the bill is dead on arrival. republicans and civil libertarians criticize the measures and say they serve a political agenda.",center,right
"House approves sweeping Dem election reform bill, amid First Amendment concerns",house approves bill that would bring in public funds for congressional campaigns. the bill is not expected to succeed in the Senate. house minority leader mitch mccain says the bill is dead on arrival. republicans fear legislation will cut free speech and damage free speech rights.,center,right
"House approves sweeping Dem election reform bill, amid First Amendment concerns",the house approves sweeping election reform bill on friday. the bill institutes a public financing system for congressional campaigns. but civil libertarians and republicans criticized the measure over concerns. some of those who opposed the bill feel they must pass immediately.,center,center
"House approves sweeping Dem election reform bill, amid First Amendment concerns","house approves bill on friday aimed at ensuring democratic electorates' freedom. but cllu worries the inclusion of the DISCLOSE ACT will harm speech rights. it would also require presidential candidates to disclose tax returns. some civil libertarians say it's a ""renewal of faith"" that results in greater public trust.",center,center
"House approves sweeping Dem election reform bill, amid First Amendment concerns","the house has approved a plan to curb big money in politics, make it easier to vote and bolster election security. but the measure has been criticized by civil libertarians and republicans over First Amendment concerns. the bill institutes a public financing system for congressional campaigns, requires presidential candidates to disclose tax returns.",center,center
House Passes Democrats’ Centerpiece Anti-Corruption and Voting Rights Bill,"a bill by the house that has been in the works for many years is passed 234-193. it aims to end big money in politics and tighten ethics rules on federal officials. the measure would designate election day as a federal holiday. a proposal to allow corporations to avoid paying taxes, requires special rules.",center,left
House Passes Democrats’ Centerpiece Anti-Corruption and Voting Rights Bill,the house passes a bill that addresses election day as a federal holiday. the measure provides measures to end big money in politics and limit the tax collection. it also places a six-to-one match system for donations to political candidates. the bill has virtually no chance of passing the u.s. Senate.,left,left
House Passes Democrats’ Centerpiece Anti-Corruption and Voting Rights Bill,"the house passed a measure that aims to end big money in politics, curb corruption. it also imposes stricter ethics rules on federal officials. it also serves as a campaign platform for democratic candidates ahead of 2020. the bill has virtually no chance of passing the Senate.",center,left
House Passes Democrats’ Centerpiece Anti-Corruption and Voting Rights Bill,house passes anti-corruption and voting rights bill 234-193. bill aims to end big money in politics and impose stricter ethics rules. Republican leaders have criticized the legislation.,center,right
House Passes Democrats’ Centerpiece Anti-Corruption and Voting Rights Bill,"a house bill passed 234-193 to end big money in politics and ban big-money groups. the bill would also end ethics rules on federal officials. ""it’s a power grab for the american people,"" says a house panelist.",center,right
House Passes Democrats’ Centerpiece Anti-Corruption and Voting Rights Bill,"234-193 house vote approved by democrats on ""for the people act"" legislation would end big money in politics and end ethics rules on federal officials. provisions include making election day a federal holiday, automatic registration citizens to vote. republican house majority leader dick jones criticized the measure but also urged the full vote.",left,right
House Passes Democrats’ Centerpiece Anti-Corruption and Voting Rights Bill,"""it’s a power grab for the American people,"" says the majority leader. ""it’s not going to pass in a timely manner,"" a senator says of the bill. the bill has virtually no chance of passing the Senate, an unpopular measure. the bill would automatically register citizens to vote and provide for a six-to-one match.",center,center
House Passes Democrats’ Centerpiece Anti-Corruption and Voting Rights Bill,"the bill allows for stricter rules on ethics. it also would end big money in politics. it also would require super PACs to disclose donors who contribute more than $10,000.",left,center
House Passes Democrats’ Centerpiece Anti-Corruption and Voting Rights Bill,"the house passes the majority leader's anti-corruption bill. it creates a system for matching donations of up to $200 to people who reject contributions. 'it’s a power grab for the american people,' criticized house member george w. bush. it would authorize super PACs to disclose who funds online political ads and finances so-called dark-money groups.",center,center
House Intelligence Committee Republicans Demand Chairman Adam Schiff's Resignation,lawmakers are calling on Schiff to resign over comments he made about the Russia investigation. the congressional intelligence committee members say that Schiff is part of a media campaign. Schiff claims the probe does not determine the president's role in the 2016 election.,right,left
House Intelligence Committee Republicans Demand Chairman Adam Schiff's Resignation,"sally kohn: GOP chairman Adam Schiff is promoting a ""declarably false narrative"" she says the probe did not uncover the president’s involvement with the Russian government. kohn: house intelligence committee members accuse Schiff of leading a media campaign. she says he should step down because of his stance against the probe.",center,left
House Intelligence Committee Republicans Demand Chairman Adam Schiff's Resignation,"house intelligence committee members accuse the panel chairman of ""propagating a demonstrably false narrative"" it's the ninth time the party has called for Rep. Adam Schiff to resign over public comments.",left,left
House Intelligence Committee Republicans Demand Chairman Adam Schiff's Resignation,republicans from both parties want Schiff to resign over his comments about the Russia investigation. ship has maintained his strong belief that the Trump campaign colluded with Russia. the u.s. is preparing for any future u.s. presidential election without a single evidence of collusion.,center,right
House Intelligence Committee Republicans Demand Chairman Adam Schiff's Resignation,"lawmakers want ship to resign over comments he made about probe of president. they want him to resign over allegations that he is assisting a foreign adversary. special counsel nicolaus sarkozy says he is ""aware"" of any investigation.",left,right
House Intelligence Committee Republicans Demand Chairman Adam Schiff's Resignation,Republicans calling on House Intelligence Committee to resign. rep. Adam Schiff has long believed that presidents collided. a congressional inquiry uncovered a possibility of collusion with the u.s.,center,right
House Intelligence Committee Republicans Demand Chairman Adam Schiff's Resignation,"congressional republicans say rep. Adam Schiff is behind false claim of collusion. rep. Schiff has denied allegations of collusion during a 2016 election campaign. ""undoubtedly there is collusion,"" Schiff says about the investigation.",left,center
House Intelligence Committee Republicans Demand Chairman Adam Schiff's Resignation,a letter alleges that house intelligence committee chairman ship fabricated and illegal information about the investigation. he says that he believes the president's 2016 campaign colluded with Russia. another letter claims that the revelations are far from forensic.,center,center
House Intelligence Committee Republicans Demand Chairman Adam Schiff's Resignation,"house intelligence committee members demand chairman resign. they cite Schiff’s comments on the investigation into allegations of collusion. the group has said it links the chairman to leaked information about the investigation. the president has accused the chairman of ""unlawfully lying""",left,center
Demands for Adam Schiff's Head Highlight Chasm That Only Widened With Mueller's Conclusion,the committee had been under intense pressure from congress to resign. some republicans were unhappy with the details of the report. u.s. attorney's office is reviewing the report.,center,left
Demands for Adam Schiff's Head Highlight Chasm That Only Widened With Mueller's Conclusion,"congressional republicans have asked for the resignation of the committee’s chairman. the committee’s chairman: ""you might think that it’s O.K. that president’s son-in-law sought to establish a secret back channel of communications with the Russians"" rep. malcolm lynch: the report should have been made with broader timeline.",left,left
Demands for Adam Schiff's Head Highlight Chasm That Only Widened With Mueller's Conclusion,"acrimony in congressional hearing room shows rifts over special counsel's report. house republicans want the report resigned from the committee. hilary kloskey says this could help push the president toward a deal with russia. former u.s. ambassador to russia says report isn't ""completely fabricated""",left,left
Demands for Adam Schiff's Head Highlight Chasm That Only Widened With Mueller's Conclusion,republicans demand resignation of chairman before hearing. cnn.com poll suggests house republicans are divided over Mueller report.,left,right
Demands for Adam Schiff's Head Highlight Chasm That Only Widened With Mueller's Conclusion,"house panel is preparing to resume work on Russian intervention in 2016 election. house speaker andrew cuomo, house republican candidate, is set to testify.",center,right
Demands for Adam Schiff's Head Highlight Chasm That Only Widened With Mueller's Conclusion,"house intelligence committee tried to resume its work on Russia’s intervention in the 2016 presidential election. after completing his report, the committee had barely begun when the panel’s members moved en masse to demand the resignation of the committee’s chairman. a scathing republican call for the resignation of the committee chairman is outraged.",left,right
Demands for Adam Schiff's Head Highlight Chasm That Only Widened With Mueller's Conclusion,"house intelligence committee tries to resume work on Russia intervention in 2016 election. after a 22-month investigation, special counsel appointed ap to oversee probe. house republicans move en masse to demand the resignation of committee's chairman.",center,center
Demands for Adam Schiff's Head Highlight Chasm That Only Widened With Mueller's Conclusion,"senate passed legislation to repeal re-election laws to curb russian involvement in ukraine. it has now become clear that the committee is not about to be relegated. the report was released with further questions than the summary. former sen. john kerry referred to the report as a ""scandalous admission""",left,center
Demands for Adam Schiff's Head Highlight Chasm That Only Widened With Mueller's Conclusion,rep. Adam Schiff's frustration has raised questions about Russia collusion. president's son-in-law sought to establish a secret back channel of communications with the russians. but the president's son-in-law is a strong believer in the u.s. at the time.,right,center
Trump’s Border Wall Shutdown Continues Into A New Congress With A Democratic House,"bill aims to make the wall more affordable for all. bill would require $5.7 billion in funding for the border wall. some 800,000 federal employees face real problems with their household finances. the shutdown was extended after a tussle with the president.",center,left
Trump’s Border Wall Shutdown Continues Into A New Congress With A Democratic House,Senate and House leaders see first signs of a new congress. they urge the president to open the government during the partial shutdown. lawmakers in the chamber will consider spending bills that will expire in the coming weeks.,center,left
Trump’s Border Wall Shutdown Continues Into A New Congress With A Democratic House,"Senate Minority Leader Chuck Schumer and House Speaker-to-be Nancy Pelosi make their first visit to the White House since their Dec. 11 meeting with Trump. meanwhile, about 800,000 federal employees about half furloughed face real problems with their household finances. about $11 billion is left over after the partial government shutdown.",right,left
Trump’s Border Wall Shutdown Continues Into A New Congress With A Democratic House,"president obama announces he will sign spending bill after shutdown. the shutdown is closing in on the two-week mark. president obama says he will vote ""yes"" on senate spending bill. lawmakers and lawmakers will meet on a budget on friday.",left,right
Trump’s Border Wall Shutdown Continues Into A New Congress With A Democratic House,"president Trump’s partial government shutdown over his border wall closes in. a new congress will be in place to resolve the problems. federal employees about half furloughed and half deemed ""essential"" lost money.",center,right
Trump’s Border Wall Shutdown Continues Into A New Congress With A Democratic House,"new: pelosi says she will not take up legislation that the president has not endorsed. some 800,000 federal employees awaiting paychecks on Jan. 11 would have to borrow. $5.7 billion would be allocated for border wall and short-term spending. house speaker will attend meeting with Trump on tuesday in dallas.",center,right
Trump’s Border Wall Shutdown Continues Into A New Congress With A Democratic House,"Democrats are not giving in to Trump, but will pass a spending bill soon. the shutdown will continue despite a brand-new congress. in late december, a quarter of government ran out of operating money.",center,center
Trump’s Border Wall Shutdown Continues Into A New Congress With A Democratic House,"the two-week shutdown continues after president trump reneged on his demand for wall funding. an unprecedented congressional move is expected to go ahead. the shutdown closes in on the two-week mark, with no end in sight.",left,center
Trump’s Border Wall Shutdown Continues Into A New Congress With A Democratic House,the congressional majority is expected to arrive by the end of this week. they will be the first to meet since u.s. president clinton’s dec. 11 meeting with Trump. the shutdown over his border wall has lasted two weeks.,center,center
Trump says he could keep shutdown going for months or years,president and congressional leaders dug in for long partial shutdown on monday. clash occurred as two sides ironed out differences over border security. president faced opposition from senators; the issue could continue.,right,left
Trump says he could keep shutdown going for months or years,"president and democratic congressional leaders dug in for lengthy partial shutdown. president made case for a wall on the southwestern border and rejected Democrats’ proposals. ""it was why i was elected,"" Mr. Trump said after the meeting with the democrats.",center,left
Trump says he could keep shutdown going for months or years,president Trump and congressional leaders snatched a partial shutdown after 22 days. Mr. Trump claimed a wall on the border was why he was elected. he and democratic congressional leaders refused to agree to spend a billion dollars on the wall. a majority leader says he has no intention of putting those bills to a vote.,left,left
Trump says he could keep shutdown going for months or years,"a president and two congressional leaders reached a lengthy partial shutdown. they faced a question about the president's demands for billions of dollars for a wall. he rejected that demand, pleading for a wall and voting no on those bills. the two sides also agreed to spend $1.3 billion on the border.",center,right
Trump says he could keep shutdown going for months or years,president obama and democratic leaders failed to break an impasse over the wall. the white house meeting was the first in 22 days. a wall on the southwestern border was being billed as part of the president’s campaign pledge.,left,right
Trump says he could keep shutdown going for months or years,"in first meeting in 22 days, president and democrats defused border wall impasse. president made his case for wall and rejected plans to reopen government. white house meeting on the border on friday was first in 22 days. congress is holding its first partial shutdown since october 11.",right,right
Trump says he could keep shutdown going for months or years,"a first white house meeting in 22 days could not break an impasse over a border wall. president, democrats reject the offer they made of spending on the government. one senior democrat asks for the wall ""because he was elected"" a u.s. senator is pushing for an expansion of the wall but does not want it.",left,center
Trump says he could keep shutdown going for months or years,"president and congress stymied by first meeting in 22 days over border wall demand. president said he would ""look foolish"" if he did that to avoid a shutdown. sen. michele bachmann: president and his friends do not want to be separated.",left,center
Trump says he could keep shutdown going for months or years,official: u.s. president rick santorum says lawmakers should listen to what lawmakers say. he asks president obama and congress to work on border wall. sen. mitch mcconnell says he and sen. patrick mcnair refuse to back legislation. shutdown in new administration likely to take another 22 days.,left,center
Trump’s immigration offer brings sharp reactions from Dems and GOP,"president obama has proposed a government wall on the southern border. in a televised white house address, he offered to extend protections for 700,000. congress must ""stop holding government hostage and end shutdown,"" he writes. republican lawmakers are calling for a three-year extension of protections for 700,000.",left,left
Trump’s immigration offer brings sharp reactions from Dems and GOP,"the president’s immigration plan to end the partial government shutdown drew sharp reactions. in a televised white house address, Trump offered to offer democrats a three-year extension of protections for 700,000 DACA recipients. democratic lawmakers said the president's proposal is ""one-sided and ineffective""",left,left
Trump’s immigration offer brings sharp reactions from Dems and GOP,"congressmen and their constituents express disappointment with president Trump's immigration deal. tuesday's meeting came during a three-day public comment period at the white house. democrats were quick to slam the bill for ""one-sided and ineffective solutions""",center,left
Trump’s immigration offer brings sharp reactions from Dems and GOP,"democrats and republicans condemn president. u.s. immigration system should be source of pride, not shame. shutdown is a problem, and there's a choice, says cnn's david perry.",left,right
Trump’s immigration offer brings sharp reactions from Dems and GOP,"the president’s proposal to end the partial government shutdown has drew sharp reactions from the white house and other congressional bodies. in a televised white house address, the president offered an extension of protections for 700,000 deferred action for childhood arrivals recipients. but, he is seeking $5.7 billion for a barrier along the nation's southern border with Mexico. the shutdown is expected to begin january 4.",center,right
Trump’s immigration offer brings sharp reactions from Dems and GOP,"a partial government shutdown drew sharp reactions from both parties to president Trump’s immigration plan. the proposal, as it comes after a three-year extension of protections for 700,000 deferred action for Childhood arrivals (DACA) recipients, drew sharp disdain from top lawmakers. the chamber also passed a budget measure to open the government; that package is to close the border with Mexico. house majority leader staeny hoyer wrote that the president's proposal was """,center,right
Trump’s immigration offer brings sharp reactions from Dems and GOP,"president. trump offered immigrants $5.7 billion for $5.7 billion border barrier. the president's proposal drew sharp reactions from top democrats and republicans alike. republicans have backed the president's proposal. but the president, tipped to win the white house by the end of the week, has not agreed.",left,center
Trump’s immigration offer brings sharp reactions from Dems and GOP,president Donald Trump offers the right to an extension of protected immigrants. the president wants a new border wall along the nation's southern border with Mexico. but critics say he is holding the government hostage and trying to hide behind the wall. the wall would cost the government $5.7 billion and would not be permanent.,center,center
Trump’s immigration offer brings sharp reactions from Dems and GOP,"cnn tech analyst: president obama's immigration proposal has high political impact. dnc polls show that over half of people support a border wall, while most do not. president's proposal drew sharp reactions, including criticism of immigration.",left,center
"As Mueller findings released, 2020 Dems demand to see 'whole damn report'","sen. beto o’rourke called hudson, rickety, ""the most racist and uncivil president"" he's also criticized as the president ""who sought to... collude with the Russian government"" o'rourke's comments come days after report by a pro-republican group came out in force. the president is ""no longer a criminal, but a foreign power, and he was a criminal,"" report says",left,left
"As Mueller findings released, 2020 Dems demand to see 'whole damn report'","dean obeidallah: if i wanted a summary of report, no one is above the law. obeidallah: we have one president who in my opinion is beyond the shadow of doubt. he says candidates are not giving up on the hunt for truth on Trump-Russia collusion. obeidallah: 2020 candidates, including john mccain, want the full report.",center,left
"As Mueller findings released, 2020 Dems demand to see 'whole damn report'","the 2020 democratic presidential race is making clear it's not a return to a summary of Mueller's findings. the president in my opinion beyond the shadow of doubt, sought to cooperate with the Russian government. beto o'Rourke in s.c. praised u.s. senate's decision to make the report public.",center,left
"As Mueller findings released, 2020 Dems demand to see 'whole damn report'","president-elect obama has issued a short summary of the report. daniel radcliffe, a republican who said he supported gop candidate, wants the full report. dr. michael owen could be considered to be ""most sexy, manipulative president,"" he says. owen: democrats will have to go after a president who ""seemed to be so dangerous""",left,right
"As Mueller findings released, 2020 Dems demand to see 'whole damn report'",barack obama says he will remain vigilant and doesn't want to hear Mueller report. senators want the report to be read if the president obstructed justice. the senators are pushing for the report to be made public.,left,right
"As Mueller findings released, 2020 Dems demand to see 'whole damn report'","the president's 2016 campaign is being investigated as part of the probe into alleged corruption. betoo o'rourke, a former texas congressman, argued that his president obstructed justice. barack obama stepped in to take charge of the probe while a republican was hosting fundraisers. jim roberts, a former member of the u.s. house, is back for another presidential run.",left,right
"As Mueller findings released, 2020 Dems demand to see 'whole damn report'","o'rourke: he is ""one of the most racist and uncivil presidents we have ever had"" his comments were met with criticism from some in his own party. o'rourke claims that he has one of the most racist and uncivil presidents we have ever had.",left,center
"As Mueller findings released, 2020 Dems demand to see 'whole damn report'","two years after report by special counsel released, sen. bob greene says candidates want report, not summary. he says beto o'rourke made ""brazen and incorrect claims"" on campaign trail. he says president obama abused power of the white house by colluding with the russians. greene: obama has done his job and won not to give up campaign trail or vote on nominee.",left,center
"As Mueller findings released, 2020 Dems demand to see 'whole damn report'",sens. Bernie Sanders and beto o’rourke are demanding the report be released. the u.s. president was accused of a pattern of collusion with the russians. a report not found enough evidence to establish the president obstructed justice. sen. joe biden and democrats are urging a review of the report.,left,center
Trump Declares National Emergency To Fund U.S.-Mexico Border Wall,president's declaration helps him seize government funding for border wall. he argues border problem is a virtual invasion of the country. but he also acknowledged he didn’t want to wait on congress to approve the funds.,center,left
Trump Declares National Emergency To Fund U.S.-Mexico Border Wall,"president declares emergency at the southern border to seize government funding. ""i could do the wall over a longer period of time I didn’t need to do this,"" he says. the president accompanied by parents of children killed by unauthorized immigrants.",center,left
Trump Declares National Emergency To Fund U.S.-Mexico Border Wall,"president declares national emergency at southern border to seize funds. 'virtual invasion' intended to save $2.37 billion in spending from defense, he said. unauthorized immigrant families want access to protections, he said.",left,left
Trump Declares National Emergency To Fund U.S.-Mexico Border Wall,president Donald Trump declares national emergency at southern border to seize money. he's trying to seize funding to build a wall between the u.s. and mexico. but he doesn't want to wait on congress to approve funds.,left,right
Trump Declares National Emergency To Fund U.S.-Mexico Border Wall,president declares national emergency at southern border. he said he was declaring emergency for “virtual invasion purposes” but he didn't want to wait on congress to approve the funds.,left,right
Trump Declares National Emergency To Fund U.S.-Mexico Border Wall,"president says he is declaring emergency at southern border for “virtual invasion purposes”. unauthorized immigrants are still posing threat to the border, officials say. the wall will have the size of a sex marriage law.",left,right
Trump Declares National Emergency To Fund U.S.-Mexico Border Wall,"president clinton: ""no one wants to sit through a political gaff"" on his border wall. the president says he wants to make the wall ""a lot faster"" instead of waiting for congress. he will get $3.6 billion in defense, $2.5 billion for counter-drug activities. the wall would be the longest to be built.",left,center
Trump Declares National Emergency To Fund U.S.-Mexico Border Wall,"president will now have a chance to reroute other government money to fund his wall. the wall would buy the administration some 234 miles of border wall, a senior administration official says. the wall has not had a final approval vote since it started in 1997.",left,center
Trump Declares National Emergency To Fund U.S.-Mexico Border Wall,"unauthorized immigrants killed by president william hague in hong kong. ""i could do the wall over a longer period of time,"" Trump says in speech. the declaration allows the president to reroute other government money. in a televised speech, he accompanied parents of children killed by unauthorized immigrants.",left,center
House Democrats Pass Landmark Campaign Finance And Voting Rights Reform Bill,a landmark campaign finance and voting rights bill passes the house. the bill would dramatically expand voting access. it would strengthen executive branch ethics law and end partisan gerrymandering.,left,left
House Democrats Pass Landmark Campaign Finance And Voting Rights Reform Bill,"for the people act would expand voting access, create publicly funded House elections. legislation would restore voting rights to millions of ex-felons. democrats in house minority expected to take second majority in a few months.",left,left
House Democrats Pass Landmark Campaign Finance And Voting Rights Reform Bill,"house passes for the first time since 2010 vote as conservatives push for reform. measure would extend access to voting, create publicly funded House elections. legislation passed 234-193 through democratic reform task force. bill also would give small donors access to matching contributions from public funds.",center,left
House Democrats Pass Landmark Campaign Finance And Voting Rights Reform Bill,a landmark fundraising bill passed the house on friday. the bill would restore voting rights to millions of ex-felons. a political battle to protect political rights had been a top priority for the party.,left,right
House Democrats Pass Landmark Campaign Finance And Voting Rights Reform Bill,the landmark legislation passed by the house of representatives on friday. it would dramatically expand voting access and create publicly funded House elections. some campaign donors said they'd rather see politicians give people their vote.,center,right
House Democrats Pass Landmark Campaign Finance And Voting Rights Reform Bill,"a landmark campaign finance, voting rights and ethics bill passed the house of representatives. ""if not now, then when?"" said a Democrat. a house vote is expected in coming weeks. democrats are considering spending cuts, but a republican proposal is likely to pass.",left,right
House Democrats Pass Landmark Campaign Finance And Voting Rights Reform Bill,"two-year-old ""for the people"" measure passed the house of representatives in new jersey. bill would dramatically expand voting access, create publicly funded house elections. it also would restore voting rights to millions of ex-felons.",center,center
House Democrats Pass Landmark Campaign Finance And Voting Rights Reform Bill,"the house passed the landmark legislation 234-193. the bill would reauthorize state elections. the measure would protect democratic rights, including voting rights.",left,center
House Democrats Pass Landmark Campaign Finance And Voting Rights Reform Bill,"democrats' landmark campaign finance, voting rights and ethics bill passes. house passed landmark measure 234-193. legislation aims to address attacks on voting rights. would grant minority members access to more information about their election.",left,center
FBI's show of force in Roger Stone arrest spurs criticism of Mueller tactics,"former president's advisor errol thomas was taken into custody after a grand jury indictment. the pre-dawn arrest of the 66-year-old at his Fort Lauderdale home prompted critics to question the tactics of special counsel Robert Mueller. stone defended his attorney: ""a SWAT team, searching the house, scaring his wife, scaring his dogs—it was completely unnecessary.""",left,left
FBI's show of force in Roger Stone arrest spurs criticism of Mueller tactics,"stone said the arrest was ""completely unnecessary"" a ""swat team, searching the house, scaring his wife, scaring his dogs"" critics question the tactics of special counsel Robert Mueller over stone's investigation. the president's former adviser is a key player in the country's election campaign.",right,left
FBI's show of force in Roger Stone arrest spurs criticism of Mueller tactics,"stone to appear on ""tucker Carlson tonight"" on friday at 8 p.m. ET. a video released by the news channel shows 29 agents raiding his house. stone was arrested on charges of meddling and potential collusion. the charges come amid the ongoing investigation into possible collusion.",right,left
FBI's show of force in Roger Stone arrest spurs criticism of Mueller tactics,more than a dozen special agents clad in tactical gear raided stone's home. attorney added that the arrest was a “spectacle”,left,right
FBI's show of force in Roger Stone arrest spurs criticism of Mueller tactics,former adviser Roger stone is being investigated by special counsel in the 2016 presidential election. lz granderson: stone's charges could have sparked a separate inquiry. he says stone's legal team has been trying to deter his prosecution. lz: special counsel should have waited four days for a decision on whether he could have acted.,left,right
FBI's show of force in Roger Stone arrest spurs criticism of Mueller tactics,"a ""SWAT team"" searched Stone's home with guns in the early morning. he reportedly left the house fearing for the safety of his family. critics on social media questioned the actions of special counsel.",right,right
FBI's show of force in Roger Stone arrest spurs criticism of Mueller tactics,"russell jones: a SWAT team, searching the house, scaring his wife, scaring his dogs. jones: ""it was completely unnecessary."" he will appear on ""Tucker Carlson Tonight""",right,center
FBI's show of force in Roger Stone arrest spurs criticism of Mueller tactics,"new: president obama calls the decision ""a major blow"" to special counsel. new: former attorney for stone says case might not have been different when it was reopened. iraq war is now in its third year and will be a centerpiece of the u.s. election campaign. a special counsel's office will be on hand in the process.",left,center
FBI's show of force in Roger Stone arrest spurs criticism of Mueller tactics,allegations of illegal solicitation of government money in 2016 election. peter bergen: special counsel should have kept a close eye on the situation. bergen: special counsel should have kept close watch on Russia. he says his attorney should have given Stone a call before the probe.,left,center
Trump Associate Roger Stone Indicted In Mueller Investigation,"a federal grand jury impaneled by special counsel Robert Mueller charged stone in a seven-count indictment. Stone is a former presidential strategist who worked on presidential campaigns for Nixon, Ronald Reagan, Bob Dole and others. indictment alleges he spoke “to senior Trump Campaign officials” about WikiLeaks. stone also denied to a grand jury that he has lied to his political group.",center,left
Trump Associate Roger Stone Indicted In Mueller Investigation,"indictment, seven count charges include obstruction of an official proceeding, false statements and witness tampering. attorney, Grant Smith, said stone is accused of communicating with a group known as ""Organization 1"" he said he will not testify against the president. stone was an informal advisor to the late president.",left,left
Trump Associate Roger Stone Indicted In Mueller Investigation,federal grand jury impanels special counsel Robert Mueller on charges against stone. indictment accuses stone of obstruction of an official proceeding and false statements. Stone took credit for Trump's presidential run for campaigning against obama. his attorney: no evidence indicates Russian collusion.,left,left
Trump Associate Roger Stone Indicted In Mueller Investigation,"indictment says he discussed ""future releases"" by WikiLeaks. the indictment also alleges false statements and witness tampering. Stone says he is remorseful and has never been a victim of Russian interference. he has said it was ""a possibility"" that he would be indicted.",center,right
Trump Associate Roger Stone Indicted In Mueller Investigation,attorney: there was no Russian collusion. stone is accused of falsely accusing me of obstruction of an official proceeding. he is the son of former chairman of the republican adams foundation. he worked on campaigns for various u.s. presidential candidates.,left,right
Trump Associate Roger Stone Indicted In Mueller Investigation,"robert stone, former president of the republican party, charged with obstruction of an official proceeding. indictment alleges he spoke with activist Julian Assange during 2016 campaign to inquire about further release by WikiLeaks. Stone, an informal adviser to the president, said he was in contact with.",left,right
Trump Associate Roger Stone Indicted In Mueller Investigation,"stone, an eccentric longtime republican strategist with a tattoo of the regime’s face on his back, is charged in a seven-count indictment. he has previously admitted to being in contact with Julian Assange of WikiLeaks. he says he is a conservative and not a political thinker.",right,center
Trump Associate Roger Stone Indicted In Mueller Investigation,"lawyer for 'john donald' stone said no collusion, was ""falsely accused"" and said he would be vindicated. he faces obstruction of an official proceeding, false statements, witness tampering. Stone said he will not testify against the president. he is accused of contacting a hacker who helped him secure an election against the president.",left,center
Trump Associate Roger Stone Indicted In Mueller Investigation,"a federal grand jury impaneled by special counsel Robert Mueller charged Roger Stone. the seven-count indictment includes obstruction of an official proceeding, false statements and witness tampering. Stone will plead not guilty to all charges, saying he was ""falsely accused""",left,center
Nancy Pelosi Says Rashida Tlaib's 'Motherf**ker' Comment No Worse Than Trump,"pelosi said on friday that she was not upset over republican rep. Rashida Tlaib's vulgar quip. she said the 'colorful language' were harmless and would not affect her public image. the dnc spoke with a reporter at the house appointment hearing, says that the words are a censorship issue.",right,left
Nancy Pelosi Says Rashida Tlaib's 'Motherf**ker' Comment No Worse Than Trump,"speaker Nancy Pelosi is not upset over a comment made by rep. Rashida Tlaib. she says she wouldn't use vulgar language about impeaching president. ""i don't like that language. I wouldn't use that language,"" she said. ""but i don't think it’s any worse than what the president has said,"" she said.",right,left
Nancy Pelosi Says Rashida Tlaib's 'Motherf**ker' Comment No Worse Than Trump,new house speaker says conservatives are not upset about racist comments. she said she won’t use racist language like she did to impeach president. a speech by her husband on her political victory was set to air in full friday.,right,left
Nancy Pelosi Says Rashida Tlaib's 'Motherf**ker' Comment No Worse Than Trump,"the Michigan Rep. was quoted as saying: ""motherfucker."" ""oh, baby emoji, those bullies don’t win,"" she said. house speaker says she is not angry about slur of speech. she is not in the censorship business.",center,right
Nancy Pelosi Says Rashida Tlaib's 'Motherf**ker' Comment No Worse Than Trump,pelosi does not agree with insults of white women. house speaker will allow her staff to make the comments. she also says she isn’t in charge of public policy.,left,right
Nancy Pelosi Says Rashida Tlaib's 'Motherf**ker' Comment No Worse Than Trump,house speaker pelosi says she is not upset by comment in house on impeaching. conservative democrat says 'colorful language' is not worse than what the president has said. democratic sen. bobby jindal has long been criticized for his remarks. house is scheduled to hold a hearing over the issue this week.,left,right
Nancy Pelosi Says Rashida Tlaib's 'Motherf**ker' Comment No Worse Than Trump,"the u.s. house held a swearing-in ceremony on the house floor friday. house speaker is not upset over a prank call from florida rep. rashida tlaib. ""i don’t like that language.... but in any event... I’m not in the censorship business,"" the new house speaker said.",left,center
Nancy Pelosi Says Rashida Tlaib's 'Motherf**ker' Comment No Worse Than Trump,"""i wouldn’t use that language,"" said house speaker to crowd at march event. tlaib drops expletive as she speaks to crowd at event hosted by progressive group moveon. pelosi says comments are free speech issue but a poll shows 97% of women oppose such comments.",right,center
Nancy Pelosi Says Rashida Tlaib's 'Motherf**ker' Comment No Worse Than Trump,rep. Rashida Tlaib's comment on impeaching president Trump was greeted with cheers. she says she doesn't want to use insults against those who want to be impeached. she also said the comment is not to be considered censorship.,center,center
Ocasio-Cortez defends Tlaib after impeachment remarks: ‘I got your back’,the new democratic socialist lawmaker has gone on Twitter to criticize the republican system. she accused the republican leaders of having a double standard. the president apologized at the time for the controversy following a 2005 video of him making lewd comments about women.,right,left
Ocasio-Cortez defends Tlaib after impeachment remarks: ‘I got your back’,"""Gop lost entitlement to policing women’s behavior a long time ago.""",center,left
Ocasio-Cortez defends Tlaib after impeachment remarks: ‘I got your back’,"nyc democrat republican takes a stand for rep. Rashida Tlaib on Twitter after the former's expletive-laced comments in favor of impeachment. ""Republican hypocrisy at its finest: saying that Trump admitting to sexual assault on tape is just ‘locker room talk,’ but scandalizing themselves into faux-outrage when my sis says a curse word in a bar,"" she tweeted.",right,left
Ocasio-Cortez defends Tlaib after impeachment remarks: ‘I got your back’,the d.c. congresswoman took a stand for the rep. Rashida Tlaib. the new house freshman made the comments in favor of impeachment. the ocasio-coreez tea party says the republicans have a double standard.,center,right
Ocasio-Cortez defends Tlaib after impeachment remarks: ‘I got your back’,"republican republican tweets at the end of the article. ""republican hypocrisy at its finest: saying that Trump admitting to sexual assault on tape is just ‘locker room talk,’ but scandalizing themselves into faux-outrage when my sis says a curse word in a bar"" in 2005 video, president Trump made lewd remarks about women, calling them “locker room banter”",right,right
Ocasio-Cortez defends Tlaib after impeachment remarks: ‘I got your back’,"in favor of impeachment of president, she accused the republican party of a having a double standard. the republican tweeted the ugliest things that her fellow u.s. congresswoman said she is vying for the job in the house.",left,right
Ocasio-Cortez defends Tlaib after impeachment remarks: ‘I got your back’,house republicans accuse the new congresswoman of having a double standard. the republican socialist lawmaker took a stand for fellow house freshman. his comments came following a 2005 video that came to light - where president had made lewd remarks about women.,right,center
Ocasio-Cortez defends Tlaib after impeachment remarks: ‘I got your back’,"republican-led democrat has taken a stand in opposition to a man who publicly urged president obama to impeach him.'republican hypocrisy at its finest: saying that. Trump admitting to sexual assault on tape is just ‘locker room talk,’ but scandalizing themselves into faux-outrage, he tweeted.",right,center
Ocasio-Cortez defends Tlaib after impeachment remarks: ‘I got your back’,"the democratic socialist lawmaker from new york went on twitter to weigh in. the lawmaker was apparently referring to a 2005 video that came to light ahead of the 2016 presidential election. in the video, Trump spoke to Billy Bush and made lewd comments about women.",right,center
Trump Signs Bill Reopening Government for 3 Weeks in Surprise Retreat From Wall,president renegotiates deal that didn't include money for wall until february. some critics say it shows he is ready to use his political platform for the big issue. he says there is a real chance he will be able to get an election with good results. he says he will try to cut federal debt for the people who work for him.,center,left
Trump Signs Bill Reopening Government for 3 Weeks in Surprise Retreat From Wall,the president agreed on Friday to reopen the federal government for three weeks. the deal paved the way for the house and the senate to both pass a stopgap spending bill. the plan includes none of the money that he had demanded. the president presented the agreement with congressional leaders as a victory anyway.,left,left
Trump Signs Bill Reopening Government for 3 Weeks in Surprise Retreat From Wall,president agrees to reopen federal government for three weeks while talks continue. move means congressional leaders will pass a stopgap spending bill. president signed it on friday night to restore normal operations at federal agencies. he signed it for the first time on friday night after his concession with congressional leaders.,left,left
Trump Signs Bill Reopening Government for 3 Weeks in Surprise Retreat From Wall,"president's concession paved the way for the house and the senate to pass a stopgap spending bill. a monthlong standoff failed to force Democrats to give him billions of dollars for the wall. if he doesn't get a fair deal, he will use the power afforded to him under the laws, he said.",left,right
Trump Signs Bill Reopening Government for 3 Weeks in Surprise Retreat From Wall,president agrees to reopen government for three weeks while negotiations continue on border. he signed stopgap spending bill on friday night. it paved way for house and senate to pass it. critics of the wall say it isn’t working and that it could spark immigration war.,left,right
Trump Signs Bill Reopening Government for 3 Weeks in Surprise Retreat From Wall,"president steps in to reopen government without securing border. he signs bill to allow shutdown until february 15. plan includes no money he had demanded, and still needs to pay furloughed workers. he presents deal as victory anyway; says he will use powers to bypass congress.",left,right
Trump Signs Bill Reopening Government for 3 Weeks in Surprise Retreat From Wall,"president reopens government until february 15. he signed bill by voice vote that allowed house and senate to pass. he conceded that he doesn't need 2,000 miles of concrete wall.",left,center
Trump Signs Bill Reopening Government for 3 Weeks in Surprise Retreat From Wall,"obama said he would use powers afforded to him under constitution to address emergency. president agreed friday to reopen government for three weeks while negotiations continue. it also opens the way to paying 800,000 federal workers who have been forced to work without pay. he presented the agreement with congressional leaders as a victory anyway.",center,center
Trump Signs Bill Reopening Government for 3 Weeks in Surprise Retreat From Wall,"jimmy carter says president will return to action if he doesn’t get wall funding. he signed stopgap spending bill and signed it on friday. president's concession paved way for congressional leaders to pass stopgap spending bill. carter: shutdown doesn't come cheap, wall will cost money, as was promised last month.",center,center
"Trump Caves To Democrats, Agrees To Reopen Government Short-Term Without Border Wall",president has a short-term plan that will open the government for three weeks. the announcement comes on the 35th day of the longest shutdown in the us history. Senate failed to pass his proposal to reopen the government with border wall funding.,right,left
"Trump Caves To Democrats, Agrees To Reopen Government Short-Term Without Border Wall","president Donald Trump announced a short-term plan to open the government for three weeks. federal employees will get back pay “very quickly or as soon as possible,” he said. the announcement comes on the 35th day of the longest shutdown in United States history. the shutdown is due to the impasse over his demands for $5.7 billion in funding for his border wall.",center,left
"Trump Caves To Democrats, Agrees To Reopen Government Short-Term Without Border Wall","on the 35th day of the longest shutdown in us history, president Donald Trump announced a short-term plan that will reopen the government for three weeks. he said he’s prepared to sign a bill to open the government through Feb. 15. he said he’s prepared to shut down the government again or issue a national emergency declaration if he doesn't get enough funding. if border wall funding is not secured by the end of the negotiation period, it would mean the government will",left,left
"Trump Caves To Democrats, Agrees To Reopen Government Short-Term Without Border Wall","president's proposal to reopen government in return for temporary legal protection is a compromise. if border wall funding is not secured by deadline for negotiation, the government may shut down again or issue a national emergency declaration. lawmakers were expected to vote against the proposal before the full government shutdown started on friday.",center,right
"Trump Caves To Democrats, Agrees To Reopen Government Short-Term Without Border Wall","Trump says he’s prepared to sign a bill to open the government through Feb. 15. federal employees will get back pay ""very quickly or as soon as possible,"" he says. a two-day shutdown has left government in a tailspin and has rendered it a dead-end job.",center,right
"Trump Caves To Democrats, Agrees To Reopen Government Short-Term Without Border Wall","president Donald Trump announced friday a short-term plan that will reopen the government through february 15. federal employees will get back pay “very quickly or as soon as possible,” he said. the announcement comes on the 35th day of the longest shutdown in united states history.",right,right
"Trump Caves To Democrats, Agrees To Reopen Government Short-Term Without Border Wall",president Donald Trump announces short-term plan that will reopen government. will allow for border security negotiations to continue without shutdown. Trump says he’s prepared to sign bill to open government through february 15. Senate failed to pass $5.7 billion proposal for border wall funding on friday.,center,center
"Trump Caves To Democrats, Agrees To Reopen Government Short-Term Without Border Wall",new: u.s. senators reopen government through february 15. democrats blame border security for the shutdown. president rick santorum says he expects the shutdown to end by the end of the year. sen. marco rubio said the partial government shutdown was inevitable.,left,center
"Trump Caves To Democrats, Agrees To Reopen Government Short-Term Without Border Wall","president Trump announces a short-term plan to reopen government for three weeks. congress and house passed resolutions to open government through Feb. 15. if border security funding is not secured, Trump says he's prepared to shut down the government again. meanwhile, the government remains locked in a four-month partial government shutdown.",center,center
Trump says he appreciates Mueller’s statement disputing BuzzFeed report,"special counsel's office issues statement disputing part of BuzzFeed story. story says attorney Michael Cohen told him to lie to congress about possible real-estate deal. media ""has lost tremendous credibility,"" president says, saying coverage was ""disgraceful"" spokesman for special counsel's office says story was ""not accurate""",left,left
Trump says he appreciates Mueller’s statement disputing BuzzFeed report,president obama says he appreciates special counsel's statement disputing BuzzFeed story. story said that billionaire Cohen told congress that he was told to lie about deal in time. the story also said that he backed a plan set up by Cohen.,left,left
Trump says he appreciates Mueller’s statement disputing BuzzFeed report,"a BuzzFeed story claiming “timing of discussions” with the white house was untrue has been refuted by special counsel Robert Mueller. ""it's going to take a long time for the mainstream media to recover its credibility,"" president john mccain says. the white house says it is working with investigators to verify the facts.",right,left
Trump says he appreciates Mueller’s statement disputing BuzzFeed report,the president says he appreciates special counsel Mueller disputing BuzzFeed stories. it says that Trump told a subordinate to lie to congress. he also told congress that the discussions ended months before they did so.,center,right
Trump says he appreciates Mueller’s statement disputing BuzzFeed report,"president says he appreciates special counsel's decision to counter BuzzFeed story. the story claimed that he told Cohen to lie to congress about a potential deal. ""it's going to take a longtime for the mainstream media to recover its credibility,"" he says.",right,right
Trump says he appreciates Mueller’s statement disputing BuzzFeed report,"president Trump says he appreciates special counsel's statement disputing buzzfeed's story. article claimed michael lewis told a subordinate to lie about dealings with russia. the phony story was ""a total phony story,"" the president says. report: ""clearly it was a significant new frontier"" — report says.",center,right
Trump says he appreciates Mueller’s statement disputing BuzzFeed report,"special counsel's office released a statement disputing a BuzzFeed story. president Trump said the story was a ""complete phony story"" the story called for the president to visit russia, meet Vladimir Putin and begin the talks.",right,center
Trump says he appreciates Mueller’s statement disputing BuzzFeed report,"special counsel's office released a statement disputing parts of BuzzFeed story. former president says he is grateful for releasing this statement. special counsel to report on the story, saying it was a phony story. the story says the president told a subordinate to lie about his dealings with the u.s.",center,center
Trump says he appreciates Mueller’s statement disputing BuzzFeed report,"special counsel releasing statement disputing BuzzFeed story. article says a key man was told to lie to congress. president clinton calls report a ""disgrace to our country""",left,center
Democrats Demand Immediate Release Of Mueller Report,"the report on Russian interference in the 2016 presidential election is complete. the report must be released ""without delay,"" a letter states. the letter demands that Attorney general Barr make it public.",center,left
Democrats Demand Immediate Release Of Mueller Report,a joint letter wants a public access to Mueller's investigation. senators say that the report must be made public immediately. they say that any attempt by the president to cover up would be unacceptable.,left,left
Democrats Demand Immediate Release Of Mueller Report,sen. margaret thatcher urges president Donald Trump to make special counsel's report public. senators warn that anyone trying to cover up results of investigation will be unacceptable. congressional committee chair demands a declassified version of report.,center,left
Democrats Demand Immediate Release Of Mueller Report,president obama is urged to make the report public with the help of investigators. senators demand an immediate release for the special counsel. obama will provide the report to the house oversight committee. the report will provide details on how the uk and u.s.-based government acted.,left,right
Democrats Demand Immediate Release Of Mueller Report,senators demand that attorney general quick prepare a declassified version of the report. the draft will be available to the appropriate Congressional committees. the secretive investigation into the 2016 election is scheduled to begin august 30.,right,right
Democrats Demand Immediate Release Of Mueller Report,congressional committees urged lawmakers to prepare declassified version of the Mueller report. house republicans want Mueller's report released immediately. senator mark Warner demands a redacted version be made public. house minority leader jack mccain says he's preparing a report before congress.,left,right
Democrats Demand Immediate Release Of Mueller Report,"house of representatives urged president to release full report soon. committee chair: ""if we will not release it, unless we have a reasonable expectation of it"" ""the public and Congress are entitled to know what the special counsel has found,"" committee chair writes. some 2020 presidential candidates tweeted about prompt release of Mueller report.",center,center
Democrats Demand Immediate Release Of Mueller Report,"senators, house committee chairs demand immediate release of report. senators, democrats urge access before president Trump has chance to interfere. senators pushed for the redacted, releasable version for congressional committees. senators say evidence and findings should be presented to congress.",center,center
Democrats Demand Immediate Release Of Mueller Report,bill shortens the deadline for president Trump to release special counsel’s report. democrats expect the report to be released within 72 hours. cnn's david gergen says white house acquitted the investigation with bogus documents. gergen says investigators know what he did and the report is being released with due process.,left,center
2020 Candidates Demand Full and Immediate Release of Mueller Report,"former rep. beto o’rourke says americans need to know facts about. candidates were on facebook demanding immediate public release of report. critics accuse the report of fabricating untruthful evidence. democrats say they believe findings might be insensitive, damaging.",left,left
2020 Candidates Demand Full and Immediate Release of Mueller Report,"candidate says americans should know any findings on president Trump, 2016 election. former representative beto o’rourke says those facts needed to be laid out. candidates put out petitions for release of report urging for transparency in justice department. ""the report is not a comprehensive and comprehensive report,"" says former president obama.",right,left
2020 Candidates Demand Full and Immediate Release of Mueller Report,candidates for president spent no time demanding the release of the report. former representative beto o’rourke said the truth needed to be laid out. sen. beto farina and sen. martin johnson also demanded the report be immediately released.,left,left
2020 Candidates Demand Full and Immediate Release of Mueller Report,candidate beto o’rourke wants to know if president and his 2016 campaign did spy. o'rourke said he believes the president and his 2016 campaign “at least sought to collude with the Russian government to undermine our democracy” o’Rourke and his fellow presidential contenders emphasized transparency.,left,right
2020 Candidates Demand Full and Immediate Release of Mueller Report,no voters brought up the report as they spoke to republicans. campaign groups started urging people to sign petitions asking for full investigation. conservatives and republicans argue the report is being too shortsighted. the report is expected to be released shortly and could spark a presidential debate.,center,right
2020 Candidates Demand Full and Immediate Release of Mueller Report,"dnc candidates waste no time friday evening demanding the quick release of the long-awaited report from Robert Mueller III. candidates reacted over twitter or in remarks at events rather than in back-and-forth conversations with voters. one former congressman, beto o’rourke, tells reporters that ""those facts, that truth, needs to be laid out""",left,right
2020 Candidates Demand Full and Immediate Release of Mueller Report,"former representative beto o’rourke: all American citizens need to know facts. dcc spokesman says this is not a time to stall democrats' campaigns. o'rourke said: ""those facts, that truth, needs to be laid out""",left,center
2020 Candidates Demand Full and Immediate Release of Mueller Report,"former rep. beto o’rourke said truth has to be laid out for all Americans to make informed decisions. candidates were reacting over Twitter or in remarks at events instead of with voters. several candidates want the report released quickly, urging for immediate public release.",center,center
2020 Candidates Demand Full and Immediate Release of Mueller Report,"candidate calls for immediate release of report; sheriff says he must find out more. political leaders should have consulted with white house, she adds. if a candidate reacted in any way, they couldn't, she says. betoo o'rourke said all of this will be decided by the public at the ballot box.",left,center
Adam Schiff urged to step down as chairman by House Intelligence Committee Republicans,the house intelligence committee has demanded the resignation of a congressman. Rep. Schiff has made multiple claims in the media about collusion. he's accused president obama of trying to exploit the evidence to get a handle on his election campaign.,right,left
Adam Schiff urged to step down as chairman by House Intelligence Committee Republicans,"every Republican on the house intelligence committee on Thursday demanded Rep. Adam Schiff step down. the democrat said he had more than circumstantial evidence of collusion between the Trump campaign and Russia. the letter demanded Schiff's immediate resignation, comparing him to director Oliver stone. others on the committee have also slammed the congressman for his ""false narrative""",center,left
Adam Schiff urged to step down as chairman by House Intelligence Committee Republicans,every Republican on the house intelligence committee demands that Adam Schiff resign. they demand for him to step down over his repeated claims of collusion. Schiff told the public that there was evidence of collusion with foreign powers. president and his supporters have also complained about the democrat.,left,left
Adam Schiff urged to step down as chairman by House Intelligence Committee Republicans,"congressional Republicans demand the resignation of the committee's chairman. the lawmakers say they have no faith in the democrat's ability to discharge his duties. the democrat has doubled down on his claim that there is collusion between the Trump campaign and Russia. he has made ""some pretty outrageous comments that Mueller could not verify""",center,right
Adam Schiff urged to step down as chairman by House Intelligence Committee Republicans,"each of the house committee's members demanded Adam Schiff step down. they signed a letter detailing how they're ""incompatible with your duty as chairman of this committee"" Schiff says there's ""more than circumstantial evidence"" of collusion between the Trump campaign and Russia. but some conservatives believe the obama administration is using his comments to justify their criticism.",right,right
Adam Schiff urged to step down as chairman by House Intelligence Committee Republicans,"every Republican on the committee demands Rep. Adam Schiff step down. Schiff has doubled down on his claim that there was collusion between the Trump campaign and Russia. president Trump has accused Schiff of ""getting into conspiracy land""",left,right
Adam Schiff urged to step down as chairman by House Intelligence Committee Republicans,house intelligence committee threatens to sue democrat for claims to have evidence of collusion. the alleged allegations were made as a result of special counsel's findings.,right,center
Adam Schiff urged to step down as chairman by House Intelligence Committee Republicans,"every Republican on the committee demands that congressman Adam Schiff steps down. they said he claims there is ""more than circumstantial evidence"" that the nato is colluding with the u.s., russia. on september 14, 2013 it notified congress that the dossier had been removed. in a recent poll, 87% of congress said the allegations may be factual.",left,center
Adam Schiff urged to step down as chairman by House Intelligence Committee Republicans,"a letter from every member of the house intelligence committee was sent to Rep. Adam Schiff on friday. in the letter, the lawmakers claimed he had ""more than circumstantial evidence"" of collusion. the letter followed the conclusion of special counsel's investigation into the 2016 election. they slammed Schiff for his ""false narrative"" and called him ""a dangerous democrat""",center,center
"Trump warns shutdown could last 'years,' says he may declare 'national emergency' to build border wall",sen. chris christie says he's pleased with president's decision to stay at the white house. christie says the shutdown could get worse than it is now. the two sides agreed on funding for a border wall. the two leaders met in the same room in the same room this week.,center,left
"Trump warns shutdown could last 'years,' says he may declare 'national emergency' to build border wall","president Trump insists border wall can be built ""through a negotiated process"" he says if negotiations are successful he could declare ""a national emergency"" ""it could be opened very quickly"" if government fully opens, he tells the u.s. house. the president is negotiating a deal on a spending bill that would end up in congress.",center,left
"Trump warns shutdown could last 'years,' says he may declare 'national emergency' to build border wall","president says he can declare a ""national emergency"" to bypass congress. he says there was no political solution after the second meeting broke up with no apparent agreement. the meeting in the rose garden came at the end of a two-day series of meetings.",right,left
"Trump warns shutdown could last 'years,' says he may declare 'national emergency' to build border wall","the president warns lawmakers shutdown could last ""years"" a national emergency ""must be declared"" if congress cannot get agreement. a similar meeting with congress this week broke up with no apparent deal. house speaker Nancy pelosi says the u.s. isn't ready for a government shutdown.",right,right
"Trump warns shutdown could last 'years,' says he may declare 'national emergency' to build border wall","president says he may declare emergency in order to bypass congress. he says a negotiated solution is in order because the border is ""horrendous disaster"" house speaker pelosi said she thinks both sides can settle the u.s. shutdown issue. former first lady eliotta joe biden says the shutdown has never been averted.",right,right
"Trump warns shutdown could last 'years,' says he may declare 'national emergency' to build border wall","president says his position is to call a national emergency to build border wall. he calls the meeting ""productive"" and says a ""national emergency"" is possible. ""we're not playing games, we have to do it,"" he says. despite no apparent deal, the shutdown could be opened ""very quickly""",left,right
"Trump warns shutdown could last 'years,' says he may declare 'national emergency' to build border wall","president says he will give a national emergency ""because of the security of our country"" he warns the partial government shutdown could last ""years"" in a press conference. president says he could not shift on his demands for more than $5 billion for a border wall. in the impromptu press conference, he says he's not playing games, ""we have to do it""",left,center
"Trump warns shutdown could last 'years,' says he may declare 'national emergency' to build border wall","""it’s not playing games, we have to do it,"" president says of border wall. president says he hopes shutdown doesn't last more than a few more days. aides say obama promises to meet with congress this week to discuss plan. ""it’s not easy for people to get along with a president,"" aide says.",right,center
"Trump warns shutdown could last 'years,' says he may declare 'national emergency' to build border wall","president has not snubbed calls for $5 billion for border wall despite the two meeting break up. he said he could declare a ""national emergency"" to bypass congress if necessary. some of his comments came on the heels of an unproven bill that cuts on border.",right,center
Trump's 'Compromise' Immigration Offer To Democrats Includes Major Changes Restricting Asylum Law,"president Donald Trump offered to take some asylum for some immigrants. it was rejected by some outlets, but has gotten praise from conservatives and the center. it would also ban asylum for Central American minors unless the minors apply for asylum. it would be a three-year extension for the deferred action for children program.",center,left
Trump's 'Compromise' Immigration Offer To Democrats Includes Major Changes Restricting Asylum Law,"president offers to trade temporary protections for some immigrants in exchange for border wall. a new bill would ban asylum for Central american minors and limit asylum applications per year. the vote is planned for a week and will be considered in the senate. the proposal got some positive coverage, including being called a “compromise""",center,left
Trump's 'Compromise' Immigration Offer To Democrats Includes Major Changes Restricting Asylum Law,"bill would ban asylum for the number of Central American minors who are allowed to apply for asylum each year at 50,000. also would ban asylum for minors who present themselves at ports of entry. would also gut existing asylum laws for children and trafficking victims from Central America.",left,left
Trump's 'Compromise' Immigration Offer To Democrats Includes Major Changes Restricting Asylum Law,"president Donald Trump offered to trade temporary protections for some immigrants. the offer received positive coverage from some outlets, including being called a “compromise”. senators plan to vote this week on a bill incorporating his offer. if approved, the bill would ban asylum for children from Central America.",center,right
Trump's 'Compromise' Immigration Offer To Democrats Includes Major Changes Restricting Asylum Law,u.s. senators will vote on whether to approve bill on ending deportation of some immigrants. the offer is likely less of a compromise than a wish list for immigrants like zookeeper. the proposal would ban asylum for central american minors unless they apply for asylum in their home country.,left,right
Trump's 'Compromise' Immigration Offer To Democrats Includes Major Changes Restricting Asylum Law,"president Donald Trump wants to trade temporary protections for some immigrants for a wall on the border with mexico. ""poison pills stuffed into a proposal that was supposed to entice Democrats,"" says cnn immigration official. a bill incorporating his offer would also gut existing asylum laws for children and trafficking victims from Central America.",left,right
Trump's 'Compromise' Immigration Offer To Democrats Includes Major Changes Restricting Asylum Law,"senate reps unveiled their bill monday, plan to vote on this week. the bill would ban asylum for Central american minors unless minors apply. it would also cap the number of Central American minors who are allowed to apply for asylum. senators and democrats opposed the president’s offer.",left,center
Trump's 'Compromise' Immigration Offer To Democrats Includes Major Changes Restricting Asylum Law,Senate Republicans unveil their proposal to house and vote on this week. the bill would ban asylum for Central American minors unless the minors apply for asylum. that measure would also gut existing asylum laws for children. the measure would also expand immigration detention.,center,center
Trump's 'Compromise' Immigration Offer To Democrats Includes Major Changes Restricting Asylum Law,"president to push border wall bill tacked on by recent inauguration. measure would ban asylum for minors unless the minors apply for asylum in their home country. republicans have already blocked the deal, saying it would give new protections. border wall: $1.3 trillion in stimulus funding, 1,725 ft. of border wall.",left,center
Trump Offers Temporary Protections for ‘Dreamers’ in Exchange for Wall Funding,the offer appeared dead on arrival in the Capitol. it was president's first public offer to democratic politicians since the shutdown. he sought to shift pressure to Democrats to end the shutdown.,center,left
Trump Offers Temporary Protections for ‘Dreamers’ in Exchange for Wall Funding,"president, battling public backlash, offered temporary protections for young undocumented immigrants. proposal appeared dead on arrival in the capitol; speaker Nancy Pelosi rejected it. president moved to rescind deferred action for children's arrivals, or DACA. president says he will continue to'rethink' options and focus on the border.",center,left
Trump Offers Temporary Protections for ‘Dreamers’ in Exchange for Wall Funding,president offered temporary protections for young undocumented immigrants. proposal appears dead on arrival in the capitol.,left,left
Trump Offers Temporary Protections for ‘Dreamers’ in Exchange for Wall Funding,"president Trump offers temporary protections for 700,000 young undocumented immigrants. proposed $5.7 billion funding for border wall appeared dead on arrival in congress. proposal was president’s first public offer to Democrats since the partial shutdown began. speaker Nancy Pelosi rejected it even before he spoke in the capitol.",center,right
Trump Offers Temporary Protections for ‘Dreamers’ in Exchange for Wall Funding,"new: sen. mitch mcconnell says he will negotiate with president obama over border security. new: democrats reject offer as ""hostage taking,"" and say there won't be a government shutdown. new: obama will go to new york and texas to discuss the proposal. temporary protections for young undocumented immigrants in exchange for $5.7 billion.",left,right
Trump Offers Temporary Protections for ‘Dreamers’ in Exchange for Wall Funding,"sen. feinstein: a small deal to sever ties to migrant children appears dead on arrival in u.s. house. she says president pushed temporary protections, said $5.7 billion for border wall. feinstein: it would give conservatives free passage on border, but wouldn't give a price. new u.s. law has limits on illegal immigrants - but he says he is willing to accept them.",right,right
Trump Offers Temporary Protections for ‘Dreamers’ in Exchange for Wall Funding,president has offered temporary protections for immigrants in exchange for $5.7 billion. speaker pelosi rejected the deal even before he spoke. polls show majority of the public blaming Mr. Trump.,center,center
Trump Offers Temporary Protections for ‘Dreamers’ in Exchange for Wall Funding,"president vowed a deal for temporary protections for 700,000 young undocumented immigrants. the proposal appeared dead on arrival in the capitol. speaker pelosi rejected it even before Mr. Trump spoke. sen. kentucky: shutdown is a massive political game that threatens the country.",center,center
Trump Offers Temporary Protections for ‘Dreamers’ in Exchange for Wall Funding,president offered temporary protections for young undocumented immigrants in exchange for $5.7 billion in funding for a border wall. but the proposal appeared dead on arrival in the capitol in the 13-minute speech from the white house. speaker Nancy Pelosi rejected it even before the president spoke.,center,center
Pipe Bomb Suspect Arrested in Southern Florida,"the suspect is identified as Cesar Sayoc Jr., 56, of Aventura, Fla.. he is accused of threatening to use a bomb. this is a breakthrough in a case that has gripped the country ahead of midterm elections.",left,left
Pipe Bomb Suspect Arrested in Southern Florida,"suspect identified as sr. Cesar Sayoc Jr., 56, of Aventura, fla., near to florida. ""crazy conspiratorial stickers covering the windows,"" says one local resident. authorities were surrounded by a white van with pro-Trump stickers, public records show.",center,left
Pipe Bomb Suspect Arrested in Southern Florida,"the suspect is Cesar Sayoc Jr., 56, of Aventura, Fla., just north of Miami. authorities surrounded a white van with pro-Trump stickers on it friday. some residents reported seeing a similar van in the lot of a local shopping center.",center,left
Pipe Bomb Suspect Arrested in Southern Florida,"new: ""it was unsettling, and also... it seemed to be occupied,"" says an attorney. authorities surrounded a van with pro-Trump stickers on it; he was last seen in 2015. his last arrest was in 2009 when authorities seized him from a mall in the south. prosecutors say he threatened to use a bomb if he didn't stay away from his family.",center,right
Pipe Bomb Suspect Arrested in Southern Florida,"authorities surrounded a white van with pro-Trump stickers on it. tv news later showed images of the authorities hauling the van away on a truck. the suspect is identified as Cesar Sayoc Jr., 56, of Aventura, Fla.",center,right
Pipe Bomb Suspect Arrested in Southern Florida,"the suspect is cesar Sayoc Jr., 56, of Aventura, Fla., a registered republican. he was arrested friday in connection with the nationwide bombing campaign. he was not charged in the case, but was arrested last june.",left,right
Pipe Bomb Suspect Arrested in Southern Florida,"new: man whose last arrest was in 2015 has been renamed as Cesar Sayoc Jr.. authorities surrounded white van with pro-Trump stickers on it, a law enforcement official says. a law enforcement official identifies the suspect as 56-year-old cesar Sayoc. he has been indicted on charges related to bombing campaign against outspoken criticism of president obama.",left,center
Pipe Bomb Suspect Arrested in Southern Florida,"a law enforcement official identifies the suspect as Cesar Sayoc Jr. from Aventura. he is accused of threatening to use a bomb in a national bombing campaign. the suspect had stolen, drug and fraud charges from his mother’s home in 1991. but it remains unclear if his last arrest was in 2015.",left,center
Pipe Bomb Suspect Arrested in Southern Florida,"president obama praises federal arrest of president cesar. authorities identify suspect as a 56-year-old man from the county. he faces felony theft, drug and fraud charges.",left,center
Cesar Sayoc Identified As Mail Bomb Suspect,"a man in south florida was arrested friday in a package containing bombs mailed to people critical of president. the packages were intended to attack democrats, former nfl chief and former republican senator. a package also was discovered in southern california, addressed to democratic donor.",left,left
Cesar Sayoc Identified As Mail Bomb Suspect,"new: a suspicious package was found friday at the headquarters of a congressional donor. new: he is not believed to be a suspect and faces up to 48 years in prison. the package contained likely pipe bombs, the president's attorney says. it is unclear if he is linked to the bomb plots or is a personal matter, an official says.",left,left
Cesar Sayoc Identified As Mail Bomb Suspect,"a south florida man has been arrested in the package scandal, authorities say. packages containing pipe bombs were mailed to people critical of president. suspect was indicted on a five federal crimes charge. two other packages were discovered in burlingame, california.",left,left
Cesar Sayoc Identified As Mail Bomb Suspect,"one of the suspicious packages was sent to senators critical of Trump. another was sent to former national intelligence director, also a former official. police found a dozen packages containing pipe bombs mailed to people critical of the president.",center,right
Cesar Sayoc Identified As Mail Bomb Suspect,"two suspicious packages found in california; one targeted democratic donor. packages contained pipe bombs, not to the president but to politicians and public figures. president says he will prosecute those responsible ""them, him, her, whoever it may be"" a man in jail in el paso, missouri, faces up to 48 years in prison.",left,right
Cesar Sayoc Identified As Mail Bomb Suspect,"new: a package was discovered addressed to republican donors, police say. a suspect in two unrelated packages was arrested in south florida. he faces up to 48 years in prison. the president pledges to prosecute those responsible ""them, him, her""",left,right
Cesar Sayoc Identified As Mail Bomb Suspect,"new: a package was discovered in burlingame, according to reports. suspect in a package containing probable pipe bombs is in custody. two suspicious packages were found friday in burlingame, the report says. authorities have not yet said who was behind the pack or when he would be arrested.",left,center
Cesar Sayoc Identified As Mail Bomb Suspect,"two more bomb threats were discovered after a similar bomb threat. packages addressed to republican senators were found in tampa. president john kerry accuses the perpetrators of ""an outrageous plot"" to kill americans.",left,center
Cesar Sayoc Identified As Mail Bomb Suspect,"authorities say a man was arrested in connection with a package containing bombs. police say packages were intended for people critical of president. one sent to senator, and another to former national intelligence chief. a suspicious package, however, was found in a California suburb.",center,center
Defense Secretary James Mattis to leave as of January 1; Trump taps Patrick Shanahan as acting secretary of defense,"""the end date for my tenure is February 28, 2019,"" Trump tweets. 'it is time to stop thinking about how to justify my resignation', tweets. 'the problem is that it can get worse,' claims president obama.",center,left
Defense Secretary James Mattis to leave as of January 1; Trump taps Patrick Shanahan as acting secretary of defense,"first Cabinet official in 40 years to resign over stated policy difference with the president. on sunday, president said defense secretary will be leaving on January 1. his resignation announced this week that he would remain in his role for more than three months. it was not immediately clear why Mattis' resignation letter was apparently moved up.",right,left
Defense Secretary James Mattis to leave as of January 1; Trump taps Patrick Shanahan as acting secretary of defense,"the end date for his tenure is February 28, 2019, sources say. the cabinet official in 40 years has resigned over a policy disagreement with the president. u.s. officials said this week that the Trump administration is making plans to pull all 2,000 troops out of Syria.",center,left
Defense Secretary James Mattis to leave as of January 1; Trump taps Patrick Shanahan as acting secretary of defense,"president Trump says he'll leave on January 1. he resigned over a stated policy difference with the president on july 2. in his resignation letter, he had said he would remain in his post for more than three months. the exit comes days after he made clear his policy disagreements with the president.",center,right
Defense Secretary James Mattis to leave as of January 1; Trump taps Patrick Shanahan as acting secretary of defense,president Trump announces his resignation on Sunday. defense secretary and former Boeing executive Patrick Shanahan will become acting secretary of defense. the 68-year-old resigned last week after saying he would remain in his post for more than three months. he was the first cabinet official in 40 years to resign over a stated policy difference with the president.,center,right
Defense Secretary James Mattis to leave as of January 1; Trump taps Patrick Shanahan as acting secretary of defense,"the end date for my tenure is February 28, 2019,"" the president says. sources tell fnn that Mattis resigned ""in protest"" over the president's national security policies. he said his decision to leave in a 'positive' manner helped his military. ""you must recognize that the armed forces are not the only ones to be involved,"" he says.",right,right
Defense Secretary James Mattis to leave as of January 1; Trump taps Patrick Shanahan as acting secretary of defense,"president will nominate interim defense secretary, Patrick Shanahan. defense secretary resigns in february over policy disagreements with obama. former dsc officer said he was the first cabinet official in 40 years to resign.",center,center
Defense Secretary James Mattis to leave as of January 1; Trump taps Patrick Shanahan as acting secretary of defense,"new: Trump says interim defense secretary will leave week earlier than planned. tensions in the defense department and the white house has skyrocketed. in his resignation letter, Mattis said he would remain in his role for more than three months. sources say Mattis quit ""in protest"" over the president's national security policies.",center,center
Defense Secretary James Mattis to leave as of January 1; Trump taps Patrick Shanahan as acting secretary of defense,"it is not immediately clear why Mattis' resignation was apparently moved up. in his resignation letter, Mattis had said he would remain in his role for more than three months. the president's first cabinet official in 40 years to resign over a stated policy difference with the president.",center,center
"F.B.I. Agent Peter Strzok, Who Criticized Trump in Texts, Is Fired","hr operative wrote disparaging and enlightening texts to president. he also oversees the investigation into the british woman's email accounts. lawyer: he's been fired for violating bureau policies, not demoted.",center,left
"F.B.I. Agent Peter Strzok, Who Criticized Trump in Texts, Is Fired",former anti-fake agent accused of sending a highly sensitive search warrant. he had previously written inflammatory texts to the president. the messages were exchanged during the 2016 campaign.,center,left
"F.B.I. Agent Peter Strzok, Who Criticized Trump in Texts, Is Fired",the attorney for former f.b.i. officer who discredited president. he says he was fired for violating bureau policies. he helped oversee the Hillary Clinton email and Russia investigations. the president has expressed satisfaction that he has been sacked.,left,left
"F.B.I. Agent Peter Strzok, Who Criticized Trump in Texts, Is Fired","in inflammatory text messages, spokesman calls president's comments ""sad"" ""sarah palin has taken the issue seriously,"" says tv personality. legal expert says firing sen. peter blatter is a 'depressant'",right,right
"F.B.I. Agent Peter Strzok, Who Criticized Trump in Texts, Is Fired",francis axworthy: fire of counterintelligence agent has violated bureau policies. axworthy: it is wrong to ignore public’s views that could be used to demonize the president. axworthy: firing of him violates bureau policies and would have made him unavailable.,left,right
"F.B.I. Agent Peter Strzok, Who Criticized Trump in Texts, Is Fired",fbi senior counterintelligence agent criticized president in inflammatory text messages. he helped oversee the Hillary Clinton email and Russia investigations. president denounced his actions but now says he has been sacked.,center,right
"F.B.I. Agent Peter Strzok, Who Criticized Trump in Texts, Is Fired",convicted spy who helped oversee the e-mail investigation has been fired for violating bureau policies. ex-f.b.i. agent has been sacked for violating bureau policies. strzok was accused of sending a highly sensitive search warrant to his personal email account. he has been accused of sending a highly sensitive search warrant to his personal email account.,left,center
"F.B.I. Agent Peter Strzok, Who Criticized Trump in Texts, Is Fired","fbi senior counterintelligence agent accused of sending sensitive search warrant. he was overseeing the investigation of Hillary Clinton email and Russia investigations. president reacted by assailing the Russia investigation as an illegitimate ""witch hunt"" he wrote text in which he called for a probe into the 2016 presidential election.",left,center
"F.B.I. Agent Peter Strzok, Who Criticized Trump in Texts, Is Fired",ex-fbi agent convicted in connection with alleged anti-nuclear bombing. he was accused of sending a highly sensitive search warrant to his personal email account. critics said he had misled and cheated.,left,center
FBI Agent Peter Strzok Fired Over Anti-Trump Text Messages,"attorney for special agent called the firing “a departure from typical Bureau practice” Strzok faces a 60-day suspension and a demotion. attorney says ""this decision should be deeply troubling to all Americans""",left,left
FBI Agent Peter Strzok Fired Over Anti-Trump Text Messages,special agent Peter Strzok has been fired from the bureau. strzok was taken off special counsel Robert Mueller’s team after his texts disparaging president Donald Trump were discovered. an fbi career official recommended that Strzok face a 60-day suspension and a demotion.,center,left
FBI Agent Peter Strzok Fired Over Anti-Trump Text Messages,"attorney: firing was done on orders of FBI Deputy Director David Bowdich. attorney: decision was taken to punish special agent for political speech. attorney says special agent's view ""not reflected in legal or ethical decisions"" special agent sped up special counsel's investigation into allegations of cheating.",left,left
FBI Agent Peter Strzok Fired Over Anti-Trump Text Messages,Strzok was taken off special counsel Robert Mueller’s team after texts found disparaging president. his lawyer argues that an official recommended that the agency suspend him. he has now been fired from the bureau.,center,right
FBI Agent Peter Strzok Fired Over Anti-Trump Text Messages,"a career official recommended that strzok face a 60-day suspension. Strzok had exchanged texts with former FBI official Lisa Page. the texts disparaged president Donald Trump as well as other politicians, including various Democrats.",right,right
FBI Agent Peter Strzok Fired Over Anti-Trump Text Messages,"special agent Peter Strzok has been fired after he was discovered to have sent racist, anti-Trump texts. an official advised that he face a 60-day suspension and a demotion. his attorney says the firing was taken despite a good review by senior staff.",center,right
FBI Agent Peter Strzok Fired Over Anti-Trump Text Messages,"attorney says firing of special agent a departure from typical Bureau practice. attorney for one of the nation’s top counterintelligence officers calls decision a departure. a career official recommended that Strzok face a 60-day suspension and a demotion. Strzok's texts exchanged by former agency official disparaged president, he testified last month.",center,center
FBI Agent Peter Strzok Fired Over Anti-Trump Text Messages,"special agent Peter Strzok's lawyer blasts firing despite recommendation from official. Strzok was taken off special counsel Robert Mueller’s team after texts were found. attorney: decision to fire special agent ""should be deeply troubling to all Americans""",left,center
FBI Agent Peter Strzok Fired Over Anti-Trump Text Messages,prosecutors discovered that special agent had sent texts disparaging president. attorney: fire shows that his views are protected by the first amendment. special agent has been on special counsel's team since he was fired.,center,center
President Wants to Use Executive Order to End Birthright Citizenship,"no clear indication he will be able to do so unilaterally. a federal judge issued a ruling over the matter in september. a u.s. appeals court has granted a $250 million appeal to an undocumented woman. at least 30 other countries grant automatic birthright citizenship, according to a study.",left,left
President Wants to Use Executive Order to End Birthright Citizenship,"ron paul: president, congress pushing executive order that would nullify birthright citizenship. he says the plan met with swift pushback from some even in his own party. he says republicans must be wary of legal challenge, as well as opponents. paul: a citizen of 50 states, 70 tries to become a citizen of that nation by eugeneously removing citizenship.",left,left
President Wants to Use Executive Order to End Birthright Citizenship,conservatives are critical of immigration reform. eric liu says president can't do away with birthright citizenship. he says there are obstacles to reform; some are asking for action. liu: the president should be cautious about those who are working in the u.s.,left,left
President Wants to Use Executive Order to End Birthright Citizenship,"sen. bob greene: president obama threatened senate's writ to remove birthright citizenship. he says if such an order is issued, other nations will not grant legal birthright citizenship. the white house will be ready to impose a constitutional amendment, he says. greene: a veto would end the right to naturalization, but would have legal hurdles.",left,right
President Wants to Use Executive Order to End Birthright Citizenship,"president will push executive order to nullify legal guarantee of birthright citizenship. critics say move would violate the country's ""free market"" model of american democracy. u.s. law states it is protected by the 14th amendment; no one can change it. attorney general says he will have a trial and is set to appeal it.",center,right
President Wants to Use Executive Order to End Birthright Citizenship,"president obama has long argued that citizens' birthright rights have long since vanquished. however, lawmakers have pushed back in opposition to his planned executive action. a number of states have legal provision to enact laws that make birthright citizenship unconstitutional.",left,right
President Wants to Use Executive Order to End Birthright Citizenship,"u.s. president vowed to clamp down on immigrants and immigration. a new executive order would not eviscerate birthright citizenship. ""it’s ridiculous. it’s ridiculous. and it has to end,"" he said. the move met with swift pushback from some even in his own party.",left,center
President Wants to Use Executive Order to End Birthright Citizenship,president said he's preparing an executive order that would nullify birthright citizenship. the plan met with swift pushback from some even in his own party. House speaker Paul D. Ryan said the president “obviously” cannot eviscerate birthright citizenship.,right,center
President Wants to Use Executive Order to End Birthright Citizenship,there is no clear indication that president will be able to do so unilaterally. president slams president boehner in his latest attempt to clamp down on immigration and immigration. he said in a tweet he was planning an executive order that would nullify birthright citizenship.,left,center
Donald Trump Vows To End Birthright Citizenship,"julian zelizer says a presidential action in congress would have no effect. all babies born in the u.s. are American citizens under the 14th amendment. this allows a legal battle in which most experts think he would fail. zelizer: if he does not act, the president may lose the election.",left,left
Donald Trump Vows To End Birthright Citizenship,president and congressional leaders are reviewing the legalities of removing birthright citizenship from the country. the 14th amendment is unconstitutional and would likely require a constitutional amendment. a legal battle over removing birthright citizenship could result in a legal battle.,left,left
Donald Trump Vows To End Birthright Citizenship,the 14th Amendment cannot be changed by presidential order. all babies born in the U.S. are American citizens under the 14th Amendment. a legal battle against such an order likely would lead to a legal war.,center,left
Donald Trump Vows To End Birthright Citizenship,"president-elect Donald Trump plans to change the right to citizenship for birthright American babies. the 14th amendment allows babies born in the U.S. to parents who aren’t citizens. the order would likely only be enacted by an act of congress, but it could be made by an executive order. if the president don’t follow through, that’s likely his biggest mistake, the british conservatives say.",right,right
Donald Trump Vows To End Birthright Citizenship,"all babies born in the U.S. are American citizens under the 14th Amendment. 'this is the last time we want to have immigrants into our system', says president obama. president may ask congress to end the 14th amendment.",right,right
Donald Trump Vows To End Birthright Citizenship,president Donald Trump has vowed to remove birthright citizenship from the country. a legal battle would be more likely if the president goes ahead with the law. the policy will have to be done through a constitutional amendment.,center,right
Donald Trump Vows To End Birthright Citizenship,"president nixon says he's considering an executive order challenging birthright citizenship. if he doesn’t follow through or succeed, the decision will likely be a legal battle. “the 14th Amendment’s citizenship guarantee” could be removed with executive order.",left,center
Donald Trump Vows To End Birthright Citizenship,"president tweets that he plans to stop the right to citizenship for babies born in the u.s. to parents who aren’t citizens. he also says it's ""ridiculous"" and the system ""has to end"" the president says he's considering executive order challenging birthright citizenship. a case likely will reshape the nation with undocumented immigrants being punished.",left,center
Donald Trump Vows To End Birthright Citizenship,president says he might remove right to citizenship for babies born to parents who aren't citizens. all babies born in the U.S. are american citizens under 14th amendment. president could also remove right to citizenship for some babies.,left,center
"Democrats urge Trump to cancel Putin summit, after indictment of Russian intel officers",senator on committee urges president to make alleged hacking a priority. a dozen russian intelligence officers are accused of hacking party emails. indictments of alleged hackers are pending in u.s. prosecutors. a white house spokesman says he was not told about the charges.,left,left
"Democrats urge Trump to cancel Putin summit, after indictment of Russian intel officers","two high-profile senate lawmakers urge president to cancel meeting with Putin. they want a priority in the meeting or make interference a priority, says rep. mark Warner. a dozen officials were indicted for allegedly hacking election emails. many democrats still want the summit to be delayed, especially with Mueller report.",center,left
"Democrats urge Trump to cancel Putin summit, after indictment of Russian intel officers","sen. mark Warner of virginia offers a ultimatum for meeting on the ""top of the list"" he urges president to make the ""topic of Russian interference a priority"" in the meeting. senator from california says there is a ""serious risk of possible collusion with the u.s. and other nations""",center,left
"Democrats urge Trump to cancel Putin summit, after indictment of Russian intel officers",senators urge president to cancel 2016 summit with Vladimir Putin. a dozen Russian intelligence officers are charged with hacking party emails. indictment appoints 12 more officers for the meeting in august. republican rep. marco rubio urges the president to slash foreign interference on saturday.,center,right
"Democrats urge Trump to cancel Putin summit, after indictment of Russian intel officers","the charges against 12 Russian intel officers stem from the 2016 election. the investigation comes hours before a democratic senator offered a ultimatum. ""there should be no one-on-one meeting between this president and Putin,"" senator said. ""this is consistent with what we have been saying all along,"" says the white house.",center,right
"Democrats urge Trump to cancel Putin summit, after indictment of Russian intel officers",the charges stem from a 2016 indictment against 12 Russian intel officers. senators say he has said he wants to make the matter of interference a priority. senators also ask the white house to call off the summit. the charges are clear and consistent with white house statements.,center,right
"Democrats urge Trump to cancel Putin summit, after indictment of Russian intel officers",new: white house downplays indictments and urges congress to cancel summit. new: sen. mark Warner suggests it could be cancelled if not immediately. a dozen Russian intelligence officers are accused of hacking party emails in 2016. the probe is aimed at detecting a tampering by the russian authorities.,left,center
"Democrats urge Trump to cancel Putin summit, after indictment of Russian intel officers","congressman says no one on one meeting could take place between the president and Putin. ""there should be no one-on-one meeting between this president and Putin,"" sen. mark Warner says. sen. chuck Schumer urges president obama to cancel the summit. sen. joe biden says there is no precedent for calling a summit with Putin cancelled.",center,center
"Democrats urge Trump to cancel Putin summit, after indictment of Russian intel officers",democratic senators urge the president to cancel his upcoming summit with Vladimir Putin. senator mark Warner has offered a ultimatum for the meeting. a dozen of the officers are accused of hacking 2016 election emails. other Democrats say the president should nix the summit regardless.,center,center
Texas Congressman Who Settled Harassment Case With Taxpayer Funds Resigns,rep. Blake farenthold used taxpayer funds to settle sexual harassment case. his case was the only settlement involving sexual harassment since 2013. taxpayer money was originally collected from the state of texas.,left,left
Texas Congressman Who Settled Harassment Case With Taxpayer Funds Resigns,"representative Blake Farenthold, who used taxpayer funds to settle a sexual harassment case, resigns. in 2013, he was accused of setting the tone for a hostile work environment in his office. in 2013 it was the only settlement involving sexual harassment involving his former communications director. his case was the only settlement involving sexual harassment since 2013, according to a recent congressional investigation.",left,left
Texas Congressman Who Settled Harassment Case With Taxpayer Funds Resigns,"Texan Rep. Blake Farenthold used taxpayer funds to settle sexual harassment case. he resigned from congress friday, thanks his staff and his family. he had been accused of setting the tone for a hostile work environment in his office.",right,left
Texas Congressman Who Settled Harassment Case With Taxpayer Funds Resigns,"rep. Blake Farenthold uses $84,000 in taxpayer funds to settle sexual harassment case. he was the only settlement involving sexual harassment since 2013. controversy about the payment and other aides' accusations prompted his resignation.",center,right
Texas Congressman Who Settled Harassment Case With Taxpayer Funds Resigns,"rep. Blake Farenthold used $84,000 in taxpayer funds to settle sex harassment case. he also used them to pay for medical expenses and lost a tax revenue. the texas house passed a resolution allowing him to retire in 2015. he announced his retirement in december.",right,right
Texas Congressman Who Settled Harassment Case With Taxpayer Funds Resigns,"rep. Blake farenthold will not run for re-election after sexual harassment accusations. he used taxpayer funds to pay former communications director, claims she unlawfully fired him. federal law requires individuals to show proof of their involvement. farenthold says he has not paid taxes; he may pay them back later.",left,right
Texas Congressman Who Settled Harassment Case With Taxpayer Funds Resigns,representative Blake Farenthold resigned from congress friday. he used taxpayer funds to settle sex harassment case with former communications director. federal investigation into sex harassment on friday began.,left,center
Texas Congressman Who Settled Harassment Case With Taxpayer Funds Resigns,rep. Blake Farenthold used taxpayer funds to settle case with ex-communication director. her lawsuit claiming that he had illegally fired her. farenthold was cleared of wrongdoing and promised to repay the settlement.,left,center
Texas Congressman Who Settled Harassment Case With Taxpayer Funds Resigns,"congressional member who paid $84,000 for sexual harassment case abruptly resigns. trey adams: congressman will ""use taxpayers' money to protect us"" he says: ""i'm a strong leader, a leader who knows how to be a strong voice for congress"" adams: taxpayers gave him $450,000 to settle the sexual harassment case with a former aide.",left,center
GOP Rep. Blake Farenthold Resigns After Sexual Harassment Allegations,"congressional veteran Blake farenthold has resigned from congress. he was criticized last year over reports he'd used taxpayer funds to settle claims. ""the workplace culture that was too permissive and decidedly unprofessional,"" he said.",center,left
GOP Rep. Blake Farenthold Resigns After Sexual Harassment Allegations,"the Texan congressman says he will resign after sexual harassment allegation. farenthold resigned in a statement and video, accompanied by an american flag. in a statement he quickly deleted his Twitter and Facebook profiles.",center,left
GOP Rep. Blake Farenthold Resigns After Sexual Harassment Allegations,"rep. Blake Farenthold resigns after reports of using taxpayer money to settle sexual harassment allegations. a few of his GOP colleagues urged him to resign over the accusations, but farenthold has repeatedly denied. farenthold also removed his twitter and facebook profiles from his account. the four-term congressman declared in december that he would not seek re-election in 2018.",right,left
GOP Rep. Blake Farenthold Resigns After Sexual Harassment Allegations,"""it’s been an honor and a privilege to serve,"" says congressman Blake farenthold. he promptly deleted his Twitter and facebook profiles. farenthold said he planned on serving out the remainder of his term in congress.",right,right
GOP Rep. Blake Farenthold Resigns After Sexual Harassment Allegations,"farenthold has deleted his twitter and facebook accounts. the former communications director claimed he had sexual fantasies. farenthold, now a republican, had stated he wouldn’t seek re-election in 2018.",right,right
GOP Rep. Blake Farenthold Resigns After Sexual Harassment Allegations,"republican rep. Blake farenthold resigns in a video released in the aftermath of sexual harassment claims. he used taxpayer funds to settle a lawsuit against his former communications director, the company said.",left,right
GOP Rep. Blake Farenthold Resigns After Sexual Harassment Allegations,"Blake farenthold declared in December that he would not seek re-election in 2018. reports emerged that he used taxpayer money to settle sexual harassment claims. ""it’s been an honor and a privilege to serve,"" he said in a statement.",right,center
GOP Rep. Blake Farenthold Resigns After Sexual Harassment Allegations,texas congressman Blake farenthold resigns from congress. he blamed a lawsuit he filed against his former communications director. he says his workplace culture was too permissive and unprofessional.,left,center
GOP Rep. Blake Farenthold Resigns After Sexual Harassment Allegations,former communications director accused rep. Blake farenthold of sexual fantasies. farenthold removed his twitter and facebook profiles. he is awaiting changes to the Congressional Accountability Act. the resignation will affect any return to the state.,left,center
Trump says 'too many voices are being destroyed' by social media censorship,"president says too many voices are being destroyed. he is not a fan of censorship, but is referring to it as ""discriminatory and illegal"" he also promises that he would work with people.",left,left
Trump says 'too many voices are being destroyed' by social media censorship,"president says ""too many voices are being destroyed"" on twitter. social media giants have been under fire for allegedly censoring accounts. he says the platform is only useful when it’s immediately relevant.",right,left
Trump says 'too many voices are being destroyed' by social media censorship,"president Trump hits out at social media giants for ""discriminating"" against conservatives. he says ""too many voices are being destroyed""",left,left
Trump says 'too many voices are being destroyed' by social media censorship,"president is on twitter targeting social media giants for ""discriminating"" against conservatives. both Facebook and twitter have been under fire for allegedly censoring accounts. president has criticized the tech giants' ""shadow ban"" policy.",right,right
Trump says 'too many voices are being destroyed' by social media censorship,"president Trump on Twitter takes aim at social media giants for ""discriminating"" against Republican and conservatives. tech giants say it is not censoring, but ranking tweets ""to best organize tweets for timely relevance"" twitter: ""we certainly don’t shadow ban based on political viewpoints or ideology"" other tech companies say it is in agreement that its data is not being used to ""censor"" conservatives.",center,right
Trump says 'too many voices are being destroyed' by social media censorship,"president ""let everybody participate, good & bad, and we will all just have to figure it out!"" tweets. ""too many voices are being destroyed,"" he says in post on social media. both facebook and twitter have been under fire for allegedly censoring accounts.",right,right
Trump says 'too many voices are being destroyed' by social media censorship,"president Trump says too many voices are being destroyed. social media giants say they are not discriminating against conservatives. the president uses facebook daily, tweeting about how he intends to fight back.",center,center
Trump says 'too many voices are being destroyed' by social media censorship,"presidents on both platforms have been under fire for allegedly censoring accounts. both Facebook and twitter have been under fire for allegedly censoring accounts. presidents say they ""cannot have a strong coalition in place"" and ""just have to figure it out"" twitter says that it does not shadow ban accounts based on political views or ideology.",left,center
Trump says 'too many voices are being destroyed' by social media censorship,"president-elect claims too many voices are being destroyed by tech giants. tech giants say they do not shadow ban, but rank tweets and search results. a former executive says the company ""badly mishandled"" communications with them. facebook and twitter have been under fire for allegedly censoring accounts.",center,center
"Trump Attacks Justice Department As 'Deep State,' Calls For Jailing Top Clinton Aide","tweet comes shortly after allegations of former president clinton aide Huma abedin. he said abedin allegedly forwarded state department emails from campaign. he also said aide to 2016 election rival Hillary Clinton should be jailed. he said justice department must act on ""Comey and others""",right,left
"Trump Attacks Justice Department As 'Deep State,' Calls For Jailing Top Clinton Aide","Trump says aide to 2016 election rival Hillary Clinton should be jailed. obama says white house is ""overly reluctant"" to release a spy agency report. the two men are believed to have met to discuss the 2016 campaign.",right,left
"Trump Attacks Justice Department As 'Deep State,' Calls For Jailing Top Clinton Aide","new york gov. bill clinton calls for the country to ratchet up its efforts to reform the system. he wants top legal adviser to 2016 aide to be jailed. president said aide to top wife, former secretary of state, should be jailed.",left,left
"Trump Attacks Justice Department As 'Deep State,' Calls For Jailing Top Clinton Aide",aide to 2016 presidential candidate could be jailed if guilty of conspiracy to defraud. the 2016 campaign chairman said the justice department should act on 'comey and others' tweet was apparently in response to emails released by the state department on Friday.,right,right
"Trump Attacks Justice Department As 'Deep State,' Calls For Jailing Top Clinton Aide","president Donald Trump says aide to 2016 election rival Hillary should be jailed. aide to former president bobby jindal says he is prepared to launch the probe. ""it's time to act on this,"" says a spokesman for the republican candidate.",left,right
"Trump Attacks Justice Department As 'Deep State,' Calls For Jailing Top Clinton Aide",tweet says former Clinton aide Huma abedin should be jailed for sending emails. bruce schneier: tweet follows calls from democrats to jail former Clinton aide. he says the former aide should be released as part of the ongoing probe into hacking. schneier: white house wants a president who can trust his intelligence to act.,left,right
"Trump Attacks Justice Department As 'Deep State,' Calls For Jailing Top Clinton Aide","sen. lindsey graham says president slams ""deep state"" justice department. graham: new tweet also lashed out at former aide to 2016 senate candidate. tweet was apparently response to uncovered emails from aide to democrats. graham: justice department must act on ""Comey and others"" after investigation.",left,center
"Trump Attacks Justice Department As 'Deep State,' Calls For Jailing Top Clinton Aide",Trump is addressing the 2016 election from his holiday home in florida. he lashed out at former Clinton aide Huma abedin. abedin allegedly forwarded State department emails to a personal account.,right,center
"Trump Attacks Justice Department As 'Deep State,' Calls For Jailing Top Clinton Aide","tweet: president Donald Trump calls for jailing of former aide to campaign rival. tweet comes in response to emails exposing former aide's emails during 2016. he also criticizes the agency for failing to conduct its own investigations. john kerry says the tweet has been seen as a ""satirical and offensive"" response.",center,center
Trump Accuses Former Clinton Aide of Failing to Follow Security Protocols,"president says former Clinton aide failed to follow security protocols. john mccain: criticizing his own justice department strikes familiar tones for new year. he says critics should take a ""soft touch"" with aide, call a ""deep state"" the emails found on wife's laptop are a sore spot for Mrs. Clinton.",left,left
Trump Accuses Former Clinton Aide of Failing to Follow Security Protocols,"president made his first ""Crooked Hillary"" tweet. he urged his administration to investigate a former aide, calling his own justice department a ""deep state"" aide, Huma abedin, forwarded some government passwords to her private Yahoo email account in 2009. the emails were found on the laptop of her now estranged husband, Anthony D. Weiner.",left,left
Trump Accuses Former Clinton Aide of Failing to Follow Security Protocols,"president Trump attacks former Clinton aide over breach of security protocols. critics say he omitted certain government passwords when she was secretary of state. afghanistan's afghan president praises his efforts to protect the country's security. president obama is planning a treasury investigation, experts say.",center,left
Trump Accuses Former Clinton Aide of Failing to Follow Security Protocols,president made his first 'Crooked Hillary' tweet less than 48 hours into new year. he accused a former Clinton aide of failing to follow basic security protocols. tweet followed an article in the daily caller about his own justice department.,center,right
Trump Accuses Former Clinton Aide of Failing to Follow Security Protocols,"a former aide has been accused of violating basic security protocols. thursday, he posted a tweet accusing her of failing to follow a set of security protocols. mr. andrew hammond and peter king have not been seen in public in several years.",left,right
Trump Accuses Former Clinton Aide of Failing to Follow Security Protocols,"president made his first ""Crooked Hillary"" tweet less than 48 hours into new year. tweet accused former aide of failing to follow security protocol in 2009. it followed an article in the daily caller.",right,right
Trump Accuses Former Clinton Aide of Failing to Follow Security Protocols,"president made first ""Crooked Hillary"" Twitter post less than 48 hours into new year. he said a former Clinton aide had ignored basic security protocols. a former aide, Huma abedin, forwarded some government passwords to her private Yahoo email account. he called his own justice department a ""deep state"".",left,center
Trump Accuses Former Clinton Aide of Failing to Follow Security Protocols,"president has accused former Clinton aide of ignoring security protocols. he called his own justice department a ""deep state"" on the posting on his twitter. twitter attack followed article from conservative newspaper which called him ""crooked Hillary""",left,center
Trump Accuses Former Clinton Aide of Failing to Follow Security Protocols,"president has criticized justice department for not investigating his opponents. he made his first 'Crooked Hillary' tweet in new year, says aide had hacked her account. aide Huma abedin forwarded some government passwords to private Yahoo.",left,center
"GOP Rep. Duncan Hunter, Wife Indicted On Campaign Finance Fraud Charges","representative, wife, husband indicted on charges of improperly using campaign funds. indictment accuses them of making efforts to hide expenses, citing government rules. couple used money to pay for children’s tuition, he said.",left,left
"GOP Rep. Duncan Hunter, Wife Indicted On Campaign Finance Fraud Charges","rep. Duncan and his wife indicted on charges of improperly using campaign funds. indictment accuses them of making efforts to hide their personal expenses. couple spent thousands of dollars at shopping malls, restaurants, surf shops.",right,left
"GOP Rep. Duncan Hunter, Wife Indicted On Campaign Finance Fraud Charges","rep. Duncan Hunter is indicted on charges of improperly using campaign funds. the charges relate to a two-year investigation that began in 2009. they used funds for their children’s tuition, charity spending and shopping.",right,left
"GOP Rep. Duncan Hunter, Wife Indicted On Campaign Finance Fraud Charges","rep. Duncan Hunter and wife, Margaret, are indicted for improperly using campaign funds. pair charged with using funds for private use; charges relate to $250,000 fraud. indictment says they used political money to pay for their children's tuition.",center,right
"GOP Rep. Duncan Hunter, Wife Indicted On Campaign Finance Fraud Charges","rep. Duncan Hunter and his wife accused of improperly using campaign funds. a grand jury indicted them on charges of filing false campaign finance records. a grand jury indicted the Hunters on charges relating to more than $250,000. if convicted, they may face federal charges over the election in november.",left,right
"GOP Rep. Duncan Hunter, Wife Indicted On Campaign Finance Fraud Charges",two-term senator and wife indicted on charges. indictment alleges their expenses were for personal benefit and enjoyment. couple used funds to pay for children’s tuition and spent thousands at shopping malls.,center,right
"GOP Rep. Duncan Hunter, Wife Indicted On Campaign Finance Fraud Charges","indictment: ''one purpose was for... democrats to enrich themselves'' federal prosecutor says ''not only have we made this case, we acted professionally'' federal prosecutor says they didn't pay campaign money.",left,center
"GOP Rep. Duncan Hunter, Wife Indicted On Campaign Finance Fraud Charges","a grand jury indicts house rep. Duncan Hunter and wife Margaret on charges of improper use of campaign funds. the charges are a result of a two-year investigation. the couple spent thousands of dollars on shopping malls, restaurants and surf shops, the indictment says. if accused of using campaign funds for their personal benefit, Hunter said, ""it was an accident and I paid it back""",left,center
"GOP Rep. Duncan Hunter, Wife Indicted On Campaign Finance Fraud Charges","indictment accuses the family of making efforts to hide their expenses. they also allegedly used political money to pay for their children's tuition. ""it was an accident and I paid it back,"" he says of improper spending.",right,center
"Representative Duncan Hunter Is Indicted, Accused of Misusing Campaign Funds","house speaker has backed a house candidate in a case involving the former obama administration. house speaker rick santorum said it is ""very disappointing"" that senator didn't vote in favor of him. congressional democrat david schulte also says they don't want to be accused of corruption. schulte says that bringing this charge against him is ""purely politically motivated""",right,left
"Representative Duncan Hunter Is Indicted, Accused of Misusing Campaign Funds","rep. Duncan Hunter indicted for allegedly spending campaign funds on trips to Hawaii and Italy. reelection opponent says indictment ""is purely politically motivated"" second u.s. congressman to be indicted this month after rep. chris collins was. fallout from investigation is likely to be statewide for the u.s. with ""zero tolerance""",left,left
"Representative Duncan Hunter Is Indicted, Accused of Misusing Campaign Funds","u.s. rep. Duncan Hunter was indicted by a federal grand jury in california. john avlon: the indictments are purely politically motivated. he says charges are rooted in money laundering, not in politics. avlon: state will take legal action if people turn their votes against him.",left,left
"Representative Duncan Hunter Is Indicted, Accused of Misusing Campaign Funds","re-election of calif., california, could push gop out of the house. the indictment is based on a month-long criminal investigation. his wife, a senior adviser, is accused of using campaign funds to pay for personal expenses. ""this action is purely politically motivated,"" said a spokesman for him.",left,right
"Representative Duncan Hunter Is Indicted, Accused of Misusing Campaign Funds","democrats, republicans are demanding a re-election fight for new house seat. justice department indicts legislator and his wife over spending allegations. he also has a $600 airline ticket for a pet rabbit. he became the second congressman to be indicted this month.",left,right
"Representative Duncan Hunter Is Indicted, Accused of Misusing Campaign Funds","re-election indictment puts allegations of fraud on california representative's record. indictment alleges he raked in campaign money and expenses. two democrats, new york democrat and michael brown, already face charges. texas governor can't be detained and faces federal charges.",left,right
"Representative Duncan Hunter Is Indicted, Accused of Misusing Campaign Funds","a federal grand jury has indicted democrat, state rep. Duncan hunter. hunter and wife, Margaret, are accused of paying for private expenses. indictment says they used campaign funds for personal expenses, other expenses. democrats have been promised to clean up corruption, but hunter can’t vote.",left,center
"Representative Duncan Hunter Is Indicted, Accused of Misusing Campaign Funds",a federal grand jury indicted california rep. daniel mccormack on corruption charges. mccormack: he did the right thing with his own money and was well-funded. mccormack: he would have been a big blow to democrats if he had won house seat. he says he would be trying to evade paying the charges and allowing it to stand.,left,center
"Representative Duncan Hunter Is Indicted, Accused of Misusing Campaign Funds","house speaker biden will likely face ""very difficult"" charges. spokesman says it is ""purely politically motivated"" senators are likely to have tough time defending democrats if they win the u.s. house.",left,center
Senate Democrats’ Vote to End Shutdown Infuriates Some on the Left,"liberals accuse senators of betrayal, threaten primaries. liberal groups urging members to sign up for rallies aimed at urging reforms. house speaker john boehner has threatened to reject gop demands. ""nothing can be done to ensure the best interests of the president are at center stage,"" says john boehner.",left,left
Senate Democrats’ Vote to End Shutdown Infuriates Some on the Left,liberals say lawmakers betrayal of promise to end shutdown. house will never take up bill to provide legal status to young immigrants. one liberal says Democrats will not go for reform until it's ratified. new: conservatives and conservatives face political problems in the senate.,center,left
Senate Democrats’ Vote to End Shutdown Infuriates Some on the Left,"partisan tension between two republike states increases the pressure on the left. ""the grass-roots are rightly furious with a slew of elected Democrats,"" moves expert says. bill will offer legal status to young undocumented immigrants brought to the country as children. liberals accuse lawmakers of betrayal and threaten to mount primaries.",center,left
Senate Democrats’ Vote to End Shutdown Infuriates Some on the Left,liberal groups accuse lawmakers of betrayal and threaten primaries. they accuse senators of capitulating to protect senators up for re-election in November. liberals fear the shutdown could hurt their supporters and win voters over.,right,right
Senate Democrats’ Vote to End Shutdown Infuriates Some on the Left,liberals accuse the lawmakers of betrayal. house Republicans want to protect young immigrants. their fight could be triggered by a new immigration bill.,right,right
Senate Democrats’ Vote to End Shutdown Infuriates Some on the Left,"liberals say lawmakers betrayal as they mount primaries against some of the Democrats who voted yes. meanwhile, house republicans are still reluctant to veto a bill giving legal status for young undocumented immigrants brought to the country. move by 33 senators to end shutdown in exchange for a promised immigration vote enrages liberals.",center,right
Senate Democrats’ Vote to End Shutdown Infuriates Some on the Left,liberals are angry with the decision by senators to end shutdown. they say there is no way to offer legal status for undocumented immigrants. one says it's the one word they know in spanish: maana.,center,center
Senate Democrats’ Vote to End Shutdown Infuriates Some on the Left,liberals say majority of senators voted not to give immigration vote to shutdown. democratic aides criticize house leaders for being fearful of primaries. some delegates have accused president barack obama of misdeeds.,left,center
Senate Democrats’ Vote to End Shutdown Infuriates Some on the Left,liberals have questioned the democratic decision to end the government shutdown. they feared that the house would never give up on the measure. democrats also have threatened to mount primaries against some of the Democrats. u.s. politicians are being attacked at the prospect of an illegal immigrant wall.,left,center
Liberals Fume At 'Worst Negotiator' Chuck Schumer After Deal To End Shutdown,"liberal groups slam Democrats, including sen. mitch michael korbin, for giving away leverage. democrats exchange votes to fund government in exchange for an assurance from mitch clinton. korbin says any plan to protect the undocumented young people is doomed to fail. conservative groups fear an immigration bill will pass the house without the house support.",left,left
Liberals Fume At 'Worst Negotiator' Chuck Schumer After Deal To End Shutdown,"democratic senators vote to fund government in exchange for n.y. senator's promise of legislation. liberal groups accuse senators of taking leverage from the liars in washington. sen. feinstein warns he could push back with a plan that would put ""dreamers at risk""",left,left
Liberals Fume At 'Worst Negotiator' Chuck Schumer After Deal To End Shutdown,some liberal groups say Schumer gave leverage for nothing. they slam the deal but say there was no indication of progress. the deal would fund the government to fund children bringing legal status to u.s.,right,left
Liberals Fume At 'Worst Negotiator' Chuck Schumer After Deal To End Shutdown,"liberals furious at sen. mitch and rep. chris christie for giving liars too much leverage. in exchange, sen. mitch mcconnell promised to raise funding for the government. critics say he hasn't promised a bill will reach president obama's desk. democrats believe they can tame the deal and hope it ends with a republican victory.",left,right
Liberals Fume At 'Worst Negotiator' Chuck Schumer After Deal To End Shutdown,liberal groups and the conservative movement are outraged over the compromise. they blame the deal on the 'liar' who gave away leverage to Trump's base. liberal groups also criticize the agreement.,center,right
Liberals Fume At 'Worst Negotiator' Chuck Schumer After Deal To End Shutdown,"a deal agreed between the u.s. and s.c. on millions of dollars in tax dollars to fund u.s. defenses. a proposal from a minority vote for immigration legislation was approved on Monday. a liberal activist said there was no assurance a bill will pass in the house. some liberal activists say sen. mitch and sen. mitch skowhegan, the gop leaders, would vote on the deal.",center,right
Liberals Fume At 'Worst Negotiator' Chuck Schumer After Deal To End Shutdown,"moderate party: ""this is a bad, outrageous deal.... this will fail."" despite support for the bill, ""there are still a lot of ways to protect the undocumented"" liberal groups angry that the deal isn't going to reach the presidency.",left,center
Liberals Fume At 'Worst Negotiator' Chuck Schumer After Deal To End Shutdown,"liberal groups slam Democrats for giving away leverage without a firm promise that an immigration bill would reach president Trump's desk. credo action's Murshed Zaheed says Schumer is the worst negotiator in the nation. moveOn.org: any plan that relies on the word of serial liars like mitch. McConnell says that if he doesn’t pass an immigration bill in the house, it will still be a bipartisan solution.",left,center
Liberals Fume At 'Worst Negotiator' Chuck Schumer After Deal To End Shutdown,"senate majority leader is said to be the worst negotiator in washington. liberal groups blast the deal for giving away leverage. one group calls the deal a ""disgraceful, outrageous deal""",left,center
"Trump vows birthright citizenship ‘will be ended one way or the other,’ as Hill debate rages","president Trump vows birthright citizenship will be end ""one way or the other"" he took aim at former senator democrats and said he was considering killing policy. the issue has long been a contentious one in the u.s. but people are willing to abide by it.",center,left
"Trump vows birthright citizenship ‘will be ended one way or the other,’ as Hill debate rages","president vowed Wednesday that birthright citizenship will end ""one way or the other"" he also took aim at former Senate democratic leader Harry Reid. ""what if we grant birthright citizenship?"" he asked, adding that this ""does not violate the 14th amendment""",right,left
"Trump vows birthright citizenship ‘will be ended one way or the other,’ as Hill debate rages","president vowed birthright citizenship will end ""one way or the other"" he compared the policy to those of illegal immigrants born on its soil. his stance is not covered by the 14th Amendment.",left,left
"Trump vows birthright citizenship ‘will be ended one way or the other,’ as Hill debate rages","president vowed birthright citizenship will end ""one way or the other"" on twitter. he also took aim at former senator from democrats who claimed they were right in 1993. those who wish to restrict birthright citizenship may need to ask their own lawmakers. cnn's max durrant says he thinks it would be ""tough and gruesome""",left,right
"Trump vows birthright citizenship ‘will be ended one way or the other,’ as Hill debate rages","president tweets that his plans to end birthright citizenship are ""one way or the other"" he also takes aim at former Senate democratic leader Harry Reid. senator: the policy costs our Country billions of dollars.",left,right
"Trump vows birthright citizenship ‘will be ended one way or the other,’ as Hill debate rages","president vowed Birthright citizenship will end ""one way or the other"" on twitter. he also took aim at former senator and former senator, Harry Reid. the president is asking congress for a legal order to remove birthright citizenship.",right,right
"Trump vows birthright citizenship ‘will be ended one way or the other,’ as Hill debate rages","president says ""birthright citizenship"" isn't covered by 14th amendment. he also takes aim at former Senate democratic leader Harry Reid. his policy is ""very unfair"" to our citizens and costs our Country billions of dollars.",left,center
"Trump vows birthright citizenship ‘will be ended one way or the other,’ as Hill debate rages","president president vowed birthright citizenship would end ""one way or the other"" he also took aim at former senator and democratic leader Harry Reid. he was discussing taking action after it emerged he had considered killing the policy.",left,center
"Trump vows birthright citizenship ‘will be ended one way or the other,’ as Hill debate rages","president Trump vows birthright citizenship will end “one way or the other”. he also took aim at former senators, including former senator Harry Reid. ""no sane country would award citizenship to children of illegal immigrants,"" he said.",center,center
"John McCain, Top Democrats Call On Trump To Cancel Putin Meeting","a senior administration source told NBC that there was “zero” chance meeting would be canceled. a few lawmakers signed a letter calling on president to cancel the meeting. senators in hawaii, nevada and u.s. and russia will speak to debating the case.",left,left
"John McCain, Top Democrats Call On Trump To Cancel Putin Meeting","a senior administration source tells NBC that there is ""zero"" chance the private meeting will be canceled. senators, senators and members of the house foreign affairs committee called for the cancellation. the ten-person cia, snoop dogg and philip hammond have criticized the meeting.",left,left
"John McCain, Top Democrats Call On Trump To Cancel Putin Meeting","a senior administration source says that there is “zero” chance the meeting could be cancelled. senators John McCain, Chuck Schumer and Ted Lieu call on the president to cancel. the latest announcement of a pair of indictments claims that a dozen Russians were behind a 2016 election.",center,left
"John McCain, Top Democrats Call On Trump To Cancel Putin Meeting","the u.s. government said there is a ""zero"" chance talks will be canceled. a senior administration source said there was a ""zero"" chance talks will be canceled. some members of the house, senate and democrats signed letters calling on Trump to cancel the meeting. the two men have been accused of hacking and hacking political emails.",center,right
"John McCain, Top Democrats Call On Trump To Cancel Putin Meeting","a senior administration source says there is “zero” chance meeting between two men will be canceled. indictments accuse 12 former u.s. officials of hacking a campaign to take advantage of 2016 election. meanwhile, congressional republicans have vowed to fight indictments, citing 2016.",center,right
"John McCain, Top Democrats Call On Trump To Cancel Putin Meeting","senators, major league soccer, senators call on u.s. president to cancel Putin meeting. one-on-one meeting at summit ""should not move forward,"" sen. mark Warner says. sen. martin luther king calls for cancellation of trip, saying u.s. can’t love us. indictments allege a dozen Russian intelligence officers hacking democratic party emails.",center,right
"John McCain, Top Democrats Call On Trump To Cancel Putin Meeting","a senior administration source says there is ""zero"" chance a meeting between the two men would be canceled. McCain says if Trump isn't prepared to hold Putin accountable, the talks ""should not move forward"" Lieu: ""a man who is overseeing an all-out attack on America’s democracy""",left,center
"John McCain, Top Democrats Call On Trump To Cancel Putin Meeting",the meeting will not be held on monday. a senior administration source said that there was “zero” chance the meeting would be canceled. Sen. John McCain and 18 members of the house foreign affairs committee called on the president to cancel his meeting with Vladimir Putin.,left,center
"John McCain, Top Democrats Call On Trump To Cancel Putin Meeting",a senior administration source told NBC that there was “zero” chance the private meeting between the two men would be canceled. Sen. john McCain and colleagues urge the president to cancel the meeting. a senior white house official said it is likely the talks between the two men will be canceled.,center,center
Democrats Say Trump Should Cancel Putin Meeting After Indictments,indictment: 12 russian intelligence officers hacked democratic party and personal details. sen. bush urged mr. obama to pull out of meeting with mr. Putin in Helsinki. house intelligence committee members call for cancelling on Monday.,left,left
Democrats Say Trump Should Cancel Putin Meeting After Indictments,leading Democrats call on President Trump to cancel Putin meeting on Monday. they say he should confront Putin from a position of strength in Helsinki meeting. 12 intelligence officers were indicted in connection with hacking dnc and Hillary's campaign.,right,left
Democrats Say Trump Should Cancel Putin Meeting After Indictments,leading Democrats call for president Trump to cancel meeting with Putin. justice department indicts 12 russian intelligence officers. indictment accuses them of hacking democratic emails during 2016 presidential race. top republicans were mostly mute.,center,left
Democrats Say Trump Should Cancel Putin Meeting After Indictments,leading Democrats say president should cancel meeting with Putin after indictment. 12 suspected officials accused of hacking presidential election in 2016. indictment is part of an open investigation led by a special counsel. but top Republicans are mostly mute.,center,right
Democrats Say Trump Should Cancel Putin Meeting After Indictments,top Republicans in washington were mostly mute. top Republicans asked for President Trump to cancel meeting with president. 12 officials from the u.s. intelligence service were indicted. one federal agency says he met with senior officials in their national security offices.,center,right
Democrats Say Trump Should Cancel Putin Meeting After Indictments,leading Democrats call for president to cancel upcoming meeting with Vladimir V. Putin. the president's indictment alleges 12 russian intelligence officers hacked democratic emails.,right,right
Democrats Say Trump Should Cancel Putin Meeting After Indictments,"top Republicans were mostly mute, but a handful of those in the room were mute. some on house foreign affairs committee call for president to cancel putin meeting. 12 Russian intelligence officers were indicted on hacking charges. senior democrats say summit will have more time to prepare for change of leadership.",center,center
Democrats Say Trump Should Cancel Putin Meeting After Indictments,"top Republicans mostly mute, but a handful urged the president to cancel the meeting. the indictments show that everyone but the president seems to understand Putin. six more senior members of the u.s. intelligence agencies were indicted in a grand jury. a white house spokesman said a russian government had ""very little inclination""",left,center
Democrats Say Trump Should Cancel Putin Meeting After Indictments,"a grand jury indicts 12 russian intelligence officers for hacking the 2016 presidential election. u.s. supreme court is considering a request for an investigation into ties between the two countries. democratic leader neil patton of west virginia calls on president to stand up to Putin. despite the allegations, top republicans say the meeting should move forward.",center,center
"Jim Mattis, Defense Secretary, Resigns in Rebuke of Trump’s Worldview","defense secretary resigns in protest of president's decision to withdraw troops from Syria. resigned in protest of president's decision to withdraw roughly 2,000 troops from Syria. he asked aides to print out 50 copies of his resignation letter and distribute them.",center,left
"Jim Mattis, Defense Secretary, Resigns in Rebuke of Trump’s Worldview","defense secretary resigned in protest of president Trump’s decision to withdraw american forces from Syria. a retired four-star marine general, he was rebuffed. he asked aides to print out 50 copies of his resignation letter and distribute them around the building.",center,left
"Jim Mattis, Defense Secretary, Resigns in Rebuke of Trump’s Worldview",his resignation was the final of president Trump’s old-guard national security team. he will leave at the end of February. a federal judge ruled that the president’s decision was made at the discretion of his aides.,left,left
"Jim Mattis, Defense Secretary, Resigns in Rebuke of Trump’s Worldview","resigning to protest withdrawal of 2,000 troops from Syria was a step too far. a retired four-star marine general asked aides to print out 50 copies of his resignation letter. officials said he asked aides to print out 50 copies of his resignation letter and distribute them.",left,right
"Jim Mattis, Defense Secretary, Resigns in Rebuke of Trump’s Worldview",resigns in protest of president's decision to withdraw american troops from Syria. remarks come as congress appears to be hurtling toward a government shutdown. officials said the retired four-star marine general went to the white house with his resignation letter already written.,center,right
"Jim Mattis, Defense Secretary, Resigns in Rebuke of Trump’s Worldview",defense secretary has resigned from office in protest of president's decision to withdraw troops from Syria. he asked aides to print out 50 copies of his resignation letter and distribute them around the building. his resignation came as congress appeared to be hurtling toward a government shutdown.,right,right
"Jim Mattis, Defense Secretary, Resigns in Rebuke of Trump’s Worldview",officials say defense secretary rebuffed in rebuke of president. he was last of a mercurial president’s old-guard national security team. he asked aides to print out 50 copies of his resignation letter and distribute them.,center,center
"Jim Mattis, Defense Secretary, Resigns in Rebuke of Trump’s Worldview","resigning comes amid widespread criticism of u.s. troop withdrawal from crisis in libya. sen. mark roberts says he is frustrated at the way his resignations have affected his work. he says some analysts are focusing on the potential recurrence of iraq war. a republican congressman says his decision to resign shows an ""unprecedented"" mood.",left,center
"Jim Mattis, Defense Secretary, Resigns in Rebuke of Trump’s Worldview","defense secretary resigns to protest withdrawal of troops from syria. he cites his peace, stability, and ability to take a calculated risk. he asked aides to print out 50 copies of his resignation letter. official: he was rebuffed in a last attempt to persuade the president.",left,center
Trump Says Defense Secretary Jim Mattis Will Retire In February,"defense secretary, who won confirmation in 2016, will retire at end of february. resignation letter from military general to president shows his final day in office will be february 28. in other tweets, he writes that he disagrees with president's positions on foreign policy and counterterrorism.",center,left
Trump Says Defense Secretary Jim Mattis Will Retire In February,Trump tweets that defense secretary will retire at end of february. his resignation letter indicates he will be leaving at the end of february. Mattis wrote that his views were aligned with his own on foreign policies.,center,left
Trump Says Defense Secretary Jim Mattis Will Retire In February,Trump tweets he is retiring from his post as defense secretary. he replaced retiring general and army chief garrison reid. the retired marine led the central command from 2010 to 2013.,right,left
Trump Says Defense Secretary Jim Mattis Will Retire In February,"Trump tweets that defense secretary will be retiring at the end of february. retired general who headed central command in 2010 to 2013 echoed his call for stronger military. ""im proud of the progress that has been made over the past two years,"" he wrote.",right,right
Trump Says Defense Secretary Jim Mattis Will Retire In February,"president Trump tweets that his defense secretary will retire at end of february. john avlon says the president will not be concerned about a temporary replacement. avlon: he is expected to hold the cabinet post for a month. avlon: his resignation is not a surprise, considering the ramifications of removing troops.",left,right
Trump Says Defense Secretary Jim Mattis Will Retire In February,tim stanley: president Trump tweeted that defense secretary will retire in february. stanley: he was the first defense secretary to be named in his first cabinet. he says the secretary's resignation would mean he would retire on february 28. stanley: the resignation could mean another challenge for the defense department.,center,right
Trump Says Defense Secretary Jim Mattis Will Retire In February,"president Trump tweets resignation of defense secretary, Jim Mattis, at end of Feb. 28. Mattis, a retired marine general, was one of inauguration's first cabinet picks. president insisted he would continue to work with president obama.",center,center
Trump Says Defense Secretary Jim Mattis Will Retire In February,president Donald Trump tweets that defense secretary Jim Mattis will step down. he wrote a letter of resignation to Trump to indicate his last day in office will be february 28. Mattis served more than four decades in the military and headed the U.S. central command from 2010 to 2013.,right,center
Trump Says Defense Secretary Jim Mattis Will Retire In February,"president Donald Trump tweets that dr. Jim mattis will retire in february. mattis, a retired marine general, was one of his first Cabinet picks. his resignation letter indicates his final day in office will be february 28. the military budget bill infringes on his legacy of 30 years in the military.",left,center
"FBI fires Peter Strzok, months after anti-Trump texts revealed","attorney for Strzok says firing is a departure from standard practice. the attorney has hit back, claiming this was a departure from standard practice. he had previously criticized the intelligence community's bias in investigation. but he says it's a political stunt and his allegations are ""not a genuine matter""",right,left
"FBI fires Peter Strzok, months after anti-Trump texts revealed","attorney for 9/11 suspect says action should be ""deeply troubling to all Americans"" president tweets, ""it is a total hoax."" he also calls for a recall of the special counsel probe. ""simply put, this is what i did.... i don’t care,"" attorney says.",left,left
"FBI fires Peter Strzok, months after anti-Trump texts revealed",a 21-year FBI veteran has been fired as a lawyer for an alleged conspiracy to sabotage the 2016 investigation. his lawyer calls the firing a departure from standard practice. he's alleged to have acted in self-defense against president obama and his supporters. he's been in charge of the upcoming special counsel's investigation of the sex assault scandal.,left,left
"FBI fires Peter Strzok, months after anti-Trump texts revealed","""a whole century of apolitical bias"" was a hallmark of the FBI, the white house announced. attorney claims the firing was a departure from standard practice and politically motivated. president has cast the fired agent as a poster child for anti-Trump bias within the bureau. ""a great day eve!"" tweeted mike ashcroft, a former ""godfather"" of the investigation.",right,right
"FBI fires Peter Strzok, months after anti-Trump texts revealed","the president, referring to their ""clowns and losers"" tweets: ""it is a total hoax"" a Strzok attorney says he's fired because he was not subject to the usual rules and is politically motivated. ""this decision should be deeply troubling to all Americans,"" the attorney says.",left,right
"FBI fires Peter Strzok, months after anti-Trump texts revealed","the u.s. president tweeted, ""finally"" on the firing of the former u.s. FBI agent. attorney: firing of strzok was a departure from standard practice and politically motivated. he had been a lead role in both the russian meddling and the 'witch hunt' probes. president has criticized him as the poster child for anti-Trump bias in the agency.",left,right
"FBI fires Peter Strzok, months after anti-Trump texts revealed","attorney say his client was fired friday because of a departure from standard practice. Strzok was subject to standard FBI review and disciplinary process, attorney says. president tweets: ""it is a total Hoax. No Collusion, No Obstruction - I just fight back!""",center,center
"FBI fires Peter Strzok, months after anti-Trump texts revealed",striker appeared to launch new twitter account to fire back. attorney: client was subject to standard FBI review and disciplinary process. Strzok played a lead role in both the Russian meddling and the. Hillary Clinton email probes.,right,center
"FBI fires Peter Strzok, months after anti-Trump texts revealed","""it is a total Hoax,"" president tweets about firing of ''fb official'' Peter Strzok. attorney defended his client, claiming it's politically motivated. he also posted a fundraising page for his client, saying he's ""deeply saddened""",center,center
Suspect arrested in Florida in connection with suspicious packages sent to Democrats,female suspect arrested in rash of packages sent to prominent Democrats. federal authorities had been focusing on florida as the location where majority of packages originated. each envelope consisted of a manila envelope with a bubble-wrap interior containing potentially destructive devices.,left,left
Suspect arrested in Florida in connection with suspicious packages sent to Democrats,"male suspect arrested in connection with packages sent to prominent Democrats. suspect identified as Cesar Sayoc from aventura, florida. the suspect is white male in his 50s, who used to live in new york.",left,left
Suspect arrested in Florida in connection with suspicious packages sent to Democrats,"suspect identifies as Cesar Sayoc of Aventura, Florida. he is in his 50s and used to live in new york. some of the packages were sent to prominent democratic lawmakers.",left,left
Suspect arrested in Florida in connection with suspicious packages sent to Democrats,"female suspect suspected of sending suspicious packages. packages are believed to have been sent to prominent demael christie candidates. these packages are believed to have originated in santa clarita, texas.",left,right
Suspect arrested in Florida in connection with suspicious packages sent to Democrats,"cesar Sayoc was arrested on friday morning. he's a white male in his 50s, who used to live in new york. the packages were shipped from a box that contained explosives.",center,right
Suspect arrested in Florida in connection with suspicious packages sent to Democrats,reports identify male suspect who mailed suspicious packages. they were sent to prominent figures in party's favor. the packages include a sealed envelope with potentially destructive devices.,left,right
Suspect arrested in Florida in connection with suspicious packages sent to Democrats,"male suspect arrested for suspicious packages sent to prominent Democrats. suspect identified as cesar Sayoc of Aventura, Florida. package included a manila envelope with a bubble-wrap interior.",center,center
Suspect arrested in Florida in connection with suspicious packages sent to Democrats,"sources identified suspect to Fox News as Cesar Sayoc of Aventura, Florida. suspect is in his 50s, used to live in new york and had prior arrests for terroristic threats. a separate law enforcement source said suspect is a white male in his 50s.",right,center
Suspect arrested in Florida in connection with suspicious packages sent to Democrats,Several of the packages were addressed with a computer-printed address label and six stamps. the packages all consisted of a manila envelope with a bubble-wrap interior. a separate law enforcement source told Fox News that the suspect is a white male in his 50s.,right,center
"Rep. Duncan Hunter, wife indicted on corruption charges in California",cnn obtained a letter from lawyer Gregory Vega asking a u.s. attorney to postpone indictment. Vega also claims bias from prosecutors who supported democrats. he says his wife filed false records and was aware of the spending. the couple used campaign funds to pay for family vacations to Italy and Hawaii.,right,left
"Rep. Duncan Hunter, wife indicted on corruption charges in California","congressional candidate's wife, legal adviser, was indicted. the charges were filed under the 48-page indictment. they are charged with illegally converting $250,000 in campaign funds for personal expenses. house speaker blasted the charges as ""deeply serious""",left,left
"Rep. Duncan Hunter, wife indicted on corruption charges in California","congressional leaders suspend congressional hearings on new federal indictment. prosecutors accused lawmakers of converting money for personal expenses. allegations included family vacations to Italy and Hawaii, school tuition, dental work.",center,left
"Rep. Duncan Hunter, wife indicted on corruption charges in California","indictment alleged that the fugitive had a personal income ranging from $550,000 to $250,000. the congressional speaker said he would remove the congressman from all committee assignments for the time being. hunt's lawyers alleged that Hunter and his wife used campaign funds to pay for family vacations to Italy and Hawaii.",left,right
"Rep. Duncan Hunter, wife indicted on corruption charges in California","congressional action sought in new indictment by house speaker. alleged crimes include illegally converting campaign funds for personal expenses. indictment said: ""the couple spent tens of thousands of dollars"" on expenses.",left,right
"Rep. Duncan Hunter, wife indicted on corruption charges in California","the charges relate to illegally converting $250,000 in campaign funds for personal expenses and falsifying records. prosecutors alleged the pair used campaign funds to pay for family vacations, school tuition, dental work, and domestic and international travel. house speaker and attorney for hunt argued their cases were politically motivated because of their early support of president.",left,right
"Rep. Duncan Hunter, wife indicted on corruption charges in California","rep. Duncan Hunter's lawyer allegedly told campaign treasurer about “unsafe spending” he was doing. the couple then allegedly repaid the campaign about $60,000 in campaign funds. the allegations could lead to a delay in the prosecution, house speaker Paul nixon says.",right,center
"Rep. Duncan Hunter, wife indicted on corruption charges in California",indictment accuses his wife of illegally converting campaign funds for personal expenses. lawmakers say they will remove him from committee assignments pending prosecution. indictment says that his wife fabricated a false statement when she told him he was a fugitive.,center,center
"Rep. Duncan Hunter, wife indicted on corruption charges in California","rep. Duncan Hunter, R-Calif., and his wife, Margaret, were indicted on charges of illegally converting $250,000 in campaign funds for personal expenses. they alleged they spent “tens of thousands of dollars” on items ranging from movie tickets, fast food, golf outings, groceries and home utilities. the indictment says the pair used campaign funds to pay for family vacations to Italy and Hawaii, school tuition, dental work, and domestic and international travel. house speaker Paul Ryan is expected",center,center
Schumer bashed by the left over shutdown-ending deal,the left over shutdown-ending deal led to the senator's cave to Republicans. most progressive groups are critical of senator's actions. the left also claims the shutdown is a political issue. the senator's supporters are expected to show the fallacy of their support.,right,left
Schumer bashed by the left over shutdown-ending deal,the ruling house could soon vote on a spending bill that would help DREAMers. it is unclear whether the deal will become law but the two party leaders have to meet first. conservative groups say senator's move was a sign that things are getting out of hand.,center,left
Schumer bashed by the left over shutdown-ending deal,"new: ""it’s like the government is going to take a back seat,"" former party chairman says. he's taken some heat as he caves in for shutdown talks with republicans. the democratic party has called the stand-off a political malpractice.",left,left
Schumer bashed by the left over shutdown-ending deal,"four-term new york senator faces criticism for caving to Republican leadership. ""this deal was morally reprehensible and political malpractice,"" Indivisible says. liberals say that Schumer is still a key leader.",left,right
Schumer bashed by the left over shutdown-ending deal,"the conservative group Indivisible Nation attacks progressive senator for cave. many say their support is down. the shutdown deal is ""morally reprehensible and political malpractice,"" an expert says. democrats will be tough on the gop if the deal is approved by the senate.",right,right
Schumer bashed by the left over shutdown-ending deal,obama campaign praises conservatives and advocates on shutdown. ny senator's caving to conservatives shows he is a leftist. conservatives fear this is a gimmick on some issues.,right,right
Schumer bashed by the left over shutdown-ending deal,"""this deal was morally reprehensible and political malpractice,"" says Indivisible. many in the liberal base called it ""a stunning display of moral and political cowardice"" one group in congress called it a ""no-start"" and said a ""huge bungling""",left,center
Schumer bashed by the left over shutdown-ending deal,"progressive groups and political pundits have criticised senator's stance on the shutdown. they say he caved to Republican plans to stop the government from fully operating. one says it was a ""stunning display of moral and political cowardice"" some have said his leadership role is overshadowed by the shutdown.",right,center
Schumer bashed by the left over shutdown-ending deal,"conservatives condemn Senate leaders' cave in to Republican support. ""the big blue wave"" that Schumer hopes will make him senatorial majority leader will not build itself. but conservative and right-wing groups are applauding Schumer's behavior. the shutdown shutdown is expected to last at least three months before a full shutdown is approved.",left,center
Texas Rep. Blake Farenthold resigns from Congress,"texas congressman was sued by ex-aides in 2014. he's said he was attracted to women with red hair. he had previously canceled his campaign, but resigned friday.",right,left
Texas Rep. Blake Farenthold resigns from Congress,a texas congressman resigns following allegations of sexual harassment. the federal judge will decide whether to issue a formal apology. farenthold has been charged with sex offenses on a number of occasions.,left,left
Texas Rep. Blake Farenthold resigns from Congress,"resigns from congress after multiple allegations of sexual harassment, misconduct. former staffer says farenthold was making sexually graphic jokes. farenthold promised to repay $84,000 in taxpayer money for settlement.",right,left
Texas Rep. Blake Farenthold resigns from Congress,rep. farenthold says he was not discriminated against because of his family. farenthold had said he wouldn't run for re-election in 2018 midterm election. he sent a letter to the governor of texas to let him know about his resignation. farenthold has been accused of sexual harassment and misconduct.,center,right
Texas Rep. Blake Farenthold resigns from Congress,"farenthold resigns from congress following allegations of sexual harassment, misconduct. he was sued by his former aide, Lauren Greene, in 2014. he has pledged to repay the $84,000 in taxpayer money spent to settle the claim.",right,right
Texas Rep. Blake Farenthold resigns from Congress,"sen. boston slams texas legislator's sexual harassment, misconduct. former aide claims farenthold asked her for a threesome. farenthold sends letter to governor saying he will continue to resign.",left,right
Texas Rep. Blake Farenthold resigns from Congress,"farenthold resigned from congress after multiple allegations of sexual harassment. in 2014, his former aide, who claimed he asked her for a threesome, sued him. farenthold says he was not looking for a new role in the 2018 midterm election.",center,center
Texas Rep. Blake Farenthold resigns from Congress,"texas rep. Blake farenthold quits despite allegations of sexual harassment. staffers accused him of commenting on size of women's breasts. farenthold promises to repay $84,000 taxpayer money spent to settle claims.",right,center
Texas Rep. Blake Farenthold resigns from Congress,"texas resigns after complaints of sexual harassment. former aide claims rep. farenthold asked her for a threesome. he also said he was ""attracted to women with red hair"" and ""faking jokes""",left,center
Trump Accuses Social Media Firms of Discrimination Against Conservatives,"president tweeted on Saturday that conservative voices were being unfairly censored. he asked twitter users to block the companies’ actions and come out before the midterms. social media companies are stepping up enforcement practices, offering tougher penalties.",center,left
Trump Accuses Social Media Firms of Discrimination Against Conservatives,"president says conservative voices unfairly censored on social media. he says that ""censorship is a very dangerous thing"" social media sites have banned pages and accounts in recent weeks.",left,left
Trump Accuses Social Media Firms of Discrimination Against Conservatives,"president Trump speaks out on social media saying conservative voices are being unfairly censored. he suggested that if his allies’ accounts continued to be shut down, he might intervene. social media platforms have been trying to disrupt midterm elections, and banned Alex Jones.",center,left
Trump Accuses Social Media Firms of Discrimination Against Conservatives,"president tweets that conservative voices are being unfairly censored on social media. he says on twitter that ""censorship is a very dangerous thing"" social media firms promised to step up enforcement practices, he says.",right,right
Trump Accuses Social Media Firms of Discrimination Against Conservatives,president Trump suggested conservative voices were being unfairly censored. social media companies have promised to step up enforcement practices. twitter has made posts invisible to everyone except the posters themselves. social media companies have banned pages and accounts in recent weeks.,center,right
Trump Accuses Social Media Firms of Discrimination Against Conservatives,"president tweeted saturday that conservative voices were being unfairly censored. he said social media companies are “totally discriminating against Republican/Conservative voices"" the president's twitter feed posted images of the president on his golf club, bedminster.",right,right
Trump Accuses Social Media Firms of Discrimination Against Conservatives,"president tweets that conservative voices are being unfairly censored on social media. in tweets sent from his golf club in bedminster, he suggested the social media companies had to step up enforcement. social media companies have promised to step up their enforcement practices. many have posted messages from outside sources to protest, obama campaigns.",left,center
Trump Accuses Social Media Firms of Discrimination Against Conservatives,president hints he might intervene if conservative accounts continue to be shut down. social media companies promised to step up enforcement practices. social media companies accused conservatives of being unfairly censored.,center,center
Trump Accuses Social Media Firms of Discrimination Against Conservatives,"social media companies have promised to step up enforcement practices. they have banned pages for being involved in activity intended to disrupt midterm elections. the president said if his allies’ accounts continued to be shut down, he might intervene.",center,center
Donald Trump's Social Media Solution? A Free-For-All For Both The 'Good And Bad',"errol louis: president Donald Trump uses twitter to tear into social media firms. louis: he accuses them of ""closing down the opinions of many people on the RIGHT""",center,left
Donald Trump's Social Media Solution? A Free-For-All For Both The 'Good And Bad',"Trump says too many voices are being destroyed, some good and some bad. he accuses social media giants of “closing down the opinions of many people on the RIGHT""",right,left
Donald Trump's Social Media Solution? A Free-For-All For Both The 'Good And Bad',"Trump takes to twitter to protest social media companies. he says too many voices are being ""discriminated,"" and that cannot be allowed. he said they were closing down opinions of people on the RIGHT, while doing nothing to others.",right,left
Donald Trump's Social Media Solution? A Free-For-All For Both The 'Good And Bad',"Trump uses twitter to lash out at social media giants on the right. he says they are too discriminating against RIGHT voices. he says they have shut down opinions of many on the RIGHT while doing nothing else. but he also says ""let everybody participate, good & bad, and we will all have to figure it out!""",center,right
Donald Trump's Social Media Solution? A Free-For-All For Both The 'Good And Bad',"john sutter: tweet with right bias isn't the end of the story. he accuses social media giants of ""closing down the opinions of many people on the RIGHT"" sutter: ""let everybody participate, good & bad, and we will all just have to figure it out!""",left,right
Donald Trump's Social Media Solution? A Free-For-All For Both The 'Good And Bad',"Trump tweets that too many voices are being destroyed, good and bad. he accused social media giants of ""closing down the opinions of many people on the RIGHT"" ""it is the only way to combat this problem in the first place,"" tweets a member of congress. the social media companies have banned conspiracy theorist Alex Jones from their platforms.",center,right
Donald Trump's Social Media Solution? A Free-For-All For Both The 'Good And Bad',"president Trump used Twitter to tear into social media companies. he claimed they were “totally discriminating against Republican/Conservative voices” Trump: “let everyone participate, good & bad, and we will all have to figure it out!”",right,center
Donald Trump's Social Media Solution? A Free-For-All For Both The 'Good And Bad',"Trump admonishes social media giants as closing down the opinions of some people. also tweets he thinks the problem is in ""the open"" re-broadcasting of conservative news.",right,center
Donald Trump's Social Media Solution? A Free-For-All For Both The 'Good And Bad',"Trump tweets that too many voices are being destroyed. president claims companies are ""totally discriminating against Republican/Conservative voices"" said that can't be allowed to happen.",center,center
"'Jail!' Trump slams 'crooked' Hillary aide Huma, calls on 'Deep State' DOJ to act","'crooked' Hillary aide Huma abedin accused of using ""classified"" passwords to gain access to classified files. the president appeared to call on 'Deep State' to take action. last week, washington released a list of classified documents taken from her aide's emails.",right,left
"'Jail!' Trump slams 'crooked' Hillary aide Huma, calls on 'Deep State' DOJ to act","president said the ""Deep State"" justice department should act. he also called on the agency to look at potential security issues. this comes after a news dump on a sexting case against her husband, wine.",right,left
"'Jail!' Trump slams 'crooked' Hillary aide Huma, calls on 'Deep State' DOJ to act","'crooked' Hillary Clinton aide Huma abedin accused of breaching security. the president appeared to call on the 'deep state' justice department to act. he suggested a double standard may be at play, compared with lack of punishment for aides.",right,left
"'Jail!' Trump slams 'crooked' Hillary aide Huma, calls on 'Deep State' DOJ to act",''crooked' aide Huma abedin accused of breaking security protocols. president seemed to call for new scrutiny of her handling of classified material. a recent email dump came as it was found on laptop belonging to her husband. abedin was also accused of sending sensitive emails to her personal laptop.,right,right
"'Jail!' Trump slams 'crooked' Hillary aide Huma, calls on 'Deep State' DOJ to act","Huma abedin's emails were discovered by the federal government on her husband’s laptop. abedin forwarded sensitive State department emails to her personal Yahoo email account. abedin also sent passwords for her government laptop to her personal laptop on august 24, 2009. abedin also forwarded sensitive State Department emails to her personal Yahoo account in 2009.",center,right
"'Jail!' Trump slams 'crooked' Hillary aide Huma, calls on 'Deep State' DOJ to act","""crooked"" Hillary Clinton aide Huma abedin accused of breaching basic security protocols. president appeared to call on the 'Deep State' justice department to act. the president said her emails could be classified in the future.",left,right
"'Jail!' Trump slams 'crooked' Hillary aide Huma, calls on 'Deep State' DOJ to act",Huma abedin accused of disregarding basic security protocols. she has been in prison since 2013 after the Yahoo hack. revelations of classified emails shook the 2016 election.,right,center
"'Jail!' Trump slams 'crooked' Hillary aide Huma, calls on 'Deep State' DOJ to act","ambrose kelly: ""crooked"" Hillary Clinton aide Huma abedin, 'a crooked' aide', is 'f****** crooked' she wrote to her husband, who was arrested for sending inappropriate communications to her husband. abedin 'put classified passwords into the hands of foreign agents', she says. kelly: ""remember sailors pictures on the submarine? Jail!"" Trump slams ""crooked"" ",left,center
"'Jail!' Trump slams 'crooked' Hillary aide Huma, calls on 'Deep State' DOJ to act",the president went after 'crooked' aide Huma abedin on Tuesday. he appeared to call on 'Deep State' justice department to act. the president also suggested a double standard is at play.,right,center
Donald Trump Signals He Has Investigators Looking Into Obama Citizenship Issue In Hawaii,"real estate tycoon Donald Trump hopes questions won't be defining issue if he's running for re-election. ""i want to see the birth certificate,"" Trump said. ""i'm not convinced that he has one,"" he said of the birth certificate issue.",right,left
Donald Trump Signals He Has Investigators Looking Into Obama Citizenship Issue In Hawaii,"real estate tycoon Donald Trump says he will decide by June whether to run for president. he hopes questions about Barack Obama’s citizenship won't be defining issue if he runs. ""it's a big possibility"" that he may have violated the constitution, he says.",right,left
Donald Trump Signals He Has Investigators Looking Into Obama Citizenship Issue In Hawaii,"real estate tycoon has made an impact on the state of u.s. citizenship. he believes it is a ""big possibility"" that he could have violated the constitution. he didn't introduce the citizenship issue during an interview a month ago. the white house says it has received a response but it would not guarantee it.",left,left
Donald Trump Signals He Has Investigators Looking Into Obama Citizenship Issue In Hawaii,"poll: 29% say that they will choose the race after the election. despite concerns about the birth certificate issue, Trump says he is not convinced he has one. if he's nominated, ""i’d like to beat him straight up,"" says tycoon. he has a re-election chance on october 2.",center,right
Donald Trump Signals He Has Investigators Looking Into Obama Citizenship Issue In Hawaii,"real estate tycoon hopes questions about Barack Obama's citizenship won't be defining issue. president says he wants to beat him straight up, not on the basis of birth issue. he said he didn't introduce the citizenship issue but was asked about it a month ago.",right,right
Donald Trump Signals He Has Investigators Looking Into Obama Citizenship Issue In Hawaii,the real estate tycoon wants to beat president barack obama at the ballot box. he tells NBC that he'll decide by June whether to run for president.,left,right
Donald Trump Signals He Has Investigators Looking Into Obama Citizenship Issue In Hawaii,"real estate tycoon says he hopes question about citizenship will be unaffected in re-election race. a national NBC/WSJ poll shows Trump tied for 2nd with Mike Huckabee in 2012 race. ""i'm not convinced that he has one,"" Trump said in a NBC interview. he's on ""Today"" and believes there's ""a big possibility"" he may have violated the constitution.",right,center
Donald Trump Signals He Has Investigators Looking Into Obama Citizenship Issue In Hawaii,"real estate tycoon Donald Trump said he hopes questions won’t be defining issue in campaign. if nominated, ""i’d like to beat him straight up,"" not on birth issue, he said in interview. in 2012, he's tied for second with Mitt Romney, who leads pack at 21 percent. a national NBC/WSJ poll released yesterday shows him tied for second at 17 percent.",right,center
Donald Trump Signals He Has Investigators Looking Into Obama Citizenship Issue In Hawaii,"Trump says if he runs, he'd like to beat him ""straight up"" not on birth issue. he said he's looking into whether he should be nominated as president. national NBC/WSJ poll: Trump tied for 2nd among tea party supporters.",center,center
"Trump Sends Investigators to Hawaii, Gains in GOP Presidential Primary Poll","""his grandmother said he was born in Kenya,"" Trump said on 'Today' last week. ""i have people that actually have been studying it and they cannot believe what they're finding,"" he says. ""i will decide by June whether to run,"" the real estate tycoon says. poll puts him second among potential 2012'republicans'",right,left
"Trump Sends Investigators to Hawaii, Gains in GOP Presidential Primary Poll","""birthers"" have demanded more proof that he was born in the u.s. if the president is rescinded he can't be president. real estate tycoon ""the celebrity apprentice"" says he doubts that Obama was born in the united states. some have taken the wrong approach, but ""there's no evidence of that""",right,left
"Trump Sends Investigators to Hawaii, Gains in GOP Presidential Primary Poll","tycoon Donald Trump says he has doubts about whether President Obama was born in the united states. he has sent investigators to Hawaii looking for answers to his questions about whether he's natural-born. ""birthers"" have demanded more proof, including a birth certificate.",center,left
"Trump Sends Investigators to Hawaii, Gains in GOP Presidential Primary Poll","fake birth certificate says president has an ""easy to get"" birth certificate. the real estate tycoon said he will decide by June whether to run for president.",center,right
"Trump Sends Investigators to Hawaii, Gains in GOP Presidential Primary Poll",former governor mike ashcroft gave a few other factors to a potential 2012 presidential race. presidents eliot spitzer and peter king were the top three. spitzer and spitzer were the only two other u.s. presidential hopefuls.,left,right
"Trump Sends Investigators to Hawaii, Gains in GOP Presidential Primary Poll",the l.a.-based real estate tycoon said he has doubts about whether president Obama was born in the country. he questioned whether Obama is constitutionally allowed to be president if he does not prove he is a natural-born citizen. Trump says he'll decide by June whether to run for president.,right,right
"Trump Sends Investigators to Hawaii, Gains in GOP Presidential Primary Poll","official certified health insurance policy was passed on to Obama. president obama says he knows nothing of his birth family. real estate tycoon has sent investigators to Hawaii. obama's birth certificate is hard to get, he says.",left,center
"Trump Sends Investigators to Hawaii, Gains in GOP Presidential Primary Poll",a congressional panel found president obama is natural born. but the probe says president eric holder is unauthorized to come here. the president is battling for a presidential nomination in 2012. the president is expected to be asked by the senate by june 6 to testify about his citizenship.,right,center
"Trump Sends Investigators to Hawaii, Gains in GOP Presidential Primary Poll","real estate tycoon Donald Trump says he's skeptical of whether president was born in the united states. he says he has send investigators to Hawaii to look for more proof about his birth status. president is a natural-born citizen, official says; he's also not given birth certificate. ""his grandmother in Kenya said he was born in Kenya,"" says white house spokesman.",center,center
Obama Taunts G.O.P.  for Ignoring Jobs Bill,"obama promotes his job-creation plans as the senator begins next week’s partisan debate over his plans. at the same time he took his biggest shot not at the measure’s partisan opponents, but at the majority in the house. he tweaked house Republicans for passing a resolution on Tuesday reaffirming the national motto, “In God we Trust,” when they should be creating jobs.",left,left
Obama Taunts G.O.P.  for Ignoring Jobs Bill,"president Obama took his biggest shot not at his opponents in the Senate, but at those in the House. he used the nation's motto, “In God We Trust,” when they should be creating jobs. he slammed his $447 billion job-creation plan because it would be paid for with higher taxes on those with taxable income.",right,left
Obama Taunts G.O.P.  for Ignoring Jobs Bill,"president visited another bridge in need of repair near Washington to promote his job-creation proposals. but while pressuring Senate for approval of $60 billion in infrastructure spending, he took biggest shot at house Republicans. he said the nation should be adding jobs to a problem that has been hit by the housing bubble. he tweaked a republican bill for not passing a bill repealing the national motto, ""In God We Trust,"" when they should be creating jobs.",right,left
Obama Taunts G.O.P.  for Ignoring Jobs Bill,president spoke in aid push near one aging bridge in need of repairs. he says millions more need to be rebuilt. president was addressing unemployed construction workers. democrats say his plan has a political clout for getting the job done.,right,right
Obama Taunts G.O.P.  for Ignoring Jobs Bill,"president took biggest shot not at opponents in Senate, but at those in the house. he pressed for approval of $60 billion in infrastructure spending. critics say $68 billion will help american cities, a critical part of infrastructure spending.",right,right
Obama Taunts G.O.P.  for Ignoring Jobs Bill,"president pushed for $60 billion in infrastructure spending, including tax cuts for workers, state aid to avoid layoffs. but insisted that the work should be done because of the massive amount of road and bridge work. the white house plans to cut jobs as a whole but the president also plans to do something else.",left,right
Obama Taunts G.O.P.  for Ignoring Jobs Bill,"president went to washington, d.c., to promote job-creation proposals. he took biggest shot at house republicans for passing a measure on Tuesday. he said he trusts in God – but God wants us to see people put back to work.",right,center
Obama Taunts G.O.P.  for Ignoring Jobs Bill,"president's job-creation proposals in need of repair will be adopted by the House. he gave a speech at the bridge and the event stage in Potomac, which is due for completion. the house will be prompted to adopt the $600 billion stimulus package.",left,center
Obama Taunts G.O.P.  for Ignoring Jobs Bill,white house pressurized for approval of $60 billion in infrastructure spending. he took biggest shot at the house and the house over his jobs plan. critics said they may be a little too harsh to justify spending cuts.,left,center
House Reading of Constitution Is Not Without Issues,"members of the house of representatives began to read the United States Constitution aloud from the chamber’s floor. republicans challenged the document, saying that the document does not contain explicit authority. they said it contains legal provisions, and it does not contain provisions for equal opportunity. the language used by the majority of congressional republicans is unclear and has not been clarified yet.",left,left
House Reading of Constitution Is Not Without Issues,"sen. chuck stone: it was not exactly ceremonial, but all members began reading document aloud. stone: while no vote was taken on amendments, it was a very clear and coherent document. many say they would have no say over who would oversee the legality of the document. stone: the constitutional document is a law of democracy.",left,left
House Reading of Constitution Is Not Without Issues,"lawmakers read the United States Constitution aloud from the chamber’s floor. before a word of the preamble could be uttered, questions raised on reading. house leaders were not happy with the direction they were taking.",left,left
House Reading of Constitution Is Not Without Issues,"a debate about which preamble would be read in the 112th congress occurred on Thursday. ""we the people"" is not included in any version that was not cited in the convention documents. a vote on the read amendments has not occurred, and this is not a partisan issue.",left,right
House Reading of Constitution Is Not Without Issues,"house republicans read u.s. constitution aloud ahead of 112th congressional session. the content of the document must be cited to justify legislation passing. amendments were included, but no section would be read. senate democrats say that this is not a violation of the constitution.",left,right
House Reading of Constitution Is Not Without Issues,"the 112th Congress begins on tuesday for its first reading, the preamble to the constitution. the draft will be read aloud, with excerpts and other amendments deleted. john avlon, co-chairman of the house republicans, will co-lead the reading. republicans voted on whether to read part of the constitution through the house.",left,right
House Reading of Constitution Is Not Without Issues,"in the 112th Congress, house members read the constitution aloud from floor. the language fluttered through the chamber, despite the plight of some blacks. the republican-led senate and the white house have not passed the convention yet.",center,center
House Reading of Constitution Is Not Without Issues,the 112th Congress will cite the Constitution as the source of its authority. it is expected that a majority of the vote in the 12th congress will be in the house. both chambers voted overwhelmingly to accept the preamble of the u.s. constitution.,left,center
House Reading of Constitution Is Not Without Issues,a group of republicans introduced legislation that would read a federal statute. they opted out of making any portion of the document superseded by amendments. those amendments were repealed and repealed.,left,center
Weiner Denies Sending Photo but Is Less Sure About Its Origin,"representative andrew k. kucinich's ""conversation with the victims"" on the story goes viral. he denies he sent a suggestive photo to a woman, telling people that he is not hers. democrat says he did not know the woman who received the photo, which he says is the photo of his. he said he had hired an internet security company and a lawyer to investigate.",left,left
Weiner Denies Sending Photo but Is Less Sure About Its Origin,representative of congress livid by bizarre photo-sharing site in washington. obama says he is now ready to run in 2016; john sutter says that will be too soon. bill clinton says he has not yet met with clinton over tweet.,left,left
Weiner Denies Sending Photo but Is Less Sure About Its Origin,rep. Anthony Weiner denies sending a picture that appeared to be of him. he says he believes the account was infiltrated by a hacker or a prankster. he says he cannot be certain that he is not the person in the picture. he says he has no connections to the ohio school where the photo was found.,left,left
Weiner Denies Sending Photo but Is Less Sure About Its Origin,"rep. Anthony Weiner says he could not be sure he is not the person sent a photo of him. he denies that he sent photo to a woman who hasn’t spoken out. he says his twitter account was infiltrated by a hacker, prankster. democrats have urged congress to avert such an event.",left,right
Weiner Denies Sending Photo but Is Less Sure About Its Origin,"representative says the sender did not know she had the photo. ""it is going to be a big mistake for me,"" he tells reporters. ""this was essentially a hacked account,"" he says. representative says he is trying to clear a loophole that he could not fix.",right,right
Weiner Denies Sending Photo but Is Less Sure About Its Origin,"democrat says he is unsure who sent the photo to the woman he said was his. he has hired an internet security company to look into the matter. on obamacare, he said he does not feel guilty for woman who got the photo. he said he has not spoken out and would not consider becoming mayor of america.",left,right
Weiner Denies Sending Photo but Is Less Sure About Its Origin,rep. daniel weiner says he was sent a 'gag photo' on his twitter account. he said he can't be sure where the photo came from. he denies he sent the photo to student who found him in the middle of a controversy.,right,center
Weiner Denies Sending Photo but Is Less Sure About Its Origin,"representative andrew kurtz says he is not behind photo, saying hacker could not be his. the democrat says he is unsure whether he is the person in the photo. he says he knows about the photograph but has never spoken to his wife. kurtz says he is not a prankster who sent a photo to a student.",left,center
Weiner Denies Sending Photo but Is Less Sure About Its Origin,congressman denied account had a suggestive photo sent to a woman. he said he could not be certain that he is not the person in the image. he hired a security company and a lawyer to look into the matter.,center,center
Perry Goes After Obama Over Don't Ask Don't Tell,"Perry says ""there's something wrong"" when gays are allowed to serve openly. he adds that ""i'll fight against liberal attacks on our religious heritage"" the ad is intended to highlight the prohibition against praying in public schools. Perry netted just 6 percent support among likely caucus-goers.",right,left
Perry Goes After Obama Over Don't Ask Don't Tell,"rick Perry says he'll end president obama's war on religion. the ""war on religion"" is about gays and lesbians serving in the military. ""we're not ashamed to admit I'm a Christian,"" he says.",right,left
Perry Goes After Obama Over Don't Ask Don't Tell,"neil richards-graham: 'i'll fight against liberal attacks on our religious heritage' he says in an ad airing in Iowa, he will end ""[President] Obama's war on religion"" he says he'll support a war on open service of gays and lesbians in military. richards-graham: ""this is just the most recent example of an administration at war with people of faith""",left,left
Perry Goes After Obama Over Don't Ask Don't Tell,"texas governor says he will end ""Obama's war on religion"" he is running in the 2014 presidential election for reelection.",right,right
Perry Goes After Obama Over Don't Ask Don't Tell,"Rick Perry says he's on track to end president barack obama's war on religion. but the Texas governor has been heavily critical of the administration's culture policies. he says the policy is ""at war with people of faith in this country""",left,right
Perry Goes After Obama Over Don't Ask Don't Tell,"poll: candidates are just six percent of likely Republican caucus-goers. new ad in the u.s. calls for abortion and prayer restrictions in public schools. ""ethical issues and cultural issues must be addressed,"" says Rick Perry.",left,right
Perry Goes After Obama Over Don't Ask Don't Tell,"Rick Perry pledges to end ""[President] Obama's war on religion"" in new ads in Iowa. he rails against open service of gays and lesbians in military and the prohibition against prayer. he decried the use foreign aid to promote rights for gays and lesbians abroad.",right,center
Perry Goes After Obama Over Don't Ask Don't Tell,"new: campaign campaign ad: ""i'll end Obama's war on religion"" in ad in Iowa. new: ""no i'm going to play politics with christianity,"" says a campaign ad. he hasn't publicly endorsed christianity in his ad. he says public schools are illegal place to pray and celebrate holidays.",left,center
Perry Goes After Obama Over Don't Ask Don't Tell,"cnn opinion poll shows ad supporting perry has only 6 percent support. ad also criticized ""religious attacks on our religious heritage"" Perry: ""as president, I'll end Obama's war on religion""",left,center
Perry Ad Focuses on Gays and Christianity,"new ad by texas governor contrasts church to homosexuality. ""as president, I’ll end Obama’s war on religion,"" he says in ad. the ad is criticized by the Log Cabin Republicans. the group says it is ""wrong"" to assume being a person of faith doesn't afford one to support equality.",right,left
Perry Ad Focuses on Gays and Christianity,"in a new ad, governor tells people he will end the war on religion. he also claims he will end the 'don’t ask, don't tell' policy on gays serving in military. the ad was denounced by a group that says he is running to be commander-in-chief.",right,left
Perry Ad Focuses on Gays and Christianity,Rick Perry ads seem to compare Christianity with homosexuality. ads highlights remarks by gov. rick pooh that gays can't pray in school. ad also vows to end what he calls 'obama's war on religion',left,left
Perry Ad Focuses on Gays and Christianity,"new ad by president rick perry calls for ending ""obama’s war on religion"" he also vows to end policy allowing gays serving military. ""financial liberty and individual responsibility"" are key components of civil rights.",left,right
Perry Ad Focuses on Gays and Christianity,governor Rick Perry has endorsed his ad to end the war on religion. the state is trying to appeal to conservatives from the right. the ads seem to contrast Christianity with homosexuality.,left,right
Perry Ad Focuses on Gays and Christianity,"governor Rick Perry is broadcasting a new campaign ad in his home state of texas. the ad appears to compare Christianity with homosexuality. it also says, ""as president, I’ll end Obama’s war on religion"" a gay men and lesbian group denounced the ad.",right,right
Perry Ad Focuses on Gays and Christianity,"the Perry campaign seems to contrast Christianity with homosexuality. he vows to end what he calls “Obama’s war on religion"" in the ad.",right,center
Perry Ad Focuses on Gays and Christianity,"Rick Perry's new ad seems to contrast Christianity with homosexuality. he vows to end what he calls ""obama’s war on religion""",left,center
Perry Ad Focuses on Gays and Christianity,"Rick Perry runs ad on his television to contrast with christianity in new campaign ad. ""as president, i’ll end Obama’s war on religion,"" he says in ad. ""it can make her strong again,"" says ad's creator.",right,center
Trump Pulling Out Of Debate,"Trump pulls out of his own Dec. 27 debate to show he is not an independent. nancy pelosi: he did not want to give up his right to run as an independent candidate. pelosi: he has been the polarizing face of the conservative magazine. he says that while he might be able to moderate, he has not lost his competitive edge.",left,left
Trump Pulling Out Of Debate,Trump's withdrawal from his own debate comes just 11 days after initial comments that he was moderating. newt gingrich and Rick Santorum pledging to appear; only two had previously backed to appear.,center,left
Trump Pulling Out Of Debate,"Trump pulls out of his own debate. he said he did not want to ""give up my right to run as an independent candidate"" it will be the most watched debate of the election season, he said.",center,left
Trump Pulling Out Of Debate,Trump says he will not be moderating his own debate. john avlon: he prompted the president to pull out because he did not want to run a candidate. avlon: he chose not to run as an independent candidate and moderate the debate. he says he is not trying to derail the idea that independents should be supported.,center,right
Trump Pulling Out Of Debate,"sally kohn: Donald Trump will no longer be moderator of his own debate. kohn: Trump didn't want to ""give up my right to run as an independent candidate"" kohn: he's not trying to run as an independent candidate but promoting him as an independent. kohn: this debate would have been the most watched debate.",left,right
Trump Pulling Out Of Debate,"Trump: ""i have decided not to be the moderator of the Newsmax debate"" he said he did not want to ""give up my right to run as an independent candidate"" other candidates have argued that the debate will not be watched by the general public.",left,right
Trump Pulling Out Of Debate,"Donald Trump pulls out of his own debate. ""i have decided not to be the moderator of the Newsmax debate,"" he said. pelosi: he does not want to ""give up my right to run as an independent candidate""",left,center
Trump Pulling Out Of Debate,Trump decides not to moderate debate he moderated with Newsmax. john avlon says president obama will not moderate if he doesn't want to run for president. the iraq war denies he will moderate a presidential debate.,center,center
Trump Pulling Out Of Debate,"Trump has said he has decided not to be the moderator of his own debate. bob greene: he did so because he does not want to give up right to run as an independent candidate. he says he'll stay in debate until ""a good debate happens, but all candidates are in. greene: the debate would have been the most watched debate, but also the most interesting debate.",left,center
"Trump Bows Out as Moderator of GOP Debate, Reserves Right to Run for President",Trump announced Tuesday he will be absent from the next newsmax debate. most of the candidates who attended declined to attend the debate. his decision is part of a plan to keep his options open.,center,left
"Trump Bows Out as Moderator of GOP Debate, Reserves Right to Run for President","most candidates in field opt not to attend debate for security. real estate mogul's decision is for safety while he's moderating. his threat of independent campaign is a ""conflict of interest,"" he says. he cast his decision as a way to make sure there's no ""conflict of interest""",left,left
"Trump Bows Out as Moderator of GOP Debate, Reserves Right to Run for President","other candidates opted not to attend the debate. many feared he would run as a third-party candidate next year. after he was named as moderator, he cast his decision as a way to keep his options open.",left,left
"Trump Bows Out as Moderator of GOP Debate, Reserves Right to Run for President","new: he has no immediate plans to make an endorsement despite threatened third-party run. ""he is not willing to give up his right to run as an independent candidate,"" he says. ""there is no conflict of interest within the republican party,"" he says. he says he's still considering an independent run.",left,right
"Trump Bows Out as Moderator of GOP Debate, Reserves Right to Run for President","new: he says he intends to make an endorsement despite rumors he could run in the first place. president obama announced a decision to step down after most bowed out. the debate will be held at the u.s. cnn sports stadium on christmas day. the debate is sponsored by the network, but the decision triggered little excitement.",left,right
"Trump Bows Out as Moderator of GOP Debate, Reserves Right to Run for President","after not attending debate, most candidates in field opted to make changes. ""it is very important to me that the right candidate be chosen,"" he says. most senate candidates subsequently bowed out.",left,right
"Trump Bows Out as Moderator of GOP Debate, Reserves Right to Run for President","new: if not, he says he will not stand down as moderator of the debate. a debate between former dnc members will be conducted in january. he also made a statement about his stance on e-mails and other matters. he also said he will make an endorsement despite threatening a third-party run.",left,center
"Trump Bows Out as Moderator of GOP Debate, Reserves Right to Run for President",he said he will not officially run for president. he cast his decision as a way to keep his options open. most candidates in the field are opted out of the debate.,left,center
"Trump Bows Out as Moderator of GOP Debate, Reserves Right to Run for President","new: ""we will be able to get great ratings,"" Trump says of independent run. newsmax has agreed to moderator an upcoming debate. most of the senate candidates opted to not attend. he says he believes the economic recovery is in play.",center,center
Perry Wins Endorsement of Sheriff Joe ,"governor has no intention of deporting, or jailing every undocumented person, aide says. the response to his comments comes in the wake of recent election woes, he says. governor is attempting to shore up his credentials on immigration issues.",left,left
Perry Wins Endorsement of Sheriff Joe ,texas governor is backing a federal policy to deport undocumented immigrants. the policy would allow officials to focus resources on deporting illegal immigrants. he said the policy would help end impoverishment and increase immigration into the country.,right,left
Perry Wins Endorsement of Sheriff Joe ,"""he doesn’t just talk about it; he does something about it,"" says sheriff Joe Arpaio of aricopa county, arizona. he unabashedly calls himself the ""toughest sheriff"" in the country on immigration. a petition is filed to block illegal immigration from the united states. the governor said he would back a federal policy ""to detain and to deport every illegal alien that we apprehend""",left,left
Perry Wins Endorsement of Sheriff Joe ,"governor says he will back policy to detain and deport all illegal aliens. he won endorsement from attorney general eric holder and his office. holder: if the policy changes, there will be increased scrutiny.",left,right
Perry Wins Endorsement of Sheriff Joe ,governor has voiced concern over the upcoming presidential race. one of the nation’s most outspoken and controversial public officials supported a bill for illegal immigrants. he has said he would support the policy of detaining and deporting all undocumented immigrants.,left,right
Perry Wins Endorsement of Sheriff Joe ,the governor of Texas wants every undocumented worker deported after an expedited hearing. he said he would be using the federal policy to deport and detain everyone caught or detained. the move was criticized by his own party but the governor backed a state plan that cuts tuition for minors.,right,right
Perry Wins Endorsement of Sheriff Joe ,governor is trying to shore up his credentials on immigration. he won endorsement from one of the nation’s most outspoken public officials.,left,center
Perry Wins Endorsement of Sheriff Joe ,an ex-reporter calls for all illegal aliens seized or detained to be expelled. he praised hero of marijuana enforcement after 'he does something about it' state officials say there is more resources to focus on deporting illegal immigrants.,right,center
Perry Wins Endorsement of Sheriff Joe ,"Rick Perry said his team would take action to deport every undocumented person arrested or detained. in an interview, sheriff Joe Arpaio praised his efforts to deport illegal immigrants. his stance was controversial, he criticized the president for allowing illegal immigration.",right,center
'America's Toughest Sheriff' Endorses Rick Perry,"arpaio's endorsement could give Perry credibility boost on immigration and border issues. governor would ""secure the border within a year"" without a full border fence.",left,left
'America's Toughest Sheriff' Endorses Rick Perry,"arpaio is famous for calling for more enforcement along the border. he wants to put ""federal boots on the ground"" to fight border crime. a close border could give Perry an opportunity to increase border security.",left,left
'America's Toughest Sheriff' Endorses Rick Perry,governor endorsed by troubled az sheriff for the re-election bid. the move is a boost to the challenger's immigration platform. he urges greater enforcement along the southwest border with Mexico. he wants more federal boots on the ground and more surveillance.,left,left
'America's Toughest Sheriff' Endorses Rick Perry,"arpaio is a hardliner on immigration, leading a push for more enforcement. his endorsement of the candidate could give him credibility boost on immigration issues. arpaio calls for more national guard troops from president.",left,right
'America's Toughest Sheriff' Endorses Rick Perry,arpaio says he will support candidate for republican presidential nomination. it would give the candidate a boost on immigration and border issues. arpaio has been criticized for immigration platform. he says he believes texas is safe as the nation looks closer to its future.,right,right
'America's Toughest Sheriff' Endorses Rick Perry,"governor arpaio to endorse Rick Perry for republican nomination. arpaio is a hardliner on immigration, leading a push in Maricopa County for more enforcement. if elected president, he says ""i will secure the border within a year""",left,right
'America's Toughest Sheriff' Endorses Rick Perry,"arpaio endorses candidates in border fight, immigration, and border security. conservatives may be energized by endorsement of governor rick Perry. ""i want to show that governor will do what governor has to do,"" he says.",right,center
'America's Toughest Sheriff' Endorses Rick Perry,"ariz. sheriff Joe arpaio announced he will endorse governor Rick Perry for the Republican nomination. arpaio is famous for pushing worksite raids and creating a ""Tent City"" he wants full-time border security operations from Brownsville to San Diego.",right,center
'America's Toughest Sheriff' Endorses Rick Perry,"arpaio says he'll endorse Perry because of his border security record. if elected president, he will secure the border ""within a year"" arpaio calls for border authorities to be more vigilant, including the cia.",left,center
Supreme Court Hears Argument In Wal-Mart Sex Bias Lawsuit,"the supreme court appears ready to block a massive sex discrimination lawsuit. it could make it harder for workers to bring class-action lawsuits against large employers. estimates of how many women could be included in the lawsuit run from 500,000 to 1.6 million. justices: ""now these supervisors have too much discretion. it seems to me there's an inconsistency""",left,left
Supreme Court Hears Argument In Wal-Mart Sex Bias Lawsuit,"a massive sex discrimination suit is suing walmart over 1.6 million women. the case could make it harder for other workers to bring class-action claims. the supreme court appears ready to block it, but critics warn it could become a failure. if allowed, it could affect the future of other class-action lawsuits.",left,left
Supreme Court Hears Argument In Wal-Mart Sex Bias Lawsuit,"the case could make it harder for others to bring class-action lawsuits against large employers. estimates of how many women could be included in the lawsuit run from 500,000 to 1.6 million. ""i'm just not sure what the unlawful policy is,"" says one woman's lawyer, who is seeking a $1 billion verdict.",left,left
Supreme Court Hears Argument In Wal-Mart Sex Bias Lawsuit,"a massive sex discrimination suit against Wal-mart has prompted the supreme court. the federal court appears ready to block that suit on behalf of up to 1.6 million women. estimates of how many women could be included in the lawsuit run from 500,000 to 1.6 million. the case could help set the stage for other class-action lawsuits that combine modest claims.",left,right
Supreme Court Hears Argument In Wal-Mart Sex Bias Lawsuit,it would prevent other workers from bringing class-action suits against large employers. sex discrimination lawsuit claims that men over women in pay and promotions. more than 1.6 million women could be included in lawsuit.,center,right
Supreme Court Hears Argument In Wal-Mart Sex Bias Lawsuit,"several justices say they are troubled by the case against bentonville-based Wal-Mart. critics say the sex discrimination suit goes against business principles. if dismissed, the 1.6 million women plaintiff may face a legal battle over the sex discrimination. if denied, the case will make it harder for other workers to bring class-action lawsuits.",center,right
Supreme Court Hears Argument In Wal-Mart Sex Bias Lawsuit,"workers at largest employer face federal sex discrimination lawsuit. estimates of how many women could be included in lawsuit run from 500,000 to 1.6 million. case could affect other class-action lawsuits that pool modest claims into single action.",left,center
Supreme Court Hears Argument In Wal-Mart Sex Bias Lawsuit,"up to 1.6 million women could face up to five years in sex discrimination lawsuit. if the case goes forward, it could help workers bring class-action claims against large employers. some justices wonder if the women's case could hinder other lawsuits from bigger corporations.",center,center
Supreme Court Hears Argument In Wal-Mart Sex Bias Lawsuit,"a 10-year-old lawsuit claims that man is better at work than women. it would hit workers by more than $200 million if it goes forward. the case could affect other class-action lawsuits that pool modest claims into a single action. if it goes forward, the case would be difficult for other workers to bring sex discrimination claims.",left,center
Supreme Court Questions Claims in Sex Bias Suit Against Wal-Mart,"class action lawsuit against global store may soon be dismissed after oral arguments. women's rights defender thinks inconsistency in the case could cost large retailer. case may be dismissed because of sex discrimination, but still faces court ruling. some protesters have questioned whether plaintiffs believe it's a fair case.",right,left
Supreme Court Questions Claims in Sex Bias Suit Against Wal-Mart,the women's lawsuit would be the largest of its kind in history. it claims the company's corporate culture fosters the advancement of male workers. the suit also claims managers are given too much flexibility in determining salary hikes. the case could cost the world's largest retailer billions of dollars.,center,left
Supreme Court Questions Claims in Sex Bias Suit Against Wal-Mart,"pending class action lawsuit against world's largest retailer could soon be dismissed. plaintiffs' attorney: local manager has too much discretion in pay hikes and promotions. suit says ""wal-mart culture"" fosters advancement of male workers over female counterparts. supreme court hears oral arguments that may be decided soon.",center,left
Supreme Court Questions Claims in Sex Bias Suit Against Wal-Mart,"in a pending class-action lawsuit against the company, a woman says it favors men. justices Ginsburg and justice chris christie are supporting the case. justice victoria court says ""the law must be enforced to protect the rights of the people"" the case is expected to be the largest of its kind in u.s. history.",left,right
Supreme Court Questions Claims in Sex Bias Suit Against Wal-Mart,"a pending class-action suit against a store may soon be dismissed. it will be the largest of its kind in american history. lawsuit claims ""wal-mart way"" fosters advancement of men over women. justices may argue they could never have a different outcome from a class-action.",left,right
Supreme Court Questions Claims in Sex Bias Suit Against Wal-Mart,"pending class action lawsuit against world's largest retailer sex discriminates against 1.5 million women. justices david cameron, nicolaus mills, joe biden and ronald reagan will hear. lawsuit claims companies give managers too much discretion in promotions. a slew of factors are affecting whether the lawsuit is in a class action.",left,right
Supreme Court Questions Claims in Sex Bias Suit Against Wal-Mart,the plaintiffs in the pending class action lawsuit against Wal-Mart may dismiss their case. they claim the company's corporate culture fosters advancement of men over women. justices who are defending the cases say the judge has little oversight of the lawsuits.,center,center
Supreme Court Questions Claims in Sex Bias Suit Against Wal-Mart,"the major vote for a victory could be justice Anthony Kennedy. ruling could mean a victory for the company's 1,500 women. but former president harry reid is among those expected to argue for its future.",left,center
Supreme Court Questions Claims in Sex Bias Suit Against Wal-Mart,"pending class action lawsuit against world's largest retailer could soon be dismissed. case covers 1.5 million women and covers stores that cater to the needs of women. in separate suit, woman claims the company's culture encourages advancement of male workers. the case could cost the world's largest retailer billions of dollars.",center,center
Bachmann Newsweek Cover Goes for Insult But Gets Criticism in Return,"a group's president says newsweek's cover of the ""Queen of Rage"" is sexist. group says the magazine was not sexist, doesn't look flattering to a man. ""the 'Queen of Rage' is something you apply to wrestlers or somebody who is crazy"" now president says the cover of Newsweek's latest edition is sexist.",left,left
Bachmann Newsweek Cover Goes for Insult But Gets Criticism in Return,"""they didn’t even do this to Howard Dean when he had his famous scream,"" she says. others say newsweek is casting Bachmann as a nut job. national organization for women president says cover was ""sexist""",left,left
Bachmann Newsweek Cover Goes for Insult But Gets Criticism in Return,"the cover story of the ""Queen of Rage"" is ""sexist,"" said now president. rep. Michele Bachmann, who has been campaigning in the state, has refused to make an appearance. the magazine has defended the photo, saying several images taken of her were flattering. now president: we want women to run for office.",left,left
Bachmann Newsweek Cover Goes for Insult But Gets Criticism in Return,"""they are basically casting her as a nut job,"" says the National Organization for Women's president. the magazine said the photo appears the same to a man. she's campaigning in the u.s. and says she will defeat Michele Bachmann.",right,right
Bachmann Newsweek Cover Goes for Insult But Gets Criticism in Return,"national organization for women says magazine cover is ""sexist"" but others say the cover is being played against women. ""the queen of Rage"" is something you apply to wrestlers or ""something crazy,"" Bachmann says. congressional candidate has declined to be involved in controversy.",left,right
Bachmann Newsweek Cover Goes for Insult But Gets Criticism in Return,"national organization for women president says ""sexist"" cover portrays a woman. ""they were not even doing this to Howard Dean when he had his famous scream,"" he says. a photo of the reelection campaigner is used in the cover story of 'the queen of rage' a number of women in the magazine's pages have been flattering.",left,right
Bachmann Newsweek Cover Goes for Insult But Gets Criticism in Return,"national organization for women president says cover is ""sexist"" he says newsweek didn't make the same mistake as a man. critics say the magazine's cover depicts a woman called ""the queen of rage"" sen. lindsey graham calls the cover ""contradictory,"" says it is ""deeply unacceptable""",left,center
Bachmann Newsweek Cover Goes for Insult But Gets Criticism in Return,"a photo of the candidate, called ""the queen of Rage,"" appears to show her looking unflattering. a group called newsweek's cover story ""sexist"" the group's founder said newsweek has tried to weed out women's issues. other newsweek photos show the mdr. candidate with a man on the cover.",left,center
Bachmann Newsweek Cover Goes for Insult But Gets Criticism in Return,"the national organization for women president says Newsweek's cover depiction of Bachmann is ""sexist"" the article referred to a test by the organization's founder to determine what would happen. the cover says the image was taken before and after the interview. ""it's nothing you apply to wrestlers or somebody who is crazy,"" rep. john mccain says.",left,center
Newsweek's Michele Bachmann Cover Raises Eyebrows,"conservative websites are already crying foul over Newsweek's cover. newsweek has faced conservative backlash for a cover. in august, Newsweek portrayed a young, married mother as a ""star of the show""",left,left
Newsweek's Michele Bachmann Cover Raises Eyebrows,"newsweek's latest issue features a Michele Bachmann cover that's sure to stir up controversy. the headline advertising the magazine's story reads, ""THE QUEEN OF RAGE"" conservative websites are already crying foul over the cover, with some saying it makes Bachmann look ""crazy""",left,left
Newsweek's Michele Bachmann Cover Raises Eyebrows,"newsweek features a Michele Bachmann cover that's sure to stir up controversy. conservative websites are already crying foul over the cover. the cover has drew criticism for portraying mitt Romney as a star of ""the book of Mormon""",left,left
Newsweek's Michele Bachmann Cover Raises Eyebrows,newsweek's latest issue features a Michele Bachmann cover. conservative websites are already crying foul over the cover.,left,right
Newsweek's Michele Bachmann Cover Raises Eyebrows,"conservative websites are already crying foul over Newsweek's latest issue. the cover shows Bachmann standing against a stark blue background. ""THE QUEEN OF RAGE"" is a word that doesn't appear in the magazine's actual profile of Bachmann.",left,right
Newsweek's Michele Bachmann Cover Raises Eyebrows,newsweek features a Michele Bachmann cover that stirs up controversy. the cover shows Bachmann looking directly into the camera. conservative websites are already crying foul over the cover.,left,right
Newsweek's Michele Bachmann Cover Raises Eyebrows,Newsweek's latest issue features a Michele Bachmann cover. conservative websites are crying foul over the cover.,left,center
Newsweek's Michele Bachmann Cover Raises Eyebrows,conservative websites are already crying foul over the cover of newsweek's latest issue. newsweek had previously faced backlash for a cover portrayed by Michele Bachmann.,left,center
Newsweek's Michele Bachmann Cover Raises Eyebrows,"Newsweek has faced conservative backlash for a cover. the cover shows Bachmann standing against a stark blue background. critics say it makes Bachmann look ""crazy""",left,center
AARP Willing To Negotiate On Social Security Retirement Age,"AARP softens its opposition to cutting benefits. a top official with the group says it is open to discussions about raising retirement age. a presiding lawmaker says he is still ""proud to be a citizen of the democratic process"" a former congressman says a move to enact changes would be too expensive.",left,left
AARP Willing To Negotiate On Social Security Retirement Age,"AARP says it hasn't wavered in its opposition to cutting social security benefits. a top official says it's open to discussion about raising retirement age. centrist think tank third way hails AARP's apparent reversal. a union official: AARP ""walking backwards now""",left,left
AARP Willing To Negotiate On Social Security Retirement Age,"AARP softens its opposition to cutting social security benefits, says the group is open to change. ""this is a watershed moment in our political history,"" centrist think tank leader says. AARP spokeswoman: ""our position has not changed"" conservative groups report that AARP may support cutting benefits.",center,left
AARP Willing To Negotiate On Social Security Retirement Age,"AARP says it's open to discussion about raising retirement age and other changes. the group launched an ad campaign on tuesday warning lawmakers not to reduce benefits. AARP officials say he supports the effort, saying that he's not worried about it. a union official says the AARP campaign is ""walking backwards now""",right,right
AARP Willing To Negotiate On Social Security Retirement Age,AARP softens opposition to cutting retirement benefits. a top official says it would consider raising retirement age. center-right think tank hailed apparent reversal.,center,right
AARP Willing To Negotiate On Social Security Retirement Age,"AARP is open to talking about raising retirement age, other changes. AARP initially pushed back against the newspaper's story. a senior citizens group launches a national ad campaign.",left,right
AARP Willing To Negotiate On Social Security Retirement Age,"AARP reassured labor groups it had not changed its position on Social Security. president of think tank, ""wow"" says AARP is open to discussions about raising retirement age. a poll shows nearly one-third of u.s. adults surveyed support cutting benefits.",right,center
AARP Willing To Negotiate On Social Security Retirement Age,"AARP backs Social Security but it is open to changes, top official says. ""it is time for lawmakers to walk through it,"" a center-right lobbyist says. ap says it is open to talking about raising retirement age. AARP says it plans to make the program stronger for longer term.",center,center
AARP Willing To Negotiate On Social Security Retirement Age,"AARP softens position on cutting benefits. but it's open to discussion about raising retirement age and other changes. AARP spokeswoman: ""our position has not changed on Social Security"" sen. scott mccain: AARP ""still is trying to build trust,"" the group's president says.",left,center
Perry TV Ad: I Can Defend Faith from Obama’s “War on Religion,"governor claims he will end administration's ""war on religion"" in ad. the texas governor is a conservative and a Methodist. he's a strong advocate of social conservatives on the issue.",left,left
Perry TV Ad: I Can Defend Faith from Obama’s “War on Religion,"in a new ad in Iowa, Texas governor says president is waging a ""war on religion"" he adds he is a conservative and can defend faith in the country. ""this administration's war on traditional values must stop,"" the governor says.",right,left
Perry TV Ad: I Can Defend Faith from Obama’s “War on Religion,"new: ""this administration's war on religion must stop,"" says man of faith. ""faith made America strong. it can"" is the only american church or church that can support faith. governor says he won't put church at war with gays. a campaign ad in Iowa that starts in mid-november was based on the n.j. church.",left,left
Perry TV Ad: I Can Defend Faith from Obama’s “War on Religion,"tahoe nicholson says the state-wide buy in Iowa starts this week. in his latest ad, he says president obama is waging a ""war on religion"" the governor says ""we don't have a right to discriminate against homosexuals and transgenders"" he says the presidential campaign's attempt to support gay marriage is wrong.",right,right
Perry TV Ad: I Can Defend Faith from Obama’s “War on Religion,"texas governor slams president for ""war on religion"" in new ad. ""this administration's war on traditional american values must stop,"" says perry. he also argues that president's handling of gay rights shouldn't be taken lightly. other anti-abortion ad, which also attacks democrats, has gained widespread traction.",right,right
Perry TV Ad: I Can Defend Faith from Obama’s “War on Religion,"ad released this week said president Obama is waging a ""war on religion"" as governor. tx governor says he's the conservative candidate that can defend faith in the united states. he claims president is attacking the social conservative base on religion. a cnn stutterer poll showed tv ads promoting conservative positions.",right,right
Perry TV Ad: I Can Defend Faith from Obama’s “War on Religion,"texas governor runs new ad promoting fight against ""war on religion"" ad titled ""Strong"" attacks president president's war on religion. democrat's campaign has zeroed in on gay marriage and social issues.",right,center
Perry TV Ad: I Can Defend Faith from Obama’s “War on Religion,"ad titled ""Strong"" in iowa gives up on claims that president has waging war on religion. john avlon says texas governor is on the attack on president obama. he says conservatives are against attacks on cultural or religious roots. avlon: liberals attack the issue, while conservatives like him are against it.",left,center
Perry TV Ad: I Can Defend Faith from Obama’s “War on Religion,"state-wide buy in Iowa ad called ""Strong"" claims president Obama is waging a war on religion. critics say he's wrong; he denies the war and is fighting it back. ""this administration's war on traditional values must stop,"" says governor.",right,center
House Republicans Read Constitution On Second Day In Power,"volunteers gave voice to the seven articles and 27 amendments that make up the nation’s governing document. despite the republicans’ control, no one is sure how a new bill will be made. republican representatives will reportedly make it a requirement that all new bills put forth in the legislative body include “a statement by the lawmaker who wrote it”",left,left
House Republicans Read Constitution On Second Day In Power,house republicans reportedly set budget for a hearing on the constitution. volunteers gave voice to the seven articles and 27 amendments that make up nation's governing document. house GOP will reportedly require all new bills put forth in the legislative body include a statement by a lawmaker who wrote it.,left,left
House Republicans Read Constitution On Second Day In Power,"republicans in the house are expected to read the constitution for the first time on april 6. supporters of the draft amendment urged the nation to read it. it's unclear what impact the rules would have, but experts say it will be dramatic.",right,left
House Republicans Read Constitution On Second Day In Power,"volunteer laborers gave voice to the seven articles and 27 amendments that make up the nation's founding document. meanwhile, house republicans have made strict adherence to the constitution a key tenet of their effort to reduce the size of the federal government.",left,right
House Republicans Read Constitution On Second Day In Power,republicans said a statement from a lawmaker who wrote the amendment would be required for new bill. more than $1.1 million is the estimated cost for the house to read the document. republicans are pushing for a smaller federal government with more federal aid. the u.s. government has been a focus of republicans’ efforts to reduce its size.,center,right
House Republicans Read Constitution On Second Day In Power,a pillar of their grass-roots movement will become a staple in the bureaucracy that governs congress. the house is set to read the Constitution when it assumes its majority on jan. 5. volunteers who helped draft the document gave voice to the september 17 articles and 27 amendments.,left,right
House Republicans Read Constitution On Second Day In Power,"new rules and rules will force republicans to read first draft of constitution, reports say. house will require all bills put forth in committee to have statement of authority. republican governor timpkins: ""i think this new rule will be a great win for tea party activists"" congressional oversight committee says the bill does not violate a single constitutional rights.",left,center
House Republicans Read Constitution On Second Day In Power,supporters of the democratic nomination gave voices to seven articles and 27 amendments. the house read the constitution on the second day of Republican rule on Thursday. reading the constitution in full appears to be a first in the chamber’s 221-year history. a pillar of their grass-roots movement will become a staple in the bureaucracy governing congress.,left,center
House Republicans Read Constitution On Second Day In Power,"ireport.com: house reads Constitution, a first for congressional republicans. ""call it the tea party-ization of congress,"" tweets joe hart. the u.s. house will read the constitution in full from january 9 through january 31.",left,center
Purpose Behind Congressional Reading of Constitution Questioned After Amendments Are Omitted,"democratic leaders say the removal of obsolete parts from reading undermines the objective. republicans are left out the part about counting slaves as three-fifths of a person. republicans say passage of 20th amendment is a step backwards. ""the way the amendment will be amended will be how it will go,"" a republican says.",center,left
Purpose Behind Congressional Reading of Constitution Questioned After Amendments Are Omitted,republicans chose not to read the 18th Amendment because they've been overridden by amendments. Democrats complained the reciting was unhelpful and undermined the goal of the exercise. the readings by congress begin tuesday. senate republicans say they believe the amendments make a good reading.,center,left
Purpose Behind Congressional Reading of Constitution Questioned After Amendments Are Omitted,lawmakers don't read all parts of the document because they've been rewritten. all the original decisions remain in the original document. democrats complain the exclusion of parts undermines the objective of the exercise.,left,left
Purpose Behind Congressional Reading of Constitution Questioned After Amendments Are Omitted,new sworn members read aloud the nation's founding document on the floor. lawmakers didn't read every verse and article because of overhaul of constitution. the original decisions remain in the original documents. but the revisions will likely affect some of the new congressional members.,right,right
Purpose Behind Congressional Reading of Constitution Questioned After Amendments Are Omitted,"house lawmakers read aloud the nation's founding document. GOP spokesman says lawmakers shouldn't recite the original parts. a republican said the reading of the original document was ""emotional"" conservatives complained the slamming of outdated parts undermined the purpose.",center,right
Purpose Behind Congressional Reading of Constitution Questioned After Amendments Are Omitted,"newly sworn members of the house read aloud the country's founding document. they didn't recite every verse and article of the document because they've been replaced by amendment. portions of the u.s. Constitution are never deleted, just amended. the original documents have been modified 27 times, including before in the original republican era.",left,right
Purpose Behind Congressional Reading of Constitution Questioned After Amendments Are Omitted,"reps. Jesse Jackson and james nadler of california, david gillespie's spokesman say they don't want to read Constitution. congressional republicans left out parts of original document which were superseded. all the decisions have been modified -- from 18th to 21st amendments. republicans worry the obama administration is trying to ""slip"" on the document.",left,center
Purpose Behind Congressional Reading of Constitution Questioned After Amendments Are Omitted,"parts of the constitution will be skipped from reading because they've been amended by amendment. parties never deleted, just amended, as has been done 27 times in history. both chambers are considering amendments.",left,center
Purpose Behind Congressional Reading of Constitution Questioned After Amendments Are Omitted,"new: republicans complain the omission of obsolete sections undermines the goal. the house takes over the reading after new members take office. the first reading ends friday. the final revision ends friday, august 2.",left,center
Anthony Weiner Twitter Photo Scandal: Congressman Breaks His Silence,"new: ""i'm not going to talk about this anymore,"" Weiner tells reporters on monday. a lewd photo of a man's underpants was sent from a congressional account last weekend. the congressman has hired a lawyer to investigate. he said he has hired a firm to investigate.",left,left
Anthony Weiner Twitter Photo Scandal: Congressman Breaks His Silence,"congressman says he's not going to talk about the leak or what's coming. ""this is not a national security matter,"" he tells cnn. a lewd photo sent from a twitter account was sent to a woman last weekend. ""the problem is you can't be more concerned with your finances""",right,left
Anthony Weiner Twitter Photo Scandal: Congressman Breaks His Silence,"""this is not a national security matter,"" congressman says about hacked twitter account. he said he's hired a lawyer in connection with the lewd photo sent by an anonymous user. the congressman is not a former mayor, but is a former democratic candidate in nyc. on wednesday, the congressman broke his silence about the incident.",right,left
Anthony Weiner Twitter Photo Scandal: Congressman Breaks His Silence,"congressman tells reporters he's ""not going to talk about this anymore"" on twitter. he says a lewd photo he sent to a female college student was a prank. ""this is not a national security matter,"" he says.",center,right
Anthony Weiner Twitter Photo Scandal: Congressman Breaks His Silence,"congressman's twitter account hacking scandal comes a day after he told reporters he's ""not going to talk about this anymore"" congressman says he hired a private security company to investigate. ""we're not making a federal case out of this,"" Weiner tells a reporter. last weekend, a lewd photo of a man's underpants was sent to a female student.",center,right
Anthony Weiner Twitter Photo Scandal: Congressman Breaks His Silence,"congressional candidate says he's ""not going to talk about this anymore"" a lewd photo was sent to a female college student's face from his twitter account. it was quickly removed, but coverage grew and comment ensued. another congressman in new jersey called the post ""a joke""",left,right
Anthony Weiner Twitter Photo Scandal: Congressman Breaks His Silence,"congressman broke silence about tweet regarding a lewd photo. last weekend, a photo of a man's bulging underpants was sent to a female student. ""i'm not sure it rises -- no pun intended -- to that level,"" the congressman tells reporters.",right,center
Anthony Weiner Twitter Photo Scandal: Congressman Breaks His Silence,"congressman says he won't speak out about online controversy over lewd photo. the congressman says he has hired a lawyer to investigate the hack. last weekend, a photo of a man's bulging underpants was sent to a woman on twitter. he didn't tweet the photo, which appeared to be of the lewd man.",center,center
Anthony Weiner Twitter Photo Scandal: Congressman Breaks His Silence,"congressman's tweet about lewd photo was a prank, congressman says. he told reporters he was not going to talk about it. he said he was hired as a lawyer to investigate.",center,center
"Rep. Weiner Denies Sending Lewd Photo, Can't Say Whether Image Is Him","congressional democrat describes photo of underwear as ""prank"" the democrat says he's certain he didn't send the lewd photo to the student. he says he doesn't know who sent the image, but he does not know the college student. he called a reporter in the scrum a ""jackass""",left,left
"Rep. Weiner Denies Sending Lewd Photo, Can't Say Whether Image Is Him","new: a spokesman for house democrat says the panel voted to let him leave the issue. republican ally, john mccain, slams a ""stitch on the wall"" and says it's ""the correct thing to do"" a thug who posted a photo of a bald man's underwear is seen hanging above his head. he says he does not know who the photo was sent to, but says he's",left,left
"Rep. Weiner Denies Sending Lewd Photo, Can't Say Whether Image Is Him",rep. Anthony Weiner says he's certain he did not send lewd photo of underwear photo. the democrat says he doesn't know the college student the image was sent to. but he repeatedly declines to say whether the image is of him. he says he has asked a security firm to look at the incident and find out what happened.,right,left
"Rep. Weiner Denies Sending Lewd Photo, Can't Say Whether Image Is Him","congressional candidate calls twitter photo a ""prank"" he says he knew which college student he was allegedly sending image. the picture is of a student wearing bulging underwear, he said.",left,right
"Rep. Weiner Denies Sending Lewd Photo, Can't Say Whether Image Is Him",rep. Anthony Weiner's office has said it's aware of the incident. the congressman says he doesn't know who the picture sent to. but he says he's confident the image was not his.,right,right
"Rep. Weiner Denies Sending Lewd Photo, Can't Say Whether Image Is Him","a ""jackass"" referred to Weiner's own statements about the incident. ""i know for a fact that my account was hacked,"" the congressman tells fox news. ""this is the tactic,"" he says when asked if he sent a picture of his underwear to a student. ""that's not me,"" he adds after talking through the incident.",right,right
"Rep. Weiner Denies Sending Lewd Photo, Can't Say Whether Image Is Him","""what happens when you send a photo of a young woman to the wrong student?"" the image took on twitter and has been criticized by some as a prank. rep. Anthony Weiner says he's certain he did not send the photo. ""these are the rules of civility,"" he says.",center,center
"Rep. Weiner Denies Sending Lewd Photo, Can't Say Whether Image Is Him",congressman who's known for his combative style gets testy with reporters. he refuses to say whether photo was an image of him. republicans want a tougher investigation into alleged cyberattack on facebook.,center,center
"Rep. Weiner Denies Sending Lewd Photo, Can't Say Whether Image Is Him","rep. Anthony Weiner says he is certain he did not send a lewd image of an underwear photograph. the congressman refused to state if the image was from a college student. he described it as ""mischief""",right,center
Trump Plans Meeting on Arizona Birth Bill ,"cnn/showbiz poll says many republicans still question whether president was born in america. but many don't believe they are natural born citizens and could not be president. president may have to pay $600,000 in taxes to be eligible to run for president.",left,left
Trump Plans Meeting on Arizona Birth Bill ,republican leader john mccain had to drop his support for a measure to require presidential candidates to prove that they are natural born citizens. polls show many Republicans continue to believe that Mr. Obama was not born in this country. the bill would create a loophole that allows the secretary of state to refuse a presidential candidate a spot on the ballot.,left,left
Trump Plans Meeting on Arizona Birth Bill ,a bill by the nasa asks candidates to prove that they are natural born citizens. a poll shows that many republicans continue to believe that president obama was not born in this country. a new law reportedly is being discussed in new york.,left,left
Trump Plans Meeting on Arizona Birth Bill ,"new: ""the reality is that i have to go back in time"" when there are real doubts, says a tea party donor. a measure by the state of california would require presidents to prove they are natural born citizens. a poll showed Mr. Trump as the most favored candidate for the presidency. it would also require voters to verify citizenship of two birthplaces.",center,right
Trump Plans Meeting on Arizona Birth Bill ,"a bill moving through the state legislature would require candidates for president to prove that they are natural born citizens. he has invited tea party leaders to discuss it. the group said he had ""real doubts"" about whether Mr. Obama was born in this country.",left,right
Trump Plans Meeting on Arizona Birth Bill ,bill would require candidates to prove that they are natural born citizens. the bill would allow great latitude to the secretary of state in refusing presidential candidates a spot on the ballot. former republican governor obama says the bill is one way of ensuring the right to vote.,left,right
Trump Plans Meeting on Arizona Birth Bill ,polls show many Republicans continue to believe that Mr. Obama was not born in this country. but a bill moving through the Arizona legislature would require candidates for president to prove that they are natural born citizens. it would say candidates for president would have to prove that they are natural born citizens.,right,center
Trump Plans Meeting on Arizona Birth Bill ,president barack obama has given birth to a child on july 27. obama has shown a certificate of live birth from Hawaii. bill would require candidates for president to prove they are natural born citizens. the bill has moved through the Arizona legislature.,left,center
Trump Plans Meeting on Arizona Birth Bill ,president obama is showing a live birth certificate from Hawaii. state officials have confirmed its authenticity. an NBC news/Wall Street Journal poll showed. president obama has sent his own investigators to Hawaii to research the issue.,left,center
Obama Mocks Congress For Vote,"new: lawmakers have time to move on the transportation funding portion of his jobs bill. a bill to reaffirm ""in God we trust"" as the national motto was approved. president urged lawmakers to move on the jobs bill. he mocked the bill's sponsor, who had argued the motto needed to be reaffirmed.",left,left
Obama Mocks Congress For Vote,"president urged lawmakers to move on transportation funding portion of jobs bill. he mocked them for spending time on supposedly less-important endeavors. house voted 396-9 on bill that reaffirms motto, encourages its display in schools and buildings. bill's sponsor, rep. Randy Forbes, said some people needed to be reminded of motto.",right,left
Obama Mocks Congress For Vote,"the house voted 396-9 to reaffirm ""In God We Trust"" as the national motto. in a speech, president Obama mocked congress for taking time to reaffirm the motto. ""if Congress tells you they don't have time, they've got time to do it,"" he said.",right,left
Obama Mocks Congress For Vote,"president calls on congress to move on transportation funding portion of jobs bill. he mocks house leader boehner for ignoring the motto, says it is time to do it. a bill this week encouraged ""in god we trust"" as the national motto.",left,right
Obama Mocks Congress For Vote,"president tells congress to move on transportation bill. bill reaffirms ""in God we trust"" motto. house approves bill to keep motto, encourage it to be displayed in public buildings.",center,right
Obama Mocks Congress For Vote,"new: president says they have more time for frivolous stuff. democrats criticized bill to reaffirm ""in God we trust"" motto in schools. president's speech echoes those of former gop presidential candidate sen. mitt romney.",left,right
Obama Mocks Congress For Vote,"a bill to reaffirm ""in god we trust"" as the national motto prompted a vote. the house voted 396-9 to endorse the bill. some politicians said the bill wasn't about helping people go back to work.",right,center
Obama Mocks Congress For Vote,"president Barack Obama mocks congress over focus on frivolous bills. bill says motto ""In God We Trust"" reaffirms. bill also urges display in public schools and government buildings. democrats have criticized president obama's handling of the jobs bill.",left,center
Obama Mocks Congress For Vote,"president urges congress to move on transportation funding portion of jobs bill. he mocks lawmakers who are instead dealing with less-important stuff. bill to reaffirm ""in God we trust"" as national motto passes the house.",left,center
Obama: ‘In God We Trust' Vote Not Creating Jobs,"president spoke at key bridge in key bridge on jobs bill. ""the president thinks it's a fair jab if i do say so myself,"" white house spokesman says. speaker boehner: congress is ""going to be doing nothing""",left,left
Obama: ‘In God We Trust' Vote Not Creating Jobs,president bush says he is focusing on the jobs bill and its ramifications. the phrase in a white house briefing isn't in the Bible. there is an asterisk to the statement in the transcript.,left,left
Obama: ‘In God We Trust' Vote Not Creating Jobs,president is on the cusp of passing a house resolution on national motto. the president urges the house to act on the stimulus bill. a white house spokesman says that phrase is not in the Bible.,left,left
Obama: ‘In God We Trust' Vote Not Creating Jobs,"president says putting people back to work is no good at all. says president is working hard to get Congress to do a job. calls out speaker boehner for their ""do-nothing"" congress.",left,right
Obama: ‘In God We Trust' Vote Not Creating Jobs,"'in God we trust' is the president's motto, he says. white house spokesman: this phrase is not in the Bible. 'yes, it's a fair jab if i do say so myself,' carney says. ""your government is not the way it is,"" he says of the deal.",left,right
Obama: ‘In God We Trust' Vote Not Creating Jobs,"reaffirming ""in God we trust"" motto is not putting people back to work. cnn's abc ""comment"" was wrong to discuss the bill in this story. white house press secretary says phrase is not used in the bible.",left,right
Obama: ‘In God We Trust' Vote Not Creating Jobs,"president says ""in God we trust' is the national motto. he says the'real job' debate about the bill will be with the leaders. white house press secretary says the ""common phrase does not appear in the Bible"" a ""common phrase"" does appear in the Bible, he says.",right,center
Obama: ‘In God We Trust' Vote Not Creating Jobs,"president pushes jobs bill, calls house vote ""not putting people back to work"" ""the Lord helps those who help themselves,"" he quotes the Bible as saying. republicans have said the president is a ""non-suffering partisan""",left,center
Obama: ‘In God We Trust' Vote Not Creating Jobs,"president says house vote reaffirming the motto ""not putting people back to work"" white house press secretary said asterisk is not in the Bible. president says the president is working to ""get busy"" with issues of great importance. ""it is a good thing we can be very careful with what we talk about,"" aide says.",left,center
Bachmann Cover Controversy Prompts Response From Newsweek,"columnist Noel Sheppard: the cover of Newsweek reflects left bias. he says readers are unpleasantly surprised by the choice of the portrait of congressional candidate. critics say the editorial is not impartial, and it is sexist. she says the editorial decision was ""true"" and deserves greater attention.",right,left
Bachmann Cover Controversy Prompts Response From Newsweek,the cover of the conservative magazine features a photo of candidate and tea party favorite. the picture is splashed across the front. some in the conservative blogosphere are angry at the cover choice.,right,left
Bachmann Cover Controversy Prompts Response From Newsweek,"the cover of this week’s issue is a photo of the rising tea party woman. her eyes are open wide, focused intensely somewhere off in the distance. at the bottom of the page, floating across her torso in bold white letters, are the words “the Queen of Rage”",left,left
Bachmann Cover Controversy Prompts Response From Newsweek,"newsweek put photo of Michele Bachmann on its cover. one blogger says, ""it’s sexist"" another says it has no connection to conservative issues.",left,right
Bachmann Cover Controversy Prompts Response From Newsweek,the cover of Newsweek magazine has a picture of a candidate for the democratic nomination. the picture shows the republican Rep. Michele Bachmann shaking hands with voters. some on the conservative Web site are protesting the controversial photo. the decision to put her on the cover is similar to an editorial choice a year ago.,right,right
Bachmann Cover Controversy Prompts Response From Newsweek,"conservative blogs not happy that photo of candidate slapped across cover is not sexist. editorial rebuttal says image is ""a sexist choice""",left,right
Bachmann Cover Controversy Prompts Response From Newsweek,"conservatives decry Newsweek's cover of a photo of rep. Michele Bachmann. her eyes are open wide, focused intensely somewhere off in the distance, just a smidge too high. ""The queen of rage,"" the cover caption says of the candidate and her mother.",center,center
Bachmann Cover Controversy Prompts Response From Newsweek,some conservative blogs are angry about newsweek’s cover of a picture of a sitting congresswoman. the photo shows her signing autographs and shaking hands with voters. the cover was chosen to go with an article by Lois Romano about her place in the tea party movement.,right,center
Bachmann Cover Controversy Prompts Response From Newsweek,"the cover of this week’s newsweek magazine features a picture of the aspiring congresswoman. the image shows her looking at voters and signing autographs. one blog user said the photo was sexist, and others considered it offensive.",left,center
AARP Open to Social Security Cuts,AARP says it is open to modest reductions in benefits for future recipients. conservatives want to restructure social security and chip away at the benefits it promises. a moderate democratic group in washington praised AARP's move. others saying it could be a 'watershed moment' for social security reform.,right,left
AARP Open to Social Security Cuts,powerful lobby for older Americans said it was open to modest reductions in benefits. a moderate democratic group called the AARP statement a watershed moment. some advocacy groups accuse a group of effectively abandoning its core constituency. other advocates say a tampering with the social security issue is a waste of time.,center,left
AARP Open to Social Security Cuts,AARP said it is open to modest reductions in benefits for future recipients. moderate Democratic group called AARP’s position “a watershed moment” in debate. two separate groups say a move is an effort to preserve the benefits they are promised. other groups accuse AARP of effectively abandoning its core constituency.,right,left
AARP Open to Social Security Cuts,a controversial AARP group said it is open to modest cuts in benefits. the lobby could provide ammunition for fiscal conservatives struggling to restructure Social Security. third Way says a watershed moment in the debate over social security will be a watershed moment. a conservative group for the protection of older americans says AARP’s statements are an impediment to reform.,center,right
AARP Open to Social Security Cuts,powerful group that opposes cuts to social security opens to modest benefits reductions. president bush said he would help reduce appointing a new commissioner. some are concerned about a lack of transparency when a proposed budget has been reached. the ap chief said the government should not be reluctant to discuss such issues.,left,right
AARP Open to Social Security Cuts,"powerful AARP lobby says it is open to modest reductions in benefits. conservatives want to restructure social security and chip away at the benefits it promises. but moderate democratic group calls AARP’s stance on cuts ""a watershed moment"" fda chief: ""we can't force our supporters to change a policy that allows us to lose the burden of paying them a price""",left,right
AARP Open to Social Security Cuts,powerful lobby for older americans said it was open to modest reductions in benefits for future recipients. ncps president andrew rosin: AARP’s position on cuts should be seen less as major change in position. moderate democratic group called AARP’s position “a watershed moment” in debate.,left,center
AARP Open to Social Security Cuts,a group that criticizes benefits cuts says it is open to modest cuts. other group says its message shows it is not going to restructure social security. a moderate democratic group calls AARP’s stance “a watershed moment”,left,center
AARP Open to Social Security Cuts,powerful lobby for older americans opposed to proposed cutting of benefits. AARP open to modest reductions in benefits for future recipients. some advocates criticized AARP’s comment as overly time-consuming. sen. steve cohen: the group will continue to oppose the plan.,left,center
AARP Pushes Back on Claim About Social Security Concessions as Lawmakers Push Reform,the AARP says it rejects cuts in benefits debate but admits adjustments. a legislator says a new plan is a positive step in the right direction. a social security reform bill would raise retirement age to 69.,center,left
AARP Pushes Back on Claim About Social Security Concessions as Lawmakers Push Reform,"a report last week said the AARP would accept cutting Social Security benefits. the group is pushing for ""benefit adjustments"" to make the system solvent. a spokesman for the AARP says the proposal would bring in more money. a senate bill would make it easier for the u.s. to reduce deficits.",right,left
AARP Pushes Back on Claim About Social Security Concessions as Lawmakers Push Reform,"the AARP's new and welcome position marked ""huge shift"" in debate over social security. a report claims AARP is dropping its opposition to benefits cuts. but at the same time it acknowledged ""benefit adjustments"" would be necessary to make the system solvent. lisa mccaffery says it will try to ""trick"" social security into ""a more flexible and stable system""",left,left
AARP Pushes Back on Claim About Social Security Concessions as Lawmakers Push Reform,"AARP says it is dropping its opposition to benefits cuts, but will not offer new concessions. but it claims ""benefit adjustments"" would be necessary to make the system solvent. the AARP has marked ""a huge shift in the debate on the solvency of Social Security"" lawmakers include senators from texas and michigan, who are working on their plan.",right,right
AARP Pushes Back on Claim About Social Security Concessions as Lawmakers Push Reform,"the AARP conceded it needed ""benefit adjustments"" to make Social Security solvent. a report by a group opposed to privatizing Social security, said it has accepted benefits cuts. a bill passed the house friday would raise the retirement age to 69. the bill does not include tax hikes. but a conservative senator says it would make it easier to recoup resources.",center,right
AARP Pushes Back on Claim About Social Security Concessions as Lawmakers Push Reform,"AARP backs report saying it's dropping opposition to benefits cuts, but acknowledges adjustments. ""benefit adjustments"" would be necessary to make the system solvent, says a AARP spokesperson. a senator from texas who unveiled her own social security reform bill calls for ""significant changes"" the AARP's latest stance comes amid the sweeping cost of living cuts proposed by the white house.",left,right
AARP Pushes Back on Claim About Social Security Concessions as Lawmakers Push Reform,"u.s. senators say they want a balanced approach to improving social security. a federal aide called for changes in the 'next phase' of the overhaul plan. a conservative group criticized the report as ""distractional"" and ""unjust""",left,center
AARP Pushes Back on Claim About Social Security Concessions as Lawmakers Push Reform,"a report says the AARP is dropping its opposition to benefits cuts. it acknowledges ""benefit adjustments"" would be needed to make the system solvent. the 'no tax' bill would raise retirement age to 69 in 18 years, according to a senate bill.",left,center
AARP Pushes Back on Claim About Social Security Concessions as Lawmakers Push Reform,"u.s. senator kathryn schofield: the AARP is dropping its opposition to benefits cuts. she says lawmakers are still pushing for ""benefit adjustments"" to make social security solvent. senator says it would raise retirement age to 69 over 16 years and cut costs. schofield: obama administration is helping seniors in need of government funding.",left,center
Justices Take Up Crucial Issue in Wal-Mart Suit,decision could allow a class-action suit against u.s. retailer to proceed. justices argue a central policy gave local managers too much discretion. justices disagreed on how to conduct a suit involving 1.5 million women.,right,left
Justices Take Up Crucial Issue in Wal-Mart Suit,"sally kohn: sex discrimination class-action case by women about to go on for more than a year. she says the justices struggled to distinguish between unlawful and benign discrimination. kohn: most justices ruled against the issue, not whether it would be allowed to go ahead. she says a federal court could decide whether to step in and stop discrimination.",left,left
Justices Take Up Crucial Issue in Wal-Mart Suit,the u.s. supreme court appeared closely divided during arguments on thursday. sally kohn: justices were unsure how to administer a lawsuit over sex discrimination. she says there was no uniform policy to prevent discrimination by companies. kohn: court will have to decide whether to allow the lawsuit against wal-mart to go forward.,left,left
Justices Take Up Crucial Issue in Wal-Mart Suit,"the court appeared closely divided in court during arguments on tuesday. ruben navarrette says justices struggled to distinguish between unlawful and non-indigenous discrimination. he says in the case, the issue was whether women would have enough in common. navarrette: if no law has passed to protect people, it would protect companies from a lawsuit.",left,right
Justices Take Up Crucial Issue in Wal-Mart Suit,case is largest employment discrimination class action in history. justices struggled to distinguish between gaps in pay and unlawful discrimination. justice john gracy: 'you don't have enough in common to join together in a single lawsuit',left,right
Justices Take Up Crucial Issue in Wal-Mart Suit,david frum: supreme court appeared divided on sex discrimination class-action. judge had questioned how to administer a lawsuit involving 1.5 million women. he said firm gave local managers too much discretion in pay and promotion decisions. frum: court's decision expected to cut its pro-business reputation.,left,right
Justices Take Up Crucial Issue in Wal-Mart Suit,sex discrimination class-action case against the company won supreme court approval. the court appeared closely divided during arguments involving hundreds of thousands of women. justices seemed sympathetic to the plaintiffs who brought a huge sex discrimination suit.,left,center
Justices Take Up Crucial Issue in Wal-Mart Suit,justices argued that more women should have been protected. the case is the largest discrimination class action in history. the justices expressed qualms about how to administer the lawsuit. a ruling by June could allow the case against Wal-Mart to go forward.,left,center
Justices Take Up Crucial Issue in Wal-Mart Suit,case involves up to 1.5 million women seeking back pay that could amount to billions. ted cruz: justices qualm about how to administer sex discrimination class-action. he says a central policy conferring local discretion gave managers too much discretion. cruz: decision on the case likely will be the biggest business ruling this term.,left,center
Arizona Sheriff Joe Arpaio Endorses Rick Perry,"arpaio endorses three-term Texas governor Rick Perry for the Republican nomination. ""we need a tough-on-crime president who will champion and fund full-time border security operations,"" arpaio says. he has been a major supporter of his state's controversial immigration law.",right,left
Arizona Sheriff Joe Arpaio Endorses Rick Perry,"self-titled America's Toughest Sheriff endorses texas governor for the presidential nomination. he said he would secure border ""with thousands more federal boots on the ground"" arpaio has been known for re-instituting chain gangs in 1995.",left,left
Arizona Sheriff Joe Arpaio Endorses Rick Perry,"arpaio endorses former state senator Rick Perry for the republican nomination. ""we need a tough-on-crime president who will champion and fund full-time border security,"" says Perry. arpaio has been a major supporter of the state's controversial immigration law.",right,left
Arizona Sheriff Joe Arpaio Endorses Rick Perry,"arpaio endorsed three-termtexas governor for presidential nomination. the endorsement may prove useful to the incumbent, who faces criticism for support of DREAM children. arpaio endorsed eric holder, whose support was high among chain gangs in 1995.",left,right
Arizona Sheriff Joe Arpaio Endorses Rick Perry,"arpaio says president obama has done more to protect the border. ""we need a tough-on-crime president,"" said arpaio. ""i will secure the border within a year,"" he said.",right,right
Arizona Sheriff Joe Arpaio Endorses Rick Perry,arpaio endorses three-term Texas governor Rick Perry for the presidential nomination. the endorsement from arpaio could prove helpful to Perry's opponent with the right.,right,right
Arizona Sheriff Joe Arpaio Endorses Rick Perry,arpaio endorses the three term governor's campaign for the governor. he endorsed the governor's border security plan against Romney and a bill to allow tuition discounts. the endorsement might help the governor who has faced criticism for his support of DREAM children.,left,center
Arizona Sheriff Joe Arpaio Endorses Rick Perry,"arizona lawmaker endorsed three-term texas governor Rick Perry for the no. 4 spot. he's known for his controversial stances on illegal immigration. arpaio: ""we need a tough-on-crime president who will champion"" border security operations.",left,center
Arizona Sheriff Joe Arpaio Endorses Rick Perry,"Joe arpaio endorses state's three-term governor, says he will support border security. Arpaio: ""we need a tough-on-crime president who will champion"" border security. arpaio, a fierce critic of a sex abuse in the u.s., endorses slapping 'terrorist' u.s. officials. he will serve as a high-ranking adviser to the governor and secretary of state.",right,center
Trump Won't Go Forward With Debate,"john avlon: the real estate mogul made a political point to drop presidential debate. avlon: ""i must leave all of my options open because, above all else, we must make America great again!"" he says. avlon: this is an attempt by the left to distract the left from what he needs.",left,left
Trump Won't Go Forward With Debate,real estate mogul says he will not run if not displeased with candidates. he says he's not willing to give up his right to run as an independent candidate. critics say he was ignoring the importance of the candidates. but polls show he has a clout to run for president again.,right,left
Trump Won't Go Forward With Debate,"in a bid to defeat a failed and destructive Obama administration, the president decided to drop a debate. he is among the only candidates to participate on the 'newsmax' debate.",right,left
Trump Won't Go Forward With Debate,Trump dropped plans to moderate a presidential debate. but he chose to drop the debate. he has flirted with running for president several times since the 1980s but has always decided not to follow through. he said he will not run if he was displeased with candidates he was unable to attend.,center,right
Trump Won't Go Forward With Debate,"Trump’s decision to drop the debate drew criticism from the republican establishment. ""i must leave all of my options open because, above all else, we must make America great again!"" he said. the comments come after the election season. the only two candidates that agreed to participate were resigning.",right,right
Trump Won't Go Forward With Debate,"douglas rushkoff: president obama's statement on june 16 drew criticism from the conservative establishment. he says he was dissenting on his plans to moderate a presidential debate. he says president obama has no plans to resign after he declared he would not run for president. rushkoff: if obama does not run, he could also make a comeback against newt gingrich and hill",left,right
Trump Won't Go Forward With Debate,"tim stanley: president has dropped plans to moderate presidential debate. he says that he will leave ""all of my options open"" for free as an independent candidate. stanley: it's certain to open door to a round of ""i just might"" threats from real estate mogul. stanley: voters will continue to vote for u.s. president if he does not dissent from candidates.",left,center
Trump Won't Go Forward With Debate,the former presidential candidate has officially dropped plans to moderate presidential debate. he drew criticism for not attending as only two candidates agreed to attend. he has flirted with running for president several times but has always decided not to run.,right,center
Trump Won't Go Forward With Debate,"Trump dropped plans to moderate a presidential debate. tim slynn: president obama has 'been very quiet' about whether he could run. he says he still considers leaving his options open to run for independent candidate. slynn: if he was displeased with candidates, he wouldn't run.",left,center
Maine Gov. LePage opens door to early exit,"lePage opens door to early departure, saying he's looking at all options. he apologized for voicemail he left for state rep. Drew Gattine. but he refused to apologize for it and went on to curse out Gattine. ""i’m looking at all options,"" lePage said on radio station.",right,left
Maine Gov. LePage opens door to early exit,"Maine governor is considered to be stepping down from the governor's office. he apologized for a voicemail left to his democratic state rep. roger gattine. in a recording obtained by the press Herald, he identifies himself and curses out Gattine. the governor later took to twitter to push back on media reports about a resignation.",right,left
Maine Gov. LePage opens door to early exit,lePage opens the door to stepping down from his position following state lawmakers. he apologized repeatedly for a voicemail he recently left for democratic state rep. Drew Gattine. he said he wanted him to prove that he was a racist. lepage also offers more racially charged comments.,left,left
Maine Gov. LePage opens door to early exit,"governor pushed back on reports of a possible resignation. in radio interview, he apologizes repeatedly for voicemail he left for state rep.. his remarks came after the state found many of its drug dealers illegal. it is unclear whether the governor will step down.",right,right
Maine Gov. LePage opens door to early exit,state lawmakers are pushing for state governor to step down. lePage apologized for voicemail exchange for democratic state rep. Drew gattine. he has since apologized.,left,right
Maine Gov. LePage opens door to early exit,governor Paul LePage has had a few angry comments and several rebukes. he blames state lawmakers and sparked outrage in the last two days. he offered more offensive comments a week ago that have drawn fire.,center,right
Maine Gov. LePage opens door to early exit,"""you, little son-of-a-b----, socialist c---sucker,"" the governor cursed at rep. gattie. the conversation was broadcast live monday on talk radio station WVOM. new: ""i'm looking at all options,"" lePage said. state lawmakers have pressured him to step down.",left,center
Maine Gov. LePage opens door to early exit,"Maine's governor says he is 'looking at all options' despite criticism, he has refused to apologize for an expletive-ridden voicemail. ""it’s a little late, but i’m ready, but that’s what it is,"" governor says of saturday. the governor will announce a new term at the end of the year.",right,center
Maine Gov. LePage opens door to early exit,"Maine governor opened the door Tuesday to an early exit from the office. he apologized for an expletive-ridden voicemail he recently left for state rep. Drew Gattine. ""i’m looking at all options,"" he said on talk radio station WVOM.",center,center
Arguments Get Personal Between Donald Trump and Ted Cruz,"two women were attacked on twitter a day before senate democrats said they would run for president. tim stanley: president obama has spoken out against those candidates. he says u.s. should follow suit in court to keep president obama from running. stanley: it would be wrong for a democrat to make a hater of his wife, melania.",left,left
Arguments Get Personal Between Donald Trump and Ted Cruz,"ronald reagan: sen. rand paul and sen. chuck reed threw their weight behind women in races. reed tipped his rival to ""leave Heidi the hell alone,"" critics think, but ad makes him look sniveling coward. reagan says it's good that campaign can build trust among women, with less risk of election. reagan: if we make a mistake, we",left,left
Arguments Get Personal Between Donald Trump and Ted Cruz,"cnn's richard quest's john sutter describes president to his twitter audience. it features an old nude photo shoot of his wife, a former model, posing on his jet. sutter: the reaction to the tweet was rather subdued. he says a campaign ad by ""super PAC"" threatens to disqualify a senator.",left,left
Arguments Get Personal Between Donald Trump and Ted Cruz,"with the election coming, Donald J. Trump has stirred up a war of words on Twitter. the front-runner for the nomination will drive away women from candidates running farther down ballot. one democrat is calling for a resurgent immigration reform bill that would protect gays. democrats are urging voters not to back the president in the polls.",center,right
Arguments Get Personal Between Donald Trump and Ted Cruz,"bob greene: the ad by a ""super PAC"" for tx senator to take offence against wife is stirring up controversy. he says he has retweeted images of him with the president, who has never tweeted since. he says he wants to stop tuesday's announcement that the men are in charge. greene: he has called his wife Heidi, who had depression years ago, ""sniveling coward""",left,right
Arguments Get Personal Between Donald Trump and Ted Cruz,"sen. hillary clinton of texas denounces ad by a ""super PAC"" ad features an old nude photo shoot of her husband, an ex model. clinton accuses clinton of making a ""conquering mistake,"" wants to take a ""true"" line. clinton accuses clinton of giving a false impression about a candidate he claims is a'sniveling coward'",left,right
Arguments Get Personal Between Donald Trump and Ted Cruz,"michelle obama: president obama is going to show why he will fight his rival. obama is a'super PAC' and the front-runner should leave his wife, a former model, alone. obama has threatened to kill his wife if he gets nod. he says if his wife gets nod, it will drive away women from candidates.",left,center
Arguments Get Personal Between Donald Trump and Ted Cruz,julian zelizer says president Donald j. Trump is the front-runner for the nomination. he said he has had enough of saying that wife should be left alone. zelizer says he is disappointed and sees a big move by a super pac to oppose.,right,center
Arguments Get Personal Between Donald Trump and Ted Cruz,"gloria borger: as a rebuffed media intervention, nra's new president caused new controversy. she says it's a sign that his opponent is to the point that she will have to endure more. borger: men would do if they'd let them down, but if they didn't, they would be in trouble. borger: president's reaction to ad by ""super PAC"" could bring more tension to race.",left,center
Did Ruth Bader Ginsburg Cross The Line With Her Donald Trump Comments?,a number of legal academics and Supreme Court observers are raising questions. some say that she might have to recuse herself from considering any Trump-related case. others have suggested she might have to recuse herself. but judicial ethics experts have criticized her candor.,center,left
Did Ruth Bader Ginsburg Cross The Line With Her Donald Trump Comments?,"jurist says it might be ""troubling"" for justice to recuse herself from considering a Trump-related case. he says it could also cause judicial ethicists to question her impartiality. in 2008, he says it would be ""completely unreasonable"" to question her candor.",center,left
Did Ruth Bader Ginsburg Cross The Line With Her Donald Trump Comments?,judge joking she might move to the state if she considers president. legal experts warn that she should recuse herself from any legal cases. some say she has crossed a line. others say she is acting without due process.,right,left
Did Ruth Bader Ginsburg Cross The Line With Her Donald Trump Comments?,"conservatives question judge's impartiality, judicial ethics. professor says if justice recuses herself, she might come under fire. former law professor thinks she has crossed a line.",left,right
Did Ruth Bader Ginsburg Cross The Line With Her Donald Trump Comments?,"jurists and judges argue that justice gennaeth can't be quiet about any possible Trump-related case. some experts say gennaeth could have to recuse herself from any Trump-related case. one academic critic calls the comments a mistake, saying the court has no authority to rule.",center,right
Did Ruth Bader Ginsburg Cross The Line With Her Donald Trump Comments?,some critics are suggesting Ginsburg should recuse herself from considering any Trump-related case. some argue the justice is out of touch with a political party and could be in a position to make her invisible. other observers think she will make too much of her public statements if she doesn’t consider his appointment as appointer-in-chief. some believe her comments could lead to a question of her impartiality in a future politically charged case.,center,right
Did Ruth Bader Ginsburg Cross The Line With Her Donald Trump Comments?,"more legal scholars say Ginsburg should be stout, and if she chooses to quit she'll end her career. one expert says her statements in a political campaign could put her in harms way. others say her conduct could pose ethical questions, but others say she should step down.",center,center
Did Ruth Bader Ginsburg Cross The Line With Her Donald Trump Comments?,"the obama administration says he will ""prove her impartiality"" if the decision is reversed. critics believe her statements could lead to constitutional dissent. a lawyer for the justices says she might have to recuse herself for the Trump case. a professor at the university of Maine says she has crossed a line.",center,center
Did Ruth Bader Ginsburg Cross The Line With Her Donald Trump Comments?,"""the other justices should hold an intervention, and tell her to be quiet or step down,"" one attorney wrote. a legal expert believes Ginsburg’s statements could prompt a question about the court’s integrity. legal academics say she crossed a line; a democrat is the one who needs to answer these questions. if this issue becomes a challenge, the court must decide whether to recuse itself.",left,center
Trump gets into Twitter feud with former Mexican president,"Vicente Fox went on a tear declaring the presidential nominee ""not welcome"" in the country. ""he is not welcome to Mexico,"" Fox told CNN. ""i think President Pea is taking an enormous political risk by hosting Trump,"" he said on a twitter post.",right,left
Trump gets into Twitter feud with former Mexican president,"former Mexican president Vicente Fox went on a tear declaring Trump ""not welcome"" in the country. he called on the republican nominee to apologize and ""stop lying"" on twitter. the billionaire says he is worried and ""terrorist"" because he is not welcome.",right,left
Trump gets into Twitter feud with former Mexican president,"former Mexican president Vicente Fox went on a tear claiming the Republican nominee “not welcome” in the country. Fox also called on Trump to apologize and ""stop lying""",left,left
Trump gets into Twitter feud with former Mexican president,"former Mexican president called for apology and to ""stop lying"" former president calls on Trump to apologize. president invites former u.s. representative to country in effort to oust him. eric holder: ""this is a big mistake on the part of President pea""",left,right
Trump gets into Twitter feud with former Mexican president,"former president of the republican party in a twitter war with former Mexican president. Vicente Fox declared the republican nominee ""not welcome"" in the country. ""i think this is a big mistake on the part of President pea,"" Fox said.",right,right
Trump gets into Twitter feud with former Mexican president,"former Mexican president Vicente Fox declares the Republican nominee ""not welcome"" in the country. Fox says he didn't agree with current President Enrique Pena Nieto’s invitation to Trump. ""you really need to apologize and stop lying,"" he says.",right,right
Trump gets into Twitter feud with former Mexican president,"former Mexican president Vicente Fox says he does not want the billionaire to visit. he calls on the gop's nominee to apologize and ""stop lying"" meanwhile, former state department official calls for a return to the nation.",left,center
Trump gets into Twitter feud with former Mexican president,"Trump said he was not welcome in the country to meet with him. the former president criticized the president of the united states. he took to twitter to call on him to apologize and ""stop lying""",right,center
Trump gets into Twitter feud with former Mexican president,"former president decries Trump’s arrival in the country as ""a huge mistake"" former president Vicente Fox also criticizes the current president's decision to invite a billionaire to the country. when she apologized, he called on him to apologize and ""stop lying""",left,center
"Vicente Fox and Felipe Calderón, 2 Ex-Presidents of Mexico, Say No Way Country Is Paying for Donald Trump's Wall",former presidents of the united states and mexico have angered the wall. Vicente and grazia lucha have called for the wall to be built and closed. they say that the wall would be a costly effort and that the u.s. will pay.,left,left
"Vicente Fox and Felipe Calderón, 2 Ex-Presidents of Mexico, Say No Way Country Is Paying for Donald Trump's Wall","former presidents Vicente Fox and Felipe Calderón have criticized the wall. sen. arnold schwarzenegger said he hopes to create a ""neutral america"" ""if the wall is built like this, he will get the money,"" he said. schwarzenegger: his criticism of the wall is unfair.",left,left
"Vicente Fox and Felipe Calderón, 2 Ex-Presidents of Mexico, Say No Way Country Is Paying for Donald Trump's Wall","former presidents take aim at their opponents in a fiery interview. vicente fox says he won't pay for Mexico's $85 billion wall. ""i’m not going to pay,"" he said.",center,left
"Vicente Fox and Felipe Calderón, 2 Ex-Presidents of Mexico, Say No Way Country Is Paying for Donald Trump's Wall","former presidents call on voters to help him win the $89 billion border wall. he calls on a politician to apologize for slandering president jason nixon. two former presidents called on his counterpart, joe biden, to give his backing. nixon said he wanted to show the ""people that i am proud of""",left,right
"Vicente Fox and Felipe Calderón, 2 Ex-Presidents of Mexico, Say No Way Country Is Paying for Donald Trump's Wall",former presidents Vicente and Felipe Calderón criticize president's language. the comments come as the president calls on president douglas macedary to apologize.,left,right
"Vicente Fox and Felipe Calderón, 2 Ex-Presidents of Mexico, Say No Way Country Is Paying for Donald Trump's Wall","naomi campbell: former presidents call on immigrants not to pay for wall. campbell: it’s too early to tell if there are still barriers in place. he says no.1 spot for wall will be next, but no. 2 spot will be next. campbell: there's no way he can say no.",left,right
"Vicente Fox and Felipe Calderón, 2 Ex-Presidents of Mexico, Say No Way Country Is Paying for Donald Trump's Wall",Vicente fox and Felipe calderón accuse it of being egocentric and lacking in political values. a spokesman for both of them said they expect the border to be repaired. a spokesman for one of the president's replacements for last week's election.,left,center
"Vicente Fox and Felipe Calderón, 2 Ex-Presidents of Mexico, Say No Way Country Is Paying for Donald Trump's Wall",former president Vicente Fox calls on his opponent to apologize. joe biden also calls on his supporters to open their eyes. a border wall along the border with Mexico would cost about $8 billion.,left,center
"Vicente Fox and Felipe Calderón, 2 Ex-Presidents of Mexico, Say No Way Country Is Paying for Donald Trump's Wall","former president Vicente Fox called on his opponents to pay for the wall. ""mexican people, we are not going to pay any single cent for such a stupid wall!"" they said. he called on him to apologize.",left,center
"For Trump and Bloomberg, Cordial Ties Have Soured","dnc speech at new york convention features angry words from philanthropist. reihan salam: he told congress he wants to run the nation like he's run his business. he says the two have a long history of friendship, meeting on golf courses. salam: neither of them has made money, and would love to be a billionaire again.",left,left
"For Trump and Bloomberg, Cordial Ties Have Soured","at least a few occasions, the two met on the golf courses. the men played together in 2007, when Mr. Bloomberg was in the second of his three terms as mayor. a friend of Mr. Bloomberg, one of the top sports figures in the city has hailed the former mayor as a ""dead man""",left,left
"For Trump and Bloomberg, Cordial Ties Have Soured","a dozen times in recent years, the two billionaires have met on the golf course. one time, they played together on the course, but couldn't agree on who would be the leader. both of them grew up in different circles, including in the top strata of the city.",left,left
"For Trump and Bloomberg, Cordial Ties Have Soured","ronaldo: on rare occasions, the two met in golf together. he says ""trump wants to run the nation like he’s run his business"" but he says that they haven’t been close since the Koch administration. ronaldo: it’s hard to tell if the two had had a rift going back many years.",center,right
"For Trump and Bloomberg, Cordial Ties Have Soured","critics say the two billionaires have never really talked about each other. when a charity event was planned for september 2010, they disagreed. philanthropist Michael R. Bloomberg said he has never met president obama. his first visit to the city this spring was to a city of ultra-rich.",right,right
"For Trump and Bloomberg, Cordial Ties Have Soured",tyler hyster says many think that both men share a rift that went back decades. hyster: both men often play golf together; they hardly interact as much. hyster: both men had a 'crack' but rarely share a prank on other players.,left,right
"For Trump and Bloomberg, Cordial Ties Have Soured","two billionaires have a long rift over money and politics. some say there has been no one close for the two to meet. despite a rift, a professor says they are still close.",center,center
"For Trump and Bloomberg, Cordial Ties Have Soured","two billionaires had rift going back many years. ""trump says he wants to run the nation like he’s run his business,"" says former mayor. pair played together for charity in 2007.",right,center
"For Trump and Bloomberg, Cordial Ties Have Soured","dnc debate reveals they had a long and rocky relationship. in 2008, the two played together at a charity golf event. the pair met briefly after the ad criticized his political views. a few years ago, he called himself a 'national menace'",left,center
Bernie Sanders Meets President Obama and Pledges to Work to Defeat Donald Trump,"the president met with the Democrat senator on the white house grounds. he says he'll do everything he can to stop ""dominator"" president obama endorsed gov. clinton on tuesday. he and the democrats discussed the fate of his candidacy in a meeting wednesday.",right,left
Bernie Sanders Meets President Obama and Pledges to Work to Defeat Donald Trump,"sen. michael brown: president obama tells campaign manager he has to push for unity. brown: u.s. has a problem, but presidents and candidates have a problem. he says the united states is the only true republican party that can stay. brown: if it is not united in some form, that will be the defining issue of the campaign.",left,left
Bernie Sanders Meets President Obama and Pledges to Work to Defeat Donald Trump,"the visit comes after the Vermont senator met with president obama. after the meeting, he said he would work closely with his wife to stop a possible bid for presidency. he said he would work as hard as he can to stop the president from becoming president.",right,left
Bernie Sanders Meets President Obama and Pledges to Work to Defeat Donald Trump,first lady clinton and ted roberts make a surprise appearances. senator says he'll fight to stop more racist and conservative policies. president obama says 'anti-disaster' policies will 'tear into republican unity',left,right
Bernie Sanders Meets President Obama and Pledges to Work to Defeat Donald Trump,"a day after meeting with presidents he met with sen. john mccain and mike hawking. after meeting with presidents, he said he would do everything to stop tony blair. but Mr. boob: he said he would remain fighting for issues that animated campaign. he also praised campaign that he ran; after meeting with presidents, mccain endorsed mccain.",left,right
Bernie Sanders Meets President Obama and Pledges to Work to Defeat Donald Trump,"u.s. senator speaks with president barack obama on the campaign trail. obama will be on a tour of white house at the end of his presidential campaign. despite the visit, he made clear that party unity was on his mind.",left,right
Bernie Sanders Meets President Obama and Pledges to Work to Defeat Donald Trump,his meeting with the president took over an hour. he gave no indication he would leave the race.,left,center
Bernie Sanders Meets President Obama and Pledges to Work to Defeat Donald Trump,"naismith: if democratic presidential candidates leave race, they will lose the presidency. ""what the heck is going on in the world is... a u.s. house of representatives,"" he says. u.s. senators hope obama can rally support behind his policies, naismith says.",left,center
Bernie Sanders Meets President Obama and Pledges to Work to Defeat Donald Trump,"president Obama helped to bolster Sanders campaign; it came a day after meeting with senator. Sanders met with obama, praised hillary clinton in video, suggested she join him. clinton in washington for third time this week. dnc's christopher eaves says eugene ivanoff is out, says he will stay close to hillary clinton.",left,center
"Obama endorses Clinton for president, on heels of Sanders meeting","president Obama formally endorses candidate to succeed him in the white house. he says she has the ""courage"" for the job and he plans to hit the campaign trail soon. the white house said he endorsed her in a video message posted on her campaign site. a spokesman for a democratic party says 'we're not going to endorse this person'",left,left
"Obama endorses Clinton for president, on heels of Sanders meeting","the president says she has the ""courage"" for the job and says she will hit the campaign trail soon. the president recorded a video message expressing support for the candidate in an interview on tuesday. the video aired days after he met with her rival, Bernie Sanders.",right,left
"Obama endorses Clinton for president, on heels of Sanders meeting","obama endorses and endorses candidate who will succeed him in the white house. he confirms his support for ""the next president"" -- and vows to be ""her"" soon. he did not make any endorsements on thursday.",right,left
"Obama endorses Clinton for president, on heels of Sanders meeting","president of the united states pledged to back hillary clinton in new video. he said she has the ""courage"" to lead in the election to succeed him as president. vice president joe biden, who joined him on stage, also pledged support. hillary clinton has already endorsed former u.s. president bill clinton.",left,right
"Obama endorses Clinton for president, on heels of Sanders meeting","president barack obama pledges to formally endorse Hillary Clinton. sen. ted cruz, others back bill clinton, but not first. ""i don’t think there’s ever been someone so qualified to hold this office,"" the president says.",left,right
"Obama endorses Clinton for president, on heels of Sanders meeting",president formally endorses a candidate for the white house. he also promises to hit the campaign trail soon. the president isn't the only candidate who endorses his party. he was in the white house the day Clinton effectively wrapped up the nomination.,left,right
"Obama endorses Clinton for president, on heels of Sanders meeting","president Obama formally endorses her to succeed him in the white house. he says she has the ""courage"" for the job. the white house says he can't stand on the sidelines. the video was released as she campaigned with her rivals.",right,center
"Obama endorses Clinton for president, on heels of Sanders meeting",president formally endorses the incumbent candidate. he says he doesn't think there's ever been a candidate as qualified for the job. his campaign is raising money to pay for the campaign in april.,left,center
"Obama endorses Clinton for president, on heels of Sanders meeting","president endorses Hillary Clinton as the next president. he declares that she has the ""courage"" for the job. campaign announced she will campaign together in green bay.",left,center
Pelosi wins another term as House Democratic leader; Ryan’s dynamic challenge falls short,"pelosi defeated democrat challenger, with 134-to-63 vote. aging leadership team, repeated political losses made pelosi uncertain. midwestern democrat backs pelosi, says aging leadership will change.",left,left
Pelosi wins another term as House Democratic leader; Ryan’s dynamic challenge falls short,"congressional minority leader was defeated by a democrat in a secret ballot vote. ""we didn't lose today,"" said the former house minority leader. the challenger, the midwestern democrat tim Ryan, argued for a bigger, fresher voice to represent the party.",left,left
Pelosi wins another term as House Democratic leader; Ryan’s dynamic challenge falls short,"democratic rep. pelosi defeated a state rep. in a secret ballot vote. the midwestern democrat won 134-to-63. it gave pelosi the opportunity to ""differentiate between us and the administration"" she said she was ""exhilarated"" by the strong support.",left,left
Pelosi wins another term as House Democratic leader; Ryan’s dynamic challenge falls short,"new: rep. pelosi won a secret ballot vote in her eighth term as speaker. new: her challenge had a caucus members frustrated over repeated election losses. new: pelosi says she was ""exhilarated"" by the strong support. new: u.s. rep. joe biden will not give a term beyond her seventh term.",left,right
Pelosi wins another term as House Democratic leader; Ryan’s dynamic challenge falls short,"pelosi defeats push to hold instated office despite several political defeats. john sutter says he is pleased that she's able to challenge to leadership. ""this did not turn out the way we wanted,"" sutter says. ""i’m disappointed"" sutter: pelosi deserves a fifth term in house where she'll be minority leader.",left,right
Pelosi wins another term as House Democratic leader; Ryan’s dynamic challenge falls short,"california rep. pelosi defeated by Ohio Rep. Tim Ryan to become the house minority leader. aides say she has gained a broad voice but can't change the way they view politics. critics say pelosi's ""unspeakable behavior"" has been unprofessional.",left,right
Pelosi wins another term as House Democratic leader; Ryan’s dynamic challenge falls short,"134-to-63 vote for california rep. pelosi was challenged by a democrat in a secret ballot vote. the democrat wowed congressional leaders with her victory. but her leadership team remains divided, with members frustrated over election losses.",left,center
Pelosi wins another term as House Democratic leader; Ryan’s dynamic challenge falls short,"pelosi beats a 134-to-63 vote in secret ballot election by a democrat backed by the house. ohio's democrat said winning will give her opportunity to separate from ""i'm disappointed"" pelosi and her colleagues fought back but lost election in 2010. republicans have been divided over ed paul's ouster and pelosi's lack of experience.",right,center
Pelosi wins another term as House Democratic leader; Ryan’s dynamic challenge falls short,"rep. Nancy Pelosi wins a secret ballot vote to become minority leader. she beat Ohio Rep. Tim Ryan, who had run for the governor's office. the house is divided over the direction of the leadership.",right,center
"Trump takes on Obama, Clinton over ‘radical Islam’ as candidates condemn terror","presidents campaign against 'radical' muslim language. two candidates condemned the fatal shooting at a packed san antonio nightclub. anthony watson, chris christie condemned the 'radical' language. christie praised the shooting as one of the best performances on the campaign trail.",left,left
"Trump takes on Obama, Clinton over ‘radical Islam’ as candidates condemn terror","tsa looms over obama and romney, while nixon calls for ban on immigration. democrats blast presidents over use of ""radical"" terminology. candidates rip Obama and Clinton for not using the term.",left,left
"Trump takes on Obama, Clinton over ‘radical Islam’ as candidates condemn terror","sen. john mccain said a speech to Trump on immigration would be ""the right thing to do"" in a tweet, president obama said he will continue to support the ban. sen. mario barako told mccain, ""the ebola attack is not the end of the world""",left,left
"Trump takes on Obama, Clinton over ‘radical Islam’ as candidates condemn terror","conservatives have criticized candidates' calls to ban Muslim immigration to the U.S. the white house is giving up a promise to bring in students, voters. new: the u.s. has a higher number of migrants than any other nation. the president says he wants to do more to control the tide of migration.",left,right
"Trump takes on Obama, Clinton over ‘radical Islam’ as candidates condemn terror","president obama blasts the candidates for using the term ""radical Islam"" and president apologies for the violence. the shootings have fueled tensions in the presidential race with the 'flagship' and 'draft'. both candidates have condemned the shooting as a 'flight of terror', u.s. polls show. president obama's first speech in a few months, this time by a senator, will focus on immigration",left,right
"Trump takes on Obama, Clinton over ‘radical Islam’ as candidates condemn terror","president obama accuses clinton and obama of avoiding the term ""radical Islam"" new: president barack obama says he's investigating the attacks as terror. two u.s. senators re-arrange their positions following the killing. the president said he will ban immigrants to the u.s.; he also called for a ban on ""emigration""",left,right
"Trump takes on Obama, Clinton over ‘radical Islam’ as candidates condemn terror","Donald Trump criticizes president Obama and Hillary for not using the term. new: president obama calls for a ban on immigration for 2016 election. a packed hotel sparked violence by a deadly bombing on sunday. in an october 2 tweet, michael samuel calls for a permanent ban on the u.s. immigration.",right,center
"Trump takes on Obama, Clinton over ‘radical Islam’ as candidates condemn terror","tensions between the candidates over obama, Clinton cause election swings. Trump rips obama for not using the term ""radical Islam"" president has defended his proposals to temporarily ban the immigration of Muslim migrants. a packed club and crowds were gathered at the end of the night.",right,center
"Trump takes on Obama, Clinton over ‘radical Islam’ as candidates condemn terror","the terror attack on a packed Orlando nightclub reverberated across the campaign trail. president and vp candidate both condemned the shooting as an ""act of terror"" in the same day, Donald Trump has said his ""leadership is weak and ineffective""",left,center
Senate Overrides Obama's Veto Of 9/11 Victims Bill,"the house voted later on Wednesday to override the veto, causing the bill to become law. three of the 19 hijackers on 9/11 were citizens of Saudi Arabia. saudi Arabia denies any role in the attacks, multiple probes have cleared it of blame. two-thirds of the house voted for the measure, and one-third for president obama.",left,left
Senate Overrides Obama's Veto Of 9/11 Victims Bill,"new: the house overrides the veto, allowing the bill to become law. president barack obama vetoes a bill to let 9/11 victims sue Saudi Arabia. some senators voted against the legislation, but there was a stinging defeat.",left,left
Senate Overrides Obama's Veto Of 9/11 Victims Bill,last time chamber had votes to override veto is first time chamber had votes to overrule him. two senators didn’t vote at all: Tim Kaine (d-Va.) and Bernie Sanders (I-Vt.) Senate voted 97-1 to override veto of bill allowing 9/11 victims sue Saudi Arabia.,left,left
Senate Overrides Obama's Veto Of 9/11 Victims Bill,legislation overrides 1976 law preventing countries with alleged ties to terrorist groups from invoking legal immunity in courts. eight victims sued by the government for alleged role in the 9/11 attacks. legislation takes 2/3 of the Senate to override president's veto of legislation.,center,right
Senate Overrides Obama's Veto Of 9/11 Victims Bill,"the Senate overrules president's veto of a bill allowing 9/11 victims to sue Saudi Arabia. it is first time a chamber of Congress has had the votes to overrule a veto. sen. john cornyn, a democrat, led the effort against the president.",left,right
Senate Overrides Obama's Veto Of 9/11 Victims Bill,"a bill would let 9/11 victims sue Saudi Arabia for alleged role in the attacks. the bill, known as the justice Against Sponsors of Terrorism Act, has become law. two senators didn’t vote at all: senators Tim Kaine (d-Va.) and Bernie Sanders (i-Vt.) house voted later on tuesday to override the veto.",left,right
Senate Overrides Obama's Veto Of 9/11 Victims Bill,lawmakers overrule veto on measure to let 9/11 victims sue Saudi Arabia for its alleged role in terror attacks. president has been threatened with another war if new bill is vetoed by president obama. two senators and a house majority failed to win 97-1; other senators did not vote at all.,left,center
Senate Overrides Obama's Veto Of 9/11 Victims Bill,senators vote to override veto of bill allowing 9/11 victims to sue for the role of the kingdom. vetoes have been a battle between the house and the Senate for two-thirds of the vote. it is the first time a chamber of congress has had the votes to overrule a veto on a veto.,left,center
Senate Overrides Obama's Veto Of 9/11 Victims Bill,lawmakers back legislation to let 9/11 victims sue Saudi Arabia. two senators didn’t vote in the Senate vote to override president's veto. president has urged lawmakers to repeal the act before it is unveiled. it takes two-thirds of the Senate to override a veto.,center,center
"Congress rejects Obama veto of 9/11 bill, in first override of presidency","the house overrides a bill letting families of 9/11 victims sue the Saudi regime. congress overwhelmingly rejected the bill in an election to override it on monday. the bill was sponsored by 9/11 families whose claims were not true. despite fears the bill could hurt national security, the white house tried to try to override it.",left,left
"Congress rejects Obama veto of 9/11 bill, in first override of presidency",congress rejects veto of bill letting 9/11 victims sue the Saudi government. vote is the first successful veto override of the president’s presidency. a group of senators pledged to find ways to improve the bill. u.s. senators warn the bill could cause chaos in foreign affairs.,center,left
"Congress rejects Obama veto of 9/11 bill, in first override of presidency",the house overrides a bill allowing 9/11 families to sue the saudi government. the president says the legislation will cause chaos in the wake of lawsuits. a lone veto vote in the house was held by sen. Harry Reid. the bill was the first successful veto override in the Obama presidency.,right,left
"Congress rejects Obama veto of 9/11 bill, in first override of presidency",the house overwhelmingly rejected veto overriding bill letting 9/11 victims sue the Saudi. the bill was introduced by republicans in congress. the bill is backed by victims of 9/11 who are still seeking justice.,left,right
"Congress rejects Obama veto of 9/11 bill, in first override of presidency","overwhelmingly rejected by the house, the first successful veto override of obama’s presidency. the house override bill allows families of 9/11 victims sue the Saudi authorities. the bill would have led to a lawsuit against the saudi embassy in bahrain.",left,right
"Congress rejects Obama veto of 9/11 bill, in first override of presidency","""if they had nothing to do with 9/11, they have nothing to fear,"" senator says of 9/11 families. in a letter to the senators, president barack obama warns against the bill. a veto would have hurt the family, and would mean it could be used in court. a bipartisan bill for letting 9/11 families sue the kingdom comes to the vote.",left,right
"Congress rejects Obama veto of 9/11 bill, in first override of presidency","in a lame-duck session, congress rejected the bill, overriding its veto. the bill let families of sept. 11 victims sue the Saudi Arabian government. congress rejected last-ditch warnings from the administration that the bill could hurt national security.",left,center
"Congress rejects Obama veto of 9/11 bill, in first override of presidency","house reverses veto of bill allowing families of 9/11 victims sue the saudi government. lawmakers in house override bill with 97-1 vote and 2/3 majority in the senate. he tells 9/11 families: ""they're not alone"" saudis will sue ""no matter the extent of their guilt or innocence""",left,center
"Congress rejects Obama veto of 9/11 bill, in first override of presidency",the house defeated veto to allow families of 9/11 victims to sue the Saudis. it is the first successful veto override of the president's presidency. the house passed the bill and overrided it 97-1 on the hourly floor in the senate. the bill would let families sue the saudi government over alleged 9/11 discrimination.,left,center
Donald Trump Rebukes Ruth Bader Ginsburg for Deriding His Candidacy,"Trump hits out at justices about their disdainful remarks on presidential campaign. he says he finds the comments ""highly inappropriate"" and is planning to announce the vp. the presumptive republican nominee is running for president in 2014.",right,left
Donald Trump Rebukes Ruth Bader Ginsburg for Deriding His Candidacy,"Donald J. Trump says judge should apologize for talking out on presidential race. ""it’s so beneath the court,"" justice Ginsburg said in call with the tv interview. he says he has five running mates, plus two, two that are unknown to anybody.",right,left
Donald Trump Rebukes Ruth Bader Ginsburg for Deriding His Candidacy,"he calls the disdainful comments about senate nominee a ""disgrace to the court"" president says his running mate is not an ""on-call"" candidate. the presumptive republican presidential nominee says he is raising money for his campaign. he said he would not be basing his selection on fund-raising prowess or potential.",left,left
Donald Trump Rebukes Ruth Bader Ginsburg for Deriding His Candidacy,"Trump says justice should apologize. he calls her comments against u.s. supreme court ""highly inappropriate"" ""i think it's so beneath the court and I think she should apologize,"" he says of senate judge. he will announce his choice of a running mate in three to four days.",left,right
Donald Trump Rebukes Ruth Bader Ginsburg for Deriding His Candidacy,"Trump calls justices' disdainful remarks over his candidacy ""highly inappropriate"" justice Ginsburg was quoted saying she was frightened about what the nation would look like if he were elected. president says he plans to announce his choice of running mate by friday.",center,right
Donald Trump Rebukes Ruth Bader Ginsburg for Deriding His Candidacy,Donald J. Trump assailed justice Ruth Bader Ginsburg. he urged her to apologize to the high court. judge joked about moving to new zealand.,left,right
Donald Trump Rebukes Ruth Bader Ginsburg for Deriding His Candidacy,"the presumptive republican nominee calls Justice Ruth Bader Ginsburg's disdainful remarks ""highly inappropriate"" he says he expected to announce his choice of a running mate by Friday. he says his selection of a third presidential nominee is not based on fund-raising.",left,center
Donald Trump Rebukes Ruth Bader Ginsburg for Deriding His Candidacy,"judge tweeted that she was frightened about the nation's future if he was elected. a few months later, the senate was planning to vote on a running mate. now, but he is uncertain whether to consider a run for president.",center,center
Donald Trump Rebukes Ruth Bader Ginsburg for Deriding His Candidacy,"Donald J. Trump has attacked justice Ruth Bader Ginsburg for publicly speaking on the race. he called the disdainful remarks ""highly inappropriate"" and called for apology from the supreme court. he said he is going to announce his choice of a running mate a week from now.",left,center
Ginsburg under fire from both sides over ‘highly inappropriate’ Trump comments,conservatives say justice was unqualified for job. liberal icon had made comments in the news on the supreme court. but conservatives say she is unqualified.,right,left
Ginsburg under fire from both sides over ‘highly inappropriate’ Trump comments,"u.s. supreme court justice says he is ""faker"" who is unqualified to be president. critics are expressing mixed reactions after she called him unqualified. both parties have called for her to resign.",left,left
Ginsburg under fire from both sides over ‘highly inappropriate’ Trump comments,"liberal icon justice called president a ""faker"" who is unqualified to be president. president: ""he has no consistency about him. he says whatever comes into his head"" senator calls comments ""totally inappropriate"" and urges justice to resign. critics say she is a ""faker"" and that her ""eyes"" are on the political process.",left,left
Ginsburg under fire from both sides over ‘highly inappropriate’ Trump comments,a growing and bipartisan backlash at the comments from justices. the comments are a call from the president to resign. her remarks come on the heels of an attack on a potential presidential run. the justice has resigned since the comments came in the wake of the presidential race.,center,right
Ginsburg under fire from both sides over ‘highly inappropriate’ Trump comments,conservative critics question the court's credibility. justices are under fire for calling the presumptive nominee a “faker”. it's unclear if the nomination will lead to another term in the senate.,right,right
Ginsburg under fire from both sides over ‘highly inappropriate’ Trump comments,"u.s. justices debate how to deal with a ""fake"" nominee on the supreme court. the lawmaker doubled down on her criticism and told the press ""he is a faker"" president obama had called her a ""faceless idiot"" in a tweet.",right,right
Ginsburg under fire from both sides over ‘highly inappropriate’ Trump comments,"republican president calls for justice ginsburg to resign. she called the presumptive republican nominee a ""faker"" senator says Ginsburg was ""scared"" by recent appearances. both the president and women were outraged by the comments.",left,center
Ginsburg under fire from both sides over ‘highly inappropriate’ Trump comments,"justice roger goodell has called for a re-election campaign by the next president. democrats say he would have a tough time allowing a high court justice to stand up against a president. a number of political experts are upset with the criticism, including president obama.",left,center
Ginsburg under fire from both sides over ‘highly inappropriate’ Trump comments,"sen. rick perry calls for the justice to quit as a republican. the justice doubled down on criticism of the presumptive presidential nominee. she called him a ""faker"" who is unqualified to be president. ""it’s a disgrace to the court,"" the president tweets.",right,center
"Vicente Fox, Ex-President of Mexico, Scoffs at Donald Trump’s Visit","former president of san francisco argued for a higher number of immigrants. ""you cannot trust a guy like this,"" he said of his predecessor's invitation. Mexicans are disappointed that the president invited them for the private meeting.",left,left
"Vicente Fox, Ex-President of Mexico, Scoffs at Donald Trump’s Visit","a former president from 2000 to 2006 says he rejects the trip to texas. the president also criticizes the deportation of undocumented immigrants from the us. the former president urges Americans not to vote for the u.s. president. he said the president was only coming as part of a ""desperate"" strategy.",right,left
"Vicente Fox, Ex-President of Mexico, Scoffs at Donald Trump’s Visit","former Mexican president is going to meet with president pea Nieto on Wednesday. the former vice president has been critical of the president and the way he has demonized the country. Vicente Fox, the former president, criticizes the invitation from president pea Nieto.",left,left
"Vicente Fox, Ex-President of Mexico, Scoffs at Donald Trump’s Visit","Mexico’s president, from 2000 to 2006, has called the invitation from Mr. Trump a mistake. president spoke of his disbelief that the invitation from the president was a mistake. but the former president says he rejects the opportunity.",center,right
"Vicente Fox, Ex-President of Mexico, Scoffs at Donald Trump’s Visit","former foreign minister says he has ""no desire to leave the country"" ""i don’t want him. we reject his visit,"" his former counterpart says. ""i don’t want him. i hate him,"" he writes, according to one of his predecessors. his visit comes the week after an announcement that President enrique pea Nieto wants to build a wall in texas.",left,right
"Vicente Fox, Ex-President of Mexico, Scoffs at Donald Trump’s Visit","former-Mexico president Vicente Fox says the invitation to Trump was a mistake. he says president pea Nieto has ""devastated"" his ability to run a country. he says he is a ""false prophet"" who was misleading his followers.",right,right
"Vicente Fox, Ex-President of Mexico, Scoffs at Donald Trump’s Visit",former president vowed in February that wall would never happen. he says the former president didn’t know how to run a nation and ignored his people. former president vicente fox says he does not want to hear a word about a president.,right,center
"Vicente Fox, Ex-President of Mexico, Scoffs at Donald Trump’s Visit",former president said president would not accept invitation to visit mexico. he apologized on twitter for invitation to come to Mexico. former vice president says he has spoken up against his predecessor for demonizing his country.,center,center
"Vicente Fox, Ex-President of Mexico, Scoffs at Donald Trump’s Visit","Vicente Fox says the invitation from President Enrique Pea Nieto was a mistake. he said that the presidential nominee should never be trusted in the country. ""he is not welcome in Mexico,"" said he and Mexico’s president from 2000 to 2006.",right,center
Former Mexican President Vicente Fox Slams President Enrique Peña Nieto For Meeting Trump,"former Mexican president criticizes currently-mayolned pea Nieto for inviting him to meet with him. pea Nieto is taking an enormous political risk by hosting Donald Trump, ex-president of america says. the surprise meeting will be Trump’s first as a presidential nominee.",left,left
Former Mexican President Vicente Fox Slams President Enrique Peña Nieto For Meeting Trump,former Mexican president says he doesn't like his friend in his country. he warns that the president should face criticism if he stands up to him. it comes hours before he's due to give a speech on immigration in north america. he will give his first-ever address to his republican rival on thursday.,right,left
Former Mexican President Vicente Fox Slams President Enrique Peña Nieto For Meeting Trump,"a former president of usa has harshly criticized the invitation to meet with Trump. ""we reject his message,"" says the former former president of mexico. a presidential trip abroad with a foreign leader will be the first with a foreign leader.",center,left
Former Mexican President Vicente Fox Slams President Enrique Peña Nieto For Meeting Trump,former Mexican president Vicente Fox says pea Nieto is taking political risk. he says he is hosting a meeting with former president to boost his profile in the u.s. the opportunistic invitation is just hours before the republican candidate will give a speech on immigration.,right,right
Former Mexican President Vicente Fox Slams President Enrique Peña Nieto For Meeting Trump,former president Vicente Fox says there is no sense in inviting Trump to meet. he said pea Nieto could use meeting to boost his confidence in the united states. the two will be in good hands in a meeting with a foreign leader on monday.,right,right
Former Mexican President Vicente Fox Slams President Enrique Peña Nieto For Meeting Trump,"former former president in defiance of current leader of pea Nieto. ""he is not welcome to Mexico,"" Fox said in an interview on CNN. ""i think the president is taking an enormous political risk by hosting Trump,"" Fox said. ""if he’s gone soft on Trump, it will hurt him greatly,"" Fox warned.",right,right
Former Mexican President Vicente Fox Slams President Enrique Peña Nieto For Meeting Trump,"former president who supported napoleon: “this is a big mistake on part of President Pea"" pea Nieto's approval rating fell to a record low earlier this year amid several corruption scandals. he may seize on the meeting as an opportunity to bolster his image with Mexicans. ""if he’s gone soft on Trump, it will hurt him greatly,"" former president said.",left,center
Former Mexican President Vicente Fox Slams President Enrique Peña Nieto For Meeting Trump,scott edwards: a meeting with a foreign leader will be a huge mistake. edwards: this is a huge political risk on part of President enrique pea Nieto. pea Nieto was skeptic about his track record of gaining support in the midterms. he has refused to take a stand on immigration and may make a deal with the gop.,left,center
Former Mexican President Vicente Fox Slams President Enrique Peña Nieto For Meeting Trump,"former president of mexico harshly criticizes president for inviting him to meet him. ""we reject his message,"" former president says. he says pea Nieto may be viewed as a traitor.",left,center
Former Mexican President Fox to Trump: We won't pay for 'that f***ing wall!',former Mexican president says he is not going to pay for any part of wall. he questioned the allegiance to the u.s.'s biggest political party -- the left. he also questioned his successor's allegiance to the party.,right,left
Former Mexican President Fox to Trump: We won't pay for 'that f***ing wall!',"former former Mexican president makes it clear that he won't be chipping in for any part of wall. ""this nation is going to fail if it falls into the hands of a crazy man,"" he told media outlet. he says he's concerned about the results of the party's caucus, especially election results. he also questioned Trump's allegiance to a party as a whole, including the republican party.",right,left
Former Mexican President Fox to Trump: We won't pay for 'that f***ing wall!',"former mexican president questions administration's beliefs in any political party. former u.s. president says that he won't be paying for any part of proposed border wall. ""This nation is going to fail if it falls into the hands of a crazy man,"" he said.",center,left
Former Mexican President Fox to Trump: We won't pay for 'that f***ing wall!',"former Mexican president says he will not be chipping in for proposed wall. ""he's not a republican. Absolutely not,"" he said. he was critical of the results of the caucus in which he voted against funding the wall. the comments echo those of his successor, who asserted that Mexico will not pay for a wall.",left,right
Former Mexican President Fox to Trump: We won't pay for 'that f***ing wall!',"former Mexican president tells Fusion he won't be paying for a wall. his comments echo those of his successor, Felipe Calderón.",right,right
Former Mexican President Fox to Trump: We won't pay for 'that f***ing wall!',"former Mexican president says ""this nation is going to fail if it falls into the hands of a crazy man."" ""he’s not a Republican. Absolutely not,"" he said. he also called on the people of the northern state to ""open their eyes""",right,right
Former Mexican President Fox to Trump: We won't pay for 'that f***ing wall!',"former Mexico president speaks out against a proposed border wall. he says the wall is ""not to defend our race. Absolutely not"" he has questioned the loyalty of many of the country's hispanic voters. a week ago, Felipe caderón called for the wall to be built to keep from alienating workers.",left,center
Former Mexican President Fox to Trump: We won't pay for 'that f***ing wall!',"former Mexican president accuses the president of being egocentric. he asks about who are ""followers of a false prophet"" who believes he will be a spokesman. the former real estate tycoon has run in the presidential race since 2012.",right,center
Former Mexican President Fox to Trump: We won't pay for 'that f***ing wall!',former president in charge of Mexican homeland tells cnn he won't pay for a border wall. former president also questioned a candidate who led his country from 2000 to 2006. he said it's not about defending the nation; it's about defending the same nation. he also questioned whether the candidates will run in 2020 election.,left,center
Former Mexican President: 'I'm Not Going To Pay For That F**king Wall',"""he should pay [for] that fucking wall,"" former mlk president Vicente Fox tells a reporter. he also says the u.s. taxpayer isn't willing to fund a border wall. but, as a taxpayer, he doesn't want to fund Trump's big idea. former Mexican president said he isn't willing to pay for a wall.",left,left
Former Mexican President: 'I'm Not Going To Pay For That F**king Wall',"former president vicente fox says he's not willing to pay for a wall along the border. he says that border wall would not make the world a better place for migrants. he has criticized obama for a lack of ""non-traditional, middle class"" policy choices. he also says he is concerned about the future of the united states.",left,left
Former Mexican President: 'I'm Not Going To Pay For That F**king Wall',former Mexican president of spain isn't willing to pay for a wall in his native country. he tells a fusion radio station the nation must pay for a wall.,left,left
Former Mexican President: 'I'm Not Going To Pay For That F**king Wall',former president vicente figueroa criticized the idea for a wall along the border. figueroa believes it won't work in any way in a recession. some say he would rather be free to live in a secluded spot of a beautiful park. he says he doesn't believe a wall would provide prosperity for the country.,right,right
Former Mexican President: 'I'm Not Going To Pay For That F**king Wall',"former Mexican president has blamed the government for the huge bill. hispanics are followers of a ""false prophet,"" he said. felpe calderon has dismissed the plan, calling it ""completely useless""",left,right
Former Mexican President: 'I'm Not Going To Pay For That F**king Wall',former Mexican president says he is not willing to fund an immigration wall. he tells a media outlet he'd pay $8 billion for one of the country's smallest projects. former president says Felipe caderon is out of touch with border-wall. he also says an undocumented wall will be useless if he's elected.,left,right
Former Mexican President: 'I'm Not Going To Pay For That F**king Wall',"former Mexican president says he doesn't want a wall along the border. ex-president vicente fox isn't worried about his opponent’s presidential campaign. a recent border wall comes with a huge price tag. Felipe calderon has dismissed the idea, saying it's ""completely useless""",left,center
Former Mexican President: 'I'm Not Going To Pay For That F**king Wall',former Mexican president says his country will not pay for a wall along the border. he's not willing to fund the fucking wall. he's not worried that Trump will win the presidency.,left,center
Former Mexican President: 'I'm Not Going To Pay For That F**king Wall',"Vicente Fox says his taxpayer dollars don't count toward building a wall along the border. the former president says that if Trump is elected, Mexico will not pay for it. however, he says he's not comfortable the idea of a wall will be approved. the new wall is a ""fucking idea,"" which he says he's not willing to pay for.",right,center
Ted Cruz Accuses Donald Trump Of Planting 'Garbage' Affair Story,texas senator speaks out against the allegations against his former communications director. national news outlet reportedly reported that Cruz had affairs with five women. Cruz denies the rumors and blames the news agency for the cover story.,right,left
Ted Cruz Accuses Donald Trump Of Planting 'Garbage' Affair Story,"sen. ted cruz's feud with tabloid cited his ""friends at the National Enquirer"" the tabloid accused him of having affairs with five women earlier this week. Cruz's ex-communications director and a columnist were slapped for the story. a spokesman for the tabloid denied the story had been influenced by Trump backers.",right,left
Ted Cruz Accuses Donald Trump Of Planting 'Garbage' Affair Story,"senator is ""constantly criticizing the media and its allies,"" fellow senator says. the tabloid, the national enquirer, has broken a number of sex scandals. senator vehemently denies the rumors, calling them ""cruel"" and ""garbage"" meanwhile, a former campaign spokeswoman calls the allegations ""crazy""",left,left
Ted Cruz Accuses Donald Trump Of Planting 'Garbage' Affair Story,"senator says he has nothing to do with the national Enquirer story. ""these attacks are garbage,"" he says in statement. the rumor spills over to a chat on CNN between Cruz's former communications director and a columnist. national enquirer has an infamous reputation for tabloid journalism.",center,right
Ted Cruz Accuses Donald Trump Of Planting 'Garbage' Affair Story,"u.s. senator claims to have had affairs with five women; allegations spill over to CNN. ""these attacks are garbage,"" Cruz says, saying accusations are ""generous"" he claims he is the ""invincible president"" of obama's election win. the senate has voted against allowing the presidential election to be snubbed.",left,right
Ted Cruz Accuses Donald Trump Of Planting 'Garbage' Affair Story,"senator calls attacks on country 'gay' on president obama, national newspaper. a tabloid story claimed that senator 'enlisted his friends and political henchmen' to do his bidding. senator and former communications director 'are no longer friends with cronies,' he said. presidential candidate in response says, ""this attacks are garbage""",left,right
Ted Cruz Accuses Donald Trump Of Planting 'Garbage' Affair Story,"senator and entrepreneur slams president-elect in tuesday's national enquirer story. reports of alleged affair with five women went viral in days after story was published. Cruz denies allegations, says attacks are ""cruel"".",right,center
Ted Cruz Accuses Donald Trump Of Planting 'Garbage' Affair Story,"former communications director, ex-public affairs columnist accused of having affair with Cruz. national enquirer published story earlier this week claiming that Cruz had extramarital affairs with five women. ""these attacks are garbage,"" senator says of allegations. Cruz also denies claim, saying he enlists ""his friends at the National Enquirer and his political henchmen to do his bidding""",center,center
Ted Cruz Accuses Donald Trump Of Planting 'Garbage' Affair Story,"rand paul says president has taken steps to make it tough for president to come to office. state department spokesman calls Cruz allegations ""cruel,"" denies that he's involved with the news. he says he has no influence, has no say in whether report is true or not. a senator in texas also accused president of enlisting u.s. democrats to push his agenda.",left,center
"Cruz blames Trump for affair story, hints he wouldn't support him in general election",a national enquirer story alleged that a texas senator has affairs. it's also the latest in a growing feud between conservative senators over women. the feud began earlier this week when a super PAC endorsed Trump.,center,left
"Cruz blames Trump for affair story, hints he wouldn't support him in general election","""it is garbage, complete and utter lies,"" Cruz says about alleged affairs. ""it is a tabloid smear, and it has come from Donald Trump and his henchmen,"" Cruz says. the feud continues even after a PAC posts ads featuring a naked Melania Trump. the super PAC paid for the ads and posted them on facebook and Instagram.",center,left
"Cruz blames Trump for affair story, hints he wouldn't support him in general election","the tea party senator blames his rival for a national enquirer story on her husband. Cruz denies he has had affairs and says the story is ""crabbish, complete and utter lies"" he says there is no evidence in his defense of her mental health.",left,left
"Cruz blames Trump for affair story, hints he wouldn't support him in general election","new: Cruz on the national enquirer allegations: ""Donald Trump is not going to be the Republican nominee"" he blames his rival for the National Enquirer article alleging he has had extramarital affairs. the feud began when a PAC opposed to a presidential candidate posted an ad showing a naked Melania Trump. an independent super PAC paid for the ad and posted it on facebook and Instagram.",left,right
"Cruz blames Trump for affair story, hints he wouldn't support him in general election",Cruz says he doesn’t support people who attack his wife and attack his family. senator blames his rival for the national enquirer story alleging he has had affairs. a super PAC that opposes the presidential nominee posted a racy ad featuring a naked Trump.,center,right
"Cruz blames Trump for affair story, hints he wouldn't support him in general election",a national enquirer story alleged that an unnamed senator had affairs. the allegations were made by a u.s. attorney and a lt. gov. george w. bush spokesman. a super PAC that opposes him posted a meme-style ad with a naked Melania Trump. a top attorney for one of the women in the photo wrote the story is accused of lying.,center,right
"Cruz blames Trump for affair story, hints he wouldn't support him in general election",the national enquirer allegedly alleges that Cruz has had affairs. that allegation also bolsters allegations about the mental health of his wife. a super PAC that opposes the 'female model' posed for a photo of herself.,left,center
"Cruz blames Trump for affair story, hints he wouldn't support him in general election",Cruz blames his rival for the alleged extramarital affairs story. national enquirer claims the senator has been in trouble with the fbi. a super pac opposing Trump posted a campaign ad featuring a naked Melania Trump.,right,center
"Cruz blames Trump for affair story, hints he wouldn't support him in general election","rand paul: Ted Cruz blames his rival for the National Enquirer story. he says the story is garbage, complete and utter lies. a super PAC that opposes Trump posted a photo featuring a naked Trump. paul: Cruz needs a job and a job for his family to succeed.",left,center
"Paul LePage, the Governor of Maine, Now Says He’s Not Quitting","a congresswoman calls the governor's comments ""idiotic, disgusting and rash"" the governor was criticized for claims linking minorities to the state’s drug crisis. his aides say he is not a racially motivated politician.",left,left
"Paul LePage, the Governor of Maine, Now Says He’s Not Quitting",the embattled Republican governor of Maine says he won't resign. he is in a difficult position due to a profane threat over drug use and race. he warned a lawmaker about targeting his staff for using drugs. but he has refused to talk to reporters again and has apologized.,left,left
"Paul LePage, the Governor of Maine, Now Says He’s Not Quitting","state's governor announces he won't step down over allegations about drugs. state lawmakers are calling for a special session to at least rebuke the governor. ""what I have is a backbone,"" says the governor who promised not to resign.",left,left
"Paul LePage, the Governor of Maine, Now Says He’s Not Quitting","lepage vows to leave office after vowing not to speak to press in future. the governor was in the middle of a sexual assault scandal which has prompted his resignation. ""i will not resign,"" said lePage, saying he was seeking ""spiritual guidance""",right,right
"Paul LePage, the Governor of Maine, Now Says He’s Not Quitting",governor of Maine says he will not step down despite widespread criticism. he has since apologized for profane threat about drugs and race. he says he is seeking spiritual guidance and he has backbone.,center,right
"Paul LePage, the Governor of Maine, Now Says He’s Not Quitting","""I will not resign,"" says embattled gov. Paul R. lePage. ""it is just a shame,"" he says. state lawmakers are also calling for a special session to rebuke him for his threat.",right,right
"Paul LePage, the Governor of Maine, Now Says He’s Not Quitting","rep. paul lepage threatened to shoot lawmaker about drug drug dealers. ""i have a backbone,"" he said. congressman in minority leadership says he is seeking spiritual guidance.",left,center
"Paul LePage, the Governor of Maine, Now Says He’s Not Quitting",lePage responds to criticism over profane threat. the embattled state governor also said the cbd is killing thousands in n.c. state politics.,right,center
"Paul LePage, the Governor of Maine, Now Says He’s Not Quitting",governor of the state of Maine declared he would not resign despite criticism. he said he has backbone to overcome a difficult legal situation. state lawmakers are desperate to find a way to deal with the controversies.,right,center
Paul LePage Says He Won't Resign After All,gov. lepage says he will not talk to media after today's news conference. he spoke to a local radio station after a reconciliation meeting. lepage walked back his comments and said he will not resign.,left,left
Paul LePage Says He Won't Resign After All,former governor vows to fight his way back to his own party. he apologized for calling senator a cocksucker. sen. john mccain had called on the governor to step down from his position.,left,left
Paul LePage Says He Won't Resign After All,"governor will not talk to the media for at least one more day. ""it’s not going to be my last chance,"" he says on the media's behalf. the governor has been mired in controversy after calling a cocksucker a ""son-of-a-bitch, socialist cocksucker"" the governor said he is looking at all options.",right,left
Paul LePage Says He Won't Resign After All,"lePage: ""I will no longer speak to the press ever again after today"" he said he will no longer speak to the media from this day forward. the governor was embroiled in controversy after calling a friend a socialist cocksucker.",right,right
Paul LePage Says He Won't Resign After All,new: former governor says he is not thinking of resigning. sen. paul mccain blasted the governor after accusing him of trying to give up jobs. a bill in the state legislature would require him to resign on his own terms.,left,right
Paul LePage Says He Won't Resign After All,"his resignation is unaffordable, he said. ""I think some things are beyond my ability"" he also walked back an apology for calling a state legislator a ""son-of-a-bitch, socialist cocksucker"" he apologized for the voicemail.",left,right
Paul LePage Says He Won't Resign After All,"Paul LePage: ""everything will be put into writing"" he no longer speaks to the media after today. on tuesday, lePage said he had no plans to resign. he apologized for calling congressman Drew Gattine a “son of a bomb, socialist cocksucker""",left,center
Paul LePage Says He Won't Resign After All,"gov. Paul lePage says he has no plans to resign. lePage told reporters that he will not talk to the media again after today. senators: ""the governor is not mentally able to serve and needs to resign""",left,center
Paul LePage Says He Won't Resign After All,"Paul LePage said he has no plans to resign. he said he will no longer talk to the media once he finishes speaking. the governor stepped down after calling rep. Drew Gattine a ""son-of-a-bitch, socialist cocksucker"" he called his opponent, congressman bob ford, a ""pistachio nut-picker""",left,center
Donald Trump Calls On Obama To Resign Over Orlando Shooting,"president's response to the shooting in an Orlando night club has been described as a ""act of terror"" and an ""act of hate"" both Barack Obama and Hillary Clinton have reacted to the event by criticizing their reaction. the two are asking presidents to step down and if the president's statements aren't clear, he'll take over.",left,left
Donald Trump Calls On Obama To Resign Over Orlando Shooting,president Barack Obama says the two words 'radical Islam' should step down. he also criticizes the president's support for increasing admissions of refugees from a refugee camp. president barack obama slammed'reckless stance' on the attack that left 50 people dead.,left,left
Donald Trump Calls On Obama To Resign Over Orlando Shooting,"Trump calls for president Barack Obama to step down over his responses to the shooting in Orlando. both presidents referred to the shooting as an ""act of terror"" and an ""act of hate"" the president said he would not even use the words 'radical Islam' if his message does not get through.",center,left
Donald Trump Calls On Obama To Resign Over Orlando Shooting,"president refused to even say ""radical Islam"" in his remarks on sunday. both Obama and Clinton referred to the shooting as an ""act of terror"" and an ""act of hate"" a slew of conservative sources have called for the president to resign.",left,right
Donald Trump Calls On Obama To Resign Over Orlando Shooting,"president's spokesman said the comments ""almost certainly don't go into detail"" the president's statement was published by his campaign's website. he also criticized his presumptive challenger, presidential candidate.",left,right
Donald Trump Calls On Obama To Resign Over Orlando Shooting,"presidents hush up attacks against people in the south; some call attacks ""radical' also condemn use of the term ""jihad"" to describe those who seek to take advantage of religious rights. presidents nick clegg and ted cruz questioned the administration’s decision.",left,right
Donald Trump Calls On Obama To Resign Over Orlando Shooting,"a shooting at an florida night club on sunday left 50 dead and scores injured. julian zelizer: 'if we can't get tough and smart real fast, we are not going to have a country anymore' he said in an interview that he doesn't even mention 'radical islam' or 'islamic jihad' zelizer: ""for that reason alone, he should step down""",left,center
Donald Trump Calls On Obama To Resign Over Orlando Shooting,presidential candidate Donald Trump: we can't afford to be politically correct anymore. he also criticized Clinton for allowing more Syrian refugees into the united states. the attack in and around an Orlando nightclub left 50 people dead and scores of others injured. the shooting came a day after a president said he'd stand by the president.,right,center
Donald Trump Calls On Obama To Resign Over Orlando Shooting,"""We can't afford to be politically correct anymore,"" president Trump said on sunday. both Obama and Clinton referred to the shooting as an ""act of terror"" and an ""act of hate"" despite the president's response, Trump said president should step down.",right,center
"After Nightclub Massacre, Obama Expresses Outrage and a Familiar Lament","president is nearing the end of his eight-year term. he spoke grim-faced to the podium to offer his condolences. ""to actively do nothing is a decision, as well,"" he said. john avlon: the president's first response was to defend u.s. from attack on gays.",left,left
"After Nightclub Massacre, Obama Expresses Outrage and a Familiar Lament","cnn's john avlon says obama's comments were a tribute to president. he says president's response ""is being made more difficult"" and a ""new normal"" avlon: if we do not get ""tough and smart real fast"" we will collapse. the president apologized and told the shooting victims to keep their lives safe.",left,left
"After Nightclub Massacre, Obama Expresses Outrage and a Familiar Lament","sally kohn: president vows to respond forcefully to tragedy linked to shooting. she says gunman pledged allegiance to Islamic state, and twice been investigated. kohn: if the president do not get tough and smart real fast, we are not going to have a country anymore. she says the president can't be a muslim.",right,left
"After Nightclub Massacre, Obama Expresses Outrage and a Familiar Lament","john avlon: obama vows to respond forcefully to nation’s deadliest mass shooting. avlon: gun violence, hatred of gays and ties to Islamist terrorism linked. he says gunman pledged allegiance to Islamic State; authorities say he has twice been probed. avlon: he's trying to save lives and prevent the next terrorist attack.",left,right
"After Nightclub Massacre, Obama Expresses Outrage and a Familiar Lament",obama says he will respond forcefully to slain people. john mccain and cynthia schneider agree that u.s. has to stand up for democracy. schmidt says he can't tell which sides of atlantic will prevail in this crisis. he says he is willing to commit acts of violence by gunman's descendants.,left,right
"After Nightclub Massacre, Obama Expresses Outrage and a Familiar Lament","president obama vows to respond forcefully to nation’s deadliest mass shooting. he says he is still unclear whether gunman's links to international terrorist groups. u.s. defense secretary: world must not accept a ""radical, un-islamic"" ideology. nfl has launched a national operation to monitor the nation's islamic state.",left,right
"After Nightclub Massacre, Obama Expresses Outrage and a Familiar Lament","lz granderson says president obama will not do anything. he says many states are trying to avert another crisis, but they haven't done it in 20 years. he says the u.s. is too weak on terrorism but cannot continue in war with terrorists. granderson: to active do nothing is a decision as well.",left,center
"After Nightclub Massacre, Obama Expresses Outrage and a Familiar Lament","president spoke on a day after a gunman pledged allegiance to islamist terrorism. president told reporters it was a ""national tragedy"" and was meant to bring down the president.",right,center
"After Nightclub Massacre, Obama Expresses Outrage and a Familiar Lament","president obama promises action in wake of mass shooting. president urged him to step down but refused to say the words ""radical Islam"" president says he hopes he will see the end of his eight-year term.",left,center
Senate Set to Override Veto on Bill Allowing 9/11 Suits Against Saudi Arabia,congress is set to override the president’s veto of a bill that would let families sue Saudi Arabia. congress will start on a tuesday to vote on the bill ahead of the 15th anniversary of 9/11. congress passed the bill and most lawmakers will support it.,right,left
Senate Set to Override Veto on Bill Allowing 9/11 Suits Against Saudi Arabia,"congress is set to vote to override veto of bill allowing families of 9/11 victims to sue Saudi. bill would allow families of 9/11 victims to sue countries for any role in plot. bill gave other countries broad immunity from american lawsuits. supporters say it would create national security, protect families.",right,left
Senate Set to Override Veto on Bill Allowing 9/11 Suits Against Saudi Arabia,"congress set to vote to override president Obama’s veto of bill to sue other nations. the bill would let families sue Saudi Arabia if they are found to have played any role. some lawmakers have been scrambling to try to obviate veto rejection. the veto will begin in the Senate on Wednesday, followed by the house on Thursday.",right,left
Senate Set to Override Veto on Bill Allowing 9/11 Suits Against Saudi Arabia,congress is set to vote to override veto of bill that gives nations immunity from lawsuits. families of those killed in 9/11 attacks can sue for any role in plot. president had vetoed measure and veto is expected in the house. congress is due to vote on the measure by april 30.,right,right
Senate Set to Override Veto on Bill Allowing 9/11 Suits Against Saudi Arabia,congress set to vote to override president Obama’s veto of bill allowing sue. lawmakers have been scrambling to try to obviate the veto rejection. bill gives other countries broad immunity from lawsuits if found guilty of role in attacks.,right,right
Senate Set to Override Veto on Bill Allowing 9/11 Suits Against Saudi Arabia,lawmakers set to vote to override president Obama’s veto of bill to sue countries for role in 9/11. the bill allows families of those killed in sept. 11 attacks to sue for any role in plot. members of both parties have vowed to override the bill.,right,right
Senate Set to Override Veto on Bill Allowing 9/11 Suits Against Saudi Arabia,"congress set to vote to override president Obama’s veto of bill to sue countries. lawmakers expected to try to obviate veto, but efforts are almost certain to be futile. president has been given the right to sue governments if they disagree with their rule.",right,center
Senate Set to Override Veto on Bill Allowing 9/11 Suits Against Saudi Arabia,"congress set to vote on overriding veto of bill giving families of 9/11 victims more protection. bill would allow nations to be sued in federal courts if they are found to have played any role in terror attacks. the bill was vetoed by president barack obama last week. both chambers overwhelmingly passed the bill, but some lawmakers were stumped.",right,center
Senate Set to Override Veto on Bill Allowing 9/11 Suits Against Saudi Arabia,"congress is set to vote to override president obama's veto of bill allowing lawsuits in both houses. house democrats, republicans opposed bill, and house republicans opposed it. the bill gave countries broad immunity from american lawsuits, which would put them at risk. obama has argued the bill would put americans at risk from retaliating nations.",left,center
Nancy Pelosi Re-Elected House Minority Leader,more than 60 democrats voted against pelosi during secret ballots. supporters said she is essential and a great fundraiser. some said she isn't the right messengers to energize the base.,right,left
Nancy Pelosi Re-Elected House Minority Leader,"dozens of democrats voted against her in secret ballots. one democrat, who opposed her, said that ""there’s a whole lot of anger"" the only female congressman is a democrat.",left,left
Nancy Pelosi Re-Elected House Minority Leader,"pelosi defeated her lone challenger, rep. Tim Ryan, by a vote of 134 to 63. supporters say her experience is what the party needs now more than ever. dozens in her caucus voted against her in secret ballots.",right,left
Nancy Pelosi Re-Elected House Minority Leader,"more than 60 democrats voted against the minority leader in secret ballots. dissent on the issue is shocking, says cnn's jared green. house minority leader pelosi defeated her lone challenger by 134 to 63.",left,right
Nancy Pelosi Re-Elected House Minority Leader,dozens in her caucus voted against her in secret ballots. one democrat who opposed her said he was angry at her caucus. many democrats say she is not the right messenger.,left,right
Nancy Pelosi Re-Elected House Minority Leader,"house minority leader Nancy pelosi re-elected despite huge dissent from her caucus. she defeated her lone challenger, rep. Tim Ryan (Ohio), by a vote of 134 to 63. supporters say she’s what the party needs now more than ever.",left,right
Nancy Pelosi Re-Elected House Minority Leader,more than 60 democrats voted against her. pelosi's supporters say she has won the right to campaign. pelosi says she has a great leadership record.,left,center
Nancy Pelosi Re-Elected House Minority Leader,"new: democrat: ""you can’t really blame Nancy Pelosi for gerrymandering and for the national election"" but more than 60 democrats voted against her in secret ballots. pelosi defeated her lone challenger by a vote of 134 to 63. her supporters say she's needed to hold a focus on economic issues.",left,center
Nancy Pelosi Re-Elected House Minority Leader,"dozens voted against her in secret ballots, a stunning level of dissent. supporters say she has everything they need to stay on the right side of politics. president obama has been quick to slam pelosi's record as a leader. house minority leader pelosi is the only female in top leadership.",left,center
Nancy Pelosi Beats Back House Democratic Leadership Challenge,"house rep. Nancy pelosi re-elects obama to eighth term. bill clinton: pelosi says there will be no need for new leaders. president obama says pelosi is ""a powerful and talented woman"" rep. john mccain urges all congressional leaders to join her in the next election.",left,left
Nancy Pelosi Beats Back House Democratic Leadership Challenge,house dems reject calls for new leaders to win back disaffected voters. Nancy pelosi re-elects Rep. tim Ryan 134 to 63 in secret ballot victory. ms. pelosi will lead a democratic party that is more defined by her state and its core values.,left,left
Nancy Pelosi Beats Back House Democratic Leadership Challenge,"house Democrats re-elect Nancy pelosi as a house leader. lawmakers reject calls that a new leader would lead in the next term. a ritz belt congressman said the party had lost its connection to the working class. the house votes 134-63, ensuring that the party will be led in the next congress.",left,left
Nancy Pelosi Beats Back House Democratic Leadership Challenge,"house votes to re-elect representative pelosi over rep.tim Ryan. while the 76-year-old wins, miss miss pelosi won, 134 to 63. the vote cast by secret ballot means she will lead the house at eight terms. both parties would maintain power, but could not win without the new leadership.",right,right
Nancy Pelosi Beats Back House Democratic Leadership Challenge,"rep. pelosi's victory over rep. timry, a disgruntled democrat, marks the end of re-election challenge. pelosi beats former sen. joe biden, who said democrats lost connection to working class. in 2010, a wave of tea party republicans swept out of power, she lost just 43 votes.",left,right
Nancy Pelosi Beats Back House Democratic Leadership Challenge,"house democratic leaders reject appeals that they need new leaders. Nancy pelosi defeated 43-year-old rep. Tim Ryan, who said the party had lost connection to the working class. the vote is meant to ensure a new leadership of the next congress.",center,right
Nancy Pelosi Beats Back House Democratic Leadership Challenge,re-electing pelosi for eighth term eliminates calls for new leaders. in 2010 a wave of Tea Party Republicans swept Democrats out of power. president obama has said he is worried about political changes.,left,center
Nancy Pelosi Beats Back House Democratic Leadership Challenge,house democrats reject appeals that they need new leaders to win back disaffected voters. she re-elects representative pelosi of California to an eighth term as house leader. a democratic spokesman said she was surprised he didn’t vote for her.,left,center
Nancy Pelosi Beats Back House Democratic Leadership Challenge,"new: pelosi rejects appeal to replace her with gov. chris christie in white house. new: ""they have done it in the past. we will do it again by making that differentiation,"" she says. pelosi re-elects tyrone king, an american citizen who lives in a blue-collar district.",left,center
Obama Will Meet With Sanders On Thursday,clinton finished with number of delegates required to be clinched. the white house announces that he will meet with sen. Bernie Sanders. the meeting will take place at the same time that Sanders plans to hold a rally.,left,left
Obama Will Meet With Sanders On Thursday,"""her historic campaign inspired millions,"" congratulates secretary of state Clinton. he will meet with rival senator. a rally for Sanders in washington on Thursday will follow that on thursday.",center,left
Obama Will Meet With Sanders On Thursday,"president congratulated presumptive democratic candidate Hillary Clinton on Tuesday evening. he signaled that the campaign of rival senator Bernie Sanders might be coming to an end. Obama has yet to make an endorsement in the race, but white house officials have said that it could come as early as this week.",left,left
Obama Will Meet With Sanders On Thursday,"president Barack Obama and rival Sen. Bernie Sanders reach delegates needed for clinch. president congratulates presumptive candidate Hillary Clinton for securing delegates. he will meet with Sanders on Thursday in washington, the same day he plans to hold rally there.",left,right
Obama Will Meet With Sanders On Thursday,"president congratulates presumptive democratic presidential nominee Hillary Clinton. president signals that campaign of rival Sen. Bernie Sanders is coming to an end. Obama will meet with Sanders on Thursday, on same day he plans to hold a rally in washington.",left,right
Obama Will Meet With Sanders On Thursday,president Obama congratulates presumptive democratic presidential nominee Hillary Clinton. he energized millions of Americans with his commitment to issues like poverty and special interests. Obama has suggested that Sanders drop out of the race to help Democrats unite around Clinton.,left,right
Obama Will Meet With Sanders On Thursday,"president Obama will meet with rival democrat Bernie Sanders in washington on Thursday. the two will discuss ""how to build on the extraordinary work he has done,"" Earnest says. Obama has suggested that former u.s. senator steve jobs drop out of the race. he has also shown an eagerness to assail presumptive GOP nominee Donald Trump.",right,center
Obama Will Meet With Sanders On Thursday,president congratulates presumptive democratic nominee Clinton. he signals that rival Sen. Bernie Sanders' campaign might be coming to an end. Obama has yet to make an endorsement in the race.,left,center
Obama Will Meet With Sanders On Thursday,president congratulates presumptive democratic nominee Hillary Clinton. he will meet with rival and state senator at rally in washington. he has yet to make an endorsement in the race.,left,center
"Clinton Is 'Sane' And 'Competent,' Unlike Trump, Bloomberg Tells U.S.","taxpayers, financial planners, journalists appoint a candidate who is'sane, competent' taxpayers, he says, may not be happy if political candidates are not the same. he says new yorkers should look for someone who isn't Trump. he says he's not a wealthy investor, but a good businessman.",center,left
"Clinton Is 'Sane' And 'Competent,' Unlike Trump, Bloomberg Tells U.S.","former mayor compared his own achievements in business with his success with Trump. ""the richest thing about Donald Trump is his hypocrisy,"" he said of the ailing financial billionaire. he's currently running against republican presidential nominee, vying for the nomination.",right,left
"Clinton Is 'Sane' And 'Competent,' Unlike Trump, Bloomberg Tells U.S.","critics say the former mayor is a dissenter of republican leader and ex-republican. a scathing line by Michael Bloomberg came after he criticized the dnc. but he argued that Trump is a ""dangerous demagogue"" and a bad businessman.",right,left
"Clinton Is 'Sane' And 'Competent,' Unlike Trump, Bloomberg Tells U.S.","a former new york mayor has endorsed the presidential candidate. ""the richest thing about Donald Trump is his hypocrisy,"" he said. he also criticized the euphoria of the nominee as well as his ego.",left,right
"Clinton Is 'Sane' And 'Competent,' Unlike Trump, Bloomberg Tells U.S.","scathing lines in anti-Trump speech target the role of the former mayor of new york. ex-Republican investor says he's built a business and didn't start it with a million. he says that it doesn't matter whether he's running for president, she is a good businessman. he also says president obama should be able to tell americans the truth.",right,right
"Clinton Is 'Sane' And 'Competent,' Unlike Trump, Bloomberg Tells U.S.","it was unclear whether voters will support the candidate because of her credentials. the former nyc mayor criticized the candidate for not being a businessman like ronald reagan. ""the richest thing about Donald Trump is his hypocrisy,"" he said in a speech at the convention.",right,right
"Clinton Is 'Sane' And 'Competent,' Unlike Trump, Bloomberg Tells U.S.","the former mayor of new york endorsed democratic presidential nominee Hillary Clinton. former mayor of ohio said the world can benefit from a leader with a business perspective. ""it is a great thing about america that we all support... a president who is in the business of running his business,"" he said.",right,center
"Clinton Is 'Sane' And 'Competent,' Unlike Trump, Bloomberg Tells U.S.","former mayor and philanthropist criticizes candidate, criticizes demagogue. ex-new york mayor says Trump's reputation shows he's a competent person. former uber-rich billionaire argued that he is not the next president of the united states.",center,center
"Clinton Is 'Sane' And 'Competent,' Unlike Trump, Bloomberg Tells U.S.","former mayor, founder of the Bloomberg financial news and information empire, said the ""sane, competent person"" unlike Trump. he said the wealthy and respected mayor will make an impact in the future.",right,center
"Bloomberg says Trump a 'dangerous demagogue,' endorses Clinton at DNC","Michael Bloomberg says he's too important to sit out over senate republican nominee. he's endorsed president obama, but did not endorse his republican opponent. the democrat won the new york city mayor's mayoralty in 2001 before leaving to become an independent. he had a cordial relationship with Clinton, who helped with rebuilding efforts.",right,left
"Bloomberg says Trump a 'dangerous demagogue,' endorses Clinton at DNC","""this is just too important to sit out,"" says former democrat mayor Michael Bloomberg. Bloomberg endorsed the former secretary of state in his endorsement at dnc. he has an estimated net worth of $48 billion.",right,left
"Bloomberg says Trump a 'dangerous demagogue,' endorses Clinton at DNC","nyc mayor says it's ""imperative"" that voters back a candidate over his opponent. former democrat called new york's mayor a ""dangerous demagogue"" and ""bomb-thrower"" Bloomberg slammed president-elect obama's plan on immigration ""a disaster in the making""",right,left
"Bloomberg says Trump a 'dangerous demagogue,' endorses Clinton at DNC","""this is just too important to sit out,"" former mayor says at dnc. he endorsed his republican presidential rival. one in three voters back his wife.",right,right
"Bloomberg says Trump a 'dangerous demagogue,' endorses Clinton at DNC","Michael Bloomberg has an estimated net worth of $48 billion. he described incoming presidents ""dangerous demagogue"" and ""bomb-thrower"" he threw several jabs at Trump, calling him a ""dangerous demagogue""",left,right
"Bloomberg says Trump a 'dangerous demagogue,' endorses Clinton at DNC","democrat says it is ""imperative"" that voters back former secretary of state. former mayor calls Trump's economic plan ""a disaster in the making"" he also accused him of supporting a ""dangerous demagogue"" in the u.s.",left,right
"Bloomberg says Trump a 'dangerous demagogue,' endorses Clinton at DNC","new york mayor Michael Bloomberg endorses Hillary Clinton. he says it is ""imperative"" that voters back the former secretary of state over Trump. he compared his business history with a tax loophole for the government. he calls the economic plan ""a con"" and ""a disaster in the making""",left,center
"Bloomberg says Trump a 'dangerous demagogue,' endorses Clinton at DNC","democrats are calling for a democratic election, said former mayor Michael Bloomberg. he endorsed Hillary Clinton on a dnc show as well as his second presidential bid.",right,center
"Bloomberg says Trump a 'dangerous demagogue,' endorses Clinton at DNC","former mayor of new york endorsed Hillary Clinton. ""This is just too important to sit out,"" he said. he also accused the tucson family of lying about his parents.",left,center
