Title,Summary,Predicted Bias,Stance
Elizabeth Cheney blasted by older sister over gay-marriage stance,"Wyoming senator for governor calls on people to decide same-sex marriage. her sister, who is openly lesbian, says she is ""dead wrong"" for her position. the daughter of ex-Vice President Dick Cheney, took to facebook to blast her older sister.",right,center
Elizabeth Cheney blasted by older sister over gay-marriage stance,"Wyoming senator candidate calls her sister's stance ""dead wrong"" a sister of former vice president is a staunch supporter of same-sex marriage. the two are engaged but have no children.",left,center
Elizabeth Cheney blasted by older sister over gay-marriage stance,"Wyoming senator wants same-sex marriage resolved'state-by-state' ""freedom means freedom for everyone"" ""all families are entitled to the same rights, privileges and protections as every other,"" she wrote on facebook.",right,center
Mary Cheney: Sister Is 'Dead Wrong' On Gay Marriage,"""for the record, I love my sister, but she is dead wrong on the issue of marriage,"" she wrote. ""the issue of marriage must be decided by the states,"" she wrote in a facebook post. ""The issue of marriage must be decided by the states,"" she wrote.",right,center
Mary Cheney: Sister Is 'Dead Wrong' On Gay Marriage,"openly gay sen. Elizabeth Cheney criticized her sister's opposition to same-sex marriage. ""i am strongly pro-life and I am not pro-gay marriage,"" she wrote on facebook. ""all families... all families are entitled to the same rights, privileges and protections as every other,"" she wrote.",right,center
Mary Cheney: Sister Is 'Dead Wrong' On Gay Marriage,"Liz Cheney is openly gay and married her partner, Heather Poe, in washington, DC last year. ""for the record, I love my sister, but she is dead wrong on the issue of marriage,"" she wrote. ""I believe the issue of marriage must be decided by the states,"" she wrote in a facebook post.",right,center
"IRS official who refused to testify facing more scrutiny over scandal, past","the law protects the right to privacy, and the right to privacy and publicity. federal election commission's attorney said he was ""appalled"" and ""shocked"" the government reportedly acted ""in compliance"" with tax reform.",left,center
"IRS official who refused to testify facing more scrutiny over scandal, past",tax expert lois Lerner refuses to testify to congressional committee. the ethics commission is investigating the IRS' decision to focus on conservative groups. the investigation involves a key component of the agency's practice of targeting conservative groups.,left,center
"IRS official who refused to testify facing more scrutiny over scandal, past","a federal judge could be the next step in the investigation. a former federal elections authority chief is facing a new challenge. the law protects taxpayers from discrimination against religious groups, he says.",center,center
White House Plays Down Data Program,"not everyone is convinced that public sector data can be captured for government use. bob greene: government's secret program aims to collect foreign data. he says the government is not pursuing a ""data mining or privacy practice"" greene: government is trying to protect data about individuals.",left,center
White House Plays Down Data Program,"new: bob greene: for the first time, the government conceded it was a secret program. the program calls for a computer system to help the government. he says it allows the government to ""facilitate"" collection of foreign intelligence. greene: the government's goal is to help the poor by regulating terrorism.",left,center
White House Plays Down Data Program,"national intelligence director insists program is not a secret collection or data mining program. federal bureau of public information has only just begun declassifying ""prism"" in its new statement.",left,center
N.R.A. Details Plan for Armed School Guards,"report calls for armed police officers, security guards or staff members in every school. critics see no distinction between study and review as no longer independent of rifle association. senate expected to debate gun control this month.",center,center
N.R.A. Details Plan for Armed School Guards,"national rifle association released a report urging schools to arm gun owners. ""arming the teacher is merely a response to the last tragedy,"" a former rep said. the report comes amid a burgeoning debate over gun control. critics see no distinction between the two: armed and unarmed.",right,center
N.R.A. Details Plan for Armed School Guards,"nra task force released report that called for armed police officers, security guards or staff members in every american school. critics see no distinction between the two; committee was paid for study. report drew immediate criticism from gun control advocates and many Democrats.",left,center
NRA urges states to allow more armed officers in schools,new: the father of one gun victim applauds the NRA's review effort. a new report recommends putting armed officers in every school. the review concludes a review of newtown's slayings. it calls for schools to conduct a safety assessment.,left,right
NRA urges states to allow more armed officers in schools,a report released Tuesday called for armed police in schools in the wake of the newtown shooting. the report also called for more training for armed officers. president obama has suggested expanding a mass shooting prevention program. the u.s. secretary of state says the review shows strong support for gun control.,left,right
NRA urges states to allow more armed officers in schools,"two weeks after newtown shooting, nra suggests armed school officers. state legislatures need to have more training for armed officers. in the wake of the newtown shooting, the group has recommended more officers.",left,right
Mo Cowan Senate: Deval Patrick Names Former Chief Of Staff To Replace John Kerry,"""Mo"" Cowan will hold the seat in an interim capacity until an election in June. he is a former chief of staff and former legal counsel to deval patrick. the appointment means that there will be two black senators serving together for the first time.",left,center
Mo Cowan Senate: Deval Patrick Names Former Chief Of Staff To Replace John Kerry,"Massachusetts governor deval Patrick chooses former chief of staff, legal counsel. ""he's cool,"" says lt. governor: ""tom Brady, George Clooney, the president have nothing on Mo"" the second black senator from the state, after Edward Brooke, has served in the state's legislature since 1984. the next election for the seats is expected in may.",left,center
Mo Cowan Senate: Deval Patrick Names Former Chief Of Staff To Replace John Kerry,Deval Patrick is the state's first African-American governor. he grew up on the south side of Chicago. he is a former chief of staff and former legal counsel to Patrick. he will be a longtime political adviser to the u.s. secretary of state.,left,center
William Cowan Named Interim Senator in Massachusetts,"a special election on july 25 will see the election of a new republican senator. john mccain will be named a running mate but his appointment doesn't sway him. tim powell, sen. sen. kristin vaz, says he's tempted to follow mccain in the race.",left,center
William Cowan Named Interim Senator in Massachusetts,William Cowan is a lawyer and former aide who was a longtime friend and former aide. he will serve as interim senator until voters choose successor to John Kerry. the vote will be held in a special election set for June 25.,left,center
William Cowan Named Interim Senator in Massachusetts,"Gov. Deval Patrick has appointed former aide William Cowan to fill senator's seat. he is an attorney, friend and former aide and will serve until voters choose a replacement. election to take place on june 25 is expected to be difficult but could be tough for re-election. he will become first black senator since Edward Brooke held seat from 1966 to 1978.",right,center
Gay Marriages Get Recognition From the I.R.S.,"federal tax rules will allow same-sex couples to file jointly, separately. couple from same-sex home to move to u.s. treated the same as couple from Massachusetts. some same-sex couples may have to return taxes separately because of tax laws.",center,right
Gay Marriages Get Recognition From the I.R.S.,"as of 2013 tax year, same-sex spouses will not be able to file federal tax returns. tax law changed in a similar way that it does straight couples. taxpayers will be able to file differently and have no additional tax consequences.",left,right
Gay Marriages Get Recognition From the I.R.S.,"all same-sex spouses who are legally married will be recognized as such for federal tax purposes. same-sex spouses who marry in Albany, N.Y., move to Alabama are treated same as same-sex couple who move to Alabama. if the marriage is legal, the same will apply to same-sex spouses who reside in Alabama and florida. if the union was not legal, the same will apply to same-sex spouses who live in florida.",center,right
Same-Sex Married Couples To Get Federal Tax Recognition Regardless Of State,"Treasury says it will recognize same-sex marriages even if they live in a state that doesn't. ""it's a step forward and a step back,"" says president obama. ""this is a new step"" for same-sex couples as they try to keep their marriages private. a new policy trumps the state of residency when it comes to federal tax status.",right,left
Same-Sex Married Couples To Get Federal Tax Recognition Regardless Of State,federal tax credits will apply to married same-sex couples. the state of celebration now trumps state of residency. the state of celebration is where the wedding took place.,left,left
Same-Sex Married Couples To Get Federal Tax Recognition Regardless Of State,u.s. Treasury will recognize same-sex couples' marriages in taxes. prompted by a federal court ruling to overturn the defense of marriage act. federal tax laws now apply to same-sex married couples.,left,left
"Obama urges new restrictions on assault weapons, magazines as part of gun control plan","president says he's using ""whatever weight this office holds"" to pass measures. as part of a comprehensive plan, he called for tougher assault-weapons bans, 10-round limit on magazines. he also signed nearly two-dozen executive actions without congressional action. the president will make ""a living"" during this month's presidential election.",center,right
"Obama urges new restrictions on assault weapons, magazines as part of gun control plan",president calls for tougher assault-weapons ban and 10-round limit on magazines. he signed nearly two-dozen executive actions and signed an executive order. he has been asked to lead a task force but would not vote on a second committee. he also wants more federal funding for u.s. schools and training programs.,center,right
"Obama urges new restrictions on assault weapons, magazines as part of gun control plan",new: obama signs executive actions without congress on gun control. obama urges tougher assault-weapons ban and 10-round limit on magazines. he signed nearly two-dozen executive actions without congressional action. he wants to see tougher laws implemented by next president.,left,right
"Obama Gun Control Proposals Unveiled, Marking Biggest Legislative Effort In A Generation","president's gun control proposals are largest ever in a generation. gun control reform proposals have required congressional approval. background checks, training to help first responders and schools to ensure safe shootings. bill requires two congressional approvals before being approved by congress.",left,center
"Obama Gun Control Proposals Unveiled, Marking Biggest Legislative Effort In A Generation",gun control proposals are a major part of the overall policy initiative. the proposal requires criminal background checks for all gun sales. the cost of the package would be approximately $500 million.,right,center
"Obama Gun Control Proposals Unveiled, Marking Biggest Legislative Effort In A Generation","Obama proposes gun control measures, schools and mental health. the plan includes background checks, gun trafficking laws. the president also wants to give away money for the health care of the military.",right,center
Jackson Jr. Pleads Guilty,"former rep.jesse Jackson, ex-rep. Jesse mcconnell, pleads guilty to conspiracy. wife, Sandra, expected to plead guilty to filing false tax returns. michael teterson: i have no excuse for my actions. the sentencing is set for 6 p.m., but he will be free to go after he surrenders his passport.",left,center
Jackson Jr. Pleads Guilty,"former congressman jason jackson is convicted of using campaign funds to purchase personal items for himself and his wife. he pleaded guilty to conspiracy to buy the memorabilia of the late john lennon, a $43,000 watch and a mink cashmere cape. he said he was clearheaded and had not been under treatment for alcohol or drug abuse.",left,center
Jackson Jr. Pleads Guilty,"ex-rep. jake Jackson pleads guilty to conspiracy to purchase memorabilia, watches. he will be free to go after he surrenders his passport, be restricted to living in d.c. or Chicago. his wife, Sandra, is expected to plead guilty to filing false tax returns.",left,center
E-Mails Show Jostling Over Benghazi ‘Talking Points’,e-mails show fierce internal jostling over government talking points. senior officials in the cia and cia say obama government manipulated talking points. obama administration says it has not heard the last of these requests.,left,center
E-Mails Show Jostling Over Benghazi ‘Talking Points’,"e-mails reveal fierce internal jostling over government's official talking points. e-mails suggest that President Obama’s aides mediated a bureaucratic tug of war. c.i.a. chief: ""we're not going to change the conversation because of the demands"" iran, china and nepal, aren't willing to let it influence the administration.",left,center
E-Mails Show Jostling Over Benghazi ‘Talking Points’,the white house released e-mails after republicans seized on snippets of correspondence. it suggested that president obama’s national security staff mediated a bureaucratic tug of war.,left,center
Clinton Benghazi Hearings Show Classified Report Could Not Determine Causes Of Attacks,classified version of state department review finds it impossible to say what motivated attacks. investigators now examining whether the attacks were a terrorist attack or a mob revolt. classified version hints attack was opportunistic and not planned extensively.,center,center
Clinton Benghazi Hearings Show Classified Report Could Not Determine Causes Of Attacks,"revelations come amid criticism that intelligence services are too tepid. experts say the attack may have been motivated by a mob angry over a recent anti-islamic video. but the classified version still leaves no clue about motive behind it, she says. ""there are a lot of other reasons for why these people are now... alive,"" she said.",right,center
Clinton Benghazi Hearings Show Classified Report Could Not Determine Causes Of Attacks,"classified review found ""key questions surrounding the identity, actions and motivations of the perpetrators remain to be determined"" secretary of state says evidence ""stands still somewhat complicated"" after month of research, a classified version details motives of attackers.",left,center
"Facing Congress, Clinton Defends Her Actions Before and After Libya Attack",True False. True True,center,center
"Facing Congress, Clinton Defends Her Actions Before and After Libya Attack",Truestem: u.s. should take responsibility for all security breaches in the country. she says u.s. should take steps to help prevent future security breaches. she says the former u.s. senator has not been able to put a finger on the government. u.s. is seeking an economic advantage but needs a strong international position.,right,center
"Facing Congress, Clinton Defends Her Actions Before and After Libya Attack",True & True: Benghazi attack was a national security threat. but the u.s. tried to give up on its own security risk by ignoring security risks. bengalai bombing killed four americans and left u.s. armed with an idaho.,right,center
"NRA School Safety Report Recommends Arming Teachers, Loosening Gun Laws","225-page report recommended armed employees provide ""important layer of security in schools"" former rep. Asa Hutchinson says findings are independent of gun lobby. american Federation of Teachers strongly opposes arming teachers. report also recommends creating threat assessment teams at schools.",right,center
"NRA School Safety Report Recommends Arming Teachers, Loosening Gun Laws","former rep. asa hutchinson released a report recommending proper training for teachers. the report recommends schools designate willing staff to be armed and trained. it's independent of the nation's largest gun lobby, hutchinson said. it was commissioned in the wake of the Sandy Hook elementary school shooting.",left,center
"NRA School Safety Report Recommends Arming Teachers, Loosening Gun Laws","asa Hutchinson releases 225-page report on school safety funded by the national rifle association. school safety report recommends properly trained armed employees for ""important layer of security"" after tragedy, report recommends states loosen current legal restrictions on who can carry a firearm.",center,center
Massachusetts Gov. Deval Patrick  picks former staffer to fill Kerry's Senate seat,"former chief of staff William ""Mo"" Cowan is the governor's chief legal counsel. he is a democrat and the state’s senior U.S. senator. other possible Democratic candidates are reps. john kerry, gloria borger and michael kennedy. governor picked former attorney general thomas taylor to replace gov. mccain.",left,center
Massachusetts Gov. Deval Patrick  picks former staffer to fill Kerry's Senate seat,"new: former chief of staff picks a former attorney general to replace retiring Kerry. governor deval patrick called his choice ""the right and best choice"" presidential elections will be held in november in mid-may.",left,center
Massachusetts Gov. Deval Patrick  picks former staffer to fill Kerry's Senate seat,"deval Patrick named ""mo"" cowan to fill out open seat of John Kerry in '06. Cowan served as Patrick’s chief legal counsel before leaving in 2009. 'this is the right and best choice,' said governor. cowan joins 2 black senators in his office.",left,center
Mary Cheney Criticizes Her Sister on Same-Sex Marriage,"new: ""all families are entitled to the same rights, privileges and protections as every other,"" she writes. new: she urges her sister to share her remarks on facebook. ""i love my sister, but she is dead wrong on the issue of marriage,"" her sister wrote. ""for the record, i love my sister, but she is dead wrong on the issue of marriage""",left,center
Mary Cheney Criticizes Her Sister on Same-Sex Marriage,"younger sister of two-term senator criticized her sister's stance on same-sex marriage. ""i love my sister, but she is dead wrong on the issue of marriage,"" she wrote on facebook. ""We just want to see everyone be entitled to the same rights, privileges and protections,"" she wrote.",right,center
Mary Cheney Criticizes Her Sister on Same-Sex Marriage,"'she is dead wrong on the issue of marriage,' said older sister of her sister. 'i love my sister, but she is dead wrong on the issue,' she wrote on facebook. ""no matter how beautiful and thin you are, you have a right to equal rights,"" she said.",right,center
"Lois Lerner, IRS Scandal Figure, Will Invoke Fifth Amendment At Oversight Hearing","house og reform committee orders former executive to invoke the fifth amendment. john sutter: lois Lerner has ""no choice but to take this course"" ""this is a very sad day but an absolutely remarkable day,"" he says. sutter: IRS' ethics and ad hoc review of filings could be an outcome of hearing.",left,center
"Lois Lerner, IRS Scandal Figure, Will Invoke Fifth Amendment At Oversight Hearing","gloria borger: irs chief will invoke the fifth amendment. borger: federal court has no jurisdiction over the appeal of the Fifth Amendment. borger: taxpayers have a right to choose, which one they rely on to make decisions. borger: taxpayers should choose to make more informed decisions about who will pay taxes.",left,center
"Lois Lerner, IRS Scandal Figure, Will Invoke Fifth Amendment At Oversight Hearing",new: the attorney has asked the committee to allow her to invoke the Fifth Amendment. house speaker john boehner is expected to testify at a november hearing. lois Lerner is the exempt organization director at the irs. the testimony would have been Lerner's first public appearance.,left,center
I.R.S. Official Invokes 5th Amendment at Hearing,a house committee is taking up the i.r.s. to investigate the agency's targeting of conservative groups. but the investigators have asked the official not to tell her side of the story at home. a republican legislator said he should wait for the official to answer questions. the official denied providing false information to Congress.,left,right
I.R.S. Official Invokes 5th Amendment at Hearing,"a tax-exempt organization boss says she has not broken any laws. ""you don’t get to tell your side of the story,"" says rep. gowdy of south Carolina. a hearing on the irs had one witness accused him of misled lawmakers.",right,right
I.R.S. Official Invokes 5th Amendment at Hearing,a house committee on oversight and government reform is asking questions. it's not clear why the Ir.R.S. did not give accurate information to congress. the white house has been clamoring to get information back on the issue.,left,right
"Obama Defends NSA Programs, Says Congress Knew About Surveillance","""you can't have 100 percent security"" without ""inquiry,"" he says about national security. every member of congress has been briefed on programs, he says. he also expressed displeasure that spying programs' existence was leaked to the press.",left,center
"Obama Defends NSA Programs, Says Congress Knew About Surveillance","""they may identify potential leads with respect to folks who might engage in terrorism,"" says Barack Obama. he describes the programs as essential to combating terrorist threats. Obama says that the program may identify potential leads. ""the programs are classified,"" he said. ""as a result the program is not secret""",left,center
"Obama Defends NSA Programs, Says Congress Knew About Surveillance","president defends national security agency spying program. he says that ""your duly elected representatives have consistently been informed"" ""they may identify potential leads with respect to folks who might engage in terrorism,"" he says.",right,center
Obama administration defends 2nd mass surveillance project,NSA spokesman: Clapper has moved to declassify information.,center,center
Obama administration defends 2nd mass surveillance project,Guardian newspaper report that revealed how the NSA was collecting phone records from millions,right,center
Obama administration defends 2nd mass surveillance project,Guardian and Washington Post reports from NSA's Internet searches,left,center
"Republicans challenge Clinton claims on budget cuts, Benghazi cable","congressional republicans are challenging charges the administration hasn't fully funded security requests. the overall security budget has more than doubled since fiscal 2004. congress often scales back the administration's requests, not just for the department.",left,right
"Republicans challenge Clinton claims on budget cuts, Benghazi cable","the overall diplomatic security budget has more than doubled since fiscal 2004. congressional spokesman says congressional senate leadership is behind the budget cuts. senate committee chairman martin luther king calls the senate budget cuts a ""bipartisan problem"" congressional senate democrat: a senate bill is the wrong way to go about limiting the budget cuts.",left,right
"Republicans challenge Clinton claims on budget cuts, Benghazi cable",republicans are challenging claims that lack of budget cuts are bogus. they say the overall diplomatic security budget has ballooned over the past decade. budget numbers show the overall security budget has ballooned over the past decade.,left,right
Benghazi emails underscore State Department’s concern over failure to act on warnings,"a classified cable cites the presence of AQ training camps. it also warns that ""requests to provide a daily police presence have gone unanswered"" many of the underlying concerns have been related to defending the consulate.",left,right
Benghazi emails underscore State Department’s concern over failure to act on warnings,the presidential campaign is taking aim at leaking classified state department warnings. a draft cable showing an emergency meeting has been cited as a key piece. the state department has also received calls and phone calls about the attack.,left,right
Benghazi emails underscore State Department’s concern over failure to act on warnings,"some State Department officials were trying to strip out references to previous attacks. the latest state department warnings cited an attack that led to a ""refutation for a response"" the attack is the first time a new attack has been alleged.",left,right
White House Releases Benghazi Emails,"white house releases full set of emails regarding talking points describing attack. emails show not only state department, but also CIA got rid of al qaeda and warnings. despite opposition from congressional republicans, nothing in emails supports any political ""cover-up""",left,left
White House Releases Benghazi Emails,"cia's former deputy director, former cia chief, wanted language removed from talking points. secretary of state john kerry wants rewriting of talking points. he says the speech will help to explain what happened on the ground. nothing in the emails supports theories that the talking points were changed to influence the 2012 election.",left,left
White House Releases Benghazi Emails,"a dozen emails released wednesday about how the talking points were drafted. none of the emails supports theories that the talking points were changed. state department spokeswoman Victoria nuland asked CIA to remove line on ""gadgets"" for review.",left,left
Jackson pleads guilty over illegal campaign spending spree,"former rep. jesse and wife, Sandra, pleaded guilty. both will serve sentences of up to five years in prison. judge set sentence for June 28.",right,center
Jackson pleads guilty over illegal campaign spending spree,"ex-congressman says he has been hospitalized for psychological issues. wife spends $5,150 on fur capes and parkas. ""not a proud day,"" he says. he's facing up to five years in prison.",right,center
Jackson pleads guilty over illegal campaign spending spree,former rep. jason Jackson pleaded guilty to charges he spent campaign money. his wife pleaded guilty to filing false income tax returns that understated income.,left,center
Jesse Jackson Jr. Pleads Guilty in Campaign Money Case,"True to his sense of humour and humility, says michael jordan. jordan: ""you just have to know that... people care a lot about you""",left,center
Jesse Jackson Jr. Pleads Guilty in Campaign Money Case,"True slant: Mr. Jackson plied out $750,000 in campaign money to pay for living expenses. a judge recommended that he receive a sentence of 46 to 57 months in prison. he says in his release that he only paid $750,000 to support his family.",left,center
Jesse Jackson Jr. Pleads Guilty in Campaign Money Case,"True. True. True. I used money I shouldn't have used for personal purposes. cnn's marco rubio asks, ""did you know I used money for personal purposes?""",right,center
IRS extends tax benefits to married gay couples,new: a previous decision overturned a part of the defense of marriage act. legal same-sex couples will be able to file jointly. the ruling will let gays and lesbians get the same tax benefits heterosexual couples do. the policy will affect all legally married gay couples regardless of where they live.,left,center
IRS extends tax benefits to married gay couples,"ruling allows homosexual couples to receive the same tax benefits heterosexual couples do when filing jointly. rules would affect all legally married gay couples regardless of where they live. ""the president will be back at it,"" marriage union president says.",right,center
IRS extends tax benefits to married gay couples,taxpayers will get same tax benefits as heterosexual couples filing jointly. the move follows a historic decision by the U.S. supreme court. the ruling will affect all legally married gay couples regardless of where they live.,right,center
Obama Poised to Back Comprehensive Plan to Curb Gun Violence,obama plans to use executive orders to reduce gun violence. president could offer 20 separate actions if he invokes power of his office. other possible actions will include imposing new limits on guns imported from overseas. lawmakers threaten to file articles of impeachment if he seeks to regulate guns.,right,left
Obama Poised to Back Comprehensive Plan to Curb Gun Violence,"lawmakers have said the president will embrace a comprehensive plan to reduce gun violence. he will call for major legislation to expand background checks for gun purchases.'my starting point is not to worry about the politics,' he said.",center,left
Obama Poised to Back Comprehensive Plan to Curb Gun Violence,president will embrace comprehensive plan to reduce gun violence this week. bill calls for tougher background checks for gun purchases. he could impose new limits on guns imported from overseas.,left,left
"Federal prosecutors plan to file charges against Rep. Grimm, attorney says","federal prosecutors plan to file criminal charges against michael Grimm. dissenter says his actions were ""of no consequence"" and ""will be vindicated"" the congressman has been accused of campaign finance violations. a house committee declined to comment on the probe.",left,right
"Federal prosecutors plan to file charges against Rep. Grimm, attorney says","u.s. prosecutor reveals prosecutors plan to file criminal charges against Grimm. the congressman's attorney says the move is ""disappointed by the government"" Grimm ""asserts his innocence of any wrongdoing"" and ""will be vindicated""",left,right
"Federal prosecutors plan to file charges against Rep. Grimm, attorney says",federal prosecutors plan to file criminal charges against congressman. the decision follows a two-year FBI investigation. Grimm made headlines in January when confronting reporter trying to question him.,right,right
Top House Republican Hints At Immigration Principles,"Kevin McCarthy tells KWFX he wants undocumented immigrants to stay in the u.s. he does not want a path to citizenship to a tax deduction. wwii attorney general says he won't back that path for undocumented immigrants. wwii spokesman says he will keep it ""too early to prepare for this,"" he added.",center,center
Top House Republican Hints At Immigration Principles,"tamar jacoby: most immigration activists have targeted congressman for stance. she says conservatives are more supportive of allowing undocumented immigrants to stay. but he says he won't call for path to citizenship; it's a decision many can't support. jacoby: ""the basic principle isn't really about anything in politics; it's about liberty""",left,center
Top House Republican Hints At Immigration Principles,"House majority whip Kevin McCarthy says he supports the idea of allowing undocumented immigrants to stay in the country. ronald reyes: McCarthy also doesn't want people to be forced to live on a visa, like romney. he says the texas congressman has been reluctant on issue because of his height in the house. reyes: a strong case for allowing undocumented immigrants to stay in the country is vital.",left,center
"G.O.P. Aide Quits After Ridiculing Obama’s Daughters, Sasha and Malia","former aide to a little-known congressman from Tennessee quits after online rant about family. she berated president obama's daughters for their dress at annual turkey pardon. daughter malia, 16, and son john, 18, wore cheerless outfits during turkey pardon.",right,left
"G.O.P. Aide Quits After Ridiculing Obama’s Daughters, Sasha and Malia","aide's email berating the president’s daughters for their attitude and outfits during the annual White House turkey pardon became a sensation on the internet. aide's tweet titled ""dress like you deserve respect, not a spot at a bar"" was the latest cautionary tale about the dangers of social media sniping directed at president's daughters.",center,left
"G.O.P. Aide Quits After Ridiculing Obama’s Daughters, Sasha and Malia","the aide, who has more than 14,000 followers on twitter as @DCGopGirl, wrote an open letter on facebook berating president's daughters.",right,left
Aide to GOP lawmaker apologizes for Facebook post ripping Obama daughters,"first daughters were criticised during president's Thanksgiving speech this week. Elizabeth Lauten was criticized in now-deleted Facebook post for her criticism. she said she wished the first daughters were more ""classy"" and ""cool""",right,center
Aide to GOP lawmaker apologizes for Facebook post ripping Obama daughters,"Elizabeth Lauten apologizes for critical post on her facebook page. wrote first daughters should ""try showing a little class,"" criticized outfits. ""you’re coming up a little short in the 'good role model' department,"" she wrote.",right,center
Aide to GOP lawmaker apologizes for Facebook post ripping Obama daughters,"a republican member of congress has to apologize for a facebook comment. Elizabeth Lauten said first daughters should ""try showing a little class"" the communications director for senators was critical of the first daughters.",left,center
Colorado's top cop defends pot law after challenges from neighboring states ,"the two states filed a lawsuit to prevent Colorado from enforcing its anti-marijuana law. they filed a lawsuit seeking a court order. lawsuit says marijuana flows into neighboring states undermining efforts to enforce law. a recent u.s. judge overturned an amendment 64, which now allows recreational pot.",center,center
Colorado's top cop defends pot law after challenges from neighboring states ,"Nebraska and Oklahoma filed lawsuits against constitutional court order in favor of Colorado pot law. suit says the drug flows into neighboring states undermining efforts to enforce anti-marijuana laws. ""this contraband has been heavily trafficked into our state,"" Nebraska Attorney General says.",right,center
Colorado's top cop defends pot law after challenges from neighboring states ,"Nebraska and Oklahoma ask that the u.s. Supreme Court declare it unconstitutional. lawsuit says Colorado pot flows into neighboring states undermining efforts to enforce anti-marijuana laws. nebraska prosecutors say the lawsuit is ""part of a conspiracy against the u.s. government""",left,center
"Eric Cantor Defeated by David Brat, Tea Party Challenger, in G.O.P. Primary Upset","david brat, a professor at Randolph-Macon, toppled house majority leader Eric Cantor. it may have implications for any chance of an immigration overhaul, he says. his defeat could affect the midterm elections and, possibly, any immigration overhaul.",left,center
"Eric Cantor Defeated by David Brat, Tea Party Challenger, in G.O.P. Primary Upset",conservative professor toppled cantor and is expected to face democrat Jack Trammell. a conservative professor is the only candidate to have a clear majority in congress. a major upset has implications for any chance of immigration reform.,left,center
"Eric Cantor Defeated by David Brat, Tea Party Challenger, in G.O.P. Primary Upset",conservative economist toppled former majority leader on immigration. nicolaus mills: his defeat could have major implications for any chance of immigration reform. he says americans will pay attention to serious ideas again. mills: conservatives are no longer the problem but republicans aren't.,left,center
U.S. Attorney Subpoenas Christie’s Campaign and New Jersey G.O.P.,"federal prosecutors have issued subpoenas to governor and state party. governor's deputy chief of staff, Bridget Anne Kelly, and bill baroni and David Wildstein resigned. aides to new jersey governor's deputy chief of staff, Bridget Anne Kelly, also seek records.",left,center
U.S. Attorney Subpoenas Christie’s Campaign and New Jersey G.O.P.,"federal prosecutors issue grand jury subpoenas to the governor’s re-election campaign. they also want records of three close aides to aides to. governor's deputy chief of staff, Bridget Anne Kelly, resigned or were fired. the aides are accused of shutting down access lanes to the west end as political retribution.",left,center
U.S. Attorney Subpoenas Christie’s Campaign and New Jersey G.O.P.,federal prosecutors ask for records related to aides who shut down access lanes to the George Washington Bridge. aides to his campaign were fired or resigned when their roles in the lane closings were revealed. three aides have resigned or were fired when their roles in the lane closings were revealed. one of those resigned was a new secretary who tried to appoint new governor.,left,center
nan,"conservative congressman jumped into race for top job in wake of lbj's loss. he said he would be more likely to defeat current majority whip, Kevin McCarthy. house could face stiff competition from some with no real leadership skills. lbj is expected to make final showing in november.",right,center
nan,"a new majority leader is being proposed by a conservative party. the candidate, a former immigration lawyer from Idaho, could take control of the house. critics claim that the vote should go to the left of the losing congressman. tea party candidate in his 2010 wave of elections has little chance of facing the current majority whip.",left,center
nan,"a resemblance could happen if the incumbents stand against the current majority whip. the polls in the 2014 election showed that roughly 95% of Americans support the incumbents. if a new majority leader is found, incumbents should be able to run for office.",center,center
Raul Labrador To Run for House Majority Leader,tea party congressman says he'll challenge tea party whip for power in the house. Raul Labrador said he was stunned when cantor lost his seat in early primary. congressional leaders had considered running if they wanted to increase focus on major issues.,right,center
Raul Labrador To Run for House Majority Leader,"labor congressman will challenge house majority leader. house election is Thursday. ""i was stunned when Eric Cantor lost his seat in a shock result this week,"" said labrador.",left,center
Raul Labrador To Run for House Majority Leader,republican re-election hopeful would challenge former majority leader. labrador is a two-term congressman and tea party congressman. labrador is a republican who's been a popular whip for the past two terms.,left,center
Democratic Senate Candidate Faces Harsh Criticism Over Farmer Comments,rep. Bruce braley faced backlash for remarks he made about sen. Chuck Grassley. braley will succeed retiring sen. margaret o'malley in the u.s. house of representatives. he was a lawyer before getting elected to the house of representatives in 2006. he said it was impossible to control the house of representatives without losing control.,right,center
Democratic Senate Candidate Faces Harsh Criticism Over Farmer Comments,"braley is running to succeed retiring senator, to succeed retiring senator Tom Harkin. he was critical of sen. Grassley in comments he made about him. he apologized for his remarks and said he didn't practice law.",right,center
Democratic Senate Candidate Faces Harsh Criticism Over Farmer Comments,conservative groups are under pressure to distance themselves from Grassley. braley's comments in comparison with Grassley were widely condemned. state Republican party leaders and potential general election opponents called him a vindictive act. the iowa congressman and his son both grew up on farms during the Great Depression.,left,center
Eric Holder Hears From The People Of Ferguson Face To Face,"john mann: a black man who walked into Ferguson is the attorney general of the united states. mann: there's a mistrust problem in the city, but change is never temporary. he says that he's ""ready to face the problem"" but isn't ready to be a cop. mann: he should come out of prison and step down from post.",left,center
Eric Holder Hears From The People Of Ferguson Face To Face,"attorney general meets with student about mistrust, shooting. the same black man killed in the same incident was ""the attorney general of the United States"" Eric Holder meets with students at the community college in Ferguson.",left,center
Eric Holder Hears From The People Of Ferguson Face To Face,"justice department official in Ferguson didn't want to see legal action taken. u.s. attorney general was meeting with students after the shooting. ""this country is capable of change. But change doesn't happen by itself,"" he said.",center,center
Prominent Republicans call for Ariz. Gov. Jan Brewer to veto bill allowing denial of service to gays,proponents of legislation calling for governor to veto it. lawmakers say bill protects business owners with strong religious beliefs. but some are saying it's not enough and some blame the media.,right,right
Prominent Republicans call for Ariz. Gov. Jan Brewer to veto bill allowing denial of service to gays,"ariz. lawmakers passed legislation that would allow businesses to deny service to gays. veto could be done quickly, but it may take months to come. republicans are calling for a veto, some citing ""inaccurate"" information about the bill.",left,right
Prominent Republicans call for Ariz. Gov. Jan Brewer to veto bill allowing denial of service to gays,"business community, federal, civil rights groups want governor to veto gay discrimination bill. former gov. mitt Romney is the latest prominent voice to urge the governor to veto the bill. the bill would allow businesses whose owners cite sincerely held religious beliefs to deny service.",left,right
GOP Staffer Apologizes For Lecturing Obama Daughters To 'Show A Little Class',"a republican staffer apologizes for a Facebook rant criticizing malia and sasha. she said they should ""try showing a little class"" at the annual turkey pardon ceremony. ""my heart and mind will apologise to them and their families,"" she says.",left,right
GOP Staffer Apologizes For Lecturing Obama Daughters To 'Show A Little Class',"a first lady and her older sister's appearance at a turkey pardon ceremony got a lot of ire. the president offered their pet turkey to her as a thank you. the first daughters' father remarked that it was ""puzzling"" that they did it every year. they could hardly contain their disdain for the lame dad jokes that predictably follow.",left,right
GOP Staffer Apologizes For Lecturing Obama Daughters To 'Show A Little Class',"a republican staffer apologized on facebook for a facebook rant. she wrote they should ""try showing a little class,"" ""dress like you deserve respect"" the family members joined president obama for turkey pardon ceremony every year.",right,right
Nebraska and Oklahoma Sue Colorado Over Marijuana Law,Nebraska and Oklahoma bring lawsuit challenging Colorado’s recreational marijuana laws. suit says Colorado’s growing array of state-regulated shops was piping marijuana into neighboring states. some sheriffs and police officers say marijuana arrests have strained their jail and court costs.,center,right
Nebraska and Oklahoma Sue Colorado Over Marijuana Law,Nebraska and Oklahoma filed first major court challenge to marijuana legalization. lawsuit asks for the u.s. supreme court to strike down key parts of Colorado legalization. opponents say the state-regulated recreational marijuana shops are piping marijuana into neighboring states. opponents say regulated stores do not meet criteria on federal drug-control program.,right,right
Nebraska and Oklahoma Sue Colorado Over Marijuana Law,Nebraska and Oklahoma state filed the first major court challenge to marijuana legalization. the challenge is aimed more at the commercial side of marijuana legalization.,right,right
"Nebraska, Oklahoma File Federal Suit Against Colorado Over Marijuana Legalization","Nebraska, Oklahoma file federal lawsuit against Colorado over Marijuana legalization. they claim marijuana is unconstitutional because marijuana remains illegal under federal law. lawsuit: state illegal products being trafficked across state lines thereby injuring neighboring states. Colorado attorney general says state will vigorously defend its marijuana laws.",right,left
"Nebraska, Oklahoma File Federal Suit Against Colorado Over Marijuana Legalization",Nebraska and Oklahoma filed federal lawsuit over legalization of marijuana. legalization of pot remains illegal under federal law. state attorney general says he will defend marijuana laws.,center,left
"Nebraska, Oklahoma File Federal Suit Against Colorado Over Marijuana Legalization","Nebraska and Oklahoma file federal suit. both states say legalized marijuana is unconstitutional under federal law. 18 states have legalized recreational marijuana, including 42 in the u.s. 23 states and the d.c. have legalized marijuana for medical purposes.",center,left
Third-Highest Ranking Republican In U.S. House Calls For Legalizing Undocumented Immigrants,"majority whip Kevin McCarthy said he agrees with giving undocumented immigrants a chance to legalize their status. the house republicans discussed a set of immigration principles this week. the principles will cover how the U.S. border should be protected, how immigration laws should be enforced inside the country.",right,left
Third-Highest Ranking Republican In U.S. House Calls For Legalizing Undocumented Immigrants,"moderates want an immigration reform plan aimed at boosting illegal immigrants. majority whip Kevin McCarthy says he likes the idea of allowing a path to legal status. conservatives say an amnesty program for illegal immigrants was not realistic. the proposal could also help with border security, aid to syrian-american immigration reform.",right,left
Third-Highest Ranking Republican In U.S. House Calls For Legalizing Undocumented Immigrants,"minority whip Kevin McCarthy: ""it’ll go with legal status that will allow you to work and pay taxes."" he agrees with principle, which says allowing undocumented immigrants to legalize status. plans for immigration reform broke down in congress after it was signed off on last year.",right,left
House Republicans to Offer Broad Immigration Plan,the president is expected to push for an overhaul of the immigration system this week. lawmakers from both parties describe immigration as one of the few potential areas for compromise. the first step is a federally funded trip to america to visit family members of undocumented immigrants.,right,center
House Republicans to Offer Broad Immigration Plan,"house republicans have a template for immigration reform. some ardent conservatives oppose a 13-year path to citizenship. white house says path to citizenship for children, adults a stumbling block. critics say it is too risky for republicans to pass a bill on time.",center,center
House Republicans to Offer Broad Immigration Plan,"House Republicans expected to release broad template for overhauling immigration system this week. package is expected to call for border security and enforcement measures. but some of the party's more conservative members oppose any form of legal status as ""amnesty"" tuesday's vote will be the first time the president has ever said it wants to pass a path to citizenship.",right,center
"Indictment Expected for Grimm, Staten Island Congressman","the charges are expected to include mail fraud and wire fraud. michael g. sanders is accused of funneling money to his campaign. sanders is accused of arranging to pay back his former employer by threatening to drop out. a lawyer says prosecutors intend to charge sanders, who had spent millions on his campaign.",left,left
"Indictment Expected for Grimm, Staten Island Congressman","a former f.b.i. agent and marine is expected to face fraud charges. a third-term congressman also pleaded guilty to visa fraud. one of his fund-raisers was accused of illegally funneling more than $10,000 into his campaign. a lawyer for the second-term congressman says it's ""a politically driven vendetta""",left,left
"Indictment Expected for Grimm, Staten Island Congressman","two of the dr. Michael G. Grimm’s fund-raisers have already been charged. federal fraud charges are expected to be filed on him. an attorney for one of his fund-raisers says he has ""asserts his innocence"" a lawyer says the probe was ""a politically driven vendetta""",left,left
GOP Congressman Expected To Be Indicted,"""when the dust settles, he will be vindicated,"" lawyer William McGinley says. accusations against Grimm ""will include mail fraud and wire fraud,"" his lawyer says. the charges will focus on his conduct in connection with a health food restaurant he owned.",center,center
GOP Congressman Expected To Be Indicted,"the charges against Grimm will include mail fraud and wire fraud, his lawyer says. the indictment is expected to be unsealed in the coming days, according to people familiar with the case. the justice department began investigating Grimm two years ago on allegations that he filed erroneous campaign finance reports.",left,center
GOP Congressman Expected To Be Indicted,"attorney for late-term congressman will be charged with felony mail fraud, wire fraud. charges will focus on allegations that he received improper donations. the lawyer says ""when the dust settles, he will be vindicated"" the defense says he was ""acting in a politically motivated vendetta""",left,center
Representative Apologizes for Criticizing Iowa Senator,"timothy stanley: representative braley apologizes to senator of Iowa who may have offended him. he says conservative groups threaten to use videos to attack democratic candidates. stanley: braley said he could end fight if ""sneep the huckabees ain't getting it,"" but would not give a vote.",left,center
Representative Apologizes for Criticizing Iowa Senator,Republican in the second term to win senate battle with Grassley. a democrat apologized to Grassley saying a farmer in the justice department could be chairman. conservative ptas says the apology will serve to educate on democrats. a republican tries to make a political statement by claiming it is a lie.,left,center
Representative Apologizes for Criticizing Iowa Senator,"gloria borger: braley apologizes to republican senator about potential chairmanship. herman: braley made error of blaming “fake news,” who told her he wouldn't run. borger: other democrats should follow suit; they should resign, not complain. borger: braley makes one-sided complaint, but then lets go of it.",left,center
Dem running for Senate in Iowa mocks Grassley as farmer 'who never went to law school',rep. Bruce braley mocks sen. grassley in video message released in iowa. braley mocks he says grassley is a farmer who never went to law school. a spokesperson for Grassley fired back saying he can't speak on farm issues. grassley says he would like to lead judiciary committee.,left,right
Dem running for Senate in Iowa mocks Grassley as farmer 'who never went to law school',a video shows braley mocking sen. grassley for claiming him a farmer who never went to law school. a spokesperson for Grassley has fired back on his statement. braley apologized for the remarks and pledged support for Iowa farmers.,left,right
Dem running for Senate in Iowa mocks Grassley as farmer 'who never went to law school',"a video is released of Braley mocking his fellow senator. he apologizes and says he ""respects"" Grassley. a spokesperson for Grassley fired back, citing grassley.",left,right
Holder says he understands mistrust of police as Ferguson protests dwindle,"a black american's distrust of police is increasing, a white prosecutor says. gov. rick perry calls on black people to be vigilant, but doesn't urge police to stop. blacks and brown supporters march through downtown of st. louis. president obama promises to ""make change from the black police""",left,center
Holder says he understands mistrust of police as Ferguson protests dwindle,"Holder says he understands how black Americans distrust police. he said he was stopped twice on the new jersey turnpike and accused of speeding. he visited a mosque in downtown st. Louis where a black teenager was shot. he also met with police officials and tried to negotiate an arrest, says the u.s. needs to keep troops calm.",right,center
Holder says he understands mistrust of police as Ferguson protests dwindle,"a black man told the ag that he was humiliated and told to be quiet. he had speeding tickets, but police threw his car at his cousin. an american father said he was not interested in being arrested. a white officer shot black teenager michael brown and left the scene in january.",left,center
"As Tension Eases on Ferguson's Streets, Focus Turns to Investigation",attorney general eric h.holder arrives in ferguson after 12 days of unrest. he meets with community leaders and federal investigators. a grand jury is expected to meet to begin hearing evidence. one spokesman for a prosecuting attorney says he can't be impartial.,left,left
"As Tension Eases on Ferguson's Streets, Focus Turns to Investigation",new: a grand jury has been convened to begin hearing evidence. the police say a black teenager was shot by a white officer. prosecutors say a black man killed a white officer while he was on duty. the gunman was found dead in the home of his brother.,left,left
"As Tension Eases on Ferguson's Streets, Focus Turns to Investigation","attorney general eric holder said he met with community leaders, federal investigators. organizers say they hope protests will ease tensions in ferguson. a grand jury is scheduled to meet with evidence. the focus turned to the investigation into the shooting death of Michael brown.",center,left
Governor of Arizona Is Pressed to Veto Bill,state's governor faced pressure from many corners to veto bill. bill would allow business owners the right to invoke religion to refuse service to gays. opponents of measure are calling it a sword of religious intolerance.,right,center
Governor of Arizona Is Pressed to Veto Bill,"a bill would give business owners the right to invoke religion to refuse service to gays and others. governor is facing pressure to veto the measure, which has cast unwanted national attention on a state. a federal judge has ruled the bill can only be passed on the back of a ballot.",left,center
Governor of Arizona Is Pressed to Veto Bill,"state's governor faced pressure to veto a measure that would allow business owners to invoke religion to refuse service to gays and others. despite public outcry, many are saying the bill will be ignored or rejected. despite the positive response from the states' civil rights groups, the measure is likely to gain a passing veto. it would give business owners the right to invoke religion to refuse service to gays.",right,center
Jan Brewer Announces Veto Of Arizona Anti-Gay Bill,businesses would have been allowed to refuse service to anyone on religious freedom grounds. governor vetoed legislation that would have allowed businesses to discriminate. businesses in the Arizona area were also worried about the proposed bill.,left,left
Jan Brewer Announces Veto Of Arizona Anti-Gay Bill,"governor vetoes bill that would have allowed businesses to refuse service to same-sex couples. companies like Marriott, apple and American Airlines also expressed their opposition. ""we do not support this legislation,"" said Phoenix's super bowl host committee.",left,left
Jan Brewer Announces Veto Of Arizona Anti-Gay Bill,"Arizona governor announces veto on controversial bill to let businesses refuse service. ""we do not support this legislation,"" said Super Bowl host committee. critics say bill unfairly favors gays, lesbians and gays in business. bill comes as governor's veto of bill has provoked widespread opposition.",right,left
GOP Smackdown: Rep. Labrador Enters The Race For House Majority Leadership,"new: tea party candidate says he supports a 'change in the status quo' and looks to run. new: senators slammed ""distasteful "" policies of democratic candidates. alabama to run for majority leader with his brother, mike, as a backup. bob greene fears the race will help the tea party.",left,right
GOP Smackdown: Rep. Labrador Enters The Race For House Majority Leadership,"former republican congressman is running to become majority leader of the house. labrador will be the tea party alternative to the whip favored by establishment republicans. if confirmed, he would represent several firsts: first Latino, first Mormon and first Idaho lawmaker to be majority leader.",left,right
GOP Smackdown: Rep. Labrador Enters The Race For House Majority Leadership,"a tea party candidate called cantor soft on border security, some lawmakers pressed him to run. labrador wants a leader with more right-wing views to challenge for a majority leader position. Labrador is an Idaho lawmaker who is seeking the majority leader position. the tea party candidate favored by establishment republicans will be running for majority leader.",left,right
Who is Dave Brat?,conservative activists booed house leader cantor. conservative blogger Dave Brat raised funds for his campaign. cantor spent more than $1 million to try to beat back his challenge.,right,left
Who is Dave Brat?,"economics professor Dave Brat, 49, helped to beat cantor in an effort to be a conservative. lindsey graham: cantor criticized as ""independent"" and a Washington insider. she says cantor was an ""incomplete slugger"" who has little political ambition. graham: brat cast Cantor as a Washington insider who isn't conservative enough.",left,left
Who is Dave Brat?,"Dave Brat, a professor at a small college, beats republican house leader Eric Cantor. brat cast Cantor as a Washington insider who isn't conservative enough. brat has two children and has an 11-year-old daughter and 15-year-old son.",left,left
Man Who Defeated Cantor Calls His Big Win 'A Miracle',"brat says he attributed victory to God and grassroots effort. ""god acted through the people on my behalf,"" he says of winning. he denies that his support is a tea party candidate.",center,center
Man Who Defeated Cantor Calls His Big Win 'A Miracle',"Dave brat won the challenger's nomination by 56 percent to the 58,536 vote. the winner was house majority leader cantor, who spent $5.4 million to $200,000. ""the good news is dollars don't vote, people do,"" brat said of winning.",left,center
Man Who Defeated Cantor Calls His Big Win 'A Miracle',"Dave Brat, a tea party-backed candidate, won the republican nomination on Tuesday. he unseated the house majority leader with 56 percent of the vote. he said he attributed his victory to God and grassroots efforts.",right,center
"Federal prosecutors subpoena Christie's campaign, NJ GOP committee",federal prosecutors have subpoenaed new jersey governor's campaign. the republican governor's campaign says it will respond to the subpoenas. aides were suspended after a series of traffic accidents in fall. the afc commissioner reportedly says traffic jams are political payback.,right,center
"Federal prosecutors subpoena Christie's campaign, NJ GOP committee",federal prosecutors subpoenaed candidate for governor in connection with traffic jams. the investigation is aimed at traffic lanes closures and political payback. email and text messages may have been sent to town's legislators.,left,center
"Federal prosecutors subpoena Christie's campaign, NJ GOP committee",state congressional subpoenas to go with federal federal subpoenas. aides allegedly created traffic jams as political payback. state committee says traffic lanes closed as political payback. aides' emails and text messages may have been used as political payback.,center,center
U.S. Attorney Subpoenas Chris Christie Campaign Documents,"new jersey governor edging committee get documents from reelection campaign. ""bridgegate"" investigation focused on closure of access lanes on the George Washington bridge. two of three lanes on the bridge were closed in the united states. governor's office says he never made mistake in approving the subpoenas.",left,left
U.S. Attorney Subpoenas Chris Christie Campaign Documents,federal investigators are investigating two closures on the George Washington bridge. governor says he had no knowledge of lane closure plan.,center,left
U.S. Attorney Subpoenas Chris Christie Campaign Documents,"documents from campaign of new jersey governor subpoenaed. u.s. attorney's office is investigating ""bridgegate"" scandal. new jersey republican state committee and reelection campaign were subpoenaed.",left,left
Clintons Report Earnings of $139 Million in Seven Years,"Clintons paid $43,885,310 in federal taxes from 2007 through 2014. david frum: a lack of transparency in the process has hurt the campaign. he says we have to learn from our mistakes and take those lessons into account. frum: new taxes reflect the change in tax structure in the last few years.",left,left
Clintons Report Earnings of $139 Million in Seven Years,"Clintons earned $139 million in adjusted gross income from 2007 to 2014. bob greene: the former president and his wife earned almost $10 million in speaking fees. he says this week was the second year the Clintons had released tax returns. greene: both men made $190,450 of giving through their philanthropic foundation.",center,left
Clintons Report Earnings of $139 Million in Seven Years,"2008 tax return revealed former president bill Clinton earned $139 million in adjusted gross income from 2007 to 2014. ruben navarrette: a spate of voluntary disclosures were intended to highlight Mrs. Clinton’s efforts at transparency. he says she and her husband were ""dead broke"" when they left the white house. navarrette: she'll continue to lobby for a tax-free'senate' while her campaign continues.",left,left
"Clinton camp releases candidate's clean bill of health, tax returns","dr. Lisa bardack: ""(Clinton’s) cancer is a chronic condition that threatens health care delivery. she cites her annual checks for ""cdc data"" that prove she is fit to serve as president. the 2016 presidential campaign released the tax returns showing she paid $36 million in taxes since 2007. in 2013, ""cdc-i"" and ""cisco-ac"" tests found a tumor in her brain.",left,center
"Clinton camp releases candidate's clean bill of health, tax returns","in eight years of tax returns, documents show Clintons paid $43 million in federal taxes since 2007. ""deep vein thrombosis,"" elbow fracture and 2012 concussion in her recent medical history are among the ailments she is listed as having. her blood pressure was 100/65, her heart rate was 72. ""there is no excuse for her illness,"" says hillary clinton, the new democratic presidential candidate.",left,center
"Clinton camp releases candidate's clean bill of health, tax returns","the former secretary of state has seasonal pollen allergies and a blood clot. her doctors have been treating patients with antihistamines, vitamins and a protein-rich diet. the documents show the Clintons have paid $43 million in federal taxes since 2007.",center,center
Arkansas Governor’s Son Thrust Into Spotlight Over Religious Exception Bill,"governor asa hutchinson says religious freedom bill will not go to trial. hutchinson's son seth had slammed bill, saying it would harm reputation and economy. son says bill would not make up for perceived lack of effort on state level. seth will vote in absentia on bill pending in state next month.",left,left
Arkansas Governor’s Son Thrust Into Spotlight Over Religious Exception Bill,"governor asa hutchinson's son criticizes state's plan for religious freedom. he says bill could harm economy and reputation. ""i'm very much looking forward to my career,"" son says.",left,left
Arkansas Governor’s Son Thrust Into Spotlight Over Religious Exception Bill,"governor asa hutchinson said proposal would legalize discrimination against gay people. son, seth, has been calling the measure ""nothing but violence and poverty"" he told the president to pass a bill that would eliminate his anti-gay beliefs. he also said he didn't want the bill to be passed; was still considering it.",left,left
Arkansas Gov. Signs Amended Religious Freedom Bill,governor asa haitchinson signs revised version of religious freedom reformation act. the revision amended provisions that would have allowed businesses to discriminate against LGBT customers. the bill was in the governor's favor and was signed into law in april.,left,center
Arkansas Gov. Signs Amended Religious Freedom Bill,"governor asa hutchinson signs revised version of religious freedom reformation bill. amendments aimed at lgbt, transgender, lesbian and gay customers. lawmakers in Indiana have made changes to the controversial RFRA.",left,center
Arkansas Gov. Signs Amended Religious Freedom Bill,"arkansas governor asa hutchinson signs revised version of RFRA. governor's request over fears about discrimination against lesbian, gay, bisexual and transgender individuals. dozens of politicians, business leaders and celebrities speak out against bill. bill has been criticized for being too broad and too broad.",center,center
Benghazi Panel Wants To Interview Clinton About Emails,"a formal interview request was sent to the 2016 presidential candidate’s lawyer. the house select committee will focus solely on emails pertaining to ""libya and Benghazi"" the committee will schedule a time for Clinton to testify publicly in a hearing.",right,left
Benghazi Panel Wants To Interview Clinton About Emails,house Select Committee on Benghazi sent formal interview request to Hillary Clinton. request regarding emails exchanged during her time as secretary of state. committee chairman says interview would provide protection for the likely 2016 presidential candidate.,right,left
Benghazi Panel Wants To Interview Clinton About Emails,"House Select Committee on Benghazi sends formal interview request to Clinton's lawyer. committee will focus solely on emails pertaining to ""Libya and Benghazi during the relevant time periods"" committee chairman says it is ""highly unusual, if not unprecedented"" the request is in response to allegations she used a private email address.",left,left
House Panel Seeks Private Talk With Hillary Clinton About Email,"house committee investigating the Benghazi attacks asked her for a private interview. house panel was probing whether she used only a personal email account. committee chairman: her ""email arrangement with herself is highly unusual if not unprecedented""",left,right
House Panel Seeks Private Talk With Hillary Clinton About Email,"house committee chairman asks secretary of state to appear for private interview. house committee investigating the Benghazi attacks asked her to give private interview. committee chairman says she is unusual, if not unprecedented,.",center,right
House Panel Seeks Private Talk With Hillary Clinton About Email,house committee investigating the Benghazi attacks asked to appear for private interview. rep. Trey gowdy asked her to turn over server at her home in n.y. email account had no copies of emails she sent. analysis showed that it had only messages sent in the previous two months.,left,right
"In first foreign policy speech, candidate Rubio pushes stronger U.S. leadership","president bush criticized the united states for its overly cautious responses to crisis. his stance on defense would not equate to a ""greater country"" if elected. a strong military would be a priority even in times of peace and stability.",left,right
"In first foreign policy speech, candidate Rubio pushes stronger U.S. leadership",Marco Rubio says u.s. will prioritize a strong military to restore strength if elected. florida republican says the military fund must be adequately funded. he emphasizes how easy it would be to get an emergency response from the u.s. presidents.,left,right
"In first foreign policy speech, candidate Rubio pushes stronger U.S. leadership","a strong military will be his first priority as a nation, says the senator. the senator says he will take aggressive steps to defeat nations that undermine global commerce. he says the president is trying to soften any perception of the world as a bully. if elected, he will prioritize a strong military and fight crises overseas.",center,right
NJ Gov Chris Christie to Throw His Hat in the Ring for White House Run,"Chris Christie to declare presidential run as he announces 2016 opponent. john avlon says that despite retaliation, he's not a front-runner. he says that being a public servant would be good for his reputation. avlon: he'll get a high-profile challenge and is poised for a presidential run.",left,center
NJ Gov Chris Christie to Throw His Hat in the Ring for White House Run,"Christie expected to become the latest Republican to throw his hat in the ring for 2016. he'll make the announcement today at 11am from his hometown of Livingston, new jersey. governor faces an uphill climb for the nomination with low poll numbers.",right,center
NJ Gov Chris Christie to Throw His Hat in the Ring for White House Run,"Chris Christie will announce his candidacy for 2016 on tuesday at 11am. william bennett, bob greene: governor expected to throw his hat in the ring. he says he faces an uphill climb for the nomination with low poll numbers. greene: he’ll make announcement after he closes office on thursday.",center,center
Indiana Governor Says Legislators May Clarify Religious Beliefs Law,"governor says he signed religious freedom law, is seeking legal guidance. he rejects assertions it sanctioned discrimination against gays and lesbians. business leaders say the law isn't about discrimination, and will have to be clarified.",right,center
Indiana Governor Says Legislators May Clarify Religious Beliefs Law,"florida governor tells newspaper he's taken aback by negative response to religious freedom law. he signed law, rejected claiming it sanctioned discrimination against gays and lesbians. hundreds of businesses announce a halt to business with the state and the capital. dozens of protesters gather in statehouse as governor signs law, leaves tv on friday.",right,center
Indiana Governor Says Legislators May Clarify Religious Beliefs Law,"a religious freedom law is sweeping through indiana, says the governor. supporters say the law protects those who refuse religious services. a group of protesters gathered in the statehouse to protest the law.",right,center
Mike Huckabee Is Running For President,Huckabee announced his candidacy for 2016 presidential nomination. an ordained southern Baptist minister became governor of Arkansas in 2007. he made obesity a major policy initiative as governor.,center,center
Mike Huckabee Is Running For President,"""i am a candidate for president of the United States of America,"" he says. he quit his ""huckabee"" show in january, beginning campaign strategy last month. in january, he announced that he'll run for president.",left,center
Mike Huckabee Is Running For President,ordained southern Baptist minister will run for republican presidential nomination. he will likely enlist support from the party's far right wing. he became the longest-serving Arkansas governor in 2006.,right,center
Obama Aide Calls Netanyahu’s Planned Visit ‘Destructive’ to U.S.-Israel Ties,president will not meet with israeli pm for political appearance. president will not speak to him on trip ahead of mid-term elections. president has been criticized for not speaking up in advance on his plans.,left,left
Obama Aide Calls Netanyahu’s Planned Visit ‘Destructive’ to U.S.-Israel Ties,"president will not meet with Mr. Netanyahu during his visit to washington, says official. he said it has hurt his nation’s relationship with the united states. vice president joe biden and vice president ryan mulvah say they are surprised.",left,left
Obama Aide Calls Netanyahu’s Planned Visit ‘Destructive’ to U.S.-Israel Ties,president has said he will not meet with Mr. Netanyahu during his visit to Washington. the white house on Wednesday said that Mr. Obama agreed with the recommendation. the white house had said that this relationship should not be subjected to party politics.,left,left
"Clinton, advisers have lots to say on key trade legislation, except where candidate stands","in a speech by Hillary Clinton at Iowa's state fair, she says she wants to talk to allies about the trade deal. some support the trade proposal, others vehemently oppose it. liberals say the deal would cost u.s. jobs.",right,right
"Clinton, advisers have lots to say on key trade legislation, except where candidate stands","Clinton declined to say whether she supports or opposes the legislation. liberals and labor unions have said the plan will cost U.S. jobs. Clinton: ""i'd rather see the president doing a job rather than doing a job""",left,right
"Clinton, advisers have lots to say on key trade legislation, except where candidate stands",Hillary Clinton takes issue with trans-pacific partnership trade bill. she declined to say whether she supports or opposes the legislation. liberals and labor unions say plan will cost workers jobs. trade has emerged as an early divider within the democratic primary.,right,right
Hillary Clinton's use of private email address while secretary of state draws scrutiny,"tens of thousands of pages of emails were in Clinton's personal account at the state department. the former secretary of state did not have a government email address. the fate of emails to foreign leaders, private citizens, and non-State Department officials is unclear.",left,right
Hillary Clinton's use of private email address while secretary of state draws scrutiny,"secretary of state had not had a government email address. aides had to turn over 55,000 pages of her emails to the state department for archival purposes. the fate of emails to foreign leaders, private citizens, and non-State Department officials is unclear.",left,right
Hillary Clinton's use of private email address while secretary of state draws scrutiny,"a house panel discovered that a separate email account used as Clinton's sole method to conduct official business. the dossier includes emails between two department officials on state.gov accounts. the fate of emails to foreign leaders, private citizens, and non-State Department officials is unclear.",left,right
Hillary Clinton Asks State Department to Vet Emails for Release,"no emails to or from an official departmental account for Hillary Rodham Clinton, official says. spokesman: the secretariat sought help ensuring emails were retained. she reportedly used a private email account to send communications from her private account.",center,left
Hillary Clinton Asks State Department to Vet Emails for Release,"a house committee stepped up its inquiry into the 2012 attacks in Libya. among the 15,000 documents examined, there were no emails to or from an official departmental account for Mrs. Clinton. the state department has cast her decision to hand over her emails as motivated by efforts to update the department’s record management system.",left,left
Hillary Clinton Asks State Department to Vet Emails for Release,"a house committee is investigating the 2012 attacks in Libya. but among the 15,000 documents they examined, there were no emails for hr account. a state department official says the emails were sent to a private account.",center,left
Marco Rubio to Outline His Approach to Foreign Policy,Marco Rubio to outline his own approach to foreign policy. he will pledge to use American power to oppose violations of international waters. he will pledge to defend democracy and defend american economy.,left,center
Marco Rubio to Outline His Approach to Foreign Policy,Marco Rubio will outline his own approach to foreign policy in a speech. he promises to use American power to oppose any violations of international waters. the president will use his experience in both the military and defense field. the 2016 presidential candidate is hoping to make a big splash at the top.,right,center
Marco Rubio to Outline His Approach to Foreign Policy,"Marco Rubio to outline his own approach to foreign policy. he will pledge to oppose any violations of international waters, airspace, cyberspace or outer space. ""in order to win back their friendship,"" the u.s. leader will ""increase public confidence""",left,center
Marco Rubio Lays Out Hawkish Foreign Policy Doctrine Invoking Kennedy,"sen. marco rubio's foreign policy vision invokes president john f. kennedy. ""american strength is a means of preventing war, not promoting it,"" he says. in an assertive call to project american power abroad, the senator calls for a big military budget.",left,left
Marco Rubio Lays Out Hawkish Foreign Policy Doctrine Invoking Kennedy,"republican senator says he influenced his foreign policy vision. he said he was guided by the ""Rubio Doctrine""",left,left
Marco Rubio Lays Out Hawkish Foreign Policy Doctrine Invoking Kennedy,"his campaign calls the ""Rubio Doctrine"" he was guided by ""American strength"" and'moral clarity' with values. his remarks were at the Council on Foreign Relations.",left,left
Benghazi committee seeks 'transcribed' interview with Clinton over deleted records,"congressional committee chair wants interview on use of server and emails as secretary of state. committee was informed server had been wiped ""clean,"" gowdy says. committee should discuss issues relating to benghazi, but not be concerned about emails. committee can't find specifics of what Clinton did with the server.",left,center
Benghazi committee seeks 'transcribed' interview with Clinton over deleted records,"congressional panel asks that Clinton appear for a ""transcribed"" interview. committee chairman says it's an attempt to ""understand her actions"" the committee is only interested in emails relating to her response to the 2012 terror attacks. the server was wiped ""clean"" this month after a court order was issued.",right,center
Benghazi committee seeks 'transcribed' interview with Clinton over deleted records,"congressional committee request that Hillary Clinton appear for ""transcribed"" interview. committee chairman asks that she agree to interview after hearing she wiped server clean. committee will see whether she is ready to meet with a distinguished audience in san francisco.",center,center
Hillary Clinton Releases Tax Returns Going Back To 2007,"timothy stanley: bill and Hillary Clinton earned roughly $141 million from book sales. stanley: a half-century earlier, the couple paid $43,885,310 in federal taxes. he says the couple made $14,959,450 in charitable contributions. stanley: in 2010, the tax system went into its seventh year.",left,center
Hillary Clinton Releases Tax Returns Going Back To 2007,Clintons earned roughly $141 million from book sales and speaking fees. they paid nearly $44 million in federal income taxes from 2007 to 2014. the ex-secretary of state released the tax returns on her campaign website.,right,center
Hillary Clinton Releases Tax Returns Going Back To 2007,"Clintons paid nearly $44 million in federal income taxes from 2007 to 2014, tax returns reveal. the couple paid more than $90 million in taxes over a eight-year span. jeb bush paid the more than 35.7 percent federal tax rate over those 33 years.",right,center
Arkansas governor seeks changes in religious freedom bill,"governor asa hutchinson urges his state lawmakers to change a controversial religious freedom bill. critics have said the bill would allow businesses and others to discriminate based on sexual orientation. ""this bill is not really complicated,"" governor says. critics say they want to see changes in the law to reflect the 1993 law.",right,center
Arkansas governor seeks changes in religious freedom bill,"governor has urged state lawmakers to ""recall"" bill in face of criticism. critics say legislation could allow businesses to discriminate based on sexual orientation. critics say laws could provide ""no basis"" for religious freedom. 'i asked that changes be made in the bill,"" governor says.",right,center
Arkansas governor seeks changes in religious freedom bill,"governor, critics criticized religious freedom bill that allows discrimination based on sexual orientation. critics accused the measure of stealing personal information from christian churches. state gov. asa hutchinson wants a repeal or revision of the bill that has already been written. u.s. government said a new law would repeal the 1993 federal law.",center,center
John McCain Suggests Hillary Clinton's Use Of Personal Email Was Hypocritical,"u.s. senator says use of personal email is hypocritical. republican says it's a lesson in the need to change the laws. senator asks whether all emails have been kept in secret. ""there are limits to what she can do in the future,"" jeb bush says.",left,center
John McCain Suggests Hillary Clinton's Use Of Personal Email Was Hypocritical,"sen. john mccain says it's hypocritical to accuse her of keeping emails in secret. mccain: ""this is the same individual that just excoriated the bush administration"" he added the use of emails for work emails was not a violation of laws.",left,center
John McCain Suggests Hillary Clinton's Use Of Personal Email Was Hypocritical,"senator calls use of personal email account by ex-secretary of state is hypocritical. he believes that this violates federal records law, showing ""cronyism run amok"" he said there's no way for us to know whether all of her emails have been saved.",left,center
Hillary Clinton: Obama Should Listen To Nancy Pelosi On Trade,"new: ""no president would be a tougher negotiator on behalf of American workers,"" Clinton says. she encouraged president barack obama to listen to congressional minority. the house rejected republican nominee's trade agenda. house democrats have blocked a measure that would have made sweeping international deals.",left,center
Hillary Clinton: Obama Should Listen To Nancy Pelosi On Trade,"Hillary Clinton encourages presidents to listen to house minority leader. she blocks measure that would have allowed him to fast-track secret international agreements. she said she wants to ""find out what's in it and make it as good as it can be""",left,center
Hillary Clinton: Obama Should Listen To Nancy Pelosi On Trade,"democratic presidential hopeful Hillary Clinton urges president to listen to congressional leader. ""we have an opportunity to slow down,"" house minority leader pelosi said in her speech. pelosi took to the floor on friday to oppose trade legislation he personally lobbied for.",right,center
Hillary Clinton Urges Obama to Listen to Democrats on Trade Deal,she laid out a far more calibrated position on the deal than many Democrats and Republicans have taken. she declined to take sides on the vote itself but instead allied herself with Democratic critics. the move has hurt her chances for the 2016 presidential nomination.,left,left
Hillary Clinton Urges Obama to Listen to Democrats on Trade Deal,"the president should listen to and work with his allies in Congress, says Hillary Clinton. ""if we don’t get it, there should be no deal,"" says the secretary of state. she has been criticized by Republicans and some Democrats for saying little about the deal.",right,left
Hillary Clinton Urges Obama to Listen to Democrats on Trade Deal,"bill clinton says he is ""doing his best"" to push for changes to the pact. cnn is reporting that a report says some of the changes will not affect u.s. jobs. clinton's comments are her first as a candidate for the 2016 presidential nomination.",left,left
"Huckabee announces 2016 White House bid, with focus on economy and security | Fox News",former u.s. governor is launching his second presidential bid. he will face stiff competition from candidates for the 2016 race. he is a former pastor who grew up in the smallest town. he is now trying to find a home.,left,right
"Huckabee announces 2016 White House bid, with focus on economy and security | Fox News","former Arkansas governor, who has won eight state caucuses, is in the presidential race for the second time. he vows to end ""stagnant wages,"" protect Medicare and defeat radical Islamic terrorism. a former church member and former television host, he quit his job as a news host in preparation.",right,right
"Huckabee announces 2016 White House bid, with focus on economy and security | Fox News","former Arkansas governor vowed to end ""stagnant wages,"" protect Medicare. he also vowed to protect Medicare and vowed to defeat radical Islamic terrorism. he left his job as a Fox news host earlier this year in preparation for potential 2016 run.",right,right
Mike Huckabee on the Issues,outspoken on issues like same-sex marriage and foreign policy. he opposes the rise of the minimum wage. he also has pushed for higher national insurance premiums.,center,left
Mike Huckabee on the Issues,"former republican gov. mike huckabee has announced his run for president. he has publicly rejected the president's executive actions. in 2004, he said the president's e-mails gave him a ""very good"" run for president.",left,left
Mike Huckabee on the Issues,"mike huckabee, an outspoken voice on foreign policy, opposes same-sex marriage. he opposed a higher minimum wage and criticized economic policies. he says he opposes military action against the Islamic state. huckabee has vowed to run for president on march 3.",right,left
"Washington gov, Seattle mayor ban official travel to Indiana in wake of 'religious freedom' law","inslee: ""distraction has no place in our city"" as inslee bans travel to state. congress will continue to work to clarify the law, lawmakers say. 17 states have taken measures to craft or alter their religious freedom laws. the federal government has since agreed to clarify the law.",center,left
"Washington gov, Seattle mayor ban official travel to Indiana in wake of 'religious freedom' law","Washington governor and city of Seattle ban government-funded travel to Indiana. governor says law gives business right to exercise ""free exercise of religion"" lawmakers urge people not to boycott laws that allow government-funded travel to u.s.",left,left
"Washington gov, Seattle mayor ban official travel to Indiana in wake of 'religious freedom' law","boycott threats increase against new religious freedom law. inslee, mayor say the law doesn't reflect values of citizens living in the state. 15 other states have introduced legislation to craft or alter their religious freedom laws.",left,left
Washington State To Boycott Indiana Over LGBT Discrimination Law,inslee to ban state-funded travel to Indiana. Indiana law has sparked national backlash. the state's mayors have condemned the law.,right,right
Washington State To Boycott Indiana Over LGBT Discrimination Law,"""we are open for business, and open to all people,"" gov. Jay Inslee says. the governor will ban state-funded travel to Indiana. the law has sparked national backlash.",right,right
Washington State To Boycott Indiana Over LGBT Discrimination Law,"the state will ""join other states and cities in opposing this law,"" governor says. inslee says he will ban state-funded travel to Indiana. the new law allows businesses to deny service to gay and lesbian individuals for religious reasons. some businesses oppose the law and want it reinstated in the state.",right,right
Susan Rice: Netanyahu Visit 'Destructive' To U.S.-Israel Relationship,"timothy stanley: speaker's announcement will be destructive to united states-israel relations. stanley: it would be ""inappropriate"" to meet with leader in march before elections. lawmakers have voiced opposition to speech, calling it a tawdry, high-handed stunt. stanley: u.s. should not try to be ""tawdry"" or ""hugely partisan""",left,center
Susan Rice: Netanyahu Visit 'Destructive' To U.S.-Israel Relationship,"U.S. policy advisor: ""there has now been injected a degree of partisanship"" with Netanyahu's planned speech. senators have spoken out against the speech, calling it ""a tawdry and high-handed stunt"" the speech is scheduled to be in front of a joint session of congress in march.",left,center
Susan Rice: Netanyahu Visit 'Destructive' To U.S.-Israel Relationship,"president obama says the planned speech will be disruptive to U.S.-Israel relations. house speaker John boehner pushed the speaker to give his planned speech in front of congress. congress is divided on whether to allow the speech, which is scheduled for march. a tv show critics say it would be a distraction from talks on nuclear program.",right,center
Susan Rice calls Netanyahu's Capitol Hill speech 'destructive' to US-Israel relations,"white house spokesman: ""this is a major mistake"" rice says trip to u.s. is a ""really sad moment in the history of the u.s.-israeli relationship"" house speaker John Boehner invited the president to address the threat from Iran. house speaker is seeking a nuke deal with Tehran, a u.s. foreign policy objective.",left,right
Susan Rice calls Netanyahu's Capitol Hill speech 'destructive' to US-Israel relations,"new: a source close to Netanyahu says the trip is ""a violation of u.s. foreign policy principles"" nsa aide susan rice says his comment comes as he declines visit with senators. in an interview, rice said: ""it's destructive to the fabric of the relationship"" meanwhile, a new libyan congressman said his government is trying to push back.",left,right
Susan Rice calls Netanyahu's Capitol Hill speech 'destructive' to US-Israel relations,"speaker John Boehner, the leader of the republican-controlled chamber, invited israel's pm to address nuclear threat from Iran. but rice warned a trip to tehran will be ""destructive"" force in long-standing relations. a u.s. security adviser's comments come as president obama is criticized for refusing to ape a nuclear deal.",right,right
"Chris Christie Announces Run, Pledging ‘Truth’ About Nation’s Woes","the governor says he is going to be the only candidate in the race that will speak out for his party. after losing to fellow candidates, he says he will not become president. he has a hard time convincing voters that his candidacy will be successful.",center,left
"Chris Christie Announces Run, Pledging ‘Truth’ About Nation’s Woes",governor declares an uphill candidacy for president despite political shortcomings. he says he isn't going to be popular spokesman that thinks on facts. he accused political rivals and fellow republicans of being overly cautious.,left,left
"Chris Christie Announces Run, Pledging ‘Truth’ About Nation’s Woes",the conservative governor expressed uphill candidacy after a disappointing campaign. the governor said he plans to run for president in 2016.,left,left
Chris Christie Announces He's Running For President In 2016,"governor tells supporters of his plans in a phone call. ""both parties have led us to believe that compromise is somehow a dirty word,"" he said. ""we need to have the courage to choose,"" he said in his speech. he praised his alma mater.",left,right
Chris Christie Announces He's Running For President In 2016,"""both parties have failed our country,"" governor tells supporters. ""the courage to stand up and say 'enough,'"" the governor tells supporters. he says he'll pursue a career in political science rather than politics.",right,right
Chris Christie Announces He's Running For President In 2016,the former federal prosecutor led the state during hurricane damage in 2012. he has served as governor for three terms in two terms. the former president was elected chairman of the Republican governors' association in 2013.,left,right
"Ryan goes on offense over Medicare, accuses Obama of treating program like 'piggy bank'","Ryan is being accused of attacking the president for taking over the nation's most valuable entitlement. a new ad says Obama has cut $716 billion from Medicare ""to pay for ObamaCare"" a new ad points to the president's plans but doesn't make change to current retirees. he says ""we're the ones"" who are ""continuing the guarantee of Medicare for people in or near retirement""",left,center
"Ryan goes on offense over Medicare, accuses Obama of treating program like 'piggy bank'","the former mayor of florida says he will not back a plan unless he gets elected. he is running with a rival to mitt romney, and wants to preserve the country's seniors. he says it's important people don't have to think they can't work under the new law.",right,center
"Ryan goes on offense over Medicare, accuses Obama of treating program like 'piggy bank'","""this is a debate we want to have, and that's the debate we're going to win,"" says rep. Paul Ryan. he uses interview with Fox to claim ""obama is actually damaging Medicare"" while ""romney-Ryan"" plan preserves it.",left,center
Obama Medicare Attack In 2008 Targeted McCain For Cutting $800 Billion From Program,republicans criticize if a candidate would do more harm to people's benefits. obama: health care costs are more than double the expected rate of growth. many people say a republican plan will cost them millions to fund a health care overhaul.,left,right
Obama Medicare Attack In 2008 Targeted McCain For Cutting $800 Billion From Program,"""if anyone in this entire debate has blood on their hands in regard to Medicare, it's Barack Obama,"" said the Priebus team. in a separate piece, president obama says his plan would cut benefits by $650 billion. republicans argue that the president's plan would create a government ineffective. the u.s. president won't do away with cutting benefits, says congressional republican.",left,right
Obama Medicare Attack In 2008 Targeted McCain For Cutting $800 Billion From Program,some argue that one candidate would do more harm to people's benefits. the latest back-and-forth between the Romney and Obama campaigns has become complicated. the largest problem with the health care reform is the budget.,left,right
Ryan facing Catholic prof complaints over budget comments ahead of Georgetown speech,"professors: rep. Paul Ryan misappropriated Catholic teaching to fight his house budget. letter says conservative lawmakers were ""confident"" of their stance on the budget. speaker alan carroll is at Georgetown with the speaker's lecture set for the evening. sys. senator jimmy carter is also attending the event.",left,center
Ryan facing Catholic prof complaints over budget comments ahead of Georgetown speech,"professors and administrators send a letter to gop republican senator. a new letter claims he abused the teaching to support his budget. it says he also abused the doctrine as a ""rationale for gutting government"" the republican is defending a house budget that decimates food programs.",left,center
Ryan facing Catholic prof complaints over budget comments ahead of Georgetown speech,"professors and administrators are defending lawmakers' budget plan. Ryan, a Republican, has spoken about the doctrine in several interviews. the administration says he misappropriated the teaching.",center,center
Georgetown Faculty Latest to Chide Ryan ,"evangelical priests have accused the current budget plan of trying to slash programs. their criticism is part of a larger effort to show the church is not an arm of the republican party. in recent months, slams the budget plan, which slashes food programs. bishops have criticized the plan, which has decimated food programs.",left,right
Georgetown Faculty Latest to Chide Ryan ,"john sutter: senator from n.y. says he has no ""concern"" about his budget plan. sutter says he will deliver the prestigious Whittington lecture this week. he accuses the bill of ignoring a number of key points of his budget. sutter says the president is giving a much-needed update to his budget.",left,right
Georgetown Faculty Latest to Chide Ryan ,"a letter by several professors says his budget appears to reflect values of Ayn Rand. professors: critics: it appears to reflect the values of your favorite philosopher, Ayn Rand. letter says policy provides more tax breaks to the wealthiest few and gives more tax breaks.",left,right
"Romney reaffirms belief in marriage as between man, woman",president Obama had said he supports same-sex marriage. mitt Romney had said he supports it. he refused to say whether he would support gay marriage.,left,right
"Romney reaffirms belief in marriage as between man, woman","mitt Romney says he still opposes same-sex marriage. president said he supports same-sex marriage, but he stopped short of endorsing it. in a television interview, he said marriage should be between a man and a woman.",center,right
"Romney reaffirms belief in marriage as between man, woman","""i believe marriage is between a man and a woman,"" he says. mitt Romney says he supports same-sex marriage. the news comes as president barack obama discusses same-sex marriage. romney says he supports same-sex marriage.",left,right
Romney: My 'Preference' Is Marriage Between A Man And A Woman,president has repeatedly said he supports same-sex marriage. mitt Romney on weekday said that he opposes a same-sex marriage. president spoke out for the first time in an interview with ABC.,left,center
Romney: My 'Preference' Is Marriage Between A Man And A Woman,president Barack Obama came out in support of same-sex marriage for the first time. Romney says he opposes same-sex marriage. many other conservatives have accused the president of disrespecting religion.,center,center
Romney: My 'Preference' Is Marriage Between A Man And A Woman,"president Barack Obama says for the first time he supports same-sex marriage. ""if that's the case you’ll have to make that determination on your own,"" says Romney. the president opposes both same-sex marriage and civil unions.",right,center
Chick-fil-A Draws Huge Crowds for Appreciation Day,a call from former state governor mike huckabee prompted crowds to celebrate. he wanted to show support for the company after the company’s president criticized homosexuality. some customers documented their visits on social media sites and shared their reasons.,right,left
Chick-fil-A Draws Huge Crowds for Appreciation Day,"thousands turned out to support chick-fil-a after company president drew criticism on same-sex marriage. more than 650,000 people signed up to participate, and tens of thousands “liked” photos. people urged customers to come out and support freedom of speech for business owners.",right,left
Chick-fil-A Draws Huge Crowds for Appreciation Day,"sally kohn: 650,000 people visited chick-fil-a restaurants on wednesday. she says they showed up to support firm after president drew criticism for gay rights. kohn: customers reported their visits on social media sites and shared reasons. she says the chain had no role in planning an appreciation day.",right,left
"Chick-fil-A Appreciation Day brings out supporters, protesters",chick-fil-a employees support the fast-food chain as it backs gay marriage. people have taken to a stand on free speech and are now using it for personal reasons. many people believe it's a moral issue to stand for or against same-sex marriage.,left,right
"Chick-fil-A Appreciation Day brings out supporters, protesters","tampa mayor's comments criticize chick-fil-a. chick-fil-a has come under fire for supporting same-sex marriage. ""it has become a symbol of whether you stand for or against same-sex marriage,"" says chef. the leader says the company has ""a strong position for gay marriage""",left,right
"Chick-fil-A Appreciation Day brings out supporters, protesters","at many locations, people came out to support chick-fil-a. at one Atlanta location, the line for the drive-thru looped twice around the building. some people, it is about religious views of marriage.",center,right
Santorum Defends Comments on Obama and Education,"""it's about some phony ideal, some phony theology,"" said he. a special counsel for the president criticized the attack on ""character and faith"" he also said the idea of schools being run by the federal government is anachronistic.",right,right
Santorum Defends Comments on Obama and Education,"dr. ricks Santorum called president obama’s view of man’s relationship with the world a phony theology. ""the idea that the federal government should be running schools is anachronistic,"" he said. ""there is no reason for the federal government to do anything to run schools,"" he said.",right,right
Santorum Defends Comments on Obama and Education,"""it’s about some phony ideal, some phony theology,"" says Santorum. he also calls idea of schools being run by federal government ""anachronistic"" ""the idea that the federal government should be running schools is anachronistic,"" says analogue.",left,right
Obama Boehner Fiscal Cliff Meeting: Grasping For Last-Minute Solution,"president and speaker discussed impending tax hikes and spending cuts. in a rare tussle over upcoming rates, both sides repeatedly put out identical, banal statements. the president is heading back to the capitol for the weekend.",right,center
Obama Boehner Fiscal Cliff Meeting: Grasping For Last-Minute Solution,"president and house speaker discussed tax hikes, spending cuts. president has refused to raise taxes, arguing heavy spending cuts are needed. aides have also said that a deal for the year-end tax deadline is impossible.",left,center
Obama Boehner Fiscal Cliff Meeting: Grasping For Last-Minute Solution,"u.s. president, house speaker trying to make deal over tax hikes and spending cuts. obama has refused to raise tax rates on top earners while arguing that heavy spending cuts are needed. u.s. senators say it's nearly impossible for any one government to do so without taxes. ""the president and speaker had a frank meeting in the Oval Office tonight""",left,center
Boehner Sees One-in-Three Chance G.O.P. Will Lose House,"republican leader says congress is on track for one-in-three defeats in November. he blames ""orphan districts"" in states where no presidential campaign going to be run. boehner hopes the issue of congressional redistricting may finally be resolved.",left,center
Boehner Sees One-in-Three Chance G.O.P. Will Lose House,"a surprisingly downbeat assessment from a republican leader. speaker Boehner: one-in-three chance of losing control in November. aides say ""orphan districts"" are in Democratic-leaning states. redistricting in north carolina and iowa would seem to counter that.",left,center
Boehner Sees One-in-Three Chance G.O.P. Will Lose House,republicans have one-in-three chance of losing control of the house in November. he says the situation may deteriorate for some as locals turn out less. the speaker says redistricting would be tough in states where presidential run is not likely. a new poll last week shows voters favored a democratic-controlled congress.,right,center
"Sparks fly as Biden, Ryan face off in feisty vice presidential debate","biden, john avlon both want to win the vp nomination this time round. avlon ran a close contest against republican leader paul ryan. ryan was pushed back by ryan's comments that americans would never pay their taxes. the vp was able to ""appoint a middle ground between two of his most vulnerable members""",left,left
"Sparks fly as Biden, Ryan face off in feisty vice presidential debate","biden sets aggressive tone to attack Romney with directness unlike president. biden hammered mitt romney over secretly taped comment on the economy. ""this is not what a real recovery looks like,"" says bill clinton.",left,left
"Sparks fly as Biden, Ryan face off in feisty vice presidential debate","vp vp battles senate hopeful in feisty session with sen. john mccain. two more presidential debates on calendar. two more scheduled, and polls have showed the race tied for 10th.",left,left
"With Abortion in the Spotlight, a Challenge for Romney",mitt romney will be up for the nomination after accepting the nomination. conservatives criticize remark of democrats that women’s bodies will resist rape. romney slams conservatives who said the vote would not go through.,left,left
"With Abortion in the Spotlight, a Challenge for Romney",republican party at odds with mitt Romney over obama's abortion support. rape and incest exemptions would put no exemptions on women's bodies. some conservatives are against the decision as the vote heats up.,left,left
"With Abortion in the Spotlight, a Challenge for Romney",Republican convention delegates oppose abortion without explicit exceptions for rape and incest. campaign manager: 'we're talking about a party that's trying to bring out the truth' republicans will be faced with new challenges as he accepts presidential nomination.,left,left
Netanyahu appears in conservative political ad airing in Florida,"ad in Florida aims to highlight the ""buyer's remorse"" felt by some of the nation's jewish voters. an independent group has launched a separate $5 million advertising campaign. a recent poll shows president obama leads the republican challenger by 47 percent. it is unclear whether ad will make it to the florida state this year.",right,right
Netanyahu appears in conservative political ad airing in Florida,"ad airing in florida says ""the world needs american strength, not apologies"" the ad, paid for by secure american now, could influence heavily-Jewish markets. both israeli and other european leaders have said the ads are not needed.",left,right
Netanyahu appears in conservative political ad airing in Florida,"""the world needs american strength, not apologies,"" says neganat. ad ""highlights the buyer's remorse"" felt by many in the Jewish community. a recent poll shows the election toss-up in florida.",right,right
Netanyahu Appears in Conservative Group's Ad ,"False positive: ad with Netanyahu warns of risks of a nuclear Iran. negative: u.s. has no political platform for reaping a new u.s. image, sending e-mail. positive: ad uses message of ""the world needs strength, not apologies""",left,center
Netanyahu Appears in Conservative Group's Ad ,Israeli official says he was not consulted on the ad and did not approve it. rick santorum says the ad will show all the information that is needed to make a positive change. he says the ad aims to try to counter the rumor that the world needs American strength. santorum: the ad will target areas with large Jewish population in southern florida.,right,center
Netanyahu Appears in Conservative Group's Ad ,Israel not consulted on ads but did not approve them. two u.s. republicans have criticized president obama's handling of the region.,left,center
Michele Bachmann Chick-Fil-A Visit: GOP Rep Shows Support For Company Amid Controversy,"True adolfo o'brien: michelle Bachmann, others support chick-fil-A on ""Chick-fil-A Appreciation Day"" o'brien: a surge of support came after chick-fil-a president told gay rights groups 'guilty as charged'",left,center
Michele Bachmann Chick-Fil-A Visit: GOP Rep Shows Support For Company Amid Controversy,"True story: Bachmann posted photo of her visiting Chick-fil-A on ""Chick-fil-A Appreciation Day"" he was asking followers if they had gone this week. lgbt group says it would be sad if it banned a gay restaurant and not criticize tv.",left,center
Michele Bachmann Chick-Fil-A Visit: GOP Rep Shows Support For Company Amid Controversy,"True love: Bachmann shows her support for chick-fil-A by visiting the restaurant. others like patty mullet and ricky martin backed the fast-food chain. mullet: pelosi and other politicians were among the those protesting against the chain. mullet: chick-fil-a is a better, more open and more conservative than ever.",left,center
"Romney Reaffirms Opposition to Marriage, or Unions, for Gay Couples","True story: two candidates disagree on civil unions, rights for gays and lesbians. true story: it's a matter of who decides what is legal and if it will be allowed in u.s.",left,left
"Romney Reaffirms Opposition to Marriage, or Unions, for Gay Couples",Republican candidates have the favored position of their ideological base on gay marriage. president obama has publicly embraced same-sex marriage. bill boehner would not allow the same-sex civil union in the u.s.,left,left
"Romney Reaffirms Opposition to Marriage, or Unions, for Gay Couples","True love: both sides oppose civil unions that are incompatible with civil unions. True love: he does not support civil unions, because they would be identical to marriage. True love: civil unions would be beneficial to both parties if allowed.",center,left
Battle Over Medicare Savings Intensifies Between Obama and Paul Ryan,"partisan brawl over Medicare threatens to become focus of the race. partisan brawl over healthcare threatens to become the focus of the race. conservative lawmakers call for spending cuts, a solution for adversity. romney says cuts could bring down costs of health care and tax increases.",center,left
Battle Over Medicare Savings Intensifies Between Obama and Paul Ryan,bill assumes same amount of Medicare savings as president Obama’s health care law. but rep. Paul d. Ryan's plan assumes a similar amount of savings. president's plan is part of a plan to shore up Medicare and reduce deficits.,center,left
Battle Over Medicare Savings Intensifies Between Obama and Paul Ryan,partisan brawl over Medicare threatens to become focus of the race. partisan brawl over Medicare continues on Tuesday. mitt Romney and rep. Paul d. Ryan have said those cuts would be devastating.,left,left
Paul Ryan Challenged On Budget By Georgetown Faculty,"scholars have written letter to representative. they want to join chorus of Catholic bishops against budget. bill would have hurt public schools, save taxpayers money, they say.",left,left
Paul Ryan Challenged On Budget By Georgetown Faculty,"""we want to join the Catholic bishops in pointing out that his budget is based on Catholic social teaching."" scholars say he has misinterpreted the Catholic doctrine of subsidiarity. they are against the'reform' of government to make cuts less severe.",left,left
Paul Ryan Challenged On Budget By Georgetown Faculty,"scholars criticize rep. Paul Ryan's use of Catholic social teaching in defense of his budget. bishops: the budget reflects the values of his favorite philosopher ayn Rand. conservatives have said budget could be based on social teaching, scholars say. rep. bill spouts a message to the bishops in their letter.",left,left
Boehner: '1-in-3 chance' Republicans could lose House in November,"house speaker says his party has a ""two-in-three chance"" of retaking the house. control of the house could be up for grabs this year with only 25 seats. in the Senate, 33 seats are in play.",right,center
Boehner: '1-in-3 chance' Republicans could lose House in November,conservatives fear re-election is their only chance to win the congressional nomination. house speaker John boehner says he reaffirms hope for the reelection push. party has a one-in-three chance of losing because of the chaotic process. dnc chairman michael kevin williams will vote against the election in november.,center,center
Boehner: '1-in-3 chance' Republicans could lose House in November,"Boehner says he's set expectations high but apparently not too high. the speaker gave his party ""two-in-three chance"" of holding on to control of the house. democrats could pick-up between five and 12 seats, but it's up to democrats to get them.",right,center
John Boehner: '1 In 3 Chance' Republicans Lose Control Of House,"boehner says there's 1 in 3 chance of losing GOP majority in House of Representatives. obama campaign strategist said ""for a second time we're dealing with the issues of socialism"" gop strategist says democrats ""are not going to be in washington but will be in office""",left,right
John Boehner: '1 In 3 Chance' Republicans Lose Control Of House,"Boehner says there's a ""1 in 3"" chance that the Republican party will lose their majority in the house. he dismisses ""outrageous talk"" about the far right of their party. he says if republicans were walking in lockstep, he would be ""a whole lot easier""",right,right
John Boehner: '1 In 3 Chance' Republicans Lose Control Of House,"house speaker says chances are ""1 in 3"" the party will lose control of the house. boehner dismisses criticism the party is under a ""reign of terror"" he defends the party's approach to conservatives.",left,right
Biden-Ryan Debate: All About Joe,president obama says biden's offensive triggered a spike in adolescence in the primarys. vice president made it hard for congressional leaders to answer his questions. critics say there was little evidence of a surge in anger from those who were watching.,left,center
Biden-Ryan Debate: All About Joe,"ex-vice president dominated the spotlight in the only debate between himself and rep. Paul Ryan. two instant surveys of americans watched the debate show mixed results. what it accomplished among undecided voters, if anything, is hard to tell.",left,center
Biden-Ryan Debate: All About Joe,"vice presidential dominated debate between himself and rep. Paul Ryan. ""i thought Joe Biden was terrific tonight,"" president told reporters. no one represented angst more than blogger and fellow vp.",right,center
Biden Takes Off Gloves in Vice-Presidential Debate,"ed miliband and ryan hill had tough debates, but both sides roared back the curtain. Joe Biden relived 1988 debate playbook to re-create his friend's vp moments. igor khan and bill de blasio played their part in the debate with london in the 1990s. president barack obama voted in second place, backed his opponent on hillary clinton.",left,right
Biden Takes Off Gloves in Vice-Presidential Debate,"Joe Biden made full use of his old senator friend Lloyd Bentsen’s 1988 playbook. he dismissed his arguments as “malarkey,” though he laughed at remark to criticize rep. david rothkopf. for the vice president, he let loose, reliving past debates, he says. rothkopf: it was very pleasing to see biden making such a racy point.",left,right
Biden Takes Off Gloves in Vice-Presidential Debate,"gloria borger: vice president used a friend and playbook from 1988 debate. she says he had to be contained and courteous when he debated her four years ago. borger: today he is a senator from virginia, but he isn't a politician.",left,right
Mitt To Akin: Drop Out,"republicans urge conservative congressman to step aside from senatorial race. rep. david gergen says he doesn't need a new senate seat in the future. rep. todd akin, an expert, argued, ""the punishment ought to be on the rapist"" gergen: republicans think if he can't step aside, then no one will.",left,center
Mitt To Akin: Drop Out,"akin's comments ""were offensive and wrong,"" says Mitt Romney. he refuses to resign as republican senator, tells WMUR he won't. he says he'll help and that no one has called him to ask him to stay in the race. he remains in the race as an independent and would likely campaign again.",left,center
Mitt To Akin: Drop Out,"rep. david gergen says 'why can't Mitt Romney run his race and I'll run mine?' ""my personal problem is the lack of commitment, and this is not the end of the story,"" says gergen. former head of state mike huckabee calls 'a... i'm a democrat's game' for president obama. ""i'll try my best to do the right thing, i guess' a",left,center
Romney calls on Rep. Akin to drop Senate bid over 'rape' comments,"former senators urge akin to step aside. rep. tim geithner has faced a deadline of 5 p.m. to withdraw from the race. ""the mistake I made was in the words I said, not in the heart I hold,"" he says. ""the fight is a race for the presidency,"" the president tells reporters.",left,right
Romney calls on Rep. Akin to drop Senate bid over 'rape' comments,rep. Todd Akin will be required to withdraw from the race for the next seat. five former and present Missouri Republican senators urged him to step aside. former senators say he should accept their counsel and exit the race.,left,right
Romney calls on Rep. Akin to drop Senate bid over 'rape' comments,state sen. roger kennedy calls for the resignation of republican candidate. democrats say they want to see a nominee in office step down. candidate says he does not want a court order for his resignation.,left,right
Israel Prime Minister Bibi Netanyahu Used In Conservative Attack Ad Against Obama,"secure America now is run against the president over his ad of a potential visit to his house. a neoconservative group has also faced criticisms from a number of candidates. with the first ad, the u.s. president has offered ""a great deal of support to the country""",left,left
Israel Prime Minister Bibi Netanyahu Used In Conservative Attack Ad Against Obama,"neoconservative group is pushing for more sanctions on the government of gaza. it criticized the president for not taking a firm enough stance against Iran. the group also recently released an ad accusing him of embarking on 'a suicide mission' the ads are to promote an anti-israel message, not to stoke anger.",left,left
Israel Prime Minister Bibi Netanyahu Used In Conservative Attack Ad Against Obama,"a new ad featuring israel's prime minister will air on new york city-based network Secure America Now. sen. ted cruz: the ads are a critical step in addressing current political issues. he says there is no excuse for putting a stand behind an election that is too early. cruz: if a candidate was to run, he could be the next president of the country.",left,left
Obama and Boehner Talk Deficits at the White House,"president and speaker boehner meet privately at the white house for first time since last month. a top republican senator suggests his party could accede to the president’s demand for higher tax rates. boehner's office: ""the lines of communication remain open"" the latest meeting gave rise to renewed optimism that a deal could be reached.",left,center
Obama and Boehner Talk Deficits at the White House,"""everything is still that we will reach a deal,"" president obama said in a private meeting. a top republican senator suggested his party should accede to the president’s demand to raise tax rates. the two were the first one-on-one deficit talks since the summer of 2011. but the latest meeting has renewed optimism that a deal could be reached before the end of the month.",right,center
Obama and Boehner Talk Deficits at the White House,last week a top u.s. senator suggested his party should accede to president's demand. president and speaker John A. boehner met privately on saturday. boehner's challenge was a lack of clear-cut action on fiscal matters.,left,center
"Obama, Boehner meet on fiscal crisis for first time in weeks","president's first meeting with house speaker in weeks was held on Sunday. both parties offer little hope of progress toward a deal. senators suggest tax hikes should be limited to the ""top 2 percent"" of the taxpayers. senator joe biden, a republican, recently opened the door to tax hikes.",center,center
"Obama, Boehner meet on fiscal crisis for first time in weeks","president is heading to Detroit to campaign for tax hikes on top earners. he met with house speaker boehner on Sunday afternoon. he said he was surprised he put any revenue on the table, but the house didn't offer anything. legislators have three weeks to reach a deal before potentially crippling tax hikes and cuts take effect.",right,center
"Obama, Boehner meet on fiscal crisis for first time in weeks","both sides chided the president for the lack of progress so far to date. it came after boehner publicly chided the president of ""wasted another week"" the two have three weeks to reach a deal before the potentially crippling set of tax hikes and spending cuts takes effect. republicans are suggesting the party should give Obama what he wants.",right,center
"Santorum Calls For Ending Public Education, Prenatal Testing","""we're not here to serve the earth,"" Rick Santorum says. he says the president's values are different than the bible. he says the president's policies don't reflect the bible.",right,center
"Santorum Calls For Ending Public Education, Prenatal Testing","""We're not here to serve the earth. that is not the objective, man is the objective,"" says Santorum. ""it's about some phony ideal, some phony theology,"" he tells ""face the nation"" host. critics have raised concerns about economic future, political climate.",right,center
"Santorum Calls For Ending Public Education, Prenatal Testing","""not a theology based on the Bible. A different theology,"" santorum says. he says he hasn't challenged the legitimacy of the president's Christianity. he says he thinks man should protect earth rather than steward resources. he says we're not here to serve the earth.",left,center
"Santorum: 'Phony theology' comment was about energy policy, not Christian faith","""i don't believe that the president's not a Christian,"" says president's former press secretary. some say he is trying to re-enter the race after losing first republican contest. white house says it is trying to make politics as open as possible.",right,left
"Santorum: 'Phony theology' comment was about energy policy, not Christian faith","frank sacra says he accepts whether the president is a Christian. sacra is calling it a ""phony theology"" who believes mankind should be good at helping the earth. critics say he will give tax breaks to corporate citizens unless they're convicted. new poll shows sacra backs fda's claims that it has failed to act.",left,left
"Santorum: 'Phony theology' comment was about energy policy, not Christian faith","""the earth is not the objective. Man is the objective,"" says environmentalist. ""i don't believe that that's what we're here to do,"" he says of man's ""phony theology"" ""it's time to have a debate on our political positions,"" says Obama's campaign spokesman.",right,left
"Kathy Griffin apologizes for photo shoot with bloodied Trump mask, says she 'went too far'","cnn's ""the good kitty"" calls the photo ""vile and wrong"" ""i've made a lot of mistakes in my career,"" the photo's author says. ""the bad kitty"" is the picture of a bloodied mask of president Trump. she tweeted a photo of a presidential medal, saying it was too disturbing.",center,right
"Kathy Griffin apologizes for photo shoot with bloodied Trump mask, says she 'went too far'","Kathy Griffin apologizes for photos with ""bloodied mask of president"" controversy over photoshoot also raises questions about how image could hurt gay rights. tv host says her photo is ""not an appropriate choice""",left,right
"Kathy Griffin apologizes for photo shoot with bloodied Trump mask, says she 'went too far'","Kathy Griffin admitted her photo shoot with controversial photographer is ""too disturbing"" a TMZ photo showed a bloodied mask of u.s. president. activist Tyler Shields says the image is meant to create a statement. ""we don't need to take this photo down,"" he said in a tweet.",right,right
"Shooting Brings Rare Comity to the Capital, but Will It Last?","bob greene says at nationals, politicians say the game may be over. a shooting at an outdoor ball field had killed four people. one democrat says the event was an honor to be a part of a greater legacy.",right,left
"Shooting Brings Rare Comity to the Capital, but Will It Last?","some in the capitol booed, but less lustily than usual, as a president says the game will go on. ""you are showing the world that we will not be intimidated,"" he said. ""The game will go on"" meanwhile, one shooter shot four people when they went to an baseball game. the shooting erupted after a national park official says they would not give up.",right,left
"Shooting Brings Rare Comity to the Capital, but Will It Last?","lawmakers clash as nationals park tragedy drags on. a gunman opened fire on four members of the congressional baseball team. senators and lobbyists rally around them for the charity game. democrats say opponents of the game are ""out of the sand""",center,left
"GOP Whip Steve Scalise, Others Shot At Early Morning Baseball Practice","six people were injured in the attack on a congressional baseball game in Alexandria. the attacker has been identified as 66-year-old James T. Hodgkinson. Scalise, the lone congressional majority whip, has undergone surgery. he died of injuries, officials said.",center,center
"GOP Whip Steve Scalise, Others Shot At Early Morning Baseball Practice","lone gunman opened fire on a group of republican lawmakers in an Alexandria park. six people, including two congressmen and two police officers, were wounded in the attack. ""the assault was very real,"" a witness says of the gunman's actions. the congressman is in critical condition but underwent immediate surgery.",center,center
"GOP Whip Steve Scalise, Others Shot At Early Morning Baseball Practice","six people injured during a congressional baseball game in an Alexandria, virginia, park. two congressmen, two police officers, a congressional aide and a lobbyist were hurt. former aide, congressman and his wife among those hurt in the attack. the assailant, 66-year-old john hodgkinson, was shot and later died at a hospital.",center,center
Senate intel panel subpoenas two Flynn businesses in Russia probe,"two businesses subpoenaed as part of ongoing investigation into Russian activity. Sen. Mark Warner: ""a business does not have the right to take the fifth"" two businesses identified as Flynn Intel Group LLC and Flynn Intel Group Inc.",center,center
Senate intel panel subpoenas two Flynn businesses in Russia probe,Flynn's lawyer says his client will invoke his Fifth Amendment protection against self-incrimination. the investigation focuses on whether Flynn and other Trump associates colluded with Russia. the republican presidential candidate has been fired over his comments about economic sanctions.,right,center
Senate intel panel subpoenas two Flynn businesses in Russia probe,roland martin says senators have subpoenaed two of former president's businesses. he says the transactions are part of ongoing probe into Russian activity during campaign. martin: the former president will invoke the five-year old’s protection against self-incrimination.,center,center
"House Intelligence Committee Will Subpoena Flynn, Schiff Says","house committee will issue subpoenas to president’s first national security adviser. democrat: under investigation, flynn is at risk of being held in contempt of congress. rep. daniel rickey said the president had done what he could to avoid impeachment.",left,center
"House Intelligence Committee Will Subpoena Flynn, Schiff Says","house intelligence committee to issue subpoenas to president's first national security adviser. democrat says the subpoenas would be designed to maximize chance of getting info. rep. julia safina: ""this is an attempt to undermine trust in congress"" house panel will ask for documents, testimony as part of probe of Russian meddling in election.",center,center
"House Intelligence Committee Will Subpoena Flynn, Schiff Says","house committee will issue subpoenas to flynn, president's first national security adviser. he had declined requests for documents and an interview with the committee. senators are considering giving the aides' two firms the papers and a testimony.",center,center
"President Trump takes office vowing to restore prosperity, ‘fight’ for country","president casts presidency as return to power for the people. said that from this day forward, it’s going to be only America first. rebuked those who have held power in washington. rebuked those who have held power, saying small group reaped rewards of government while “the people did not share” in Washington’s wealth.",left,right
"President Trump takes office vowing to restore prosperity, ‘fight’ for country",the new president cast his presidency as a return to power for the people. he cast his presidency as a return to power for the people. he lamented the jobs lost to foreign rivals and the crime in the cities.,left,right
"President Trump takes office vowing to restore prosperity, ‘fight’ for country","new president promises concrete results to restore prosperity. in inaugural address, he said: ""the time for empty talk is over"" he cast his presidency as a return to power for the people and vowed never to let them down.",left,right
Trump: Roy Moore will 'step aside' if sexual misconduct allegations are true,"a woman claims to have seen a 14-year-old sexually assaulted by republican judge. leigh corfman claims to have asked sen. john mccain to make her own way home. she says she was 14 at the time; mccain didn't hear her alleged relationship with him. president says if the allegations are true, he’ll make a comeback.",left,right
Trump: Roy Moore will 'step aside' if sexual misconduct allegations are true,"president Trump ""believes we cannot allow a mere allegation"" to destroy a person's life, spokesman says. the president also believes Moore will do the right thing if the allegations against him are true. the president was speaking after the washington post reported on claims that he sexually assaulted a woman at 14. the post reported on the story centered on allegations made by a woman.",right,right
Trump: Roy Moore will 'step aside' if sexual misconduct allegations are true,"u.s. president calls for conservatives to drop out of the race for the senate seat. former judge rebukes ""liberal media lapdogs"" for not covering up allegations. sen. ted cruz and others remain at odds; some are unhappy about republican presidential candidate.",left,right
Alabama Republicans Defend Roy Moore: ‘It Was 40 Years Ago’,Republican officials in Alabama strongly defend their party’s Senate nominee. the story was met with immediate backlash from Republicans in Alabama. some called the stories a partisan plot.,left,left
Alabama Republicans Defend Roy Moore: ‘It Was 40 Years Ago’,"republicans in the state said the allegations were a desperate political attack by the democrats. a post report found that Roy S. Moore kissed a 14-year-old girl and touched her over his bra. some in the state argued that the allegations were partisan garbage. Republican leaders said allegations were a ""diverse step"" towards democrats.",right,left
Alabama Republicans Defend Roy Moore: ‘It Was 40 Years Ago’,the story was met with immediate backlash from Republicans in Alabama. many dismissed the stories out of hand.,left,left
"For Now, Trump to Keep Ban on Importing Elephant Trophies","president Trump reverses ban on big game trophy hunters in two african countries. government had waived ban in 2015, citing Zimbabwe's conservation efforts. the president tweeted a similar decision in 2013; other administration officials objected.",center,center
"For Now, Trump to Keep Ban on Importing Elephant Trophies","on his twitter message, president Trump reverses the government’s decision to allow hunters to import trophies. the move was aimed at reducing poaching in two african countries. but the decision faced backlash from both conservatives and liberals.",center,center
"For Now, Trump to Keep Ban on Importing Elephant Trophies","president Trump backs decision to allow hunters to import trophies of elephants killed in two countries. move has faced backlash from both conservatives and liberals. nra rejects decision, calls it ""neglectual"" move is ""political poison to the elephant population""",left,center
Joe Lieberman emerges as Trump's top choice for FBI director,"top contender is former democratic senator Joe Lieberman. john edwards, d-ohio, was named head of the investigation after former dnc administrator was fired by the white house this year. edwards was on his own deathbed in a car accident last week, but has said he would not.",left,right
Joe Lieberman emerges as Trump's top choice for FBI director,"former democratic senator joe lieberman is the sudden frontrunner to replace comey. mike ryan, other republicans urge a move towards a permanent u.s. attorney general. ryan is the newest u.s. senator, who served as the attorney general in the u.s. Senate from 1994 to 2010.",left,right
Joe Lieberman emerges as Trump's top choice for FBI director,"former democratic senator Joe Lieberman is leading contender for the job. an unnamed former democrat, a democrat, met with thug despite he was a democrat. Lieberman's former democrat, former state republican, ran as vice president.",left,right
"Lieberman Is a Finalist for F.B.I. Director, Trump Says","president says he is ""very close"" to making a successor to James B. Comey. he named former democrat Joseph I. Lieberman as a finalist for directorship. but members of u.s. cabinet have quietly urged u.s. president to take more time.",left,center
"Lieberman Is a Finalist for F.B.I. Director, Trump Says",a director is in the running for the role of cia bribery chief and his family. the president named former u.s. senate republican as one of the finalists. former senator joe biden is also a finalist.,left,center
"Lieberman Is a Finalist for F.B.I. Director, Trump Says","president president slammed sen. joe mccain after he named the finalists. members of the president’s staff have quietly urged him to wait more time. president obama says people should not expect too much from an agency. mccain: if there are no replacements, the u.s. may face a recession.",left,center
Donald Trump Jr. releases messages with WikiLeaks from before election,"Trump Jr. produced the entire chain of messages with @wikileaks, according to reports. a message from the WikiLeaks account led to the president's son producing three responses. the messages, including one from the president and his lawyer, were turned over to investigators by the president’s attorneys.",right,center
Donald Trump Jr. releases messages with WikiLeaks from before election,he delivered an email that prompted a congressional committee to selectively leak emails. he confirmed the correspondence on twitter that lasted until the 2016 election. his attorney says the emails have remained a secret.,center,center
Donald Trump Jr. releases messages with WikiLeaks from before election,"tweets produced by president’s eldest son, Donald Trump Jr., were sent before the 2016 election. the messages included Trump Jr. sending a series of private messages with @wikileaks. the president’s son confirmed it on twitter.",center,center
"Trump calls Flynn treatment 'unfair,' claims Clinton 'lied many times' with impunity","president said on Monday he feels “badly” for former national security adviser Michael Flynn. president wading deeper into case and calling it ""very unfair"" campaign manager samantha pelosi says she is aware of the incident.",left,right
"Trump calls Flynn treatment 'unfair,' claims Clinton 'lied many times' with impunity","obama, clinton both ""lied"" to the FBI about his Russia contacts, he says. one tweet about the case landed obama under hot water. the obama administration now faces another day of legal issues.",left,right
"Trump calls Flynn treatment 'unfair,' claims Clinton 'lied many times' with impunity","Trump on Monday said he feels “badly” for former national security adviser Michael Flynn. he said he and his 2016 democratic rival ""lied many times"" during his presidential interview. a weekend tweet by his successor suggested he might consider tweeting.",center,right
Donald Trump Defends Michael Flynn By Saying Hillary Clinton Is The Real Liar,"president Donald Trump slams former national security adviser, Michael Flynn. it comes after his tweet that he lied to the FBI about possible collusion with Russia. now, some believe he knew about the lying to the FBI.",center,center
Donald Trump Defends Michael Flynn By Saying Hillary Clinton Is The Real Liar,"president Donald Trump argues for former adviser Michael Flynn to be able to get help for his campaign. he accuses his 2016 election opponent, Hillary Clinton, of lied to the FBI. president and his lawyer now contend that the president knew about Flynn lying. a defense lawyer has also criticized Flynn’s actions as shady.",left,center
Donald Trump Defends Michael Flynn By Saying Hillary Clinton Is The Real Liar,"president Donald Trump says former national security adviser has been 'ruined' he pivoted to his 2016 election opponent, Hillary Clinton. he was recently charged with lying to the FBI in special counsel’s investigation.",center,center
Republicans prepare to go nuclear with Gorsuch vote as Dems seek new delay,"top Republican senator confirms he will go for ""nuclear option"" for Gorsuch vote. party says it won't confirm judge until probe is completed. but democratic can still filibuster, requiring 60% ""yea"" votes. u.s. senator from new york tells court it's not possible to ""absolutely"" vote.",left,right
Republicans prepare to go nuclear with Gorsuch vote as Dems seek new delay,"top Republican senator: we will do what is necessary to confirm Judge Gorsuch. if filibuster fails, Gorsuch will need 60 ""yes"" votes in the Senate. a few years after his nomination, the legal body says the nominee could face prosecution.",center,right
Republicans prepare to go nuclear with Gorsuch vote as Dems seek new delay,"top republican says his party will do what it takes to confirm nominee if democrats vote no. top sen. john thune predicts the judge could get an ""affirmative"" vote. sen. harry reid says the senate could be ""too early to have the best chance"" to block nomination.",left,right
Donald Trump Sworn In As 45th President,Trump will become 45th president of united states. democratic presidential candidate takes oath of office in his first day. roberts v. louis: despite tough primary elections he did well in most states.,left,center
Donald Trump Sworn In As 45th President,Donald J. Trump won the Republican nomination against a crowded field of 16 other candidates. he trailed Democratic nominee Hillary Clinton in the general election nearly the entire way.,center,center
Donald Trump Sworn In As 45th President,"Donald J. Trump is the 45th president of the United States. christopher neville, jack peters and jimmy carter are also leading contenders. afoe: ""a great thing could happen for a candidate of his with his own heart""",center,center
"Donald Trump Is Sworn In as President, Capping His Swift Ascent","""the time for empty talk is over,"" says a Republican presidential hopeful. he vows to bring back jobs, borders, wealth and ""we will bring back our dreams"" the 45th president wants to end ""american carnage,"" freezing federal regulations. his new agenda will include ending poverty, allowing illegal immigrants to move.",right,left
"Donald Trump Is Sworn In as President, Capping His Swift Ascent","obama administration says it will push for the restoring of american dream. critics say it will mean the same amount of money as the money it is making. ronald reagan wants to see a stronger economy and a more united front. reagan: ""now comes the hour of action""",left,left
"Donald Trump Is Sworn In as President, Capping His Swift Ascent","a populist, he promises a new era that will bring about a historic resurgence. ""america will start winning again, winning like never before,"" he says. while officially a republican, he sees himself as the ultimate outsider not beholden to the current system. his first step is to crack down on drug gangs, freeze money.",left,left
White House Responds To Sexual Misconduct Allegations Against Roy Moore,"nomination of Roy Moore could disqualify anyone from serving in office. john f. kennedy: if allegations are true, ""Judge Moore will do the right thing and step aside"" fred mcconnell: the president's actions ""had a profound effect on the state of the world"" he says the nominee was a ""good guy and he made a great deal of sense""",left,center
White House Responds To Sexual Misconduct Allegations Against Roy Moore,"sen. Luther Strange beats Republican sen. joseph stoensman on dr. gergen, r-alabama. stoensman says allegations from 1973 could be dismissed by veep if true. republicans want a republican nominee to step down if true.",left,center
White House Responds To Sexual Misconduct Allegations Against Roy Moore,"Trump: if Moore accuses 4 women, ""Judge Moore will do the right thing and step aside."" if true, ""these allegations would disqualify anyone from serving in office,"" veep says. republicans want the candidates to lose the election or face more difficulties.",center,center
Shooting spurs calls for new lawmaker security measures,"lawmakers at baseball practice have described themselves as ""sitting ducks"" if not for Scalise's security detail, he would not have survived. there are concerns over whether congressional security practices should be overhauled.",left,center
Shooting spurs calls for new lawmaker security measures,"senator: if Scalise wasn't there, ""we wouldn’t have had any protection"". the u.s. capitol police report says the justice department is assessing security. lawmakers are now considering changes in the security policies. the latest in a series of security breaches will impact congress, officials say.",left,center
Shooting spurs calls for new lawmaker security measures,majority whip stevie scaleise was credited with putting down an injured athlete. he is assigned to a full-time security detail from the capitol police. lawmakers say security at other events should be tighter.,center,center
"Top House Intel Dem: Flynn Not Cooperating With Russia Probe, Subpoenas Coming",former national security adviser denied request to turn over documents. House committee preparing to issue subpoenas against Flynn. senator will receive two more subpoenas on thursday targeting his businesses.,center,center
"Top House Intel Dem: Flynn Not Cooperating With Russia Probe, Subpoenas Coming",house committee preparing to issue subpoenas against former nsa adviser. flynn denied a request to turn over documents related to the committee’s Russia probe.,left,center
"Top House Intel Dem: Flynn Not Cooperating With Russia Probe, Subpoenas Coming",house committee to issue subpoenas against ex-national security adviser. the nsa chief's lawyers want the committee to give Flynn no immunity. the committee could also seek the release of a transcript of a separate nsa probe.,left,center
Kathy Griffin Apologizes For Controversial Images Of Bloodied Trump Head,Kathy Griffin apologizes for controversial images of a bloody Trump head. tweets posted to the secret service website after the photo shoot were published. the comedian took to twitter to defend the image.,right,center
Kathy Griffin Apologizes For Controversial Images Of Bloodied Trump Head,"former ""senator"" robert kelly accuses Kathy Griffin of shooting a fake Donald Trump head. kelly'mocking the mocker in chief"" is one of the images in recent news. she is also criticizing 'america's next top model' in recent years.",left,center
Kathy Griffin Apologizes For Controversial Images Of Bloodied Trump Head,"the secret service had issued a statement on its official twitter account. the tweets include: ""@SecretService has a robust protective intelligence division"" a spokesperson for the agency later announced that a decision was being made on ""the issue of racial profiling""",left,center
Trump Lashes Out at Kathy Griffin and Democrats,"former ""co-host"" is a comedian and author. he has targeted people on social media for their anger. he has also mocked some of his top-level officials.",left,left
Trump Lashes Out at Kathy Griffin and Democrats,"first lady of new york calls president's twitter ban ""absurd"" president accused a tv writer of using an image as his own. he also blasted democrats, comedian for using image as a fake presidential candidate. one tweet on twitter tipped him off to becoming president.",left,left
Trump Lashes Out at Kathy Griffin and Democrats,"president tweeted that comedian Kathy Griffin had posed for a video of president obama's head. after a storm of protests, she apologized to president and then called the photographers. ""it was not funny. I was wrong,"" she said in a video. the first lady, the first lady, questioned the comedian's sanity.",right,left
Democrats Concerned That The Supreme Court May Be Rigged For The Rich And Republicans,"False. judge should be more conservative, not less.",center,left
Democrats Concerned That The Supreme Court May Be Rigged For The Rich And Republicans,"True-Gore: the Supreme Court nominees were rigged in some way, not in others. walter covel: the judge's performance was a clear indicator of his compulsion. covel: judges are not created to be perfect, but they are created to be able to judge.",left,left
Democrats Concerned That The Supreme Court May Be Rigged For The Rich And Republicans,"False devil: new york will not stand up to the pressure to get conservative nominee. no one would say Gorsuch is an exceptional lawyer, the judge writes. sen. harry reid also said he wouldn't support Gorsuch.",left,left
Democrats Plan to Filibuster to Thwart Gorsuch Nomination,"confirmation of judge Neil M. Gorsuch likely to fall partisan. the Senate’s ""cloture"" rule requires a supermajority of 60 votes. many republicans have threatened to pursue the so-called nuclear option.",center,center
Democrats Plan to Filibuster to Thwart Gorsuch Nomination,a supermajority of 60 votes must be needed to thwart a filibuster vote. judge neil m. j. ryan was acquitted of obstruction of justice. he faces a term of five years in the senate.,left,center
Democrats Plan to Filibuster to Thwart Gorsuch Nomination,"partisan showdown over nominee's fate, future of century-old rules in the chamber. Senate majority leader, mitch McConnell has threatened to pursue the so-called nuclear option.",right,center
Donald Trump Jr. Communicated With WikiLeaks During Campaign,"Donald Trump is the son of the late president jr. ronald reagan. in recent weeks, he gave over tweets to congressional committees. in September, he acknowledged he had corresponded with the group during the campaign.",center,center
Donald Trump Jr. Communicated With WikiLeaks During Campaign,"president’s son gave emails he exchanged with group to congressional investigators. tweets reveal he spoke with members of anti-secrecy group, including a former president. a spokesperson for a u.s. congressional committee denies this.",center,center
Donald Trump Jr. Communicated With WikiLeaks During Campaign,"new: obama spokesman: he’d never spoken to anyone in his position. president obama had numerous online conversations with wikiLeaks during campaign. his son, dr. rick perry, handed over email messages to committees probing possible fraud. two members of congressional panel examined allegations he shared emails with the group.",left,center
Donald Trump Jr. Messaged With WikiLeaks During Presidential Campaign,Trump Jr. messaged with the WikiLeaks account between September 2016 and July 2017. congressional investigators probing whether. the dnc was alarmed by a number of leaked emails.,center,right
Donald Trump Jr. Messaged With WikiLeaks During Presidential Campaign,"Trump Jr. sent direct messages with WikiLeaks during 2016 presidential campaign. messages mostly sent to congressional investigators probing whether campaign colluded. messages include requests for tax returns, suggested he should reject nomination of assange ambassador.",center,right
Donald Trump Jr. Messaged With WikiLeaks During Presidential Campaign,"Donald Trump Jr., president's oldest son, messages with WikiLeaks during 2016 election. emails given to congressional investigators probing whether the campaign colluded with Russian officials. tweet a link to cache of leaked emails after message to him. tweeted link to cache of leaked emails after the message.",center,right
"F.B.I. 'Destroyed' Flynn’s Life for Lying, Trump Says, but 'Nothing Happened' to Clinton","president Trump says the president's former national security adviser was ruined. he says his opponent, former secretary of state, lied ""many times"" to the bureau. he describes first national security adviser as a ""very strong life""",center,center
"F.B.I. 'Destroyed' Flynn’s Life for Lying, Trump Says, but 'Nothing Happened' to Clinton","first national security adviser was fired by president in february after he lied to vp. president john kerry says he has been a ""very strong leader"" in the u.s. despite his political views. special counsel: u.s. should have prevented'slooting' a former aide. kerry: it was never meant to end a career for the president to lose out on.",left,center
"F.B.I. 'Destroyed' Flynn’s Life for Lying, Trump Says, but 'Nothing Happened' to Clinton","rick santorum: president said the ""flynn lied and they destroyed his life"" santorum: his first national security adviser pleaded guilty to lying to the fbi. he says his opponent, his democratic rival for president, suffered no consequences. santorum: he will appeal the plea to the court of appeal.",left,center
"Trump Calls Elephant Trophy Hunting A 'Horror Show,' Says He's Unlikely To Allows Imports",president Donald Trump is unlikely to allow big game trophy hunting. he announced on friday he was halting his own decision to permit import of elephants killed in africa. hunters would be allowed to take back back elephants from africa. ivory industry is concerned about the issue of trophy hunting.,center,left
"Trump Calls Elephant Trophy Hunting A 'Horror Show,' Says He's Unlikely To Allows Imports",president Donald Trump says he is unlikely to allow elephant imports. the president announced on twitter that he had suspended the ruling. he also announced that he planned to return elephant trophies to the u.s. in 2018.,center,left
"Trump Calls Elephant Trophy Hunting A 'Horror Show,' Says He's Unlikely To Allows Imports","president Donald Trump has pulled his own ban on big game trophy imports. the 2013 ban lifted the 2009 ban on the import of elephant trophies from three african countries. conservation groups say if big game trophy imports are allowed, it would increase populations.",right,left
Trump holds off reversing ban on elephant trophy imports,"congressional republican calls decision to reverse ban ""wrong move at wrong time"" critics say move would be dangerous as there are fewer elephants left. a u.s.-backed nonprofit aims to tackle poaching, kill elephants.",left,right
Trump holds off reversing ban on elephant trophy imports,new: rep. Royce says allowing elephants from Zimbabwe to be brought back will help conservation programs. ban to be lifted may stem from a 2014 ban on elephant trophies from Zambia and Zimbabwe. critics say the move is 'wrong move at the wrong time'.,left,right
Trump holds off reversing ban on elephant trophy imports,"a new rule is to allow elephants killed between January 2016 and December 2018 to be deemed ""big game trophy"" president jimmy carter will bring back trophies to support conservation initiatives. critics say the change of policy may be in response to government actions in africa.",right,right
Donald Trump Says Joe Lieberman Is His Top Choice For FBI Director,"president is ""very close"" to selecting interim candidate to replace James Comey. former senator Joe Lieberman is top choice, according to white house pool reports. a senator speculated that a Lieberman nomination would split chamber. meanwhile, a conservative aide said obama could use the chance to pick an independent.",right,left
Donald Trump Says Joe Lieberman Is His Top Choice For FBI Director,"gop senator says it's ""disgusting"" to nominate a politician for ad. former senator Joe Lieberman is the top choice in the race, according to reports. ""no reason to appoint a politician to run the FBI,"" Sen. burt huffs says. the u.s. embassy in kaiserberg, kentucky is preparing to sack the former spy.",right,left
Donald Trump Says Joe Lieberman Is His Top Choice For FBI Director,"the 2020 nominee for the job will replace James Comey. former senator Joe Lieberman is a top choice. the nomination of Lieberman would be an unconventional choice. a spokesman for the presidential nominee tweeted: ""the nomination is not to be trusted""",left,left
"Double-Dip Recession Possible Without Tax Deal, Obama's Top Economic Aide Warns","incoming white house adviser: passage of a new tax cut compromise will cause a double dip. economic adviser: failure to pass deal would ""materially increase the risk that the economy would stall out"" republicans in congress have asked administration for ""changes"" to the tax bill, sen. john mccain says. the deal is seen by many as giveaways to the wealthy that will do little to help economy.",left,right
"Double-Dip Recession Possible Without Tax Deal, Obama's Top Economic Aide Warns","eric holder of iraq war medal says he has no fear of his country having a double dip. biden visits the capitol to meet with partisan opposition to the tax cut deal. senators say the deal was right, but reversing the deal could put pressure on the rich. fiscal department has vowed to fight the bipartisan deal.",center,right
"Double-Dip Recession Possible Without Tax Deal, Obama's Top Economic Aide Warns",economic adviser says failure to pass tax cut compromise would hurt economy. white house says he thinks congress will pass the deal the president struck with the rich. some congressional members are opposing the deal with bipartisan support.,right,right
Larry Summers: If Tax Deal Goes Down There's A 'Significant Risk' Of A Double Dip Recession,obama administration says the recession is now a national event. it appears that congressional Democrats are holding out on the tax cuts. president bush will spend another $700 million for his 2010 campaign. other congressional experts say the cut package will boost the economy.,right,left
Larry Summers: If Tax Deal Goes Down There's A 'Significant Risk' Of A Double Dip Recession,"officials raise stakes on congressional Democrats in trying to get tax cuts passed. outgoing senior economic adviser Larry Summers says delay ""materially increases"" risk. summers downplays significance of continuing the tax cuts. summers: we now must stabilize housing market, not cut unemployment insurance.",left,left
Larry Summers: If Tax Deal Goes Down There's A 'Significant Risk' Of A Double Dip Recession,"president obama chides lawmakers over administration's effort to improve budget. obama says the deal is ""a sweeping step forward"" in the economy. white house chief economic adviser says his clients should wait until tax cuts pass. but bill still would provide tax incentives, so the economy could recover.",left,left
Michael Steele Criticized for Afghanistan Comments,"Republican national committee chairman criticizes president Obama's military strategy. joe biden: steele tried to be cute by half by flipping a script demonizing Iraq. he says he said the fight should be in Afghanistan and he supports the war. biden: he is adamant about protecting the nation from war crimes, which have failed.",left,center
Michael Steele Criticized for Afghanistan Comments,"Republican national committee chairman calls for his resignation. president ""flipping a script demonizing Iraq"" he said. publisher of weekly standard calls for Steele's ouster.",left,center
Michael Steele Criticized for Afghanistan Comments,Republican national committee chairman says the war in Afghanistan is a war of Obama’s choosing. he calls on president obama to withdraw troops from the fight. critics call on obama to end the war; opponents want his side to be splintered into wars. republicans call for him to be let go on friday.,right,center
"Senate Republicans Vow to Block Dem Legislation Until Tax Cuts, Budget Pass","new: nba chief: ""we cannot agree to prioritize any matters above the critical issues"" all 42 members of the GOP caucus have signed onto a letter warning him to block all democratic-backed legislation. ""we cannot agree to prioritize any matters above the critical issues"" a push to repeal the military's policy banning gays from serving openly in the military.",left,left
"Senate Republicans Vow to Block Dem Legislation Until Tax Cuts, Budget Pass",congress still preparing to sway congress with a new republican. it may not be time to move quickly to get to the rest of the fiscal cliff issues. the fight would allow president obama to veto new entitlements in 2015. republican senators are planning to continue pushing for a plan to expand stimulus.,left,left
"Senate Republicans Vow to Block Dem Legislation Until Tax Cuts, Budget Pass","president barack obama will meet with top republican leaders this week. all 42 members of the GOP caucus are sending a letter to minority leader Harry Reid. those members will block any democratic-backed legislation until the chamber approved the tax cuts. the president is still looking at repealing the military's ""gay policy""",left,left
N.A.A.C.P. Challenges Tea Party on Racism,"president of the national association for the Advancement of Colored People says it is not racist. but, he adds, groups need to do more to distance themselves from known hate groups. the resolution did not go over well with tea party groups and their supporters.",center,center
N.A.A.C.P. Challenges Tea Party on Racism,"national association for the Advancement of Colored People approves measure. resolution calls on Tea Party groups to remove ""racist elements"" from ranks. tea party group says there is no place for bigots in movement. white house: resolution doesn't reflect tea party's true color of the story.",left,center
N.A.A.C.P. Challenges Tea Party on Racism,"president of the national association for the Advancement of Colored People says it’s not a racist resolution. he adds that ""there is no place for the bigots in the Tea Party movement"" the resolution was criticized for not distances from hate groups on the Tea Party.",left,center
Reid: Mosque Should Be Built Someplace Else,john avlon: president london's endorsement of mosque helped hope for case. avlon: but Senate majority leader senate majority leader has a point. he says he's a bad idea for the party who wants issue resolved. avlon: he's being asked if there is a re-election plan by the u.s. gov. romney.,left,center
Reid: Mosque Should Be Built Someplace Else,"julian zelizer: president Obama's endorsement of ""Ground Zero mosque"" spurred hope. zelizer: but democrats in senators were harsh on the project. they say the issue needs to be decided on balance of powers, impact of religious liberty. zelizer: a compromise is necessary to achieve a balanced, multi-party solution.",right,center
Reid: Mosque Should Be Built Someplace Else,"the senator who blocked bill ""hasn't said anything"" about the cordoba house. julian zelizer says it's time for president to clarify his position. he says some want to build a mosque; other party is fighting back; it doesn't mean it's ok. zelizer: most democrats reject bill because it's not a political question.",left,center
Reid Breaks With Obama Over Proposed Ground Zero Mosque,"sen. arnold schwarzenegger called for the president to build a mosque near Ground Zero. sen. Harry reid says the controversial mosque should be built elsewhere. white house says he thought it wasn't politics but did it because of ""obligation"" to address issue. spokesman: ""the president didn't do this because of the politics""",left,right
Reid Breaks With Obama Over Proposed Ground Zero Mosque,"moderates criticized congress for having ""no interest"" in calling for mosque build-out. in 2012, congress rejected the idea of a mosque. president's speech was rebutted by a white house spokesman.",left,right
Reid Breaks With Obama Over Proposed Ground Zero Mosque,"sen. simon tisdall says some of the most pressing issues have been the mosques. u.s. senators want to see a mosque built in defiance of the terror attack's religious focus. a spokesman for the president said the mosque should be built ""somewhere else"" tisdall: ""the president didn't do this because of the politics""",left,right
Glenn Beck Rips Progressivism at CPAC,"""the bad guy sometimes wins,"" says a woman who attended a march in washington. the conservative political action conference is about ""the new american economy"" host. ""america is not a clown show. the bad guy sometimes wins,"" he said of life in the u.s.",right,center
Glenn Beck Rips Progressivism at CPAC,"""america is an idea that sets people free,"" former Fox News host says. ""life is not fair. the bad guy sometimes wins,"" he says. he rejects the notion that the Republican Party should expand its tent to include progressives.",right,center
Glenn Beck Rips Progressivism at CPAC,"cpac keynote speech by ""progressivism"" sounded like ""population war"" speech capped three days of panel discussions, high-profile speakers. ""america is an idea that sets people free,"" said the tenth.",left,center
White House Used Bill Clinton to Ask Sestak to Drop Out of Race,president barack obama asked former president bill clinton for an advisory role. he arranged to have congressman Joe Sestak drop out of the primary. the white house disputed republican claims that the conversations might be illegal or improper.,left,center
White House Used Bill Clinton to Ask Sestak to Drop Out of Race,"a former president used former president bill clinton as an intermediary for the decision. a democratic senator said no and won last week’s primary in pnc. a house democrat said the discussions were ""legal quid pro quo""",left,center
White House Used Bill Clinton to Ask Sestak to Drop Out of Race,the chief of staff asked bill clinton to explore alternative paths of service. he asked to see if congressional candidate would drop out of primary and went on to win primary. the white house disputed republican claims that the conversations were illegal.,left,center
"While Blumenthal Retains Washington Support, Republicans Smell Opening in CT","conservatives see an opening in race for attorney general. a story in the mail exposed a previous incorrect statement. the new york times article said that Blumenthal had served in the marines. ""he's corrected the record in the past,"" Sen. cornyn's campaign said.",left,center
"While Blumenthal Retains Washington Support, Republicans Smell Opening in CT","a new campaign official reveals the ""outrageous distortion"" of his service in the marines. the former general is on the losing side in the upcoming republican primary. the california attorney general will face a former cong. Rob Simmons or former WWE wrestling executive.",left,center
"While Blumenthal Retains Washington Support, Republicans Smell Opening in CT",democrats have hope as a new newspaper exposes a past incorrect statement. their opponents in the race are now trying to force voters to support their candidate. the winner of the republican primary may be either former cong. rob Simmons or former WWE executive Linda McMa.,left,center
Richard Blumenthal Calls NYT Report 'Outrageous Distortion',"a nyt report shows that a veteran's message was misrepresented. a former lawmaker published a blog post saying the report was 'fed to the paper' by the campaign. Blumenthal is defending himself against a report he misstated his military service in Vietnam. he says his statement is a ""conjuring document"" and the report will be published.",left,left
Richard Blumenthal Calls NYT Report 'Outrageous Distortion',"white house: a nyt report that says a defense candidate served ""in Vietnam"" shows him as a ""conservative"" former state lawmaker says this was fed to the newspaper by the rebecca marz. attorney general: the footage shows an ""outrageous distortion"" on his record. white house: ""the truth is clear: it's time for justice,"" says a state official.",left,left
Richard Blumenthal Calls NYT Report 'Outrageous Distortion',"a new jersey senate candidate said he did not serve in Vietnam in a debate. video of his saying he had served ""in Vietnam"" was given to the paper by his campaign. the report cites the lack of clarity.",left,left
Steele to Announce Decision on R.N.C. Run,steele will announce his intention to step down as party chairman on monday. he had no immediate reaction to criticism about the committee. at least six top republicans have already taken steps to run for the committee chairman.,center,center
Steele to Announce Decision on R.N.C. Run,"r.n.c. chairman, who will not seek second term, will announce on monday. former lt. governor of Maryland, is seeking a second term. several lawmakers have withdrawn their support for him. at least six top Republicans have already taken steps to run for party chairman.",left,center
Steele to Announce Decision on R.N.C. Run,the political director of the committee resigned in protest last month. several republicans are considering running for the chairman of the party. two u.s. senators and a women’s rights activist are considering a run. some republicans say their members want to know whether steele will resign.,left,center
"Etheridge, Caught on Video, Apologizes ",rep. Bob Etheridge apologizes for grabbing a young man on a sidewalk. he asked him if he supports president obama's agenda. a video camera rolled as the man tried to ask if he supported the government agenda. vice president biden is again urging congress to take up new gun control legislation.,left,center
"Etheridge, Caught on Video, Apologizes ","the video received widespread attention on the Web site of Andrew Breitbart. a second person accompanying him pulled out another camera to record the video. ""i deeply and profoundly regret my reaction,"" Rep. Bob Etheridge said.",center,center
"Etheridge, Caught on Video, Apologizes ","representative apologies for grab from video camera during debate on gun control. the video got widespread attention after it was posted on the Web site of a conservative web publisher. rep. morris adams of aaron burrows said: ""this... is unbecoming of a member of congress"" vice president joe biden said he will push for new gun control measures.",left,center
Bob Etheridge Attacks Student: North Carolina Congressman Gets Rough With Interviewer,"True: ""assault"" is only partially defensible. a student questioned a congressman if he supported the Obama agenda. the student said he didn't intend to defend his views. a real riot of emotions could take place in this district, the student says.",left,left
Bob Etheridge Attacks Student: North Carolina Congressman Gets Rough With Interviewer,"True slant: in a video, a sitting congressman assaults a student. the student asked the congressman if he backed the president's agenda. the video was uploaded to a cnn blog on sunday.",left,left
Bob Etheridge Attacks Student: North Carolina Congressman Gets Rough With Interviewer,"Truest: a sitting congressman was asked to support the president’s agenda. he responds by hitting away a camera and assaulting a student. that act is only partially defensible, says cnn's jonathan keitel. keitel: americans are trying to convince their voters that it’s time to run government.",left,left
G.O.P. Seizes on Mosque Issue Ahead of Elections,ireport: show us your opinions on ground zero. democratic sen. harry reid says the mosque should be built somewhere else. some say president shouldn’t be concerned about perceived intolerantness.,left,left
G.O.P. Seizes on Mosque Issue Ahead of Elections,"Republican candidates challenged democrats to take different positions on mosque. sen. harry reid says architects are looking elsewhere, and the center should be built there. ronald reagan objects to mosque project, says he ""regrets"" his position. house minority leader david gergen opposes building in the center, calling for wider horizons.",left,left
G.O.P. Seizes on Mosque Issue Ahead of Elections,"a mosque near ground zero could allow a Christian church or temple to be built. senators have injected the divide over mosque building into midterm campaigns. ""this is very troubling to see President Obama turning a deaf ear to the thoughts of a majority of Americans,"" says a democrat.",center,left
Calling The Senate GOP's Bluff: Multiple Bills Likely To Come Up Before Tax Cuts,"majority leader Harry Reid plans to file cloture this week on at least three measures. the DREAM Act, collective bargaining for firefighters and a 9/11 health bill may all be considered. a cloture bill could go to full debate as soon as Friday or possibly early next week.",left,center
Calling The Senate GOP's Bluff: Multiple Bills Likely To Come Up Before Tax Cuts,"majority leader Harry Reid plans to file cloture on DREAM Act, 9/11 health bill. if it happens tonight, any of the bills could come before the Senate. if it happens on friday or early next week, any bill could come before full debate.",left,center
Calling The Senate GOP's Bluff: Multiple Bills Likely To Come Up Before Tax Cuts,"the ""treat me good"" vote on a piece of legislation that would lapse may come in on friday. an unconstitutional tax increase is expected to be vetoed. a group of lawmakers is considering cloture that could lead to a vote on bill. a democratic staffer says it is likely to happen tonight or tomorrow.",left,center
Senate Republicans: No Legislation Until After Tax Cut Extension,"a letter from 42 members of the 42 members of the republican caucus goes to the majority leader. the letter is delivered to the majority leader, Harry Reid, of nevada. the letter reads: “we cannot agree to prioritize any matters above the critical issues of funding the government”",left,right
Senate Republicans: No Legislation Until After Tax Cut Extension,"senators wanted to pass tax-cut extension bill but were told no. the bill would 'not apply to americans with income above $250,000,' dissenters said. republicans blames democrats for blocking economic stimulus plan.",left,right
Senate Republicans: No Legislation Until After Tax Cut Extension,"a letter from 42 members of the republican caucus warns about potential legislative delay. no tax-cut extension, but that would put the u.s. in the running to evict a few. democrats wanted to see an extended income cap. a democratic challenger says the move shows the u.s. cares.",left,right
NAACP Condemns Tea Party Racism In Resolution,the tea party accused tea party activists of tolerating bigotry. an organization condemned tea party 'judge people by the color of their skin' tea party organizers called on the NAACP to withdraw the resolution.,left,left
NAACP Condemns Tea Party Racism In Resolution,"tea party organizers disputed claims of racism and called on the NAACP to withdraw the resolution. in final, the resolution called for the tea party to repudiate ""the racist element"" and activities. final wording won't be released until the naacp's national board of directors approves the resolution.",right,left
NAACP Condemns Tea Party Racism In Resolution,"leaders of the country's largest civil rights organization accuse tea party activists of tolerating bigotry. tea party organizers disputed claims of racism and called on the NAACP to withdraw the resolution. final version condemns racism within the tea party, including removing it from the convention. tea party organizers disputed claims of racism and called on the NAACP to withdraw the resolution.",left,left
NAACP Resolution Calls on Tea Party to Repudiate 'Racist Elements' in Movement,"the nation's leading civil rights group has adopted a resolution condemning ""racist elements"" in the tea party movement. the resolution was amended to downplay criticism of all Tea Partiers. a resolution has already called on the tea party to repudiate bigotry in their own ranks.",left,right
NAACP Resolution Calls on Tea Party to Repudiate 'Racist Elements' in Movement,"new: a ""much larger community"" group condemns the action of the group, calling it ""racist"" the national association of civil rights leaders is calling for ""repudiation"" of ""racist elements"" in the tea party. a resolution, initially rejected by some, sought to stop ""the continuance of tolerance"" for bigotry. tea party has criticized the measures.",left,right
NAACP Resolution Calls on Tea Party to Repudiate 'Racist Elements' in Movement,"the nation's leading civil rights group adopted a resolution condemning ""racist elements"" in the tea party movement. the resolution also condemned tea party slurs, saying: ""these people cannot slain [tea parties]"" a texas woman walked away from a conference thursday, saying, ""no race is allowed in our movement""",left,right
GOP Senators Keep Pressure on Steele Over 'Inaccurate' Afghanistan Comments,conservatives called for the resignation of party chairman michael steele. some conservatives are calling for his resignation. new polls say 88 percent of americans support his party.,left,right
GOP Senators Keep Pressure on Steele Over 'Inaccurate' Afghanistan Comments,"former republican chairman says he is tired of being accused of being off-the-cuff. he says he believes a new era of intel reflects the current political situation. republican senator calls for steele to apologize, clarify his position. conservatives say the president should not have made his remarks more public.",right,right
GOP Senators Keep Pressure on Steele Over 'Inaccurate' Afghanistan Comments,"conservatives call for the chairman to apologize for his remarks on the war on terror. chairman Michael steele defended the video in his apology video. he said the invasion of iraq is a ""war of Obama's choosing""",left,right
Michael Steele’s Afghanistan Comments Stir Up Furious Reaction From Conservatives,"conservatives criticized chairman of the RNC for claiming that the war in Afghanistan is unwinnable. dan seinfelder: steele's comments are ""utterly irresponsible"" and should be dismissed. the president hasn't shown any sign of stopping the troops fighting in the war, he says. seinfelder: despite what is being said, we will never end the conflict.",left,left
Michael Steele’s Afghanistan Comments Stir Up Furious Reaction From Conservatives,"prominent conservatives respond to comments made by former Republican chairman. the president of the national committee condemns the comments. neo-conservative leader says remarks are ""utterly irresponsible""",left,left
Michael Steele’s Afghanistan Comments Stir Up Furious Reaction From Conservatives,"conservatives criticize sen. Michael Steele for attacking president obama in ""fake news"" in iran. sen. marco rubio: ""americana is going to get out of war with us in a big way"" he says the president wants us to withdraw from the war in the middle east. rubio: i’m a neoconservative who says the senate has no authority over his comments.",left,left
"Biden Tries, Again, to Sell Tax Compromise to Hill Democrats","I know his speech. I do think we need to translate that.“We’re just watching, and they’re expecting action on our part,’’ Mr. Obama said.” In a briefing, Mr. Obama said that “economists across the country have upwardly revised their forecasts for growth.” Mr. Obama has repeatedly denied that Democrats feel betrayed by his tax deal.",left,center
"Biden Tries, Again, to Sell Tax Compromise to Hill Democrats","the white house is not saying it is ready to pass the legislation. It’s going to take more time. a joint media briefing with Obama and Mr. Komorowski is a key neocon conservative key player. Last Wednesday, Mr. Obama said that Democrats in Congress “have upwardly revised their forecasts for growth” following the tax deal announced on Monday night. White House officials said Mr. Biden will visit the Hill at 4:30 p.m. in an attempt to sell the deal.",left,center
"Biden Tries, Again, to Sell Tax Compromise to Hill Democrats","“go after it, take it all,” he said. his comments come as the White House seeks to quell the uproar among liberals about the tax deal. Mr. Obama said Wednesday that “economists across the country have upwardly revised their forecasts for growth” after the deal was announced this week. “They’re expecting action on our part.” His comments come as the administration begins churning out statements of support.",left,center
Michael Steele's End Could Be Near,"julian zelizer: some think Michael Steele will not seek another term. he says he has ""built no known reelection team or structure"" zelizer: ""it's probably worth it""",left,center
Michael Steele's End Could Be Near,"many believe that RNC chairman Michael Steele won't run for reelection. jill dougherty says she is worried a reelection bid will be thwarted. she says that many will argue for a repeal of the u.s. constitution. dougherty: a ""closely guarded secret"" about steele's retirement.",left,center
Michael Steele's End Could Be Near,sources say some expect steele to drop out of the race. sources say he is expected to run in 2012. others think he is running for reelection.,left,center
RNC Chairman Steele to Announce Intentions on a Second Term,"Steele set to announce decision about whether to run again for RNC chairmanship. some close to the republican chairman say he wants to run for another term. he has been criticized as gaffe-prone and said he hasn't raised enough money. Steele sent an e-mail to committee members on Saturday night with subject line, ""conference call""",right,center
RNC Chairman Steele to Announce Intentions on a Second Term,bob greene: RNC chairman Michael Steele will speak to members on Monday. he says he will announce if he is not running for re-election. greene: Steele has been unpredictable and is struggling to find enough support.,left,center
RNC Chairman Steele to Announce Intentions on a Second Term,"Michael Steele slated to announce decision on whether to run again for chairmanship. obama says he will never run for president again and won't ask for a second term. sen. roberts: ""i will do nothing,"" but people are upset about ""narcissistic"" committee. critics say Steele has not raised enough money, has been gaffe-prone and hasn't raised enough money.",left,center
N.C. Congressman Apologizes for Physical Confrontation With Man in Washington,"""the abhorrent ramifications of this confrontation go beyond the pale,"" says conservative blogger. video shows congressman grabbing hands of man asking if he supports the ""obama agenda"" republican says he hasn't apologized for violent behavior by congressman.",left,center
N.C. Congressman Apologizes for Physical Confrontation With Man in Washington,"a video shows rep. bob etheridge grabbing the wrist and neck of a student. the man asks etheridge, ""please let go of me,"" and then grabs the wrist. etheridge has publicly apologized for the tussle on a washington street. he later issued a written statement expressing regret for the tussle.",left,center
N.C. Congressman Apologizes for Physical Confrontation With Man in Washington,"""i've been spat at, pushed and threatened before but that's no excuse,"" he says in a statement. the dcca's video shows a democrat grabbing the wrist and neck of a student. the man asked the congressman for money and gave him a cell phone. the video was posted on youtube on friday.",right,center
White House Asked Bill Clinton to Urge Sestak to Drop Out of Senate Race,report says former president dangled secretary of navy post in front of senator. white house report says allegations of inappropriate conduct rest on factual errors. sources say allegations of improper conduct are unlikely to be substantiated.,center,right
White House Asked Bill Clinton to Urge Sestak to Drop Out of Senate Race,"senator says he's disappointed with white house report on how it handled probe. former president bill clinton talked to rep. Joe sestak about potential obama job. report also said the conversations were informal. irs conducted review of probe, says it's ""not like we've ever done it before""",left,right
White House Asked Bill Clinton to Urge Sestak to Drop Out of Senate Race,"white house officials say allegations of improper conduct rest on factual errors. house panel calls conversations informal, do not tied to specific job offer. ex-president lisa king: ""this is an open question.... you are wrong.""",left,right
White House Asked Bill Clinton To Talk To Joe Sestak About Senate Run,former president bobby jindal offered senator appointment on a key policy issue. ex-president bill clinton offered the position via the phone but failed to give it up. source said offer would have allowed rep. Joe Sestak to remain in the house of representatives.,left,left
White House Asked Bill Clinton To Talk To Joe Sestak About Senate Run,former president bob dole offered congressman a nspa-backed position. former president bill clinton arranged the overture. the white house offered a nspa advisory role to congressman if he declined. source disputes a notion that the white house never offered military secretary.,left,left
White House Asked Bill Clinton To Talk To Joe Sestak About Senate Run,former president Bill Clinton made the offer via phone to former penn state rep. Joe Sestak. the offer would have allowed him to remain in the house while advising the president. the white house never offered to replace sestak with the navy secretary. he defeated incumbent incumbent senator Arlen Specter in the primary election.,left,left
Richard Blumenthal's Words on Vietnam Service Differ From History,"attorney general is running for the united states Senate seat in the next congressional election. attorney general said he'd gotten five deferments for the war and avoided being sent to war. he later landed a spot in the marines reserve, which virtually guaranteed he would not go to vietnam. a good attorney general says the president is “very naive, but very open about it”",left,right
Richard Blumenthal's Words on Vietnam Service Differ From History,"attorney general reveals that he never served in Vietnam. he had at least five deferments that enabled him to avoid going to war. during that time, he was in the marines, which nearly guaranteed he would not be sent to war. he said that he may have misspoken a second time in the past.",left,right
Richard Blumenthal's Words on Vietnam Service Differ From History,"attorney general Richard Blumenthal never served in Vietnam. he applied for five military deferments from 1965 to 1970. he took repeated steps that allowed him to avoid going to war. he has used ambiguous language, but his remarks about his time have been plainly untrue. he was asked to use his political skills with a variety of subjects.",left,right
Beck Wows the CPAC Crowd,"john avlon was the closing speaker at a three-day conservative conference. he said he is addicted to spending and big government. the real problem is progressivism, he said. but he aimed his fire at both parties and gave them little quarter.",left,right
Beck Wows the CPAC Crowd,british politician sparks cheers and applause. he says progressivism is the problem in the country. he aims his fire at both the republican and the democratic parties.,right,right
Beck Wows the CPAC Crowd,"new: ""this is the disease in America,"" he says. ""we are apathetic, but we are apathetic,"" his friend says. he says the people are losing a fundamental belief that things will get better. ""this is not the disease in America,"" he adds, calling progressivism a cancer.",left,right
Glenn Beck CPAC 2010 Speech VIDEO: Republicans Don't Need A Big Tent,cnn conservative talk show host Glenn Beck's closing speech at the conservative conference caught eye. he took swipes at others and demanded pureness among his possible allies. his personal turmoil touched as much on politics as he spoke.,left,left
Glenn Beck CPAC 2010 Speech VIDEO: Republicans Don't Need A Big Tent,"conservative talk show host, author and former alcoholic, gave stirring speech. he suggested that democrats should be able to change the way they govern. but he suggested that more centrists could rethink how they handle their political positions.",right,left
Glenn Beck CPAC 2010 Speech VIDEO: Republicans Don't Need A Big Tent,conservative talk show host offers a plea for reinstating conservative principles. he urges all republican candidates to make conservative reform a priority. but he uses a chalkboard to get his opponents to see them as conservatives.,right,left
Mueller Disputes BuzzFeed Report That Trump Told Michael Cohen To Lie To Congress,special counsel Robert Mueller disputed BuzzFeed's inaccurate report on Cohen. a spokesman for the special counsel said the report was inaccurate. a former russian intelligence official said that the reports are a lie. some high-profile lawmakers urged investigators to back down on those who lied.,left,center
Mueller Disputes BuzzFeed Report That Trump Told Michael Cohen To Lie To Congress,"special counsel’s spokesman disputed BuzzFeed's assertion about Michael Cohen. jim fury: the report sent voters into a furor as it suggested that the president may have obstructed justice. he says a special counsel could possibly make an indictment if he lied to congress. fury: if the president is convicted, his conviction will be quashed.",left,center
Mueller Disputes BuzzFeed Report That Trump Told Michael Cohen To Lie To Congress,special counsel reaffirmed his characterization of statements to Mueller's office. special counsel's spokesman said the document is inaccurate. a new york times report reported a tying of the president to the moscow tower in 2012. the report claimed that president obama ordered Michael Cohen to lie to congress.,right,center
Mueller Statement Disputes Report That Trump Directed Cohen to Lie,"special counsel responds to article challenging president's alleged pressure. spokesman for special counsel, Robert S. Mueller III, is unusual in that he had publicly challenged the report. report contradicted other reports saying president pressured a witness to lie about deal with russia. report says russia lied about securing the vote in 2016 election.",center,left
Mueller Statement Disputes Report That Trump Directed Cohen to Lie,"special counsel says president pushed ""man"" to lie about plan to build skyscraper. special counsel disputed report by BuzzFeed that said he had lied before meeting with prosecutors. a spokesman for special counsel, Robert S. Mueller III, later issued a statement. the white house vigorously denied the report, says it is ""categorically false""",left,left
Mueller Statement Disputes Report That Trump Directed Cohen to Lie,"spokesman for special counsel challenges report that said president was persuaded to lie. ""two words sum it up better than anything anybody else can say,"" press secretary says. two-time u.s. senator calls move a ""provoked nexus"" of the probe into russia. president adamant allegations are ""categorically false,"" spokesman says.",center,left
Rashida Tlaib's Expletive-Laden Cry to Impeach Trump Upends Democrats' Talking Points,"first lady lisa clinton speaks out about her vote to repatriate. clinton says she's ""not ready"" to take over post-regime. clinton says the woman doesn't want to be impeached. clinton has called on clinton to get out of the house in a week.",left,center
Rashida Tlaib's Expletive-Laden Cry to Impeach Trump Upends Democrats' Talking Points,a camera caught the freshman democrat profanely promising to impeach him. president asks the newly elected speaker if the dr. eric holder planned to impeach him. it's likely a chance for his re-election to win support for new gop president.,left,center
Rashida Tlaib's Expletive-Laden Cry to Impeach Trump Upends Democrats' Talking Points,rep. rashida tlaib pledged profanely to impeach u.s. rep. john mccain. liberal activists cheered her promise at a celebration near the capitol. nancy pelosi wanted to bring down government shutdown.,left,center
Trump announces deal to end partial government shutdown,"new: ""this is my very best option,"" president john kerry says in video statement. president jack wilson says he's ""shocked"" that congress didn't pass a deal on the shutdown. shutdown has resulted in the resignation of the first lady and u.s. ambassador. it's unclear whether obama will ""cave"" on demand for funding for wall funding.",left,center
Trump announces deal to end partial government shutdown,"president tweets, ""this is our deal"" president said he would support short-term spending bill to end shutdown. deal keeps government open for three weeks until february 15. if shutdown is resolved, he would be with lawmakers for longer term.",center,center
Trump announces deal to end partial government shutdown,president Trump says he will support a short-term spending bill to reopen the government. he says it would keep government open for three weeks until february 15. a bill on the wall could go before the Senate immediately.,center,center
"Trump Declares a National Emergency, and Provokes a Constitutional Clash","ping-pongued president reiterating on economic, china trade talks, North Korea summit. he emphasized that foreign policy was not the only problem. critics slammed the president as an unconstitutional abuse of his authority. critics accuse him of ""making a crisis""",left,left
"Trump Declares a National Emergency, and Provokes a Constitutional Clash","obama says he will try to uphold his stance by relaunching the border wall. lawmakers voted to block the wall after the president spent $1.4 billion in state budget. president also suggested he should win the u.s. obamacare. democrats and republicans condemn the decision, vying to overturn it.",right,left
"Trump Declares a National Emergency, and Provokes a Constitutional Clash","president declared a national emergency to access billions he will lose if congress refused to fund border wall. he cites flow of drugs, criminals and illegal immigrants as a deep threat to national security.",left,left
"Trump declares emergency on border, eyes $8B for wall as he signs spending package","""this is plain a power grab by a disappointed President,"" says u.s. president. he signs a spending package that includes just $1.4 billion for border security. the move is expected to face a swift and forceful legal challenge. but it would mean a temporary shutdown without the latest spending bill.",left,center
"Trump declares emergency on border, eyes $8B for wall as he signs spending package",president confirms he is declaring emergency on the southern border. he signs spending legislation that includes just $1.4 billion for border security. move is expected to face a swift and forceful legal challenge.,left,center
"Trump declares emergency on border, eyes $8B for wall as he signs spending package",new: sen. feinstein says the situation is not perfect. the white house declares a national emergency. the move is expected to face a legal challenge. the president predicts a legal fight.,left,center
"Indicting Roger Stone, Mueller Shows Link Between Trump Campaign and WikiLeaks","ronald stone, an adviser to president president sr., is charged with obstruction. a top campaign official dispatched him to get information on hacked emails. stone is charged with 7 counts including obstruction, making false statements and witness tampering. the investigation was the latest in a series of ties between his campaign and wikiLeaks.",left,left
"Indicting Roger Stone, Mueller Shows Link Between Trump Campaign and WikiLeaks","special counsel: parallel effort by Trump campaign to damage Hillary Clinton. official dispatched a senior campaign official to get information from wikiLeaks. Roger stone was arrested before dawn in his Fort Lauderdale, florida, home.",center,left
"Indicting Roger Stone, Mueller Shows Link Between Trump Campaign and WikiLeaks","rick santorum: special counsel reveals connections between ludicrous and unauthorised releases. former presidential adviser faces seven counts relating to obstruction, making false statements, witness tampering. santorum: stone sent information from wikiLeaks to be used against candidate. he's facing felony obstruction charges but convicted under oath of incompetence.",left,left
"House approves sweeping Dem election reform bill, amid First Amendment concerns","the house approves a sweeping election reform bill, but it is not expected to succeed in the Senate. the measure would institute a public financing system for congressional campaigns. the ACLU warns the legislation's inclusion of the DISCLOSE ACT will lead to confusion. republicans argue the bill risks allowing the president to use his own money for a party.",center,right
"House approves sweeping Dem election reform bill, amid First Amendment concerns","a proposed house measure seeks to curb big money in politics. republicans say the bill threatens free speech rights. the bill would require presidential candidates to disclose tax returns. the white house says the plan will ""micromanage"" elections.",right,right
"House approves sweeping Dem election reform bill, amid First Amendment concerns","house votes to approve bill that curbs big money in politics. measure also aims to make it easier to vote and bolster election security. it includes an election-day reporting requirement for presidential candidates. republicans and civil libertarians call the bill a ""power grab""",center,right
House Passes Democrats’ Centerpiece Anti-Corruption and Voting Rights Bill,"house passes anti-corruption, voting rights bill; could not get to the senate. measure's signature is a measure aimed at dismantling barriers to the ballot box. critics say it would undermine the integrity of elections.",left,center
House Passes Democrats’ Centerpiece Anti-Corruption and Voting Rights Bill,"bill passes 234-193 to give new focus to anti-corruption initiatives. nancy pelosi, bill's sponsor, was criticized for blaming ""special interests"" on election finance. ""it’s a power grab for the american people,"" said representative. bill also would require super PACs to disclose donors who contribute more than $10,000.",right,center
House Passes Democrats’ Centerpiece Anti-Corruption and Voting Rights Bill,"house passes sweeping anti-corruption measure. has virtually no chance of passing the Senate. ""it’s a power grab for the american people,"" says sen. joe cole. bill would establish voter id laws; ban neoliberal spending; fund 'dark money groups'",left,center
House Intelligence Committee Republicans Demand Chairman Adam Schiff's Resignation,"republicans accused ship of standing at the center of ""well-orchestrated media campaign"" about possible Trump-Russia connection. hrc spokesman: ""i am very satisfied with the results of this report"" white house said he's reviewing whether the probe sparked a national security crisis.",left,left
House Intelligence Committee Republicans Demand Chairman Adam Schiff's Resignation,"house intelligence committee has called on speaker sen. john mccain to step down. adam schiff has denied claims he colluded with the white house. john mccain: ""undoubtedly there is collusion""",left,left
House Intelligence Committee Republicans Demand Chairman Adam Schiff's Resignation,Republican lawmakers in congress demand the firing of a republican. they accuses Schiff of standing at the center of a well-orchestrated media campaign. the president has warned that he has to step down.,left,left
Demands for Adam Schiff's Head Highlight Chasm That Only Widened With Mueller's Conclusion,"republicans have moved en masse to demand the resignation of the committee’s chairman. a reshuffle has been brought in by a democrat who is seeking to keep a running senate seat. white house said it isn’t clear whether it has an open border with the united states. but a congress has never really seen anything coming from Russia, a spokesman says.",center,center
Demands for Adam Schiff's Head Highlight Chasm That Only Widened With Mueller's Conclusion,a house committee has been divided on whether to investigate the 2016 election. some feared the allegations that spies were trying to smear a candidate was racy. it's unclear whether the report will give a definitive answer on whether the investigation should go forward.,center,center
Demands for Adam Schiff's Head Highlight Chasm That Only Widened With Mueller's Conclusion,house intelligence committee tries to resume work on Russian intervention in 2016 election. lawmakers demand resignation of committee chairman amid questions on report. house intelligence chairman questions why two key people aren't cooperating. neville sabet says his questions about the report were not covered in the report.,center,center
Trump’s Border Wall Shutdown Continues Into A New Congress With A Democratic House,"Senate Minority Leader Chuck Schumer and House Speaker-to-be Nancy Pelosi make their first visit to the white house since their previous meeting with Trump. a quarter of the federal government ran out of operating money at midnight Dec. 21 after Trump reneged on his demand for a temporary spending bill. a total of 88 federal employees, most of them furloughed or deemed ""essential"" will miss their first paycheck on Jan. 11 unless a spending bill is signed.",center,left
Trump’s Border Wall Shutdown Continues Into A New Congress With A Democratic House,Trump’s partial government shutdown slowed in on the two-week mark. house speaker-to-be Nancy pelosi and senators made first visit to the white house. christopher adams is expected to return to the house speakership on thursday.,left,left
Trump’s Border Wall Shutdown Continues Into A New Congress With A Democratic House,Senate and house leaders are the first to visit the white house since their meeting. a second day of negotiations ends with a brand-new congress. the partial government shutdown over his border wall could take up to two weeks. the shutdown will end at the end of the week with no end in sight.,left,left
Trump says he could keep shutdown going for months or years,"president obama rejects the administration’s reopening proposal for border wall. in first white house meeting in 22 days, president and congress continue to meet. vice president of the united states urged leaders to work on the wall. congressional leadership says it is unclear if the bill will survive.",left,center
Trump says he could keep shutdown going for months or years,"border wall was why he was elected, according to officials familiar with meeting. in the first meeting in 22 days, the two sides could not break an impasse over spending. president obama is on the verge of a federal shutdown. iowa is on a mission to help immigrants with visa- and sex-immigration issues.",left,center
Trump says he could keep shutdown going for months or years,"president and democratic leaders dig in for lengthy partial shutdown. partial government funding lapse drags into 12th day affecting 800,000 federal employees. jfk 'desperate' to close loophole between u.s. and eu. gop says it's ok for the shutdown to continue despite the delay.",left,center
Trump’s immigration offer brings sharp reactions from Dems and GOP,gloria borger: the president's proposal to end the partial government shutdown drew sharp reactions from lawmakers. borger: it also violated the president's own oath of office as he urged an end to the shutdown. she says he offered $5.7 billion in exchange for a barrier along the border with Mexico. borger: it is too soon to explain how to end the shutdown by moving forward with the u.s.,center,center
Trump’s immigration offer brings sharp reactions from Dems and GOP,"u.s. president gives a compromise offer to end a partial government shutdown. he offers a three-year extension of protections for 700,000 immigrants. the president also calls for a border wall along the country's southern border with u.s.",left,center
Trump’s immigration offer brings sharp reactions from Dems and GOP,"in a televised white house address, president offers a three-year extension of protections for 700,000 deferred action for childhood arrivals (DACA) recipients. the president’s proposal was met with disdain from top Democratic lawmakers. meanwhile, congressional minority leader, sen. chuck schumer, said his proposal is ""one-sided and ineffective""",left,center
"As Mueller findings released, 2020 Dems demand to see 'whole damn report'","beto o'rourke charged on campaign trail that you ""have a president"" who ""seeks to mislead the world"" with election-rigging. john avlon urged congress to give full report to congress; o'rourke demanded it. avlon: the report should be released by 2020 but that wouldn't be enough. avlon says president obama should not have to go through with election-rigging",left,center
"As Mueller findings released, 2020 Dems demand to see 'whole damn report'",Beto O'Rourke demands full report to be made public. the former texas lawmaker wants to know whether he was guilty of obstruction. edward snowden has denied any involvement with the white house in the investigation. snowden: don't try to say he was going to run for president for a second term.,left,center
"As Mueller findings released, 2020 Dems demand to see 'whole damn report'","special counsel's report is not conclusive, nor did it address whether Trump obstructed justice. president obama told congress to stop the report, saying it's about our elections. former senator beto o'rourke attacked o'rourke, claiming he was made to appear ill-informed. a review of the report is expected at some point during the campaign season.",center,center
Trump Declares National Emergency To Fund U.S.-Mexico Border Wall,"president would rather do the wall over a longer period of time, he said. he also set up legal battle that could tie up wall for months or years. he could reroute other government money to fund the project. the federal government is set to pay for $3.6 billion to build the wall.",left,center
Trump Declares National Emergency To Fund U.S.-Mexico Border Wall,president Donald Trump declared a national emergency at the southern border. the emergency declaration gives him a chance to reroute other government funds to fund wall. the u.s. will spend about $8 billion to build a border wall between the two u.s. and mexico. about 200 million people will be brought to the border with the wall.,center,center
Trump Declares National Emergency To Fund U.S.-Mexico Border Wall,"new: president obama warns of a ""temporary"" cost-cutting effort by administration. the president is trying to seize federal funds to build his border wall. he declared a national emergency for ""virtual invasion purposes"" but he did not want to wait on congress to approve the funds.",left,center
House Democrats Pass Landmark Campaign Finance And Voting Rights Reform Bill,"house passed landmark campaign finance and voting rights reform bill 234-193. house would extend voting access, create publicly funded House elections. legislation would restore voting rights to millions of ex-felons. ""the fervor and the obama administration will have the most significant impact,"" rep. stanley l. mccartney says.",left,left
House Democrats Pass Landmark Campaign Finance And Voting Rights Reform Bill,"new: the aclu defends the measures. the bills bills expand voting access, create publicly funded elections. democratic leaders hope the bill will help to win a majority. democrats want to end partisan gerrymandering and ensure fair elections.",left,left
House Democrats Pass Landmark Campaign Finance And Voting Rights Reform Bill,"a landmark bill passed the house of representatives on friday. the bill would expand voting access to thousands. it would also create publicly funded House elections. ""if not now, then when?"" a rep. asks.",center,left
FBI's show of force in Roger Stone arrest spurs criticism of Mueller tactics,"True on ""Tucker Carlson Tonight""",center,right
FBI's show of force in Roger Stone arrest spurs criticism of Mueller tactics,"True to the true story, stone's charges would have been a surprise if not for this raid. a special agent surrounded the suspect with a firearm in the first place. critics have again questioned the tactics of special counsel Robert Mueller.",center,right
FBI's show of force in Roger Stone arrest spurs criticism of Mueller tactics,"True ""a SWAT team, searching the house, scaring his wife, scaring his dogs""",left,right
Trump Associate Roger Stone Indicted In Mueller Investigation,"new: the former Manhattan madam told police that a search warrant was also executed. new: stone's attorney said the charges were ""a clear attempt at silencing Roger"" Stone is charged with obstruction of an official proceeding, false statements and witness tampering. he is being held without bail after appearing in court friday.",left,center
Trump Associate Roger Stone Indicted In Mueller Investigation,"Roger Stone is charged with obstruction of an official proceeding, false statements and witness tampering. his attorney, Grant Smith, has said “there was no Russian collusion” and that he plans to plead not guilty. Stone is charged with obstruction, false statements and witness tampering. he said he doesn't intend to testify against the president but would not say if he seeks a pardon.",center,center
Trump Associate Roger Stone Indicted In Mueller Investigation,"Roger Stone is charged with obstruction of an official proceeding, false statements and witness tampering. he was arrested at his home in Fort Lauderdale, Florida, and appeared in court friday. he told a grand jury that he was “falsely accused” and not guilty.",center,center
Nancy Pelosi Says Rashida Tlaib's 'Motherf**ker' Comment No Worse Than Trump,"democrat-turned-maverick house speaker is not outraged by the comment. she said she would impeach ""that motherfucker"" as she vowed to ""impeach that motherfucker"" pelosi says it's not a political issue as Trump's remarks can ""impact people's lives""",right,left
Nancy Pelosi Says Rashida Tlaib's 'Motherf**ker' Comment No Worse Than Trump,"Pelosi said her son's comments to her on impeach Trump were not true. ""i don’t like that language.... but in any event... I wouldn't use that language,"" she said. obama praised her efforts to snub the sex assault on his daughter.",right,left
Nancy Pelosi Says Rashida Tlaib's 'Motherf**ker' Comment No Worse Than Trump,house speaker says she doesn't like a sexist remark by muslim congresswoman. pelosi said they are more of a free speech issue than anything. the comments come after a vehement reminder of a national crisis.,right,left
Ocasio-Cortez defends Tlaib after impeachment remarks: ‘I got your back’,a new bill would require the majority of republican legislators to vote on impeach obama in 2017. a new bill would require congress to give the president five years to impeach him. some republican lawmakers would back the bill.,left,right
Ocasio-Cortez defends Tlaib after impeachment remarks: ‘I got your back’,"a new video of the presidential debate showed a male politician's call for impeachment. the video was taped in 2005 ahead of a presidential election when president reaped an apology. a house republican on tuesday tweeted a ""you got my back @RashidaTlaib"" tweet.",right,right
Ocasio-Cortez defends Tlaib after impeachment remarks: ‘I got your back’,the new jersey congresswoman accused the republican party of having a double standard. tlaib was videotaped making lewd comments in favor of impeachment. she tweeted she will support tlaib.,right,right
Trump Signs Bill Reopening Government for 3 Weeks in Surprise Retreat From Wall,"president agrees to reopen federal government for three weeks. democrats were fighting to keep wall in place because of low turnout. if shutdown fails to halt shutdown, he will use powers to address emergency.",left,center
Trump Signs Bill Reopening Government for 3 Weeks in Surprise Retreat From Wall,"president Trump signs stopgap spending bill for federal agencies. the agreement gives the president no choice but to build a powerful wall or steel barrier. ""we really have no choice but to build a powerful wall or steel barrier,"" he said. obama administration says it is aware of concerns about the shutdown.",left,center
Trump Signs Bill Reopening Government for 3 Weeks in Surprise Retreat From Wall,president and senators to pass a stopgap spending bill by voice vote. the deal is designed to ensure a reopening of the federal government. the deal includes no money for the wall.,left,center
"Trump Caves To Democrats, Agrees To Reopen Government Short-Term Without Border Wall",u.s. government will be reopened through february 15. he announced the plan on the 35th day of the longest shutdown in u.s. history. the president's reputation has suffered across parties.,left,left
"Trump Caves To Democrats, Agrees To Reopen Government Short-Term Without Border Wall","president reasserts plans to reopen government through february 15. he says federal employees will get back pay ""very quickly or as soon as possible"" the announcement comes a day after the Senate failed to pass his proposal.",left,left
"Trump Caves To Democrats, Agrees To Reopen Government Short-Term Without Border Wall","president announced friday a short-term plan that will reopen the government. government employees will get back pay ""very quickly or as soon as possible"" the announcement comes on the 35th day of the longest shutdown in united states history.",right,left
Trump says he appreciates Mueller’s statement disputing BuzzFeed report,president's statements disagree with version of a BuzzFeed story claiming Cohen lied. special counsel's office released statement disputing version claiming it was 'terrorist' u.s. attorney laurence hamas says he has confidence in his official testimony.,center,right
Trump says he appreciates Mueller’s statement disputing BuzzFeed report,special counsel Robert Mueller's office releases statement disputing BuzzFeed story. a nbc report claimed president had instructed a former attorney to lie to congress. the report claimed Cohen acknowledged that he was told to lie about a potential deal. president says he appreciates special counsel's statement.,right,right
Trump says he appreciates Mueller’s statement disputing BuzzFeed report,"special counsel Robert Mueller disputes BuzzFeed story that says he told a subordinate to lie. ""i think it's going to take a longtime for mainstream media to recover its credibility,"" president Trump said. former counsel claimed he was told to lie about his dealings with the russians.",right,right
Democrats Demand Immediate Release Of Mueller Report,a joint letter urges the u.s. house and the house of representatives to make the report public. the letter was written by senators from six committees. senators demand that attorney general prepare a redacted version for congress.,left,left
Democrats Demand Immediate Release Of Mueller Report,Senate committees write letter in urging attorney general to make report public. senator mark Warner says report must be sent to congress immediately. bill clinton calls for investigation to be re-opened. cnn looks at the letter from the committee chairs.,left,left
Democrats Demand Immediate Release Of Mueller Report,democrats demand that white house release the Mueller report. aides say any attempt by Trump to cover up the eu investigation would be unacceptable. a democratic senator on saturday called for an apology.,left,left
2020 Candidates Demand Full and Immediate Release of Mueller Report,"beto o’rourke: ""those facts, that truth, needs to be laid out for all Americans"" candidates have already put out petitions seeking full report's release. report is required in 2018 and will be filed by january 30. investigation will be made public in 20 days, says independent senate sen. tom hanks.",left,right
2020 Candidates Demand Full and Immediate Release of Mueller Report,"beto o’rourke, beto o'rourke and many other candidates call for swift release of report. no voters brought up report as betooo said he would oppose impeachment of the president. john avlon: most Americans wouldn’t want to know more about 2016 election.",left,right
2020 Candidates Demand Full and Immediate Release of Mueller Report,former representative beto o’rourke called for swift release of report. o’rourke said the report needs to be laid out. iraq war group called for review of u.s. relations with russia.,left,right
Adam Schiff urged to step down as chairman by House Intelligence Committee Republicans,"every republican on the committee demands Rep. Adam Schiff step down. the lawmaker doubled down on his claims that there was ""more than circumstantial evidence"" of collusion. but he claims that his report contradicts the findings of special counsel's investigation. ""they're a myth,"" says a spokesman for the investigator.",center,right
Adam Schiff urged to step down as chairman by House Intelligence Committee Republicans,"new: ""i'm not going to ask him to resign for Congress!"" president tweets. lawmakers demand the resignation of the congressman who lied and leaking. new: they continue to slam him for pushing a ""false narrative"" about collusion with the u.s. he blames foreign powers despite the results of the probe.",left,right
Adam Schiff urged to step down as chairman by House Intelligence Committee Republicans,"congressmen demanded rep. Adam Schiff step down over claims in media that there is evidence of collusion. the democrat claimed that there was more than circumstantial evidence of collusion. he also acknowledged a special counsel's report to find no collusion. the president said he would not demand his resignation, as he does not want to.",right,right
"Trump warns shutdown could last 'years,' says he may declare 'national emergency' to build border wall","president warns shutdown could last ""years"" on border to avoid a national emergency. he says he intends to use ""the force of a negotiated process to bring a wall to the border"" no apparent agreement at white house meetings. but some lawmakers feel that they're being ""a little bit"" too cautious.",left,right
"Trump warns shutdown could last 'years,' says he may declare 'national emergency' to build border wall","president reveals he has not moved on his demands for more than $5 billion for a border wall. he cautions that the partial government shutdown could last ""years"" despite the standoff, he is focusing on his demands for a wall. the government can be fully opened ""very quickly,"" if it comes to an agreement on the wall.",left,right
"Trump warns shutdown could last 'years,' says he may declare 'national emergency' to build border wall","white house warns shutdown could last ""years"" and can declare a ""national emergency"" he says he has not decided on what to do about the border wall. a negotiating process would come together to build the wall, the president tells reporters. he says the government shutdown must end in time for a full government to open.",left,right
Trump's 'Compromise' Immigration Offer To Democrats Includes Major Changes Restricting Asylum Law,new: a panel of latino experts rejects a compromise by president obama. democrats were pleased with the president's offer to sell some immigration protections. republican senators will vote on the house bill later this week. the proposal would gut asylum laws for children and trafficking victims from central america.,left,left
Trump's 'Compromise' Immigration Offer To Democrats Includes Major Changes Restricting Asylum Law,"democrats rejected president Trump’s offer over the weekend to trade temporary protections. rep. rick santorum, a democrat, said the move was part of the deal. santorum: a bill to gut asylum laws also guts existing asylum laws. santorum: deal could have a negative impact on millions more seeking to emigrate.",center,left
Trump's 'Compromise' Immigration Offer To Democrats Includes Major Changes Restricting Asylum Law,bill would ban asylum for Central American minors unless minors apply for asylum in their home country. bill would also ban asylum for minors who present themselves at ports of entry. senators plan to vote on bill this week; could still have a vote on the measure this week.,center,left
Trump Offers Temporary Protections for ‘Dreamers’ in Exchange for Wall Funding,"a total of 900,000 young undocumented immigrants will be protected from u.s. government. ruben navarrette: ""immigrants in trouble"" aren't a ""migrant in trouble""",left,center
Trump Offers Temporary Protections for ‘Dreamers’ in Exchange for Wall Funding,"aaron miller: president new offering temporary protections to young undocumented immigrants was dead on arrival in the Capitol. miller: offer appeared dead on arrival, and speaker Nancy pelosi rejected it even before he spoke. he says rescinding the program meant to protect the young was far from a victory. miller: the democrats in congress have failed to agree to the proposed compromise.",left,center
Trump Offers Temporary Protections for ‘Dreamers’ in Exchange for Wall Funding,bob greene: president pushed temporary protections for undocumented immigrants. he aimed to shift pressure to Democrats who had refused to support his border wall. he says the proposal appeared dead on arrival in the Capitol; Speaker pelosi rejected it. greene: democrats denounced proposal as more hostage taking and not a compromise.,left,center
Pipe Bomb Suspect Arrested in Southern Florida,"the suspect is Cesar Sayoc Jr., 56, of Aventura, florida. he has a lengthy criminal history in florida dating back to 1991. authorities have been surrounded by a van with pro-trump stickers on it. residents say he has brown eyes, black hair and scar on his left arm.",center,center
Pipe Bomb Suspect Arrested in Southern Florida,"president obama praises authorities and the white house for arresting an expert. ""we are doing a tremendous job"" in the investigation, according to former cia director. a federal judge may appeal a ruling, but is not allowed to order a trial. the suspect in the attack is identified as cesar Sayoc, 56.",left,center
Pipe Bomb Suspect Arrested in Southern Florida,"government arrests man for plotting national bombing campaign. cesar Sayoc Jr. is a registered Republican and was born in america. suspect had been arrested twice before, but not previously.",left,center
Cesar Sayoc Identified As Mail Bomb Suspect,"in addition to being apprehended, a package to Democratic donor is found in las vegas. package believed to contain pipe bombs was sent to people critical of president. it also addressed to former director of national intelligence. president congratulates authorities for apprehending suspect.",center,left
Cesar Sayoc Identified As Mail Bomb Suspect,"the president pledged to prosecute those responsible “them, him, her, whoever it may be” he said. the president also said ""people's lives are not overly dependent"" on the military. the packages reportedly contained pipe bombs. suspect in one package addressed to former director of national intelligence, nri's marco rubio.",right,left
Cesar Sayoc Identified As Mail Bomb Suspect,two other suspicious packages were found in the u.s. this week. one addressed to former director of national intelligence. a suspicious package was also found in the u.s.. one of those were intended to be addressed to a democrat.,right,left
Defense Secretary James Mattis to leave as of January 1; Trump taps Patrick Shanahan as acting secretary of defense,"""the end date for my tenure is February 28, 2019,"" says the defense secretary of defense. sources tell Fox News that Mattis had quit ""in protest"" over the president's national security policies. sources: in his resignation letter Thursday, Mattis said he would remain in his role for more than three months. he has been the first cabinet official in 40 years to resign over a stated policy difference with the president.",right,right
Defense Secretary James Mattis to leave as of January 1; Trump taps Patrick Shanahan as acting secretary of defense,"sources tell fnn that in February, the defense secretary resigned in protest over the president. a senior source told fnn that he would not be fired because of the president's national security policies. a source at the defense department said he had quit ""in protest"" over the president's policies. the resignation on wednesday is the first of many planned.",center,right
Defense Secretary James Mattis to leave as of January 1; Trump taps Patrick Shanahan as acting secretary of defense,"Deputy secretary of defense, Patrick Shanahan, will become acting secretary of defense. Trump announced on Sunday that defense secretary James mattis will be leaving the administration on January 1, weeks earlier than planned. his resignation was the first cabinet official in 40 years to resign over a stated policy difference with the president.",center,right
"F.B.I. Agent Peter Strzok, Who Criticized Trump in Texts, Is Fired",spokesman for fire-sacked counterintelligence agent says he violated bureau policies. he is accused of sending a highly sensitive search warrant to his personal email. he was accused of disparaging President Trump in inflammatory text messages. he helped oversee the investigation into the white house's emails.,center,left
"F.B.I. Agent Peter Strzok, Who Criticized Trump in Texts, Is Fired",Trump and his allies seized on the texts during the 2016 campaign. the president has repeatedly denounced Mr. Strzok in posts on twitter.,center,left
"F.B.I. Agent Peter Strzok, Who Criticized Trump in Texts, Is Fired","Strzok says he violated bureau policies and was fired for violating orders. the president denounced him in posts on twitter. he's now been fired, according to his lawyer.",center,left
FBI Agent Peter Strzok Fired Over Anti-Trump Text Messages,"new: lawyer calls firing of special agent Peter Strzok ""a departure from typical Bureau practice"" prosecutor says decision is a ""disappointing"" move. Strzok's legal team advises him to be placed on administrative leave. the agency should have recommended a 60-day suspension and a demotion.",left,center
FBI Agent Peter Strzok Fired Over Anti-Trump Text Messages,special agent Peter Strzok was taken off special counsel Robert Mueller’s team. it was discovered that the lawmaker sent anti-trump texts to an official in the office. Strzok's attorney says he had to be disciplined in the past. the senate has not considered the firing of the ex-special agent.,right,center
FBI Agent Peter Strzok Fired Over Anti-Trump Text Messages,"special agent Peter Strzok resigned as special agent after texts were found. he had taken off special counsel's team after he was found to be a fan of president obama. Strzok's attorney said it was a ""step out of typical Bureau practice"" he faces a 60-day suspension and a demotion.",right,center
President Wants to Use Executive Order to End Birthright Citizenship,"a republican candidate threatened to block a legal challenge to granting birthright citizenship. sen. cory bookland has defended the idea, citing it's not legal. but there's no clear indication that he can unilaterally do so.",left,center
President Wants to Use Executive Order to End Birthright Citizenship,"house speaker Paul D. Ryan says he doesn't know how to legalize birthright citizenship. the president has pledged to block all incoming lawmakers, even in upcoming races. he and his allies want a decision by the u.s. supreme court. the challenge could result in a lawsuit against the u.s. supreme court.",left,center
President Wants to Use Executive Order to End Birthright Citizenship,there is no clear indication that he would be able to eviscerate birthright citizenship. the 14th Amendment says a child of a given person is a citizen for 85 years. no legal challenges are possible if a child of a given person is granted birthright citizenship. the president also says he wants to eviscerate birthright citizenship by executive order.,left,center
Donald Trump Vows To End Birthright Citizenship,president Donald Trump wants to remove right to citizenship for children born overseas. tuesday's midterm election could cost taxpayers more than $750 million. a national census data show a small number of undocumented immigrants statewide.,center,left
Donald Trump Vows To End Birthright Citizenship,"president will consider executive order to take out right to citizenship for babies in u.s. no presidential order would change right awarded to babies born as birthright Americans. critics said removing right would be ""ridiculous"" and that the system ""has to end""",left,left
Donald Trump Vows To End Birthright Citizenship,"president will make executive order challenging birthright citizenship available in u.s. if the order is approved, the 14th amendment will be removed. in a pre-election interview, he said he could kill a constitutional amendment. experts think he would fail, and he's likely to get elected next week.",left,left
"Democrats urge Trump to cancel Putin summit, after indictment of Russian intel officers",senator mark Warner offered president an ultimatum for upcoming summit with Putin. he says there should be more Americans in the room to ensure his concerns are heard. the white house downplays charges and the obama administration offers no comment.,right,center
"Democrats urge Trump to cancel Putin summit, after indictment of Russian intel officers","sen. mark Warner of the democratic-controlled senate has offered a warning to the president. he said he wants to ensure that president makes 'interference a priority' in the meeting. ""we will be using the summit as a forum to discuss the possible possible iran crisis,"" a top senate official said.",left,center
"Democrats urge Trump to cancel Putin summit, after indictment of Russian intel officers",senators on the intelligence committee demand he consider cancelling the summit. a dozen Russian intelligence officers are accused of hacking party emails in 2016. the charges are in a doj document based on documents they were indicted on. the president was also asked by the white house whether to cancel the summit.,center,center
Texas Congressman Who Settled Harassment Case With Taxpayer Funds Resigns,Representative Blake Farenthold used taxpayer funds to settle sexual harassment. the democrats resigned from congress friday after criticism. mr. Farenthold did not want to run for re-election.,right,center
Texas Congressman Who Settled Harassment Case With Taxpayer Funds Resigns,"""I know in my heart it’s time for me to move along and look for new ways to serve,"" Representative Farenthold said. he used taxpayer funds to settle a sexual harassment case. obama administration accused him of making'self-inflicted' deception.",left,center
Texas Congressman Who Settled Harassment Case With Taxpayer Funds Resigns,Rep. Farenthold used taxpayer funds to settle a sexual harassment case. controversy over the payment and other aides' accusations prompted his resignation. farenthold says he will not run for re-election in the future.,right,center
GOP Rep. Blake Farenthold Resigns After Sexual Harassment Allegations,"farenthold began resigning from congress in late december. he took the move after his ex-communication director said he had ""sexual fantasies"" he had filed a sexual harassment lawsuit in 2014, claims he ""didn't know how to run a congressional office"" the texas republican hasn't spoken publicly since the allegations surfaced.",right,right
GOP Rep. Blake Farenthold Resigns After Sexual Harassment Allegations,"farenthold used taxpayer money to settle a sexual harassment lawsuit. in December, he claimed he had ""sexual fantasies"" and ""wet dreams"" about her. ""if i get fired... i won’t be back in the senate,"" he said. he resigned earlier this year and deleted his Twitter and Facebook profiles.",center,right
GOP Rep. Blake Farenthold Resigns After Sexual Harassment Allegations,"""it’s time for me to move along and look for new ways to serve,"" farenthold tells reporters. he removed twitter and facebook profiles as he announced his resignation. in an e-mail, he asked viewers to send him a retweet of his resignation. farenthold used taxpayer funds to settle a sexual harassment lawsuit in 2014.",center,right
Trump says 'too many voices are being destroyed' by social media censorship,president Trump says too many voices are being destroyed. facebook and twitter have been under fire for allegedly censoring accounts. president has been busy with twitter for years.,center,right
Trump says 'too many voices are being destroyed' by social media censorship,president nixon vows to keep his administration out of the'shadow ban' controversy. both facebook and twitter have been under fire for alleged censoring accounts. both microsoft and twitter have been under fire for ignoring rules violations.,left,right
Trump says 'too many voices are being destroyed' by social media censorship,president has accused social media companies of 'discriminating' against conservatives. twitter says it's only ranking its tweets and searches based on relevance. president's twitter defended tweets as 'too conservative for americans' he said 'too many voices are being destroyed'.,right,right
"Trump Attacks Justice Department As 'Deep State,' Calls For Jailing Top Clinton Aide",sen. john mccain says the u.s. is not “deserving” of the freedom to act. he says the white house should reopen its probes into aide to 2016 election rival. mccain: a top aide to 2016 election rival Hillary Clinton should be jailed. a top aide to campaign rival mccain should be imprisoned under the new law.,left,left
"Trump Attacks Justice Department As 'Deep State,' Calls For Jailing Top Clinton Aide",two women were suspended in the u.s. last week over possible links to the rsa leaks. the white house says the ruling will only be reversed in the future. john avlon says he is furious that the aide was removed from rsa for sending emails.,left,left
"Trump Attacks Justice Department As 'Deep State,' Calls For Jailing Top Clinton Aide",Donald Trump says former aide to 2016 election rival Hillary Clinton should be jailed. he attacks the justice department on twitter in return for holiday. he also calls for a top aide to 2016 election rival in 2016 to be jailed.,right,left
Trump Accuses Former Clinton Aide of Failing to Follow Security Protocols,"president tweets attack on former Clinton aide, calling justice department a ""deep state"" u.s. releases about 3,000 of former secretary of state's work-related emails. u.s., department of justice have since updated policy toward women.",left,center
Trump Accuses Former Clinton Aide of Failing to Follow Security Protocols,"aide had some government passwords to her private.yahoo email account in 2009, when she was secretary of state. this is when she learned she had a private server while secretary of state. aide was fired for allegedly injuring staff, possibly causing an unspecified incident.",right,center
Trump Accuses Former Clinton Aide of Failing to Follow Security Protocols,"Trump made his first ""Crooked Hillary"" tweet less than 48 hours into new year. he accused a former Clinton aide of “disregarding basic security protocols” email was found on husband’s laptop. it was discovered after a hack in which she forwarded government passwords.",center,center
"GOP Rep. Duncan Hunter, Wife Indicted On Campaign Finance Fraud Charges","federal indictments indictment against rep. Duncan and wife, Margaret Hunter. it accuses the couple of improperly using campaign funds for private use. they are accused of using political money to pay for their children's tuition.",left,center
"GOP Rep. Duncan Hunter, Wife Indicted On Campaign Finance Fraud Charges","rep. Duncan Hunter and wife, Margaret, have been indicted on campaign finance charges. the charges relate to improperly using campaign funds for private use. indictment details charges accusing the pair of making efforts to hide their expenses. the couple used political money to pay for their children’s tuition.",center,center
"GOP Rep. Duncan Hunter, Wife Indicted On Campaign Finance Fraud Charges","federal prosecutors say hunts used money for personal benefit. judge orders hunts and wife to serve two-year sentence. a grand jury indicts couple on charges of improperly using campaign funds. husband said: ""i want to get out of the house if things get tough""",left,center
"Representative Duncan Hunter Is Indicted, Accused of Misusing Campaign Funds",federal indictment seeks to punish lone occupant of house. federal government is looking for lone man accused of appropriating funds. rep. liam neal was indicted after sending campaign funds for personal expenses.,left,left
"Representative Duncan Hunter Is Indicted, Accused of Misusing Campaign Funds","congressional panel holds its first hearing in a federal court in new orleans. the case was the subject of months of investigation into campaign funds. a federal grand jury has indicted the california congressman. a spokesman for Mr. Hunter says it is ""purely politically motivated""",left,left
"Representative Duncan Hunter Is Indicted, Accused of Misusing Campaign Funds","new: rep. hunt says indictment is ""purely political motivated"" another republican congressman is facing insider trading charges this month. former re-election campaign aides say he was on campaign trail; now he is charged with filing false fec record. the indictment is expected to give ammunition to the president, a source says.",left,left
Senate Democrats’ Vote to End Shutdown Infuriates Some on the Left,"liberals accuse senators of betrayal and threaten to mount primaries. ron paul: senators must stand up and vote on immigration to help push back on their agenda. he says u.s. should get strong military support, not give up its military status. paul: romney must come through with the gop plan to deal with immigration issues.",left,center
Senate Democrats’ Vote to End Shutdown Infuriates Some on the Left,"liberals, moderates accuse the lawmakers of betrayal. activists call for primaries against some Democrat senators who voted yes. democrats in congress promise to offer legal status to young immigrants. house speaker rick perry says u.s. needs to make tougher immigration legislation.",right,center
Senate Democrats’ Vote to End Shutdown Infuriates Some on the Left,"liberals fear shutdown would be more helpful for the ""dreamers"" leftists and progressives are not impressed by the end of shutdown. house republicans plan not to pass immigration legislation to stop the influx.",left,center
Liberals Fume At 'Worst Negotiator' Chuck Schumer After Deal To End Shutdown,"liberal groups fume at 'worst negotiator in u.s.' after deal to end shutdown. the agreement was a leverage by sen. mitch macconnell. moderate moderates back democrats but the president was not interested. a white house spokesman said the deal is ""unfair,"" despite senate republicans agreeing.",right,left
Liberals Fume At 'Worst Negotiator' Chuck Schumer After Deal To End Shutdown,"liberal groups slam sen. sen. mitch mcconnell for giving away leverage. liberal groups say he's ""the worst negotiator in washington even worse than. credo Action: ""any plan to protect Dreamers that relies on the word of serial liars is doomed to fail""",left,left
Liberals Fume At 'Worst Negotiator' Chuck Schumer After Deal To End Shutdown,liberal groups slam sen. mitch and sen. mitch. deal guarantees that mitch will bring an immigration bill to the floor. liberals say that their group is the worst negotiator.,left,left
"Trump vows birthright citizenship ‘will be ended one way or the other,’ as Hill debate rages","president vowed birthright citizenship will end ""one way or the other"" he also took aim at ex-senator Harry Reid. he said he was considering killing the policy.",left,right
"Trump vows birthright citizenship ‘will be ended one way or the other,’ as Hill debate rages",the president says birthright citizenship will end one way or the other. he is considering killing the policy by executive order. that decision has sparked opposition from conservatives and moderates.,right,right
"Trump vows birthright citizenship ‘will be ended one way or the other,’ as Hill debate rages","president Trump vows that birthright citizenship will end “one way or the other"" he also took aim at former senators from both parties. the policy costs our Country billions of dollars and is very unfair to our citizens.",left,right
"John McCain, Top Democrats Call On Trump To Cancel Putin Meeting",president of the united states has called on the president to cancel his meeting with the president. indictments accuse a dozen Kremlin intelligence officers of hacking democratic party emails. president obama has vowed to meet with Vladimir Putin alone.,left,left
"John McCain, Top Democrats Call On Trump To Cancel Putin Meeting","a senior administration source says there is ""zero"" chance the meeting will be canceled. a senator wants the meeting to be cancelled or postponed. rep. kirk weiss says the president wants the conversation to go downhill. the president is not expecting the meeting to go down well.",left,left
"John McCain, Top Democrats Call On Trump To Cancel Putin Meeting",a senior administration source says there is “zero” chance the meeting would be canceled. the meeting was called off after indictments accusing a dozen Kremlin officials of hacking emails. senators urge the president to cancel the private meeting with the russian leader.,center,left
Democrats Say Trump Should Cancel Putin Meeting After Indictments,"leading Democrats say president should cancel meeting with Vladimir V. Putin of Russia. government indictments allege 12 former Russian intelligence officers hacking the 2016 presidential race. president obama must now push back against the indictments, say senior lawmakers. president obama will hold a meeting with russian prime minister nouri hansen at 1 p.m. et sunday.",center,right
Democrats Say Trump Should Cancel Putin Meeting After Indictments,"u.s. lawmakers urge president to pull out of meeting with russian president. 11 people were indicted in hacking of democratic electronic records. russian intelligence officers were attempting to hack election records. allegations aimed at white house, foreign service agencies.",left,right
Democrats Say Trump Should Cancel Putin Meeting After Indictments,leading democrats say president should cancel meeting with president Vladimir V. Putin. feds indicted 12 russian intelligence officers who hacked democratic emails. alleged hacks included the 2016 presidential race and dnc.,center,right
"Jim Mattis, Defense Secretary, Resigns in Rebuke of Trump’s Worldview","defense secretary resigns in protest of president Trump’s withdrawal from Syria. ""i believe it is right for me to step down from my position,"" he wrote in rebuke. congress appeared to be hurtling toward a government shutdown.",center,left
"Jim Mattis, Defense Secretary, Resigns in Rebuke of Trump’s Worldview","defense secretary resigns. he protests president's decision to withdraw american troops from Syria. resigns amid fears of government shutdown, economy deteriorating.",left,left
"Jim Mattis, Defense Secretary, Resigns in Rebuke of Trump’s Worldview","defense secretary resigns for criticizing president for taking 2,000 troops from syria. rep. chris christie says his resignation should be retweeted to show his support. christie: it is right for him to step down, as he had been doing since august 13. christie: syria may be a rocky place, even under the precipice of chaos.",left,left
Trump Says Defense Secretary Jim Mattis Will Retire In February,defense secretary would retire at end of february. matis served more than four decades in military and headed the central command. budget bill earmarked $700 billion for the defense department this fiscal year.,left,center
Trump Says Defense Secretary Jim Mattis Will Retire In February,"defense secretary Mattis will be leaving the military at the end of february. in his letter, he reiterates that his views ""are better aligned with yours"" in 2016. his resignation letter indicates his final day in office will be february 28.",right,center
Trump Says Defense Secretary Jim Mattis Will Retire In February,a senior american defense chief quits after spending more than $16 billion in military spending. retired general was one of u.s. president's first cabinet picks. troops were withdrawn from the area after allegations of syrian conflict. a republican senator has backed president obama's plan to sack his defense secretary.,left,center
"FBI fires Peter Strzok, months after anti-Trump texts revealed","a 21-year FBI veteran was fired, accusing the firing of being politically motivated. he was on the watch of the secret messages to president obama. president tweeted on sunday, ""it is a total hoax.""",left,right
"FBI fires Peter Strzok, months after anti-Trump texts revealed","american president says he's ""deeply saddened"" by the decision. he blames the firing on a departure from the normal practice of the federal government. attorney says his client is ""in charge of the witch hunt"" but does not think the witch hunt will be dropped.",right,right
"FBI fires Peter Strzok, months after anti-Trump texts revealed","the president asked whether the 'witch hunt' case will now be dropped. he said the firing was a departure from standard practice and politically motivated. attorney for his client lashes out, saying his client is ""deeply saddened"" president has hammered the ex-fbi agent, a 21-year veteran, over the past few months.",left,right
Suspect arrested in Florida in connection with suspicious packages sent to Democrats,the suspect is a white male in his 50s. the package included possibly deadly bombs. the packages were addressed to prominent democratic voters. the suspect is located in a state called ola.,left,right
Suspect arrested in Florida in connection with suspicious packages sent to Democrats,"female suspect is suspected of sending suspicious package in florida. documents say package contained a manila envelope with a bubble-wrap interior. sources say suspect is white male in his 50s, used to live in new york. u.s. postal service operates an innovative imaging system that photographs packages.",center,right
Suspect arrested in Florida in connection with suspicious packages sent to Democrats,authorities are focusing on Florida as the location where majority of packages originated. package contains manila envelope with a bubble-wrap interior containing potentially destructive devices.,left,right
"Rep. Duncan Hunter, wife indicted on corruption charges in California","congressman Duncan Hunter indicted on charges of illegally converting campaign funds for personal expenses. charges include using funds to pay for vacations to Italy and Hawaii, school tuition, dental work and domestic and international travel. house speaker's stance has been criticized as ""serious"" and calls it a political move.",center,right
"Rep. Duncan Hunter, wife indicted on corruption charges in California","former presidential candidate says he is being ""politically motivated"" the charges against hunt include illegally converting campaign funds for personal expenses. it also alleges that he and wife Margaret paid for family vacations, school tuition, dental work. the charges come amid a new trial in the wake of a two-year grand jury investigation.",right,right
"Rep. Duncan Hunter, wife indicted on corruption charges in California","indictment alleges the pair illegally used campaign funds for personal expenses. they allegedly used money to pay for family vacations, school tuition and dental work. congressional speaker Paul Ryan called charges against him ""deeply serious""",left,right
Schumer bashed by the left over shutdown-ending deal,"president obama called the fallout in the shutdown a ""plenty of desperation"" conservative groups are voicing their fury at the vote on ending the shutdown. a liberal group called the ruling ""a stunning display of moral and political cowardice"" democratic leaders have already been gaining momentum on the issue.",left,right
Schumer bashed by the left over shutdown-ending deal,"a few groups in the liberal base blasted sen.-elect Chuck Schumer on the shutdown standoff. the liberal-wing group Indivisible Nation says ""this deal was morally reprehensible"" many criticized their leadership and support of the shutdown deal.",right,right
Schumer bashed by the left over shutdown-ending deal,"congressional leaders criticized for caving to Republicans in shutdown standoff. progressive groups call for end to spending for the ""dreamers"" refugees. the conservatives criticize some senators for ""political malpractice""",left,right
Texas Rep. Blake Farenthold resigns from Congress,"farenthold sent a letter to governor to tell him about his resignation from congress. farenthold was sued by former aide, Lauren Greene, in 2014. staffers accused him of commenting on size of women’s breasts. he was also accused of making jokes about being on ""redhead patrol""",left,left
Texas Rep. Blake Farenthold resigns from Congress,texas gov. Greg Abbott says farenthold resigned from office due to reports. farenthold was sued by former aide in 2014 over allegations of sexual harassment. he had previously said he would not seek re-election in the 2018 midterm election.,center,left
Texas Rep. Blake Farenthold resigns from Congress,"texas representative resigns after allegations of sex harassment and inappropriate behavior. staffers accused Farenthold of comments on the size of women’s breasts. farenthold pledged to repay $84,000 in taxpayer money spent to settle sex harassment claim.",right,left
Trump Accuses Social Media Firms of Discrimination Against Conservatives,president of the united states says social media is censoring conservative voices. social media companies are facing pressure from lawmakers and users. many platforms have removed content from Alex Jones over what they called hateful speech.,right,center
Trump Accuses Social Media Firms of Discrimination Against Conservatives,"president Trump says conservative voices are unfairly censored on social media. ""Social Media is totally discriminating against Republican/Conservative voices,"" he wrote on twitter. social media companies have promised to step up their enforcement practices.",right,center
Trump Accuses Social Media Firms of Discrimination Against Conservatives,president Trump: conservative voices censored on social media. social media firms promise to step up enforcement practices. some social networks used to publish hateful content about anti-russ.,center,center
Donald Trump's Social Media Solution? A Free-For-All For Both The 'Good And Bad',Trump slams social media giants who are closing down the opinions of many people on the RIGHT. he says it is unacceptable that voices are being destroyed.,right,left
Donald Trump's Social Media Solution? A Free-For-All For Both The 'Good And Bad',"Trump accuses social media giants of “closing down the opinions of many people on the RIGHT, while doing nothing to others""",right,left
Donald Trump's Social Media Solution? A Free-For-All For Both The 'Good And Bad',"Trump: ""totally discriminating against Republican/Conservative voices"" ""Let everyone participate, good & bad, and we will all just have to figure it out!""",center,left
"'Jail!' Trump slams 'crooked' Hillary aide Huma, calls on 'Deep State' DOJ to act",president calls on 'deep state' to act to review handling of classified material. a recent email dump cites allegations by former aide on husband's laptop. a second list of emails cited in the scandal follows that of aide in 2009.,right,right
"'Jail!' Trump slams 'crooked' Hillary aide Huma, calls on 'Deep State' DOJ to act",Trump calls on the “Deep State” justice department to look at possible security issues. abedin has been accused of disregarding basic security protocols. aide also sent sensitive State Department emails to her personal yahoo email account.,right,right
"'Jail!' Trump slams 'crooked' Hillary aide Huma, calls on 'Deep State' DOJ to act",nicolaus mills says he is saddened by the 'death and suffering' of aides. he urges the justice department to consider the security of her personal laptop. sen. timothy mccain says aides should have gotten away with it before a judge.,left,right
Donald Trump Signals He Has Investigators Looking Into Obama Citizenship Issue In Hawaii,"Trump says he'd like to beat him ""straight up,"" not on the basis of the birth issue. he will decide whether to run this summer whether to challenge the president's re-election. the real estate tycoon didn't introduce the citizenship issue to voters but was asked about it last month. he said that even ""if his mom is pregnant, she is going to be in his hospital room""",right,center
Donald Trump Signals He Has Investigators Looking Into Obama Citizenship Issue In Hawaii,"""i want to see the birth certificate,"" says Trump on NBC's ""Today"" show. ""if he's nominated, I'd like to beat him straight up,"" not on the basis of the birth issue. he is tied for 2nd with mitt Romney in the 2012 GOP primary field at 17 percent.",right,center
Donald Trump Signals He Has Investigators Looking Into Obama Citizenship Issue In Hawaii,president obama has spoken out against foreign policies. he hopes questions of citizenship won't be defining issue if he runs for re-election. poll shows real estate tycoon is tied for 2nd with mitt Romney in 2012 primary field. he has said he didn't introduce citizenship issue but was asked about it last month.,left,center
"Trump Sends Investigators to Hawaii, Gains in GOP Presidential Primary Poll","Trump says he doubts whether president ""obama"" was born in the united states. americans must show evidence that a person was born in the united states, he says. he has sent investigators to Hawaii and wants to show his birth certificate. the real estate tycoon is a potential 2012 u.s. presidential candidate.",right,center
"Trump Sends Investigators to Hawaii, Gains in GOP Presidential Primary Poll","""Celebrity Apprentice"" star has shot up in polls as a potential gop nominee. he says he's skeptical about whether he was born in the u.s., has sent investigators to Hawaii seeking answers.",right,center
"Trump Sends Investigators to Hawaii, Gains in GOP Presidential Primary Poll",president bush says he fears for the privacy of others. real estate tycoon says he has doubts over whether president Obama was born in the country. he says he has sent investigators to Hawaii to investigate.,right,center
Obama Taunts G.O.P.  for Ignoring Jobs Bill,"president has been campaigning for his job-creation plan but winning no votes from them. the president visited another bridge between washington and vade on the potomac riverfront. he tweaked his biggest shot not at the measure’s Republican opponents, but at those in the house. he said that it makes absolutely no sense when there’s so much work to be done that they are not doing the work.",left,center
Obama Taunts G.O.P.  for Ignoring Jobs Bill,"president has been campaigning for his jobs plan and won no votes from republicans. he was on a trip to the potomac riverfront to promote his job-creation proposals. he took a shot at those in the house to pass a resolution, ""in God we trust,"" when they should be creating jobs. ""it makes absolutely no sense when there’s so much work to be done that they're not doing the work,"" he said.",right,center
Obama Taunts G.O.P.  for Ignoring Jobs Bill,president pushed for $60 billion in infrastructure spending. he tweaked the bill to be passed. the house and the senate both oppose his plan.,left,center
House Reading of Constitution Is Not Without Issues,"the 112th congress begins to read the United States constitution on the floor of the house. the subject of the reading was inscrutable. before the reading, members asked what part of the Constitution would be read. the document was so thorough and detailed that no language was unambiguous.",left,right
House Reading of Constitution Is Not Without Issues,"house of representatives read the federal constitution aloud. the preamble was an attempt to illuminate the meaning, purpose and application of the document. partisan battles were likely to ensue during the reading.",center,right
House Reading of Constitution Is Not Without Issues,house committees on the Constitution read the documents aloud this week. house bill 99 was passed earlier this month. it was a two-day process that requires members to sign it first.,center,right
Weiner Denies Sending Photo but Is Less Sure About Its Origin,"the representative was defending his account before a prankster sent a photograph to a student. he sat patiently for two testy interviews, saying he had done nothing wrong. ""it’s a very sad moment,"" he said of the account.",center,left
Weiner Denies Sending Photo but Is Less Sure About Its Origin,obama adviser says he can't rule out the possibility that the photo came from him. the democrat says he is not the person in the photo who sent it. he says he has never corresponded with her because she has never met him. a facebook remark about his relationship with david beckham is on tap.,left,left
Weiner Denies Sending Photo but Is Less Sure About Its Origin,"democrat denies he sent suggestive photograph to a student in a photo sharing site. ""i can’t say with certainty very much about where the photograph came from,"" he says. ""this was essentially a hacked account that had a gag photo sent out on it,"" he says.",right,left
Perry Goes After Obama Over Don't Ask Don't Tell,"Rick Perry says he'll end ""[president] Barack] Obama's war on religion"" in new ads. he rails against open service of gays and lesbians in military and prohibition against prayer. ""I'm not ashamed to admit i'm a Christian,"" says the Texas governor.",left,center
Perry Goes After Obama Over Don't Ask Don't Tell,"new: a poll shows just six percent support among likely party goers. conservatives have been attacking 'anti-christ"" ads, says h.r.h. trump. in the ads, he rails against the open service of gays and lesbians in the military. Perry's opponent says ""disabled"" media will 'never end' a war on religion""",left,center
Perry Goes After Obama Over Don't Ask Don't Tell,"Perry says he'll end ""war on religion"" in ad in new tv ad in 'iowa' he says he's not ashamed of admitting he's a Christian. he points out ""there's something wrong in this country"" for open service in military. he decried the Obama administration's use of foreign aid to promote rights for gays and lesbians abroad.",left,center
Perry Ad Focuses on Gays and Christianity,"""it can make her strong again,"" states Rick Perry ad. ad appears to contrast Christianity with homosexuality. Perry campaign didn't say where the ad would run.",right,left
Perry Ad Focuses on Gays and Christianity,"Rick Perry says his administration will end ""obama’s war on religion"" christian evangelicals want the government to ban gays in service. aclu has called for more americans to end 'troll-eating' and other religious practices.",left,left
Perry Ad Focuses on Gays and Christianity,"Republican governor is running to be commander-in-chief. the ad vows to end what he calls ""obama’s war on religion"" the ad was criticised by Log Cabin Republicans.",right,left
Trump Pulling Out Of Debate,"Trump says he will not be moderator of his own newsmax debate. lz granderson says he did not want to ""give up my right to run as an independent candidate"" he says he will not be the moderator of a debate, but he will moderate it. granderson: it would have been the most watched debate.",left,left
Trump Pulling Out Of Debate,"Trump announces he is pulling out of his own debate. lz granderson: he's saying he's not trying to give up his right to run as an independent candidate. lz: he's backing the bill clinton vs. republican john mccain. lz: if he loses, he will be replaced as moderator and replace a republican.",left,left
Trump Pulling Out Of Debate,"Trump says he is unable to moderate his own debate. daniel webster: ""i would have favored"" a more conservative approach. he says he won't ""give up my right to run as an independent candidate"" webster: will he continue with debate?",left,left
"Trump Bows Out as Moderator of GOP Debate, Reserves Right to Run for President","he is out of an upcoming debate and was named moderator on tuesday. he says he's looking at a third-party run but doesn't expect the debate to go ahead. he praises ag leaders but also said they've been ""very careful"" he's also talking about an endorsement for a third-party candidate.",right,right
"Trump Bows Out as Moderator of GOP Debate, Reserves Right to Run for President",Trump was named moderator of a debate. most candidates in field turned down his invitation. he says he's considering an independent bid.,center,right
"Trump Bows Out as Moderator of GOP Debate, Reserves Right to Run for President",real estate mogul says he wants to make sure Republicans choose right candidate. he did not expect Newsmax to follow through with debate because of worries about economy. some have said he's still considering an independent bid. he also says he is considering a third-party run.,right,right
Perry Wins Endorsement of Sheriff Joe ,"Rick Perry backs federal policy to deport and deport all illegal aliens apprehended. he says policy would allow officials to focus resources on deporting illegal immigrants. arpaio: ""he doesn’t just talk about it; he does something about it""",left,left
Perry Wins Endorsement of Sheriff Joe ,"the governor's comments come just hours before the n.h. primary. he said he would back federal policy to detain and deport illegal aliens. ""it’s a “horrific policy,"" he said.",right,left
Perry Wins Endorsement of Sheriff Joe ,"Texas governor says he will back deportation of all illegal aliens. he called for detaining and deporting all undocumented aliens. he won endorsement from maricopa county, ariz., sheriff. his op-ed on immigration was seen as a flop by some.",right,left
'America's Toughest Sheriff' Endorses Rick Perry,"arpaio says his endorsement gives governor a credible boost. ""we need a tough-on-crime president who can prevent illegal trafficking,"" he says. arpaio backed move to increase border patrol and fences.",right,center
'America's Toughest Sheriff' Endorses Rick Perry,"arpaio: he will endorse governor of Texas, who opposes full border fence. he urges more federal boots on the ground and fencing along the border. a ""tent city"" for inmates, arpaio also says he supported the bill to send troops to london. a sheriff has denied any involvement in a program that would stop heiresses.",left,center
'America's Toughest Sheriff' Endorses Rick Perry,"arpaio says he'll endorse Perry for republican presidential nomination. he backs tough border policies and immigration. if elected president, he would secure the border ""within a year""",left,center
Supreme Court Hears Argument In Wal-Mart Sex Bias Lawsuit,justices appear ready to block a massive sex discrimination lawsuit. up to 1.6 million women could be included in the lawsuit on behalf of some 1.6 million. a lower court justice says he thinks the sex discrimination issue is out of balance.,right,center
Supreme Court Hears Argument In Wal-Mart Sex Bias Lawsuit,"sex discrimination suit opposes a pay-and-promotion measure against employers. it would go forward against 1.6 million women, with billions at stake if it is allowed to go forward. lower courts seem willing to block the case, allowing women's rights advocates to file claims.",left,center
Supreme Court Hears Argument In Wal-Mart Sex Bias Lawsuit,"the Supreme Court appears ready to block a massive sex discrimination lawsuit. the 10-year-old lawsuit claims that Wal-Mart favors men over women in pay and promotions. if the case is allowed to go forward, it could affect other class-action lawsuits that pool modest individual claims into a single action.",center,center
Supreme Court Questions Claims in Sex Bias Suit Against Wal-Mart,"pending class-action lawsuit against Wal-Mart may soon be dismissed. case covers 1.5 million women and could cost world's largest retailer billions of dollars. justices antonin scaleia, lisa pelosi and charles webb argue for a win. chief justice joe biden, who advocates for women's rights, may later veto case.",left,center
Supreme Court Questions Claims in Sex Bias Suit Against Wal-Mart,"supreme court may dismiss class-action lawsuit on behalf of 1.5 million women. pending class-action lawsuit covers 1,5 million women. justices could split on issues relating to woman lawsuit.",left,center
Supreme Court Questions Claims in Sex Bias Suit Against Wal-Mart,pending class action lawsuit against firm's corporate culture may soon be dismissed. the case covers 1.5 million women and has been filed in the united states. plaintiffs say the company provides enough flexibility to promote better wages. the sex discrimination claim could cost the company billions of dollars.,left,center
Bachmann Newsweek Cover Goes for Insult But Gets Criticism in Return,"""they are basically casting her as a nut job,"" the national organization for women president says. the cover story depicts an unflattering photo of the presidential hopeful. others argue newsweek is a big bad actor and making you feel a little awkward.",right,left
Bachmann Newsweek Cover Goes for Insult But Gets Criticism in Return,"national organization for women president calls cover of newsweek's latest issue ""sexist"" she declines to reveal what newsweek article depicts of the candidate on ""the queen of Rage"" some fear that newsweek's cover of the candidate is causing the controversy.",left,left
Bachmann Newsweek Cover Goes for Insult But Gets Criticism in Return,"""they haven’t even done this to Howard Dean,"" president says. ""we'll have to take a look at that,"" congressional candidate says of cover story. a new photo of Bachmann is not flattering, others call the magazine's portrayal sexist. the nawf president says there is no evidence Bachmann may call a man 'The King of Rage'",left,left
Newsweek's Michele Bachmann Cover Raises Eyebrows,"""THE QUEEN OF RAGE"" features Michele Bachmann on Newsweek cover. conservative websites are already crying foul over the cover. newsweek portrayed mitt Romney as one of the stars of ""the book of Mormon""",left,right
Newsweek's Michele Bachmann Cover Raises Eyebrows,newsweek has recently faced conservative backlash over a Michele Bachmann cover. conservative websites are already crying foul over the cover.,left,right
Newsweek's Michele Bachmann Cover Raises Eyebrows,newsweek features a Michele Bachmann cover that's sure to stir up controversy. conservative websites are already crying foul over the cover. critics are questioning the coverage's relevance to newsworthy.,left,right
AARP Willing To Negotiate On Social Security Retirement Age,the group's policy director said the group is open to discussion about raising retirement age. the AARP reassured labor groups that it had not changed its position on social security. the activist group warned members of congress not to cut benefits for recipients. a former public employee says that's a waste of time.,left,center
AARP Willing To Negotiate On Social Security Retirement Age,"AARP official says group would consider raising retirement age. a recent report said AARP's position ""has not changed"" a union official says the group has a history of division. AARP: ""it is time for lawmakers to walk through it""",left,center
AARP Willing To Negotiate On Social Security Retirement Age,the nation's leading advocate for senior citizens says it hasn't wavered in opposition to cutting Social Security benefits. a top official with AARP said it is open to discussions about raising the retirement age and other changes. AARP launched a national ad campaign Thursday warning members of congress not to reduce benefits.,center,center
Perry TV Ad: I Can Defend Faith from Obama’s “War on Religion,"ad titled ""Strong"" released in ohio says president is attacking social conservatives. u.s. president barack obama is referring to a obama memorandum on gay rights. the ad ends with Perry claiming ""faith made America strong. It can make her strong""",left,center
Perry TV Ad: I Can Defend Faith from Obama’s “War on Religion,"a new ad titled ""Strong"" claims president is waging a ""war on religion"" john avlon: the candidate can't help but be against people of faith in this country. avlon says he's the man that could defend the faith in the country.",left,center
Perry TV Ad: I Can Defend Faith from Obama’s “War on Religion,"governor claims president's war on religion is ""ending"" conservatives in ad. he says the gop can defend faith in the united states. his new ad: ""faith made America strong.""",right,center
House Republicans Read Constitution On Second Day In Power,the house read the Constitution on the second day of republican rule. conservatives will have to include a statement by the lawmaker who wrote it. republicans have made strict adherence to the Constitution a key tenet of their effort to reduce the size of the federal government.,right,left
House Republicans Read Constitution On Second Day In Power,the u.s. house will read the constitution on the second day of republican rule. the seven articles and 27 amendments make up the nation’s governing document. republicans have made strict adherence to the Constitution a key tenet of their effort to reduce the size of the federal government.,right,left
House Republicans Read Constitution On Second Day In Power,"a new republican rule will require all new bills put forth in the legislative body include “a statement” by the lawmaker. the rules will be adopted when the house takes office on Jan. 5. on its second day of Republican rule, the house read the Constitution.",right,left
Purpose Behind Congressional Reading of Constitution Questioned After Amendments Are Omitted,"house reading aloud the country's founding document didn't recite all passages. republicans say obsolete parts can be skipped because they've been superseded by amendment. rep. jerry christensen says passage of the 21st amendment is ""no less significant"" than others.",center,center
Purpose Behind Congressional Reading of Constitution Questioned After Amendments Are Omitted,house reading aloud the country's founding document didn't recite every verse and article. Republicans argued that the obsolete parts can be skipped since amendment has been overridden. all the original decisions remain in the Constitution. lawmakers voted to go ahead with the reading.,center,center
Purpose Behind Congressional Reading of Constitution Questioned After Amendments Are Omitted,"lawmakers did not recite all of the provisions in the original document. they skipped provisions such as prohibition on liquor and the 21st Amendment. the original decisions remain in the document, including copies authorized by congress.",left,center
Anthony Weiner Twitter Photo Scandal: Congressman Breaks His Silence,"congressman hired a lawyer after receiving rumors of hacking on twitter. he broke his silence about the lewd photo sent from his twitter account last weekend. the tweet of a lewd photo of a man's bulging underpants was sent last weekend. he described it as a prank, saying it was a prank.",right,center
Anthony Weiner Twitter Photo Scandal: Congressman Breaks His Silence,"new: congressman calls tweeter ""a jackass"" for interrupting him. congressional candidate says he's hired a security firm to investigate the situation. an image of a man's underpants was sent to a student a week ago. ""i don't know who did,"" the congressman told a national security agency.",left,center
Anthony Weiner Twitter Photo Scandal: Congressman Breaks His Silence,"congressman antonin vinson tweeted photo of unflattering underpants online. he says it was ""a prank on the internet,"" but that was not a prank. vinson said he's hired a private security company to investigate how his account has been hacked. he has not answered a reporter's questions but has hired a lawyer.",center,center
"Rep. Weiner Denies Sending Lewd Photo, Can't Say Whether Image Is Him","""there's a lull in the lull in the lull,"" congressman says. rep. Anthony Weiner says he's not going to take the picture personally. the democrat is known for his combative style in interviews.",right,right
"Rep. Weiner Denies Sending Lewd Photo, Can't Say Whether Image Is Him","congressman says he believes he did not send picture of underwear to student. ""this is the tactic,"" the congressman tells reporters.",right,right
"Rep. Weiner Denies Sending Lewd Photo, Can't Say Whether Image Is Him","""it's a joke,"" rep. winery tells reporters, ""this is the tactic"" the congressman says he's certain he did not send a lewd photo of something's bulging underwear to a college student. he's called the photo a ""prank"" and said ""this guy in the back of the room"" wants the conversation to be about him. he continued to allege that he was the victim of a computer hacker.",left,right
Trump Plans Meeting on Arizona Birth Bill ,"president obama has shown a certificate of live birth from Hawaii. one bill would require candidates for president to prove that they are natural born citizens. a cnn poll showed the most favored candidate among republicans. john edwards, hillary clinton and bob kerry are backing a bill to require citizens to prove citizenship.",left,center
Trump Plans Meeting on Arizona Birth Bill ,a bill would require candidates for president to prove that they are natural born citizens. Mr. Trump invited a handful of tea party leaders to discuss the bill with him. polls show many Republicans believe that. Barack obama was not born in this country.,center,center
Trump Plans Meeting on Arizona Birth Bill ,"a bill would require candidates for president to prove that they are natural born citizens. polls show most of the white house believes that obama was not born in this country. cnn sports editor robert stevens, president of the tea party, calls for the measure.",left,center
Obama Mocks Congress For Vote,"house votes 396-9 on a bill to reaffirm ""In God We Trust"" as the national motto. president barack obama mocks congressional spending on frivolous legislation. bill sponsor had said some people needed to be reminded of the motto. ""if congress tells you they don't have time, they've got time to do it,"" the president says.",right,right
Obama Mocks Congress For Vote,"the house approves a bill reaffirming the slogan ""in God we trust"" in schools. that bill is sponsored by a congressman who says that the national motto is ""e pluribus unum"" some senators objected to the measure that could have given some time for an education fund. but critics say it was a way to use the phrase ""pray"" rather than ""get ready"" for a debate.",center,right
Obama Mocks Congress For Vote,"president barack obama mocks congress over lack of time to tackle jobs bill. he says bill reaffirms ""in god we trust"" motto, urges it be displayed in schools, government buildings. bill's sponsor says some politicians needed reminder of the motto. republicans protested bill saying it would hurt economy, hurt business.",left,right
Obama: ‘In God We Trust' Vote Not Creating Jobs,president says he believes in God but God wants to see us help ourselves. president praises rep. Randy w. bush and others for raising issue. w. bush: president should not let his family be a commie.,left,left
Obama: ‘In God We Trust' Vote Not Creating Jobs,"sen. rand paul questions how well the naacp is funding its own infrastructure. ""if we can do more, we will be doing more,"" he says. president also calls out house speaker for do-nothing congress. president calls ""american education"" ""a good step in helping the future generations""",left,left
Obama: ‘In God We Trust' Vote Not Creating Jobs,"president of the united states, al sharpton, praised the president at a key bridge speech. the phrase quoted by the president is not in the bible, though it is often mistaken as a verse. the president called out house speaker boehner for a do-nothing congress. the president told reporters his bill would support a wall street swath fund for infrastructure.",right,left
Bachmann Cover Controversy Prompts Response From Newsweek,"critics and some conservatives say the cover of Newsweek is disrespectful and ridiculous. a picture of a candidate holding a vote is splashed across the cover of the magazine. one blogger says it would be a mistake to write in bold white letters ""the Queen of Rage""",right,center
Bachmann Cover Controversy Prompts Response From Newsweek,conservatives have expressed outrage for Newsweek’s choice of photo of candidate Michele Bachmann. the image is too close and wide to be seen. other photos show her smiling with an open grin.,right,center
Bachmann Cover Controversy Prompts Response From Newsweek,"a picture of a sitting congresswoman is on the cover of the upcoming edition of Newsweek. ""the queen of rage"" was written on the image in bold white letters. at the bottom of the page are the words ""the Queen of Rage""",left,center
AARP Open to Social Security Cuts,"a powerful group for older Americans said it was open to modest reductions in benefits. joann mcdonald, alexander w. drexler: AARP’s stance on potential cuts could provide ammunition to fiscal conservatives. they say social security workers should be willing to accept the lowered benefits, even if the company is losing support. drexler: it is time for lawmakers to walk through the watershed moment.",left,center
AARP Open to Social Security Cuts,"AARP says it will consider modest reductions in Social Security benefits. moderate democratic group calls AARP's decision a ""watershed moment"" cnn.com's martin luther says AARP has gone too far in the debate. other advocacy groups say AARP is effectively abandoning its core constituent.",left,center
AARP Open to Social Security Cuts,"AARP's policy chief said he does not want to cut benefits but instead want to see system made solvent. critics say group has blown its support out of proportion to its own membership. he says group should have embraced the idea that paying older recipients could be more attractive. he says it should have protected its interests and was still a ""no-brainer""",right,center
AARP Pushes Back on Claim About Social Security Concessions as Lawmakers Push Reform,"AARP dismisses report saying it accepts benefits cuts but seeks ""benefit adjustments"" meanwhile, some lawmakers debate proposals to increase retirement age by 69. iowa health bill makes millions in a decade better than the u.s.'s $415 billion.",left,center
AARP Pushes Back on Claim About Social Security Concessions as Lawmakers Push Reform,"a new report says the AARP accepts cuts but needs ""benefit adjustments"" more than expected, an independent senate committee is calling for cuts. a texas senator unveiled her own reform package.",left,center
AARP Pushes Back on Claim About Social Security Concessions as Lawmakers Push Reform,"the AARP claims it is dropping its opposition to benefits cuts. but it acknowledges ""benefit adjustments"" would be necessary to make social security solvent. a bill would raise the retirement age to 69 over 16 years and cut cost-of-living adjustment by 1 percent. senators from both parties call for changes, as they say their budget reflects public policy.",right,center
Justices Take Up Crucial Issue in Wal-Mart Suit,sex discrimination class action against Wal-Mart Stores v. Dukes. justices struggled to find a way to distinguish between gap in pay and unlawful discrimination. justices: justices didn't agree with the plaintiffs' theory that company policies gave local managers too much discretion.,left,center
Justices Take Up Crucial Issue in Wal-Mart Suit,cnn opinion: justices struggled to find a way to distinguish between gaps in pay and unlawful discrimination. cnn's david rothkopf: justices struggled to find a way to distinguish between unfair and unlawful discrimination. he says some justices felt that the decision could have a lasting effect. rothkopf: the issue was if women could join together to file a lawsuit.,left,center
Justices Take Up Crucial Issue in Wal-Mart Suit,"Wal-Mart Stores v. Dukes, No. 10-277, is the largest employment discrimination class-action in history. justices are now trying to determine whether hundreds of thousands of female workers have enough in common to join together in a single lawsuit. justices worry that a ruling would allow the case against Wal-Mart to go forward.",center,center
Arizona Sheriff Joe Arpaio Endorses Rick Perry,"arpaio endorses governor of Texas in campaign swing. ""we need a tough-on-crime president who will champion and fund full-time border security,"" said Perry. ""an unprecedented amount of money"" from arpaio will help security, he says.",right,center
Arizona Sheriff Joe Arpaio Endorses Rick Perry,"arpaio endorses three term Texas governor Rick Perry for the Republican nomination. the endorsement could prove helpful to Perry who has faced criticism for his support of DREAM children. Perry has previously supported amnesty, but also supported a path to citizenship.",right,center
Arizona Sheriff Joe Arpaio Endorses Rick Perry,"arpaio supports three term Texas governor Rick Perry for the Republican nomination. the endorsement could prove helpful to Perry who is facing criticism over his stance on illegal immigration. in a campaign swing with other candidates, arpaio supported the governor on monday.",right,center
Trump Won't Go Forward With Debate,"Trump says he can't run in independent election, if he is unhappy with candidates. but he decided to drop the debate so he could talk about putting his choice for the win in front of the audience. he is now deciding not to moderate a presidential debate for the first time.",right,center
Trump Won't Go Forward With Debate,"the former u.s. rep. jr. michael holtzman said the president ""must leave all of my options open"" he decided not to moderate a debate, admitting he has no other options. he drew criticism by the party and many voters for his decision.",left,center
Trump Won't Go Forward With Debate,"william bennett says he will resign from the political scene after declining to moderate debate. bennett: he should not run as an independent candidate, as he is a successful businessman. he says that the issue of a democratic election system is a big part of his appeal. bennett: if a president runs in the fall and his campaign can get in the way, it's a bad idea.",left,center
Maine Gov. LePage opens door to early exit,state lawmakers are pushing for governor Paul lepage to step down. he opened the door to a possible early exit on thursday. the governor apologized repeatedly for an expletive-ridden voicemail for a state representative.,right,left
Maine Gov. LePage opens door to early exit,lePage apologizes for calling rep. Gattine a racist. he also calls the comments racist and says he has spent his life helping black people. republican senators want a new governor to take office. he is seeking a new position as Maine governor.,left,left
Maine Gov. LePage opens door to early exit,"Maine governor is considering firing his boss. legislators and the state legislature are pushing for his removal. ""you c---sucker"" is a racist, the governor said.",center,left
Arguments Get Personal Between Donald Trump and Ted Cruz,Trump has slowly escalated a war of words on Twitter against Senator Ted Cruz. david frum says the front-runner could drive away women from candidates. he says the race is a race where women are the focus of attention. frum: women should avoid candidates running farther down the ballot in fall.,center,center
Arguments Get Personal Between Donald Trump and Ted Cruz,"lz granderson: u.s. president has stirred up new debate on twitter. lz: on his wife, he threatened his rival to ""spill the beans"" on her depression. lz: if he ran, she will never win in a big election, but she will be lost. lz: for u.s. president to win in 2014, he needs to take control of the white house.",left,center
Arguments Get Personal Between Donald Trump and Ted Cruz,a super PAC started to push anti-congress ad and tweeted it. julian zelizer: the ad used an old nude photo shoot of a former model. he says his wife had been portrayed as one of the worst-dressed white women. zelizer: the message was the same: women aren't considered minority candidates.,left,center
Did Ruth Bader Ginsburg Cross The Line With Her Donald Trump Comments?,Ginsburg has been joking that she might move to New Zealand if Trump wins. some legal academics and Supreme Court observers are raising questions. others suggest she might have to recuse herself from considering Trump-related cases.,center,left
Did Ruth Bader Ginsburg Cross The Line With Her Donald Trump Comments?,"a number of legal academics and Supreme Court observers are raising questions about the propriety of Ginsburg’s candor. some experts suggest she might have to recuse herself from considering any Trump-related case. for a court that cares a great deal about appearances, this certainly creates a ""convex line""",left,left
Did Ruth Bader Ginsburg Cross The Line With Her Donald Trump Comments?,"despite her candor, some experts question her impartiality. some advocates say she may have to recuse herself from a future Trump case. others say she's inherently swayed by the chance to run for president. some argue she could be considered as a role model and can appeal against.",center,left
Trump gets into Twitter feud with former Mexican president,Trump angered the critics by inviting former Mexican leader to meet with him. ron paul says his comments were 'too shortsighted',center,right
Trump gets into Twitter feud with former Mexican president,Vicente Fox has been outspoken against the republican nominee. he says he disagrees with current president pea's invitation to meet with him. tweets from both sides condemn the trip and slam the incoming president.,right,right
Trump gets into Twitter feud with former Mexican president,detractors responded on twitter by calling for apology and'stop lying' former president Fox declares that the u.s. president is not welcome in the country. critics also call for the president to apologize and'stop lying',left,right
"Vicente Fox and Felipe Calderón, 2 Ex-Presidents of Mexico, Say No Way Country Is Paying for Donald Trump's Wall","former presidents of u.s. and europe condemn wall builder Vicente Fox. he called on his rival Felipe caderón to open his eyes. ""i'm not going to pay,"" he said; ""he should pay for it. he's got the money"" he called the new wall ""like a political weapon""",left,center
"Vicente Fox and Felipe Calderón, 2 Ex-Presidents of Mexico, Say No Way Country Is Paying for Donald Trump's Wall","a former president says ""he should pay for it."" his successor says it is ""completely useless"" the former president, who defended the wall, spoke out against it.",left,center
"Vicente Fox and Felipe Calderón, 2 Ex-Presidents of Mexico, Say No Way Country Is Paying for Donald Trump's Wall",two former leaders express anger over use of foul language to praise the wall. former president and new polling analyst says many think the wall is a waste of time. the white house said it was to avoid an increase in its tax burden on immigrants.,center,center
"For Trump and Bloomberg, Cordial Ties Have Soured","two billionaires had a rift going back many years, according to people who know them. a few occasions, the two met on the golf links. ""the only place Mike and Donald would have seen each other is on a golf course or on a TV set,"" says an adviser to Mr. Bloomberg.",center,left
"For Trump and Bloomberg, Cordial Ties Have Soured","cnn's eric liu writes that the two billionaires had a rift going back many years. liu: ""if you give to those things, it will be a great encouragement to them to run the country"" ""he's an aging man who likes a good laugh,"" a fellow advisor says. liu: if you give to those things, you will receive gifts to help them run their community.",left,left
"For Trump and Bloomberg, Cordial Ties Have Soured","the two billionaires have been close in their career. they haven't been part of the business, political or charitable community since the Koch administration. but they haven't really rekindled the friendship since the snub at the dnc.",left,left
Bernie Sanders Meets President Obama and Pledges to Work to Defeat Donald Trump,a u.s. senator meets with president and urges him to continue campaign. he says he wants to end the legacy of a failed republican leadership. but the u.s. remains in limbo over what the president says will be his successor.,right,center
Bernie Sanders Meets President Obama and Pledges to Work to Defeat Donald Trump,"sen. Bernie Sanders wants to stop the end of a massive race for u.s. president. sen. julian zelizer, r-new jersey, says he is ""shocked and moved"" by the meeting. zelizer says sen. john mccain may decide against sen. chris christie. jfk's campaign criticized by mccain for not running on the same principles.",left,center
Bernie Sanders Meets President Obama and Pledges to Work to Defeat Donald Trump,"nypd president obama will focus on economic recovery, spokesman says. sen. brian johnson to visit white house for talks. democratic leaders have had mixed reactions.",left,center
"Obama endorses Clinton for president, on heels of Sanders meeting","""I don’t think there’s ever been someone so qualified to hold this office,"" the president says. the president formally endorses Hillary Clinton to succeed him in the white house. the video was posted on his campaign site just moments after meeting with her rival Bernie Sanders. the president says he will no longer stand on the sidelines during this week's democratic primary.",right,right
"Obama endorses Clinton for president, on heels of Sanders meeting","president says ""whatever the next president is, it will be Hillary"" ""i don’t think there’s ever been someone so qualified to hold this office,"" the president says. ""i know how hard this job can be. That’s why... I know Hillary will be so good at it,"" the president says. but he is a firm supporter of her and she has the ""courage"" to succeed him.",left,right
"Obama endorses Clinton for president, on heels of Sanders meeting","""i don’t think there’s ever been someone so qualified to hold this office,"" president says in video. 'this is the second time it's been so dramatic for me,"" Clinton campaign manager says. sen. mitch mcconnell says president obama should make his 'no-fee-sh*t' promise.",left,right
Pelosi wins another term as House Democratic leader; Ryan’s dynamic challenge falls short,"florida congresswoman wins challenge by 134-to-63 vote to stay in post. house majority leader pelosi expected to challenge for eighth term in legislature. u.s. rep. marcia fudge says pelosi won't have to face ""an uphill battle""",left,left
Pelosi wins another term as House Democratic leader; Ryan’s dynamic challenge falls short,florida democratic rep. Nancy pelosi defends her leadership title in ohio. a midwestern democrat challenges pelosi to the house minority leader seat. a new-look republican argues newer lawmakers need a bigger voice. house minority leader samuel brown says pelosi is a strong candidate to challenge.,left,left
Pelosi wins another term as House Democratic leader; Ryan’s dynamic challenge falls short,california democrat wins 134-to-63 vote as hr minority leader. republicans criticized for failing to pick more racial candidates. republicans said there was no danger of losing senate majority in april. republicans had cited delusions of supporting pelosi a decade ago.,left,left
"Trump takes on Obama, Clinton over ‘radical Islam’ as candidates condemn terror","Donald Trump criticizes presidents for not using the term ""radical Islam"" he adds that he is trying to save lives and prevent the next terrorist attack. new: ""the death toll in this shooting is high,"" says michelle obama. the death toll in the terror attack on the united states since 9/11 was 50.",right,right
"Trump takes on Obama, Clinton over ‘radical Islam’ as candidates condemn terror","new: lbj: slain man had hailed president as 'father of terror'; some were shot. new: former governor of london says ""a lot of terror and terrorism"" were behind attack. ""we can't afford to be politically correct anymore,"" Trump says in new twitter rant. tuesday's terror attack at a packed nightclub fueled tensions in presidential race.",left,right
"Trump takes on Obama, Clinton over ‘radical Islam’ as candidates condemn terror","Trump blasts President Obama and Hillary Clinton for avoidring term ""radical Islam"" he asks that the term ""radical Islam"" not used in this campaign. presidents go to court after the shooting at a packed florida club. the gunman pledged allegiance to ISIS leader abou Bakr al-baghdadi.",left,right
Senate Overrides Obama's Veto Of 9/11 Victims Bill,a bill would let 9/11 victims sue Saudi Arabia over its alleged ties to terrorists. senators from both sides of the aisle tried to override veto. it's the first time a chamber of Congress has had the votes to overrule a veto. a veto is possible only if they meet certain standards.,left,center
Senate Overrides Obama's Veto Of 9/11 Victims Bill,"97-1, is the first time a chamber of congress has had votes to override a veto. two senators didn't vote at all: sen. mccain (R-Nev.) and bill's sponsor, d-rep. harry reid. the bill to sue the alleged sponsors of terrorism was passed by the house. the kingdom denies the 9/11 attacks and multiple u.s. government investigations have cleared it of",left,center
Senate Overrides Obama's Veto Of 9/11 Victims Bill,two senators didn't vote at all: Sens. Tim Kaine (Va.) and Bernie Sanders (I-Vt.). the house voted later on Wednesday to override the veto. the bill lets 9/11 victims sue the kingdom for its alleged role in the terror attacks.,left,center
"Congress rejects Obama veto of 9/11 bill, in first override of presidency","the house overrides a bill letting families sue the saudi government. house defeats the measure, which could hurt national security. congress has not seen a move that could save a more than 3 million lives.",left,left
"Congress rejects Obama veto of 9/11 bill, in first override of presidency","new: sen. cornyn, ""d-iowa,"" says he supports the bill. the bill let victims sue the government in an effort to bring more justice to their loved ones. a veto vote in the house reversed the decision by the house. a democratic group has voted for more compromise in the bill.",left,left
"Congress rejects Obama veto of 9/11 bill, in first override of presidency","congress rejects veto by majority of majority, with 97-1 vote. white house warns bill could cause chaos if adopted by other countries. measure lets families of 9/11 victims sue the Saudi Arabian government. family of 9/11 victims says they'll sue if they find justice 15 years after attacks.",center,left
Donald Trump Rebukes Ruth Bader Ginsburg for Deriding His Candidacy,"president hit out at a supreme court justice for speaking out on the campaign trail. Ginsburg joked about moving to new york, and praised as the president. a spokesman for the justice defended her comments.",left,right
Donald Trump Rebukes Ruth Bader Ginsburg for Deriding His Candidacy,u.s. president is targeting a third term as a vp candidate in april. he criticizes justices he accuses of being involved in political campaign. he said that he would hope the justice would get off the court quickly. he said he had no intention of making a decision in this election.,left,right
Donald Trump Rebukes Ruth Bader Ginsburg for Deriding His Candidacy,Trump slams justice ginsburg for disdainful remarks about his candidacy. Ginsburg joked that she is considering moving to new zealand. he hopes the senate will approve or deny her nomination.,center,right
Ginsburg under fire from both sides over ‘highly inappropriate’ Trump comments,"new: critics tell cnn the conservative justice is a 'faker' and will not be re-elected. new: political hawks criticize the justice's comments, arguing it was only an editorial. justice bush says she was ""pleased"" by sen. john mccain's comments. republican repubs slams justice of the peace, calling him a ""fake"" who's not qualified.",left,center
Ginsburg under fire from both sides over ‘highly inappropriate’ Trump comments,a conservative blogger accused a presidential campaign of alienating her from voters. justice justice john kerry is out-of-touch and is still under pressure. liberal icon says kerry's remarks were a political attack on her party.,left,center
Ginsburg under fire from both sides over ‘highly inappropriate’ Trump comments,"americans are shocked by the comments of justice robert adams. ""this is stupid,"" says adams, referring to rick santorum, the former head of the justices' office. democratic lawmakers want justice john kerry to step down, but he'll not. the supreme court has been under fire since a lawsuit was filed in december.",left,center
"Vicente Fox, Ex-President of Mexico, Scoffs at Donald Trump’s Visit",former president of the republican presidential nomination speaks against invitation to visit. vice president for america tells cnn he cannot trust the man. he mocks the invitation and urged americans not to vote for him.,left,center
"Vicente Fox, Ex-President of Mexico, Scoffs at Donald Trump’s Visit",vice president vicente fox is not welcome to Mexico. he said that the invitation from president pea Nieto was a mistake. he says there is no need for them to trust him as he demonizes its people. he also accused him of lying and urging his followers not to vote for him.,left,center
"Vicente Fox, Ex-President of Mexico, Scoffs at Donald Trump’s Visit",former president called the invitation from pea nieto a mistake. he urged americans not to vote for him and condemned the president. he condemned the president's promises to deport 11 million undocumented immigrants.,left,center
Former Mexican President Vicente Fox Slams President Enrique Peña Nieto For Meeting Trump,"former Mexican president Vicente Fox says pea nieto invites Donald Trump. his comments come before he is scheduled to give a speech on immigration in Arizona. ""he is not welcome to Mexico,"" Fox says of the invitation.",right,left
Former Mexican President Vicente Fox Slams President Enrique Peña Nieto For Meeting Trump,Mexican president calls on Pea Nieto to stand up to the current candidate. pea Nieto will give a speech on immigration in Arizona on friday. cnn reports on the meeting at 11:38 a.m. et on thursday. the meeting will be Trump’s first as a presidential nominee.,right,left
Former Mexican President Vicente Fox Slams President Enrique Peña Nieto For Meeting Trump,"Trump will give a speech on immigration in Arizona on tuesday. sen. cory booker: pea Nieto was invited to meet with him just hours before his speech. he says he won't be an ""invitation to win an election"" but critics say a meeting with a foreign leader would be a mistake.",left,left
Former Mexican President Fox to Trump: We won't pay for 'that f***ing wall!',"former Mexican president questioned allegiance to the Republican party. ""he is not a democrat. absolutely not,"" he said. his successor had earlier said he wants hispanics to join the u.s. for border wall.",right,right
Former Mexican President Fox to Trump: We won't pay for 'that f***ing wall!',former president says he won't vote for controversial border wall. he told a news reporter he would not pay for the wall. he said a wall would not be worth it but not the money.,right,right
Former Mexican President Fox to Trump: We won't pay for 'that f***ing wall!',"former Mexican president Vincente Fox said he is not going to pay for any part of a border wall. ""he’s not a Republican. Absolutely not,"" he said. after leaving office, former governor said he would vote on a border wall. he also questioned the u.s. election results.",right,right
Former Mexican President: 'I'm Not Going To Pay For That F**king Wall',the former president says Trump should pay for a border wall. he's not willing to fund his opponent's idea. the wall could be built to keep undocumented immigrants out of the u.s.,center,left
Former Mexican President: 'I'm Not Going To Pay For That F**king Wall',former president viente Fox says Mexico is not willing to fund a wall. he is an advocate for his stance on allowing undocumented migrants to come to the u.s. he says he wants a wall to keep undocumented migrants out of the country.,center,left
Former Mexican President: 'I'm Not Going To Pay For That F**king Wall',"former president and ex-mexican president Vicente Fox denies backing a wall. he says that as a taxpayer, he's not willing to fund him or for his big idea. former president and former president caliphate says he'll not pay for wall if he's elected.",center,left
Ted Cruz Accuses Donald Trump Of Planting 'Garbage' Affair Story,"Ted Cruz accuses president obama of backing the ""National Enquirer"" the tabloid had published a story claiming that Cruz had extramarital affairs with five women. the senator says his supporters at the Enquirer were doing his bidding. the news spills into an exchange between Cruz's former communications director and a columnist.",left,center
Ted Cruz Accuses Donald Trump Of Planting 'Garbage' Affair Story,"senator teddy murray condemns the ""attacks are garbage"" against the president. Cruz accuses u.s. tabloid that the rumors of sex marriage were fabricated. the texan denies any wrongdoing. a spokesman for the report's parent company denies it was influenced by the backers.",left,center
Ted Cruz Accuses Donald Trump Of Planting 'Garbage' Affair Story,"""these attacks are garbage,"" texas senator says. national enquirer says it's just a tabloid story but has not backed out. Cruz's former communications director says she's not in love with writer. his campaign denies an affair with his former colleague.",center,center
"Cruz blames Trump for affair story, hints he wouldn't support him in general election","critics blame a national enquirer story that alleged a married senator had affairs. Cruz: ""i don’t make a habit out of supporting people who attack my wife and attack my family"" the feud stems from a campaign ad featuring a naked girlfriend.",left,center
"Cruz blames Trump for affair story, hints he wouldn't support him in general election",cnn's antony poll says the two men have the same issues as previous presidential candidates. the news comes the week after a super PAC published a spoof photo of the president. campaign pledged to support Trump if he wins the republican nomination.,center,center
"Cruz blames Trump for affair story, hints he wouldn't support him in general election","tna tabloid reports obama has been hurt after misstep with his husband. senator tedred crawford says he's sticking to his vow to support candidate if elected. crawford claims it is only because the obama campaign has become more critical of his wife. campaign spokesman says the tabloid article is ""complete and utter lies""",left,center
"Paul LePage, the Governor of Maine, Now Says He’s Not Quitting","legislators called for special session to at least rebuke governor over profane threat. governor says he has backbone, was seeking ""spiritual guidance"" ""i am not an alcoholic, and I'm not a drug addict,"" he adds. he also apologizes, vows to ""no longer speak to the press ever again after today""",left,right
"Paul LePage, the Governor of Maine, Now Says He’s Not Quitting",Maine's governor warns he might abort his second term if he'resigns' lawmakers call for a special session to at least rebuke the governor. state officials say he's in trouble with lawmaker for his profane threat.,left,right
"Paul LePage, the Governor of Maine, Now Says He’s Not Quitting","lepage: ""what I have is a backbone"" state legislatures say rebuke him over profane threat to shoot a democrat. state lawmakers, political leaders say they believe vote should be reversed. senators say rebuke ""really dumb"" measures, including ""too bad for the public""",left,right
Paul LePage Says He Won't Resign After All,"governor says he has no plans to quit and will no longer speak to the media. he made the comments in reconciliation meeting with rep. darrell gattin. gattin, a member of the governing party, says lePage is not mentally able to serve.",right,center
Paul LePage Says He Won't Resign After All,"paul lepage vows to seek out a new job to promote economic growth. he apologized for calling rep. Drew Gattine a “son of a cocksucker"" in a voicemail. ""i will no longer speak to the press ever again,"" he told reporters on wednesday.",right,center
Paul LePage Says He Won't Resign After All,LePage said he has no plans to resign from his job. he will no longer talk to media from this day forward. he hinted he might resign before his term ends in 2018.,center,center
Donald Trump Calls On Obama To Resign Over Orlando Shooting,"president Obama said that he disgracefully refused to even say ""radical Islam"" in his comments. presidents praised the shooting as an ""act of terror"" and a ""act of hate"" in their remarks on Sunday, both Obama and Clinton referred to the shooting as an ""act of terror""",left,center
Donald Trump Calls On Obama To Resign Over Orlando Shooting,"president Obama made the controversial call during his speech on the shooting. both Clinton and Obama referred to the shooting as an ""act of terror"" and an ""act of hate""",left,center
Donald Trump Calls On Obama To Resign Over Orlando Shooting,"president Barack Obama has refused to use the words ""radical Islam,"" criticizing his response to an Orlando nightclub shooting. presidents Obama and Clinton have been critical of each other's response. the former democratic president was also critical of a debate on immigration.",left,center
"After Nightclub Massacre, Obama Expresses Outrage and a Familiar Lament","president obama vows to respond forcefully to nation’s deadliest mass shooting. julian zelizer: ""to actively do nothing is a decision, as well"" ""we have to decide if that’s the kind of country we want to be,"" he said in tribute to massacre. zelizer: president obama's last speech was about ""protecting and protecting"" gays.",left,left
"After Nightclub Massacre, Obama Expresses Outrage and a Familiar Lament","john sutter: president obama vows to respond forcefully to nation's deadliest mass shooting. he calls for congress to remove ""radical Islamic state"" from u.s. presidency. sutter: ""in the last days we've seen, seen, heard, seen, felt the worst""",left,left
"After Nightclub Massacre, Obama Expresses Outrage and a Familiar Lament","president obama vows to respond forcefully to what he calls a devastating “act of terror and an act of hate"" u.s. president-elect: ""if we don’t get tough and smart real fast, we are not going to have a country anymore"" the gunman pledged his allegiance to the islamist terrorism. ""if we get tough, we get smart and we don’t know what to do, we do not know what to do""",left,left
Senate Set to Override Veto on Bill Allowing 9/11 Suits Against Saudi Arabia,congress to vote to override veto of bill allowing families of victims to sue for role in 9/11 plot. bill grants other countries broad immunity from lawsuits if they are found to have played role in terrorism. measure would allow families to sue Saudi Arabia for any role in terrorist plot.,center,center
Senate Set to Override Veto on Bill Allowing 9/11 Suits Against Saudi Arabia,congress is set to vote on overriding president's veto of bill allowing families of the 9/11 attacks to sue Saudi Arabia. lawmakers will try to obviate veto but hope to win over the bill before the election. democrats tried to play down any split between the two parties.,right,center
Senate Set to Override Veto on Bill Allowing 9/11 Suits Against Saudi Arabia,congress to vote to override veto of bill that lets families sue nations. bob greene: veto put u.s. at risk overseas from retaliating nations. he says it would put americans at legal risk from retaliating. greene: nato is helping to improve surveillance efforts.,left,center
Nancy Pelosi Re-Elected House Minority Leader,"dozens in her caucus voted against her in secret ballots. some say she is not the messengers to energize the base and communicate an economic message. ""You can’t really blame Nancy Pelosi for gerrymandering,"" Rep. dan cortez says.",right,right
Nancy Pelosi Re-Elected House Minority Leader,more than 60 dissenters voted against her in secret ballots. it's an election year where the party is trying to pick up the pieces. pelosi is the only woman in top house and Senate leadership. pelosi voted 134 to 63 for the role.,left,right
Nancy Pelosi Re-Elected House Minority Leader,new: sen. joe biden urges her to hold a vote for her. the re-election of pelosi will help the party through the 2014 presidential elections. there were 60 votes against her despite a bipartisan victory. the lone challenger is a senator from texas.,left,right
Nancy Pelosi Beats Back House Democratic Leadership Challenge,"house vote oks call for new leaders and replaces former democratic leader. congressional leaders reject calls for new leaders. sen. rubio calls vote ""a failure"" of pelosi, says she will help build party. new democrats can take over for democratic future.",left,center
Nancy Pelosi Beats Back House Democratic Leadership Challenge,"""we have done it in the past. we will do it again,"" she says. rep. tamara hoyt: ""the i am a working person. the rest of me"" house debating re-electing former state's next leader is a mistake.",left,center
Nancy Pelosi Beats Back House Democratic Leadership Challenge,"""we are afraid, "" says conservative thinker rick santorum, who voted against pelosi. ""i'm very worried we just signed the Democratic Party’s death certificate,"" he says. critics say the democratic party is a failure to heed the american working class' call for new leadership.",right,center
Obama Will Meet With Sanders On Thursday,Obama to meet with both Clinton and Sanders on Thursday at Sanders' request. obama has yet to make an endorsement in the race. white house officials have said it could come as early as this week.,left,left
Obama Will Meet With Sanders On Thursday,"Obama has yet to make an endorsement in the race, but they are rumored to be coming this week. he is also keenly admonished presumptive GOP nominee Donald Trump. ""america is a country of democratic ideas,"" one democrat says.",right,left
Obama Will Meet With Sanders On Thursday,"president congratulates presumptive democratic nominee, signals ending of campaign. nathaniel schulte: ""he is the voice of progressives all over the country"" schulte: americans want to know what is really going on with their children's future. schulte: don't lose hope; don't be surprised if it's just another campaign against democrats.",left,left
"Clinton Is 'Sane' And 'Competent,' Unlike Trump, Bloomberg Tells U.S.",british billionaire ex-republican criticizes and mocks n.j. president. he says he supports dnc candidate and thinks he can lead as a better leader. he says he has built a business and doesn't like to do politics. he's endorsed former mayor sarah palin and has backed ex-president clinton.,left,center
"Clinton Is 'Sane' And 'Competent,' Unlike Trump, Bloomberg Tells U.S.","former mayor of new york criticized Donald Trump for his ego. ""americans should look for someone who isn’t Trump,"" michael b. manderson told december convention. in a separate speech, bman defended his business record and administration.",right,center
"Clinton Is 'Sane' And 'Competent,' Unlike Trump, Bloomberg Tells U.S.","""heroes'"" is a ""sane, competent person,"" former nyc mayor says of her, unlike ronald reagan. ex-mayor says in an interview that he didn't start business with million-dollar check. he mocks ""dangerous demagogue"" and a bad businessman who would be disastrous. ""i could be a sane, competent person,"" he added.",left,center
"Bloomberg says Trump a 'dangerous demagogue,' endorses Clinton at DNC","former mayor of new york says he isn't sure if voters will back him. he says it is ""too important to sit out"" on a potential presidential run. former mayor calls president obama a ""trick-and-treasure""",right,right
"Bloomberg says Trump a 'dangerous demagogue,' endorses Clinton at DNC","new: ""this is just too important to sit out,"" former mayor says. new: ""we will continue to work on the right path,"" says former mayor. he says inadvertently he will vote for a more progressive era. he threw jabs at a u.s. economic reform plan that was criticized by opponents.",left,right
"Bloomberg says Trump a 'dangerous demagogue,' endorses Clinton at DNC","new york mayor michael bloomberg says voters must be against the president. he said it was ""imperative"" that voters back a democrat over a republican. Bloomberg said he has built a business ""and I didn’t start it with a million-dollar check from my father"" he also criticized former u.s. secretary of state john kerry for saying he had a ""bomb-thrower""",left,right
