title,body,stance
I.R.S. Official Invokes 5th Amendment at Hearing,"WASHINGTON — The Internal Revenue Service official who first disclosed that the agency had targeted conservative groups for special scrutiny, and in doing so ignited a controversy that has ensnared the White House, denied on Wednesday that she had ever provided false information to Congress. She then invoked her Fifth Amendment right against self-incrimination and declined to testify at a House hearing on the agency’s actions.
As the official, Lois Lerner, appeared under subpoena before the House Committee on Oversight and Government Reform, she sternly told her questioners that accusations that she had misled Congress in previous testimony were false.
“I have not done anything wrong. I have not broken any laws,” said Ms. Lerner, who leads the I.R.S.’s division on tax-exempt organizations. “I have not violated any I.R.S. rules and regulations, and I have not provided false information to this or any other Congressional committee.”
Ms. Lerner has become a person of intense interest to Congressional investigators, who insist that she made, at best, incomplete statements when she said she first learned that her subordinates had singled out Tea Party groups after reading news media reports last year. An inspector general’s report found, however, that she was briefed on their actions as early as June 2011.
After she refused on Wednesday to say anything more to the committee, despite attempts by Representative Darrell Issa of California, the committee’s Republican chairman, to persuade her otherwise, Mr. Issa tried to dismiss her and her lawyer. But that upset other Republicans, who said that Ms. Lerner should not be let go so quickly.
“You don’t get to tell your side of the story and then not be subjected to cross-examination,” said Representative Trey Gowdy of South Carolina. “She ought to stand here and answer our questions.”
Mr. Issa made a second attempt to persuade her to change her mind. But when she declined, he dismissed her again. Ms. Lerner then left the hearing room with her lawyer to a whir of camera shutters.
That exchange set the tone for a contentious hearing that veered into veiled accusations that the White House had a larger role in the controversy than previously disclosed, as well as outright attacks on President Obama’s character.
Mr. Issa said he reserved the right to recall Ms. Lerner later. And he may elect to do so, given the objections of some Republicans on Wednesday after he dismissed her. They argued that by making an opening statement, she had waived her Fifth Amendment right and could be compelled to testify, a contention Ms. Lerner’s lawyer disputed.
The committee also heard testimony from Douglas H. Shulman, the former I.R.S. commissioner; Neal S. Wolin, the deputy secretary of the Treasury Department; and J. Russell George, the Treasury inspector general who looked into the accusations of targeting. And as the hearing continued, Republicans and Democrats pressed ahead with one point on which they agree these days: that an inept I.R.S. had committed serious misdeeds.
“The power to tax is the power to destroy,” Mr. Issa said.
Representative Elijah E. Cummings of Maryland, the senior Democrat on the committee, also scolded the agency. “I believe there was gross incompetence and mismanagement,” he said. “We are better than that. We are simply better than that.”
But Mr. Cummings also admonished his Republican colleagues. “I think we need to be very, very careful not to let partisanship undermine the integrity not only of the committee but our investigation and our work product,” he said.
The hearing, the second this week on the I.R.S.’s efforts to target conservative groups, offered few new revelations. Mr. George did shed some light on the extent of the accusations against the I.R.S., saying that at this point in this investigation he had no reason to believe any illegal conduct occurred. “We do not deem it illegal. We do not believe that it was illegal, what they did,” he said.
At times, committee members could hardly conceal their contempt for the I.R.S. and the Obama White House.
Representative Jim Jordan, Republican of Ohio, tried to link the I.R.S. scandal with other controversies that are dogging the Obama administration.
“This administration, which told us and told the American people that the attack that killed four Americans in Benghazi was the work, was caused by a video, is now the same administration who expects us to believe that this scandal was just the result of two rogue agents in Cincinnati,” he said. “The people don’t buy it.”
Representative James Lankford, Republican of Oklahoma, said the way that applicants for tax-exempt status were buried in I.R.S. paperwork reminded him of another sore point that Republicans have with the Obama administration.
“Man, that sounds like the Keystone Pipeline to me,” he said, referring to the proposed cross-country oil pipeline that the president has so far declined to approve.
One Democrat, Representative Stephen F. Lynch of Massachusetts, even raised the threat of appointing a special prosecutor if Congress continues to feel that the I.R.S. is not being straightforward.
“We know where that will lead. It will lead to a special prosecutor,” he said. “There will be hell to pay if that’s the route we choose to go down.”
Later, Mr. Jordan pressed Mr. Shulman, the former I.R.S. commissioner, on whether he had visited the White House. When Mr. Shulman said he had, Mr. Jordan produced White House visitor records that he said indicated Mr. Shulman had been there at least 118 times. Was he sure, Mr. Jordan asked, that the I.R.S. targeting never came up?
“One hundred-eighteen visits and it didn’t come up in casual conversation?” Mr. Jordan said.
In follow-up questioning by Representative Gerald E. Connolly, a Virginia Democrat, Mr. Shulman offered what he said was one of the many plausible explanations why he would have visited the White House. “The Easter Egg Roll with my kids,” he said.",conservative
Obama Poised to Back Comprehensive Plan to Curb Gun Violence,"Obama Willing to Use Executive Orders on Guns
WASHINGTON — President Obama this week will embrace a comprehensive plan to reduce gun violence that will call for major legislation to expand background checks for gun purchases and lay out 19 separate actions the president could take by invoking the power of his office, lawmakers who were briefed on the plan said Monday.
Lawmakers and other officials said that the president could use a public event as soon as Wednesday to signal his intention to engage in the biggest Congressional fight over guns in nearly two decades, focusing on the heightened background checks and including efforts to ban assault weapons and their high-capacity clips. But given the difficulty of pushing new rules through a bitterly divided Congress, Mr. Obama will also promise to act on his own to reduce gun violence wherever possible.
Actions the president could take on his own are likely to include imposing new limits on guns imported from overseas, compelling federal agencies to improve sharing of mental health records and directing the Centers for Disease Control and Prevention to conduct research on gun violence, according to those briefed on the effort.
White House aides believe Mr. Obama can also ratchet up enforcement of existing laws, including tougher prosecution of people who lie on their background checks.
At a news conference on Monday, exactly one month after the school massacre in Newtown, Conn., Mr. Obama said a task force led by Vice President Joseph R. Biden Jr. had “presented me now with a list of sensible, common-sense steps that can be taken to make sure that the kinds of violence we saw at Newtown doesn’t happen again. He added: “My starting point is not to worry about the politics. My starting point is to focus on what makes sense, what works.”
The administration’s strategy reflects the uncertainty of gun politics in America and the desire by White House officials to address the Connecticut shooting while also confronting the broader deficiencies in the country’s criminal justice and mental health systems.
By proposing to use the independent power of his office, Mr. Obama is inviting political attacks by gun owners who have already expressed fear that he will abuse that authority to restrict their rights. Representative Steve Stockman, Republican of Texas, threatened Monday to file articles of impeachment if the president seeks to regulate guns with executive orders. “I will seek to thwart this action by any means necessary,” Mr. Stockman said in a statement.
White House officials and Democratic lawmakers said that there are clear limits to what the president can and cannot do, and that Mr. Obama has no plans to push beyond what he would need Congressional authority to accomplish.
On Capitol Hill, Mr. Obama’s legislative effort will face intense opposition from gun rights groups, including the National Rifle Association, and the lawmakers they support with millions of dollars at election time and who see gun rights as a defining issue in their districts. But Mr. Obama’s allies see a rare opening for tighter gun rules after Congress has shied away from the politically charged issue for years.
“He’s putting together a pretty comprehensive list of what could be done to make a difference in this area,” said Representative Mike Thompson of California, who is heading a Democratic task force in the House. “There’s some huge, huge holes in the process that are set up to keep communities safe. We need to close those holes.”
Representative Jackie Speier, Democrat of California, said Vice President Biden had informed lawmakers during a two-hour briefing on Monday that there are “19 independent steps that the president can take by executive order.” Ms. Speier said the executive action is part of the “most comprehensive gun safety effort in a generation.”
Rahm Emanuel, the mayor of Chicago and Mr. Obama’s former chief of staff, joined the debate on Monday and said that the president should “clear the table” by doing whatever he can administratively so small issues do not get in the way of the bigger legislative fights over access to guns.
“Don’t allow a side issue to derail these things,” Mr. Emanuel said during a discussion about gun policy. While many gun control advocates are eager to harness what they believe is a ripe moment in American life for new and robust restrictions on the kinds of guns that were used in Newtown, there is an emerging consensus on Capitol Hill and among gun education groups that improving the system of background check legislation that currently exempts private gun sales and gun shows is the most viable legislative route to pursue.
“The assault-weapons ban is a low priority relative to the other measures the Biden task force is considering,” Matt Bennett, a spokesman for Third Way, a left-leaning research group, said after hearing from Mr. Biden last week. “Political capital in the gun debate only goes so far. We think it should be spent on things that would have the greatest impact on gun violence, like universal background checks and cracking down on gun trafficking.”
Any efforts to get gun legislation through Congress will require an enormous and ceaseless pressure campaign by the administration. Mr. Obama and Mr. Biden are likely to keep up the pressure on lawmakers with public events in the weeks and months ahead, according to those familiar with the White House strategy.
Scores of senators, including many Democrats, will be wary of voting on any effort to curb access to guns or ammunition. Senator Harry Reid of Nevada, the Democratic leader, is a longtime supporter of gun rights. Still, gun legislation is likely to begin in the Senate because the House is controlled by Republicans, many of whom oppose new restrictions on guns.
With fiscal issues continuing to dominate the political calendar for the next several weeks, White House officials and lawmakers say the gun safety effort is likely to be debated in separate pieces of legislation that could be introduced over time. In coming weeks, Senator Charles E. Schumer, Democrat of New York, will reintroduce a measure that would require every gun buyer, with limited exceptions, to undergo a background check and would force states to feed all relevant data into the background check system so those with criminal convictions and the mentally ill could be flagged.",conservative
Mary Cheney Criticizes Her Sister on Same-Sex Marriage,"Mary Cheney, the younger sister of Liz Cheney, a Wyoming Senate candidate, sharply criticized her sister’s stance on same-sex marriage and urged her own Facebook friends to share the message.
Posting on Facebook on Friday evening, Mary Cheney, who is gay and married her longtime partner last year, wrote: “For the record, I love my sister, but she is dead wrong on the issue of marriage.”
Their father, former Vice President Dick Cheney, supports same-sex marriage, and the younger Cheney echoed some of his language on the issue when she added, “Freedom means freedom for everyone.”
“That means that all families — regardless of how they look or how they are made — all families are entitled to the same rights, privileges and protections as every other,” Mary Cheney wrote.
Earlier Friday, Liz Cheney revealed her position on same-sex marriage, a topic she has kept relatively quiet about since declaring her candidacy in July against incumbent Senator Mike Enzi, Republican of Wyoming.
“I am not pro-gay marriage,” Liz Cheney said in a statement responding to an apparent push poll against her in Wyoming. “I believe the issue of marriage must be decided by the states, and by the people in the states, not by judges and not even by legislators, but by the people themselves.”
That position — deferring to the will of the voters on a state-by-state basis — may represent something of a compromise between total support or opposition. But it did little to placate her sister.
“It’s not something to be decided by a show of hands,” Mary Cheney wrote.
And to emphasize that she was not shying away from drawing attention to her view, Mary Cheney concluded her Facebook post: “Please like and share if you agree.”
In an e-mail, Mary Cheney declined to comment further on her sister’s position, saying she would let her Facebook post speak for itself.
The Cheney family dispute mirrors the broader disagreement among Republicans on same-sex marriage. Less than a decade after George W. Bush and Dick Cheney won re-election in part thanks to conservative enthusiasm over enshrining traditional marriage into law, some in the party believe they are losing voters, particularly younger ones, over an issue on which public opinion has changed rapidly. But other Republicans believe traditional marriage is a pillar of family values, and in some cases are reluctant to abandon their social conservative base on the issue.
Liz Cheney’s stance underlines the degree to which full-throated support for same-sex marriage, even in a libertarian-leaning state like Wyoming, still poses a political risk in a Republican primary.
Mr. Enzi opposes legalizing same-sex marriage.",conservative
White House Plays Down Data Program,"WASHINGTON — The Obama administration tried Saturday to marshal new evidence in defense of its collection of private Internet and telephone data, arguing that a secret program called Prism is simply an “internal government computer system” designed to sort through court-supervised collection of data, and that Congress has been briefed 13 times on the programs since 2009.
After rushing to declassify some carefully selected descriptions of the programs, James R. Clapper Jr., the director of national intelligence, conceded for the first time that the Prism program existed. But in a statement, after denouncing the leak of the data to The Guardian and The Washington Post, Mr. Clapper insisted it was “not an undisclosed collection or data mining program.” Instead, he said it was a computer system to “facilitate” the collection of foreign intelligence that had been authorized by Congress.
Mr. Clapper also insisted that the government “does not unilaterally obtain information from the servers” of telephone and Internet providers, saying that information is turned over only under court order, when there is a “documented, foreign intelligence purpose for acquisition” of the data.
He appeared to be attempting to push back against early reports that the government had direct access to the huge computer servers at Google, Microsoft, Facebook and similar companies. Those firms have denied they give the government a “back door” to their systems.
But they acknowledge handing over material when ordered to do so by the Foreign Intelligence Surveillance Court, though they have not described the mechanism for complying with those orders. It appears the companies use some kind of electronic drop box, in which they place the material, so that the government can then harvest the information.
The national intelligence director’s rare Saturday statement was notable for what it omitted: any description of other means the government may use to intercept Internet information directly from fiber optic cables or satellite systems even before or after it reaches those Internet companies.
A new report in The Guardian, published online on Saturday, cited another document that showed that in March 2013 there were 97 billion pieces of data collected from networks worldwide; about 14 percent of it was from Iran, much was from Pakistan and about 3 percent came from inside the United States, though some of that may have been foreign data traffic routed through American-based servers.
Meanwhile, senior Obama administration officials, including the directors of the Federal Bureau of Investigation and of national intelligence, have held 13 classified hearings and briefings for members of Congress since 2009 to explain the broad authority they say they have to sweep up electronic records for national security purposes, a senior administration official said Saturday.
The administration, by disclosing the briefings, sought to push back on claims by Democrats and Republicans in Congress that they were either not aware of programs to mine vast amounts of Internet data and business telephone records or were insufficiently briefed on the details.
Lawmakers said that what they knew was vague and broad — and that strict rules of classification prevented them from truly debating the programs or conducting proper oversight.
In separate but identical letters sent on Oct. 19, 2011, Assistant Attorney General Ronald Weich told two of Congress’s most outspoken critics of the efforts, Senators Ron Wyden of Oregon and Mark Udall of Colorado, both Democrats, that in December 2009 and February 2011 the Justice Department and intelligence agencies provided a classified document to Congress describing the surveillance efforts in detail.
The letter said the House and Senate Intelligence Committees had been briefed “on these operations multiple times and have had access to copies of the classified” orders and opinions of the secret Foreign Intelligence Surveillance Court. Members of the committee were invited to share the information with other lawmakers.
Broader briefings were held in 2011 before the reauthorization of the Patriot Act, the post-Sept. 11 law that authorized much of the surveillance.
“Against this backdrop, we do not believe the executive branch is operating pursuant to ‘secret law’ or ‘secret opinions of the Department of Justice,’ ” Mr. Weich wrote. “Rather, the intelligence community is conducting court-authorized intelligence activities pursuant to a public statute, with the knowledge and oversight of Congress and the Intelligence Committees of both houses.”
On Friday, Mr. Udall and Mr. Wyden released a joint statement repeating that they had “long been concerned about the degree to which this collection has relied on ‘secret law.’ ”
“Senior administration officials have stated on multiple occasions that the Patriot Act’s ‘business records’ authority is ‘analogous to a grand jury subpoena,’ ” they said. They added that “multiple senior officials have stated that U.S. intelligence agencies do not collect information or dossiers on ‘millions of Americans,’ ” assertions that they believe have been contradicted by revelations of Internet data mining and a court order asking a Verizon subsidiary to turn over logs of telephone calls.
“Now that the fact of bulk collection has been declassified, we believe that more information about the scale of the collection, and specifically whether it involves the records of ‘millions of Americans,’ should be declassified as well,” they said.
The list of briefings begins on May 12, 2009, with a classified hearing of the Senate Intelligence Committee involving Gen. Keith B. Alexander, the head of the United States Cyber Command, and David S. Kris, assistant attorney general for national security.
On Feb. 14, 2011, all senators were offered the opportunity to discuss the broad authority under the Patriot Act with the director of national intelligence, Mr. Clapper; the F.B.I. director, Robert S. Mueller III; and General Alexander. Mr. Mueller spoke to the House Republican Conference on May 13, 2011, and to the House Democratic Caucus on May 24, 2011.
On Feb. 8, 2011, Senators Dianne Feinstein of California, the chairwoman of the Intelligence Committee, and Saxby Chambliss of Georgia, the ranking Republican on the panel, invited every senator to a briefing with Mr. Clapper and Attorney General Eric H. Holder Jr. to discuss expiring provisions of the Foreign Intelligence Surveillance Act of 1978.
The provisions — “one on roving authority for electronic surveillance and the other on the acquisition of business records that are relevant to investigations to protect against international terrorism or espionage” — were added to the 1978 law by the Patriot Act.
But Senator Richard J. Durbin of Illinois, the Senate’s No. 2 Democrat, draws a distinction between the holding of such briefings and the informed consent of Congress. Very few lawmakers avail themselves of such briefings, he suggested, and only the most senior leaders are kept fully abreast of intelligence activities.
“You can count on two hands the number of people in Congress who really know,” he said in an interview on Friday.",conservative
"Lois Lerner, IRS Scandal Figure, Will Invoke Fifth Amendment At Oversight Hearing","Lois Lerner, the director of the exempt organizations unit at the Internal Revenue Service, plans to invoke the Fifth Amendment during her expected testimony before the House Oversight and Government Reform Committee on Wednesday, the Los Angeles Times reports.
Lerner announced her plans to plead the Fifth during her testimony in a letter from her lawyer, William Taylor III, to the committee. ""She has not committed any crime or made any misrepresentation but under the circumstances she has no choice but to take this course,"" the letter addressed to Chairman Darrell Issa (R-Calif.) reads, according to the Los Angeles Times.
Since she will be pleading the Fifth, Taylor has asked the committee that she be excused from testifying. The letter from Taylor states that her testimony would ""have no purpose other than to embarrass or burden her.""
The Wednesday hearing would have been Lerner's first public appearance, and first under oath, since she apologized for the IRS' inappropriate targeting of conservative groups at a May 10 American Bar Association meeting. That apology was planned ahead of time by the IRS, and came in response to a planted question.
Issa has issued a subpoena to compel Lerner to appear at the hearing.
Lerner is a key figure in the unfolding IRS scandal. As director of the IRS exempt organizations unit, she is in charge of the division overseeing nonprofit organizations, which includes the Cincinnati office that was the source of the inappropriate targeting criteria. The criteria directed the IRS to conduct a more intensive review of applications for tax-exempt status from groups with the name ""tea party"" or ""patriot.""
According to the report issued by the Department of the Treasury Inspector General for Tax Administration, Lerner had to correct the criteria developed by the Cincinnati office twice because she and other top IRS officials found that they were using politically fraught terms as they sought to make sure groups were properly applying for tax exemption.
Lerner's decision to plead the Fifth comes as the Department of Justice has initiated an investigation into whether laws were broken at the IRS, according to Taylor's letter to the committee. It also follows a request to Lerner from the committee to provide information on why she gave ""false or misleading information"" to the committee on four previous occasions in 2012.
“The Committee has been contacted by Ms. Lerner’s lawyer who stated that his client intended to invoke her 5th amendment right and refuse to answer questions,” Oversight and Government Reform Committee spokesman Ali Ahmad said in a statement. “Ms. Lerner remains under subpoena from Chairman Issa to appear at tomorrow’s hearing — the Committee has a Constitutional obligation to conduct oversight. Chairman Issa remains hopeful that she will ultimately decide to testify tomorrow about her knowledge of outrageous IRS targeting of Americans for their political beliefs.”",conservative
Jackson Jr. Pleads Guilty,"WASHINGTON -- Former Rep. Jesse Jackson Jr. (D-Ill.) pleaded guilty in a federal courtroom Wednesday morning to using campaign funds to purchase an array of personal items including Bruce Lee memorabilia, a $43,000 Rolex watch and a mink cashmere cape.
He pleaded guilty to conspiracy before U.S. District Judge Robert L. Wilkins. His wife, Sandra Jackson, who resigned from her position on Chicago’s city council, is expected to plead guilty to filing false tax returns before the same judge on Wednesday afternoon.
Jackson, dressed in a blue tie, blue shirt and a blue suit, looked back in the direction of his father and wife several times during the hearing. At one point he appeared to mouth, ""I'm sorry."" The former representative, who co-wrote a 1999 book with his father, Rev. Jesse Jackson, titled It's About the Money!: How You Can Get Out of Debt, Build Wealth, and Achieve Your Financial Dreams, was accused of spending $750,000 in campaign funds on personal items for himself and for his wife.
Jackson said he was clearheaded and had not been under treatment for alcohol or drug abuse, though he did have a beer last night. He said he had never been more clear in his life, and had read the documents thoroughly and had understood the consequences of his actions.
He acknowledged he ""used money that shouldn't have been used,"" calling the government's statement accurate and saying he had ""no interest in wasting the taxpayers' time or money.""
The judge set the sentencing for June 28 at 2 p.m. Jackson will be free to go after he surrenders his passport, and will be restricted to living in the D.C. or Chicago area.
The former national co-chairman of President Barack Obama’s 2008 presidential campaign, Jackson was first elected to office in 1995 and resigned from Congress last year amid a federal investigation and his treatment for bipolar disorder.
In a statement issued by his lawyers on Friday after court records indicated he planned a guilty plea, Jackson said he had “no excuses” for his conduct and “fully accept my responsibility for the improper decisions and mistakes I have made.”
UPDATE 2:52 p.m. -- Additional records disclosed Wednesday revealed that expenses charged by Jackson and his wife to his campaign included $4,272.78 on the Navigator of the Seas cruise, $2,306.08 at Walt Disney World, over $10,000 at Best Buy, over $300 at Build-A-Bear, $3,544.00 at Mariel's Boutique, and $5,687.75 on Martha's Vineyard Holistic Retreat. The personal expenses at nightclubs and lounges topped $60,000, while personal dry-cleaning expenses topped $14,000.",conservative
"Republicans challenge Clinton claims on budget cuts, Benghazi cable","Republicans challenge Clinton claims on budget cuts, Benghazi cable
Republicans are challenging a host of statements made by Secretary of State Hillary Clinton and Democratic allies during Wednesday's heated Libya testimony -- claiming that complaints about a lack of funding are bogus and questioning the secretary's insistence she never saw urgent cables warning about the danger of an attack.
The questions come as the Senate Foreign Relations Committee begins its confirmation hearing for Sen. John Kerry, D-Mass., who was tapped to replace Clinton at the department.
One issue that may come up is the department's funding. Assertions that State Department posts are left vulnerable because Congress has decided not to fully fund security requests pervaded Wednesday's hearings.
""Shame on the House for ... failing to adequately fund the administration's request,"" Rep. Gregory Meeks, D-N.Y., said
Clinton, in turn, affirmed their claims, saying budget issues are a ""bipartisan problem.""
Budget numbers, though, actually show the overall diplomatic security budget has ballooned over the past decade.
Democrats point to modest decreases in funding in recent years, and the fact that Congress has approved less than was requested. But Congress often scales back the administration's requests, and not just for the State Department.
And the complaints tend to overlook the fact that the overall security budget has more than doubled since fiscal 2004.
For that year, the budget was $640 million. It steadily climbed to $1.6 billion in fiscal 2010. It dipped to $1.5 billion the following year and roughly $1.35 billion in fiscal 2012 -- still far more than it was a decade ago.
Slightly more has been requested for fiscal 2013.
It's difficult to tell how much was specifically allocated for Benghazi. Tripoli was the only post mentioned in the department's fiscal 2013 request -- funding for that location did slip, from $11.5 million in fiscal 2011 to $10.1 million the following year.
Slightly more has been requested for fiscal 2013.
Still, then-Deputy Assistant Secretary for Diplomatic Security Charlene Lamb testified in October that the size of the attack -- and not the money -- was the issue.
Asked if there was any budget consideration that led her not to increase the security force, she said: ""No.""
She added: ""This was an unprecedented attack in size."" Asked again about budget issues, Lamb said: ""Sir, if it's a volatile situation, we will move assets to cover that.""
Asked Wednesday about Lamb's testimony, Clinton noted that the review board that examined the Libya attack found budget issues have played a role.
""That's why you have an independent group like an (Accountability Review Board); that's why it was created to look at everything,"" Clinton said.
But Rep. Dana Rohrabacher, R-Calif., said ""any suggestion that this is a budget issue is off base, or political.""
Other lawmakers further complained that the State Department has spent millions on lower-priority projects that could have been spent on security.
Another pivotal issue Wednesday dealt with an Aug. 16 cable. That cable summarized an emergency meeting the day before by the U.S. Mission in Benghazi and warned the consulate could not defend against a ""coordinated attack.""
That cable is seen as one of the vital warnings sent out of Libya in the months leading up to the attack. But, to the dismay of lawmakers, Clinton repeatedly said she never saw it.
""That cable did not come to my attention. I have made it very clear that the security cables did not come to my attention or above the assistant secretary level,"" Clinton said. ""I'm not aware of anyone within my office, within the secretary's office, having seen the cable.""
Rep. Michael McCaul, R-Texas, said ""somebody within your office should have seen this cable.""
""An emergency meeting was held and a cable sent out on Aug. 16 by the ambassador himself, warning of what could happen. And this meant this cable went unnoticed by your office. That's the bottom line,"" he said.
Clinton said it was ""very disappointing"" that ""inadequacies"" were found in the ""responsiveness of our team here in Washington,"" and said ""it's something we're fixing and intend to put into place protocols and systems to make sure it doesn't happen again.""
The secretary tried to explain that ""1.43 million cables"" come through the department every year. They are addressed to her but in many cases do not go to her. Rather, they go through ""the bureaucracy.""
Republicans argue the Aug. 16 cable was rather high priority. As Sen. Rand Paul, R-Ky., put it, ""Libya has to have been one of the hottest of hot spots around the world."" He claimed that not knowing about their security requests ""really, I think, cost these people their lives.""
""Had I been president at the time, and I found that you did not read the cables from Benghazi, you did not read the cables from Ambassador Stevens, I would have relieved you of your post. I think it's inexcusable,"" Paul said.",conservative
"NRA School Safety Report Recommends Arming Teachers, Loosening Gun Laws","NRA School Safety Report Recommends Arming Teachers, Loosening Gun Laws
WASHINGTON -- Former Rep. Asa Hutchinson (R-Ark.) on Tuesday released a 225-page report on school safety funded by the National Rifle Association. The report, commissioned in the wake of the Sandy Hook Elementary School shooting, recommended properly trained armed employees to provide ""an important layer of security in schools.""
The report was prepared by a 12-person task force, called the School Shield Program, led by Hutchinson. At Tuesday's press conference, he stated that its findings were independent of the nation's largest gun lobby.
""Teachers should teach, but if there is personnel that has interest and is willing to go through 40 to 60 hours of [firearms] training, then schools should be willing to [arm them],"" Hutchinson said. He added that the report found that ""local school authorities are in the best position"" to determine their own school security measures, ""specifically whether an armed security guard is necessary and supported by the education and citizen community.""
The task force recommended that schools designate willing staff to be armed and trained, and it proposed a model training program, 40-60 hours per person, at what Hutchinson said would be a cost of about $800 to $1,000 per trained employee. Armed school personnel, called school resource officers, would also be required to undergo a ""background investigation, testing, and [have] relevant experience.""
The committee didn't recommend any specific kind of firearm for school security, Hutchinson said, adding, ""Everything from a sidearm, to a shotgun, to an AR-15"" would work.
The task force also suggested that states loosen current legal restrictions on who can carry a firearm on school property. Many states currently prohibit anyone but a law enforcement officer from possessing guns in a school.
Other recommendations included creating threat assessment teams at schools, better coordinating state and federal funding for school security, and offering an online assessment tool, so that administrators can evaluate their schools' potential security gaps.
Hutchinson's report and his press conference were both met with scathing criticism from the American Federation of Teachers, which supports broader gun control measures and strongly opposes arming educators. In a statement, union President Randi Weingarten called the report ""a cruel hoax that will fail to keep our children and schools safe,"" adding that the findings ""are simply designed to assist gun manufacturers flood the nation and our schools with more guns.""
The NRA also put out a statement on the report, over which the gun lobby insists it had no influence. The NRA said it needs ""time to digest"" the findings, but it commended Hutchinson and his team for contributions that ""will go a long way to making America's schools safer.""
The report marks the culmination of a controversial process that began in December, when NRA CEO Wayne LaPierre held a press conference the week after the shooting in Newtown, Conn. At the time, LaPierre assailed the media and gun control advocates for their responses to the massacre, and he proposed that armed volunteers protect schools and that gun-free school zones be eliminated. The speech was widely considered a public relations disaster.
Hutchinson said Tuesday that the idea of armed volunteers was scrapped after it was met with ""great reluctance"" from school employees. But the recommendation that states allow non-law enforcement officers, such as teachers and principals, to carry guns in schools would essentially eliminate gun-free school zones.
Asked about the current debate in Congress over gun control legislation, Hutchinson said he had ""not dealt with the separate debate"" because he had been too busy considering school safety issues.
He did, however, weigh in on state gun control efforts currently being debated in Connecticut, which include a ban on high-capacity magazines and a broader assault weapons ban. Hutchinson called them ""totally inadequate.""
""You can address assault weapons, but it doesn't stop violence in schools. So if you're going to protect children, you have to do something about enhancing school safety,"" he said.
Hutchinson also encouraged the NRA to continue funding pilot programs to train school employees to carry weapons.
When he had finished introducing the report, Hutchinson called up Mark Mattioli, whose 6-year-old son, James Mattioli, was killed in December along with 19 other children at Sandy Hook Elementary School. Mattioli praised the NRA ""for coming up and spending the time and resources on putting a program like this together.""",conservative
Massachusetts Gov. Deval Patrick  picks former staffer to fill Kerry's Senate seat,"Massachusetts Gov. Deval Patrick on Wednesday picked a former chief of staff to fill Sen. John Kerry’s open seat until a special election in June.
The Democratic governor picked former Chief of Staff William ""Mo"" Cowan, who also served as Patrick’s chief legal counsel.
Kerry, also a Democrat and the state’s senior U.S. senator, was confirmed Tuesday as the new secretary of state, following his nomination by President Obama to replace the retiring Hillary Clinton.
Both political parties will hold special-election primaries in mid May. But the winner of the Democratic primary will be a likely favorite to win the June 25 special general election, considering Massachusetts is among the most liberal states in the country. Patrick also announced the general election date Wednesday.
Among the potential Democratic candidates are Reps. Stephen F. Lynch, Michael E. Capuano and Edward Markey.
The most high-profile potential Republican candidate is former Sen. Scott Brown, who pulled off a surprise 2010 victory in the race for the open seat of Sen. Ted Kennedy. However, Brown lost his re-election bid in November to Democrat Elizabeth Warren.
Cowan joined the Patrick administration in 2009 and reportedly quit earlier this month to join private practice. He previously practiced civil litigation at the Boston office of Mintz, Levin, Cohn, Ferris, Glovsky and Popeo PC, where he was a partner. He also was a special assistant district attorney in the Office of the Middlesex County District Attorney.
Cowan is a graduate of Duke University and Northeastern University School of Law. He and wife Stacy have two young sons.
“I am confident this is the right and best choice,” Patrick said at a late-morning press conference.
The appointment marks the first time in Senate history that two black senators have served at the same time.
“I’m not standing here because I’m a person of color, but because (the governor) believes I can do the job,” said Cowen, who joins South Carolina Republican Sen. Tim Scott as the chamber’s two black senators.
Cowmen also emphasized that his assignment is “temporary” and that he will work together with Kerry’s team.
Patrick gave little indication who he favored during his deliberations.
The only possible candidate he confirmed speaking with was former Democratic Rep. Barney Frank, and then only after Frank told reporters he'd spoken with Patrick.
Michael Dukakis, the former governor and 1988 Democratic presidential nominee, and Victoria Kennedy, Sen. Kennedy’s widow, had also been mentioned as possible candidates for the interim post.",conservative
E-Mails Show Jostling Over Benghazi ‘Talking Points’,"WASHINGTON — E-mails released by the White House on Wednesday revealed a fierce internal jostling over the government’s official talking points in the aftermath of last September’s attack in Benghazi, Libya, not only between the State Department and the Central Intelligence Agency, but at the highest levels of the C.I.A.
The 100 pages of e-mails showed a disagreement between David H. Petraeus, then the director of the C.I.A., and his deputy, Michael J. Morell, over how much to disclose in the talking points, which were used by Susan E. Rice, the ambassador to the United Nations, in television appearances days after the attack.
Mr. Morell, administration officials said, deleted a reference in the draft version of the talking points to C.I.A. warnings of extremist threats in Libya, which State Department officials objected to because they feared it would reflect badly on them.
Mr. Morell, officials said, acted on his own and not in response to pressure from the State Department. But when the final draft of the talking points was sent to Mr. Petraeus, he dismissed them, saying “Frankly, I’d just as soon not use this,” adding that the heavily scrubbed account would not satisfy the House Democrat who had requested it.
“This is certainly not what Vice Chairman Ruppersberger was hoping to get,” Mr. Petraeus wrote, referring to Representative C. A. Dutch Ruppersberger of Maryland, the top Democrat on the House Intelligence Committee, which had asked Mr. Petraeus for talking points to use with reporters in discussing the attack on Benghazi.
The White House released the e-mails to reporters after Republicans seized on snippets of the correspondence that became public on Friday to suggest that President Obama’s national security staff had been complicit in trying to alter the talking points for political reasons.
While the e-mails portrayed White House officials as being sensitive to the concerns of the State Department, they suggest that Mr. Obama’s aides mostly mediated a bureaucratic tug of war between the State Department and the C.I.A. over how much to disclose — all under heavy time constraints because of the demands from Capitol Hill. The e-mails revealed no new details about the administration’s evolving account of the Sept. 11 attack, which killed four Americans, including Ambassador J. Christopher Stevens.
“In recent days, these e-mails have been selectively and inaccurately read out to the media,” said a White House spokesman, Eric Schultz. By releasing them, he said, the White House had shown that the drafting process was “focused on providing the facts as we knew them, based on the best information available at the time and protecting an ongoing investigation.”
Still, the final version of the talking points is stripped of material — including a reference to Libya being awash with weapons and fighters that made it a dangerous environment — which critics say would have raised questions about the State Department’s security posture.
Republicans welcomed the release of the e-mails, saying they confirmed that the administration had airbrushed its account of the attack during an election campaign. They also said the e-mails belied the White House’s insistence that it had changed only one word in the talking points.
“The seemingly political nature of the State Department’s concerns raises questions about the motivations behind these changes and who at the State Department was seeking them,” said Brendan Buck, a spokesman for Speaker John A. Boehner.
In releasing the e-mails, the White House was hoping to show that intelligence officials, not political advisers, drove the debate over the talking points. It drew attention to a draft of the talking points — the only document provided by the White House that was not part of an e-mail chain — in which Mr. Morell, in his own writing, crossed out five lines that referred to C.I.A. warnings about the threat of attacks by Al Qaeda-linked extremists in Benghazi and eastern Libya.
But there is no other evidence in the e-mails that Mr. Morell himself objected to the inclusion of this material. In an e-mail to Mr. Petraeus accompanying the final version of the talking points, Mr. Morell referred to the State Department’s deep concerns about the references.
The release of the e-mails offers a rare glimpse inside the White House five days after the attack as it struggled to piece together intelligence to formulate a public account of what happened.
The process began in earnest at 4:20 p.m. on Friday, Sept. 14, when Stephen W. Preston, the C.I.A. general counsel, sent an e-mail to other agency officials warning them not to disclose information that might interfere with the F.B.I.’s investigation.
At 6:20 p.m., the spokesman for the National Security Council at the time, Tommy Vietor, e-mailed to remind officials that Denis McDonough, then the deputy national security adviser and now the White House chief of staff, wanted to ensure that the edits were coordinated with the State Department.
At 6:41 p.m., Shawn Turner, the spokesman for the director of national intelligence, suggested saying that on Sept. 10, the C.I.A. had “notified” the American embassy in Cairo, not “warned” it, of social media reports calling for a demonstration and encouraging jihadists to break into the embassy. Mr. Morell later removed the entire reference.
At 7:16 p.m., Victoria Nuland, the State Department spokeswoman, weighed in with her initial concerns about ensuring that the talking points provided to lawmakers did not go further than what the administration was telling reporters.
Twenty-three minutes later, Ms. Nuland sent White House and intelligence officials an even more pointed e-mail, objecting that the talking points could be “abused” by lawmakers “to beat the State Department for not paying attention to agency warnings so why do we want to feed that either? Concerned ... ”
At 7:51 p.m., the F.B.I. offered only minor changes to the draft, the bureau’s only suggestions during the contentious process.
At 9:24 p.m., Ms. Nuland, reading the latest draft, complained in an e-mail, “These don’t resolve all my issues or those of my building leadership.” Ten minutes later, Benjamin J. Rhodes, a deputy national security adviser, offered his first comments, saying, “We need to resolve this in a way that respects all of the relevant equities, especially the investigation.”
In a report that set off the latest tempest over the talking points, ABC News reported incorrectly that Mr. Rhodes had emphasized the need to protect the State Department’s interests.
At 9:52 p.m., a C.I.A. spokesman e-mailed to other agency staff members a draft note intended for Mr. Petraeus, warning him that while the White House had quickly cleared the proposed talking points, the State Department had “major concerns.”
Mr. Obama’s national security deputies reviewed the talking points at a meeting the next day, Sept. 15, Mr. Rhodes said.
At 11:25 a.m., Mr. Rhodes changed a reference to the United States “consulate” in Benghazi to “diplomatic post.”
Over the next couple of hours, aides made small final changes and e-mailed a final version to lawmakers shortly after 3 p.m.
With time short before Ms. Rice began taping her appearances on Sunday morning news programs, the White House also supplied her aides with the final talking points.
Asked by one of Ms. Rice’s aides, “Is this the final language you want to use on Benghazi,” Mr. Rhodes replied with a single word: “Yup.”",conservative
IRS extends tax benefits to married gay couples,"WASHINGTON – Legally married same-sex couples will now be allowed to file federal joint tax returns, the IRS and Treasury Department announced Thursday. The ruling allows homosexual couples to receive the same tax benefits that heterosexual couples do when filing jointly.
Thursday’s announcement comes on the heels of a historic decision by the U.S. Supreme Court, which overturned a part of the Defense of Marriage Act earlier this year.
Questions were raised following the high court’s decision on how the federal government would treat same-sex couples whose home states don’t recognize gay marriage.
The rules issued Thursday said the policies would affect all legally married gay couples regardless of where they live. The rules, though, would not apply to domestic partnerships and civil unions.
""Today's ruling provides certainty and clear, coherent tax filing guidance for all legally married same-sex couples nationwide. It provides access to benefits, responsibilities and protections under federal tax law that all Americans deserve,"" Treasury Secretary Jacob Lew said in a written statement.
Human Rights Campaign President Chad Griffin said that, because of today’s ruling, “committed and loving gay and lesbian married couples will now be treated equally under our nation’s federal tax laws, regardless of what state they call home.”
He added, “These families finally have access to crucial tax benefits and protections previously denied to them under the discriminatory Defense of Marriage Act.”
Not everyone was on board with the decision.
Brian Brown, president of the National Organization of Marriage, believes that giving same sex couples the right to file jointly “continues a pattern of lawlessness” across the country.
""The Obama administration is intent on forcing same-sex 'marriage' on an unwilling public,"" Brown said in a written statement. ""Congress alone has the responsibility of determining federal tax law.""",conservative
Benghazi emails underscore State Department’s concern over failure to act on warnings,"The resurgent controversy over the Obama administration's initial story-line on the Benghazi attack underscores State Department concerns about the leadership's failure to act on documented warnings and security incidents.
Draft ""talking points"" obtained by The Weekly Standard and ABC News depicted efforts by State Department spokeswoman Victoria Nuland in the days after the attack to strip out references to prior attacks in Benghazi. According to the excerpts, she argued that the administration should not give Congress ammunition to ""beat up"" on her department.
During a press conference Monday, President Obama even acknowledged that the country now knows that ""clearly (the staff in Benghazi) were not in a position where they were adequately protected.""
A review of now-public State Department records as well as a classified State Department cable, first reviewed and reported by Fox News, shows a steady stream of documented warnings to Washington from intelligence and State security officials on the ground in Libya that the Islamist threat was severe and growing.
One of the most significant warnings was an August 2012 State Department classified cable, which has not been made public, that summarized an emergency meeting in Benghazi where the CIA briefed on the significant threat of terrorist activity.
The cable, sent under Ambassador Chris Stevens' signature and marked SECRET, warned the office of Secretary of State Clinton that the CIA advised ""ten Islamist militias and AQ training camps (were) within Benghazi.""
The cable also warned that the 17 February Brigade, the group charged with protecting the consulate, appeared to be compromised. It said ""requests to provide a daily police presence have gone unanswered,"" adding there was also a ""lack of host nation security support to the US mission.""
In addition to identifying the presence of Al Qaeda and Ansar al-Sharia in Benghazi, the groups ultimately blamed for the assault, a key section of the cable, which remains classified, seemed to foreshadow the attack itself.
""RSO (Regional Security Officer) expressed concerns with the ability to defend Post in the event of a coordinated attack due to limited manpower, security measures, weapons capabilities, host nation support, and the overall size of the compound,"" it said.
During congressional hearings in January, Clinton was asked whether she had seen the cable by Republican Rep. Michael McCaul. Clinton said she had no knowledge of the warning which former diplomatic security agents have told Fox News amounted to a ""cry for help.""
""Congressman, that cable did not come to my attention,"" Clinton testified before the House Foreign Affairs committee. ""I have made it very clear that the security cable did not come to my attention or above the assistant secretary level where the ARB (Accountability Review Board) placed responsibility where, as I think, Ambassador Pickering said the rubber hit the road.""
In February, Republican Sen. Lindsey Graham followed up on the classified cable.
After the chairman of the Joint Chiefs of Staff confirmed he knew about the cable which summarized the August emergency meeting in Benghazi, Graham questioned why the military was read in when Clinton apparently was not.
Gen. Martin Dempsey responded: ""Well, I don't know that she didn't know about the cable.""
Graham said: ""She said she didn't. Are you stunned that she didn't?""
Dempsey said: ""I would call myself surprised that she didn't.""
In addition to attacks in Benghazi on the British ambassador -- which forced the temporary closure of the U.K. operation -- the International Red Cross and United Nations, in the summer of 2012 the group Ansar al-Sharia was so well-established it held an annual conference in Benghazi to promote Islamic law.
Records released by the House oversight committee, including a report from the regional security officer, also documented more than 200 cases of violence in Libya in the year leading up to the attack, specifically between June 2011 and July 2012. Another security review, on June 25, 2012, reported a spike in violence with ""foreigners also increasingly targeted.""
While much has been made of the State Department's failure to respond to repeated security requests for extra help, a former diplomatic security agent and 20-year veteran of the department, who reviewed the publicly available documents on the condition of anonymity, told Fox News the multiple warnings present a compelling argument that State Department leadership was negligent.
The State Department, in a document put out last week, noted that while an internal review found certain senior officials ""demonstrated a lack of proactive leadership and management ability"" in response to security concerns, there was no specific finding of misconduct.",conservative
William Cowan Named Interim Senator in Massachusetts,"Site Mobile Navigation
Governor Appoints Ex-Aide to Fill Kerry’s Seat
BOSTON — Gov. Deval Patrick on Wednesday appointed William Cowan, a Boston lawyer who is a longtime friend and former aide, to serve as an interim United States senator until voters chose a successor to John Kerry in a special election set for June 25.
Mr. Cowan, 43, who is known as Mo, is a former partner in the politically connected law firm of Mintz Levin and will become Massachusetts’ first black senator since Edward Brooke, a Republican, held the seat from 1966 to 1978. His appointment makes Mr. Cowan the second black member to be seated in the current Senate, after Tim Scott of South Carolina was appointed by Gov. Nikki R. Haley.
Mr. Patrick had said he wanted to appoint someone who did not want to run for the seat later because that person would have to conduct a campaign while learning the ropes in the Senate, and would be unlikely to do either job well. At a packed news conference at the State House, Mr. Cowan said he would not seek the permanent office or use the appointment as a springboard later. “This is going to be a very short political career,” he vowed.
The clock is now ticking toward the special election. It promises to be another bruising campaign, with two Democratic congressmen likely to face off in a primary in April.
The biggest question remaining in this drawn-out episode, which began last fall when Mr. Kerry’s name surfaced as a possible successor to Hillary Rodham Clinton as secretary of state, is whether former Senator Scott P. Brown, a Republican, will jump in.
Mr. Brown has remained mum on the subject, and his camp has sent few signals about his intentions, but he may find the opportunity hard to resist.
Polls show him beating Representative Edward J. Markey, the only Democrat who has officially declared his candidacy. Mr. Brown has high name recognition and money left over from his unsuccessful race last year against Elizabeth Warren.
If he entered the race and won, Mr. Brown would be in the awkward position of becoming the junior senator to Ms. Warren, even though she has been in office only a few weeks. The Senate historian said that those who return to the Senate after leaving — like Dan Coats of Indiana and Frank R. Lautenberg of New Jersey, for example — lose their seniority, although the distinction has little meaning beyond a way to refer to a state’s senators in the formal oratory of the Senate floor.
Still, it would be unusual for a state to have two senators who had run against each other, especially in a race that was particularly hard fought.
The June 25 special election would be Mr. Brown’s third statewide Senate race in three years, starting with his win in a special election in January 2010 to finish Senator Edward M. Kennedy’s term. If he won, he would presumably run in 2014 for a full six-year term — or four statewide races in nearly five years.
So far, the only Democrat in the race is Mr. Markey, 66, a liberal and dean of the state’s Congressional delegation. Several Democrats, including Mr. Kerry, have closed ranks behind him in the hopes of discouraging anyone else from getting in and avoiding a bruising primary.
But Representative Stephen F. Lynch, a conservative Democrat from South Boston, is expected to announce Thursday that he will challenge Mr. Markey. The primary would be held on April 30.
The rough and tumble of the coming campaign seemed far away at Wednesday’s news conference, which was attended by Mr. Cowan’s wife, Stacey, and their two young sons.
“He’s cool,” Lt. Gov. Timothy Murray said of Mr. Cowan. “Tom Brady, George Clooney, James Bond and the president have nothing on Mo.”
Mr. Cowan, who usually wears a bow tie but opted not to for this occasion, is a former chief of staff and chief legal counsel to Mr. Patrick, the state’s first black governor. From 1997 to 2009, he practiced civil litigation as an associate and later a partner in the Boston office of Mintz, Levin, Cohn, Ferris, Glovsky & Popeo. He also served as a special assistant district attorney in Middlesex County. He left the Patrick administration last year to return to the private sector, but said this brief detour to Washington was a sacrifice worth making because he wanted to give something back to the state that had given him so much.
Mr. Cowan said at the news conference that he was proud to take the post, noting that his mother, who was home in North Carolina recovering from knee surgery, was a child of the segregated South and had not attended college. The death of Mr. Cowan’s father at a young age left her to raise her children alone.
Despite her hardships, he said, “My mother told me that days like this were possible.”
He seemed to be a quick study in the senatorial art of not answering questions definitively. Asked, for example, if he would vote for military cuts if they cost jobs in Massachusetts, he called for “a balanced approach,” with some cuts and some revenue growth.
Mr. Patrick showed similar deftness, skirting a question about why he had not picked former Representative Barney Frank, who had asserted that he would have loved the interim appointment.
Mr. Cowan said that he would be relying on Mr. Kerry’s staff in Washington and in Massachusetts for guidance and that he intended to continue Mr. Kerry’s work. “There won’t be any daylight there at all,” he said.
Mr. Patrick, who has served as a mentor to Mr. Cowan, was asked whether he saw some of himself in Mr. Cowan.
“I’m not that cool,” the governor replied.",conservative
Gay Marriages Get Recognition From the I.R.S.,"WASHINGTON — All same-sex couples who are legally married will be recognized as such for federal tax purposes, even if the state where they live does not recognize their union, the Treasury Department and the Internal Revenue Service said Thursday.
It is the broadest federal rule change to come out of the landmark Supreme Court decision in June that struck down the 1996 Defense of Marriage Act, and a sign of how quickly the government is moving to treat gay couples in the same way that it does straight couples.
The June decision found that same-sex couples were entitled to federal benefits, but left open the question of how Washington would actually administer them. The Treasury Department answered some of those questions on Thursday. As of the 2013 tax year, same-sex spouses who are legally married will not be able to file federal tax returns as if either were single. Instead, they must file together as “married filing jointly” or individually as “married filing separately.”
Their address or the location of their wedding does not matter, as long as the marriage is legal: a same-sex couple who marry in Albany, N.Y., and move to Alabama are treated the same as a same-sex couple who marry and live in Massachusetts.
“Today’s ruling provides certainty and clear, coherent tax-filing guidance for all legally married same-sex couples nationwide,” Treasury Secretary Jacob J. Lew said. “This ruling also assures legally married same-sex couples that they can move freely throughout the country knowing that their federal filing status will not change.”
Gay and civil rights groups praised the ruling. “Committed and loving gay and lesbian married couples will now be treated equally under our nation’s federal tax laws, regardless of what state they call home,” said Chad Griffin, the president of the Human Rights Campaign. “These families finally have access to crucial tax benefits and protections previously denied to them under the discriminatory Defense of Marriage Act.”
But the Treasury decision could have ramifications for many gay couples’ tax liabilities, said Roberton Williams of the nonpartisan Tax Policy Center in Washington. Couples with similar incomes often pay the “marriage penalty,” with their tax liability as a couple being much higher than it would be if they were single.
At the same time, same-sex couples will also be able to file amended returns for certain prior tax years, meaning that many couples might be eligible for refunds. Couples do not have to file amended returns if they do not want to, a senior Treasury official said, meaning that couples who might pay the marriage penalty would not owe back taxes.
But the ruling creates complications for same-sex couples who live in any of the 37 states that do not recognize their marriages. Previously, such couples filed federal and state tax returns as individuals. Now, they will have to file their federal returns as other married couples do, but may be required to file their state returns as individuals.
“There’s going to be a cumbersome workaround,” said Nanette Lee Miller of Marcum L.L.P., a public accounting firm. She sees it as a paperwork bother more than a financial issue.
States might also respond to the federal ruling with changes of their own. “Most state income tax regimes begin with federal taxable income as the starting point,” Marvin Kirsner, a tax lawyer at Greenberg Traurig, said in an e-mail. “These state taxing authorities will have to figure out how to deal with a same-sex married couple who file a joint income tax return for federal tax purposes.” He added,
“We will need to see guidance from each nonrecognition state to see how this will be handled.”
The rule change is likely to provide a small increase for federal revenue, as more same-sex couples pay the marriage penalty, Mr. Williams said, describing it as a “rounding error.” But it would be partly offset by new federal spending on benefits for same-sex spouses.
The ruling applies to all legal marriages made in the United States or foreign countries. But it does not extend to civil unions, registered domestic partnerships or other legal relationships, the Treasury said.
The Treasury ruling is one of many that are starting to emerge from all corners of the federal government as Washington changes regulations to conform with the Supreme Court decision.
Separately, the Health and Human Services Department said Thursday that Medicare would extend certain key benefits to same-sex spouses, “clarifying that all beneficiaries in private Medicare plans have access to equal coverage when it comes to care in a nursing home where their spouse lives.”
But federal agencies are not moving in lock step. Instead, they are creating a patchwork of regulations affecting gay and lesbian couples — and may be raising questions about discrimination and fairness in the way that federal benefits are distributed.
Medicare and Treasury officials have said they would use a “place of celebration” standard for determining whether gay couples are eligible for benefits. That means same-sex couples would receive benefits as long as they are legally married, regardless of where they live.
But the Social Security Administration is now using a “place of residence” standard in determining spousal benefits, and a gay couple in Alabama might not receive the same benefits as a gay couple in New York until final determinations are made or Congress acts. The Obama administration has pushed federal agencies to ensure the Supreme Court’s ruling is carried out quickly and smoothly.
“It would be nice if they were consistent,” Ms. Miller said. Creating federal regulations is a process and could change, she said.",conservative
NRA urges states to allow more armed officers in schools,"NRA urges states to allow more armed officers in schools
The National Rifle Association called Tuesday for state legislatures to allow more school personnel to carry weapons on school grounds once they've gone through extensive training, as part of a set of recommendations that capped a weeks-long review in the wake of the Newtown mass shooting.
The NRA initially took criticism from Democrats for focusing so closely on school security, and rejecting gun control measures, following the Connecticut shooting in which 26 people were killed. NRA CEO Wayne LaPierre in December called for armed officers to be installed in every school in the country.
Former Arkansas Rep. Asa Hutchinson, who led the NRA's review, appeared to ease off slightly on the call for armed officers in every school -- he said it's ""important"" for every school to have at least one, but acknowledged these decisions are ""locally made"" based on unique budget circumstances.
Hutchinson, though, did call for the creation of a 40-60 hour training program for armed officers. To accompany that, his group proposed a ""model"" state law that would allow certain personnel who have undergone this training to carry weapons on school grounds.
""This is not talking about all teachers,"" he said. ""Teachers should teach.""
The 225-page report also called for states to require schools to conduct a safety assessment and for a pilot program to be created assessing mental health as a pre-indicator for violence.
Mark Mattioli, the father of one Newtown shooting victim, also spoke after Hutchinson's announcement to applaud the review effort.
The review comes as Congress and a number of state legislatures pursue gun control legislation. While a few have focused on school security -- South Dakota has already approved legislation allowing for teachers to be armed -- many have concentrated on enacting or expanding assault weapons bans, strengthening background checks and passing other measures to restrict access to firearms. Connecticut, the home of the Sandy Hook school shooting, is the latest to advance a sweeping gun control proposal -- lawmakers announced a deal Monday on a package that is likely to win approval.
But LaPierre in December argued that improving school security is paramount. He argued that if banks and members of Congress can have protection, schools across America should be afforded the same security.
""It's now time for us to assume responsibly for our schools,"" he said. ""The only way to stop a monster from killing our kids is to be permanently involved and invested in a plan of absolute protection.""
He added: ""The only thing that stops a bad guy with a gun is a good guy with a gun.""",conservative
"Facing Congress, Clinton Defends Her Actions Before and After Libya Attack","Facing Congress, Clinton Defends Her Actions Before and After Libya Attack
WASHINGTON — In one of her final appearances as secretary of state, Hillary Rodham Clinton on Wednesday vigorously defended her handling of last September’s attack on the United States diplomatic compound in Benghazi, Libya, which killed four Americans and prompted a scathing review of State Department procedures.
“As I have said many times, I take responsibility, and nobody is more committed to getting this right,” she said, reading a statement during a day of testimony before Senate and House committees. “I am determined to leave the State Department and our country safer, stronger and more secure.”
But Mrs. Clinton, whose appearance before Congress had been postponed since December because of illness, quickly departed from the script. She jousted with Republican lawmakers over who deserved blame for the security problems at the compound, and choked up as she described being at Joint Base Andrews outside Washington when the bodies of the Americans killed in the assault arrived from Libya.
“I stood next to President Obama as the Marines carried those flag-draped caskets off the plane at Andrews,” she said. “I put my arms around the mothers and fathers, sisters and brothers, sons and daughters.”
The continuing controversy over the attack, which resulted in the deaths of Ambassador J. Christopher Stevens and three other Americans, has cast a cloud over Mrs. Clinton’s final months at the State Department. It also has enormous political implications for Mrs. Clinton, the former New York senator who is already regarded as the front-runner for the 2016 Democratic presidential nomination if she chooses to run. It was the first time she had faced extensive questioning about her role in the episode.
In essence, Mrs. Clinton’s approach was to accept the responsibility for security lapses in Benghazi but not the blame.
“I feel responsible for the nearly 70,000 people who work for the State Department,” Mrs. Clinton told the Senate Foreign Relations Committee in the morning. “But the specific security requests pertaining to Benghazi, you know, were handled by the security professionals in the department. I didn’t see those requests. They didn’t come to me. I didn’t approve them. I didn’t deny them.”
When the question of her role was taken up again in the afternoon hearing by Representative Ed Royce, the California Republican who is chairman of the House Foreign Affairs Committee, Mrs. Clinton acknowledged that she had been briefed on a series of events that indicated that security in Benghazi was deteriorating in the months before the attack. They included the placement of a bomb at the outer wall of the compound in June and an ambush that month on the British ambassador.
But she said she had gone along with a recommendation from subordinates that the Benghazi post be kept open and assumed that they would take the necessary steps to protect it.
Mrs. Clinton first publicly took responsibility for the Sept. 11 attack in an Oct. 15 interview with television reporters. Since then, she has committed herself to putting in place all of the recommendations of an independent review that was led by Thomas R. Pickering, a former American ambassador, and Mike Mullen, the retired admiral who served as the chairman of the Joint Chiefs of Staff.
For all of the hours of testimony, the hearings did little to clarify the role of the White House in overseeing the American presence in Libya before the attack or explain why the Pentagon had few forces available on the anniversary of the Sept. 11, 2001, terrorist attacks to respond quickly to any assault on diplomatic outposts in the region.
One of the sharpest exchanges of the day came when Mrs. Clinton responded to questions from Senator Ron Johnson, a Wisconsin Republican, by saying there was too much focus on how the Benghazi attack had been characterized in its early hours and not enough on how to prevent a recurrence. Republicans have repeatedly charged that Obama administration officials deliberately played down the attack, focusing much of their criticism on Susan E. Rice, the ambassador to the United Nations and once Mr. Obama’s choice to succeed Mrs. Clinton.
“Was it because of a protest, or was it because of guys out for a walk one night who decided they’d go kill some Americans? What difference, at this point, does it make?” Mrs. Clinton said, her voice rising. “It is our job to figure out what happened and do everything we can to prevent it from ever happening again, Senator.”
Senator John McCain, Republican of Arizona, began his questions by saying, “It’s wonderful to see you in good health and as combative as ever,” and then proceeded to complain that she had failed to answer lingering questions.
Mr. McCain asserted that the Obama administration’s aversion to nation-building had precluded it from providing the kind of training and assistance that would have helped the fledgling Libyan government in Tripoli confront growing security threats from militants.
“We did not give them the kind of assistance that would have been necessary to help dismantle these militias that still, to this day, remain a challenge to democracy in Libya,” he said.
Mrs. Clinton responded that Congress had delayed aid to Libya and said she would provide a list of steps that had been taken to train and equip Libyan forces.
A persistent line of questioning by Republican lawmakers concerned the initial comments from Ms. Rice that the attack might have resulted from a protest, over an anti-Islamic video, that spun out of control.
Mrs. Clinton defended Ms. Rice even as she appeared to distance herself from Ms. Rice’s comments. “I told the American people that heavily armed militants assaulted our compound, and I vowed to bring them to justice,” Mrs. Clinton said.
The Senate Foreign Relations Committee’s chairman, Senator John Kerry, Democrat of Massachusetts, has been nominated to succeed Mrs. Clinton and is scheduled to appear before his committee on Thursday for a confirmation hearing. To avoid the perception of a conflict of interest, the hearing on Wednesday was led by Senator Robert Menendez, Democrat of New Jersey, the incoming chairman, and Mr. Kerry did not attend.
In a rare criticism of the committee by one of its members, Senator Bob Corker of Tennessee, the ranking Republican, complained that the panel Mr. Kerry led had failed to conduct proper oversight of security and other State Department issues.
“This is an opportunity for this committee to finally do the work that it should have been doing for years,” Mr. Corker said.
Mrs. Clinton sought to put the events in Benghazi in a regional context, noting the presence of a group in northern Mali affiliated with Al Qaeda.
“Benghazi didn’t happen in a vacuum,” she said. “The Arab revolutions have scrambled power dynamics and shattered security forces across the region. And instability in Mali has created an expanding safe haven for terrorists who look to extend their influence and plot further attacks of the kind we saw just last week in Algeria.”
“We are in for a struggle, but it is a necessary struggle,” she said. “We cannot permit northern Mali to become a safe haven.”",conservative
Clinton Benghazi Hearings Show Classified Report Could Not Determine Causes Of Attacks,"WASHINGTON -- The classified version of a State Department review of last year's assault on an American compound in Benghazi, Libya, found that it was impossible to say what exactly motivated the attackers, Secretary of State Hillary Clinton revealed Wednesday.
Speaking at a pair of hearings on Capitol Hill to examine the Obama administration's handling of and response to the attacks, Clinton repeatedly cited the classified version of the review by a State Department Accountability Review Board, distributed to lawmakers last month.
""As the ARB makes clear, after their months of research the picture remains still somewhat complicated,"" Clinton said, during an exchange with Sen. James Risch (R-Idaho) at the Senate Foreign Relations Committee. ""And I say that because in the unclassified ARB, it is -- I quote: 'Key questions surrounding the identity, actions and motivations of the perpetrators remain to be determined.'""
The question of what motivated the Benghazi attacks has often been viewed as a duality: Either it was the result of a mob angry over a recently released anti-Islamic video, or it was a terrorist attack.
That the administration wavered over its public declarations of the cause of the assault -- repeatedly citing the video before eventually confirming that it was clearly an act of terrorism -- was widely interpreted among critics as evidence of a desire to suppress or conceal the truth.
But from the start, the evidence on the scene in Benghazi was more complex.
Reporters from The New York Times and Reuters who were on the ground immediately after the attacks relayed that people involved in the mob scene around the compound repeatedly cited the video as a cause of their anger.
The Times later stood by that version of events, citing it in its fact-check of Republican attacks on Obama during the presidential campaign.
The ARB, in its unclassified form, mentions that the attackers' motivation is the subject of an ongoing FBI investigation. But the classified version, Clinton said, detailed the possible motivations for the attack, and suggested while they were pre-coordinated and deliberate, they were also opportunistic and not planned extensively.
In citing the classified report to rebuff congressional queries about the administration's handling of the crisis, Clinton was drawing on a powerful tool of her office, although discussing a classified document is sure to raise further questions.
The added complexity wasn't always satisfying to the legislators who grilled her Wednesday.
While being questioned at the House Foreign Relations Committee by Rep. Jeff Duncan (R-S.C.), Clinton urged that he read the classified ARB report to find his answers.
""There are key questions surrounding the identity, actions and motivations of the perpetrators that remain to be determined,"" she said. ""I recommend that every member read the classified version, which goes into greater detail that I cannot speak to here today.
To which Duncan replied: ""It was a terrorist attack. It's pretty clear what the motivation was.""",conservative
N.R.A. Details Plan for Armed School Guards,"Report Sees Guns as Path to Safety in Schools
WASHINGTON — With the Senate set to debate gun control this month, a National Rifle Association task force released a 225-page report on Tuesday that called for armed police officers, security guards or staff members in every American school, and urged states to loosen gun restrictions to allow trained teachers and administrators to carry weapons.
Asa Hutchinson, a former Republican congressman from Arkansas who led the task force, unveiled the report at a packed news conference with unusually heavy security, including a bomb-sniffing yellow Labrador retriever. A dozen officers in plain clothes and uniforms stood watch as he spoke; one warned photographers to “remain stationary” during the event.
Among the study’s central conclusions is that “the presence of armed security personnel adds a layer of security and diminishes response time” in a shooting, Mr. Hutchinson said. He cited a 1997 Mississippi case in which an assistant principal ran to his truck to retrieve a .45-caliber semiautomatic pistol and subdued a gunman who had killed two students.
The recommendations — which also included expanding the police presence in schools — drew immediate criticism from gun control advocates and many Democrats, who have been fighting to tighten gun restrictions after the massacre at Sandy Hook Elementary School in Newtown, Conn., in December.
“Arming the teacher is merely a response to the last tragedy,” said Representative Mike Thompson, a California Democrat who is chairman of a House task force on gun violence. “The one before that was in a shopping mall in Oregon, and the one before that was in a movie theater in Colorado. I don’t think the proper response is to arm all the projectionists in the movie theaters or all the vendors in the mall.”
After the Newtown shooting, Wayne LaPierre, the rifle association’s executive director, announced that it would devise a plan to put armed guards in every school. Technically, Mr. Hutchison’s task force is independent of the rifle association, even though it paid for the study, and Mr. LaPierre was not present on Tuesday. But critics see no distinction between the two.
Marian Wright Edelman, president of the Children’s Defense Fund, an advocacy group here, criticized the study as “nothing more than a continuation of the N.R.A.’s attempts to prey on America’s fears, saturate our schools with more guns and turn them into armed fortresses.”
But the report did get support from at least one Newtown parent: Mark Mattioli, whose 6-year-old son, James, was killed.
“I think politics needs to be set aside here, and I hope this doesn’t lead to name-calling,” said Mr. Mattioli, who joined Mr. Hutchinson at the news conference. “This is a recommendation for solutions, real solutions that will make our kids safer. That’s what we need.”
At least one state, Indiana, is considering the idea of armed officers at schools. On Tuesday, a proposal that would require public and charter schools to have an armed “protection officer” on school property during class hours passed a State House committee.
The task force panel called on the Departments of Homeland Security, Education and Justice to coordinate school safety efforts and provide grant money for schools to assess their ability to prevent and respond to attacks. It recommended that officers or employees who are armed take a 40- to 60-hour training course to be developed by the rifle association based on a model the task force has designed.
The group also called on states to require schools to develop security plans.
But how and whether the task force recommendations will be put into effect — and the cost — was unclear.
The timing of Tuesday’s announcement was not a coincidence: Congress will wrap up its spring recess after this week and is expected to consider gun legislation after lawmakers return. President Obama has called for tough new controls on gun ownership, but the prospects for such legislation are murky — a testimony to the rifle association’s prowess as a lobbying force.
A plan to revive and revamp a ban on assault weapons, which expired in 2004, is almost certain to be defeated. Mr. Obama is pushing for a measure that would impose mandatory background checks for gun buyers, and the Senator Harry Reid, Democrat of Nevada, the majority leader, has promised to present a bill that would expand background checks to the floor for a vote.",conservative
Same-Sex Married Couples To Get Federal Tax Recognition Regardless Of State,"WASHINGTON -- The U.S. Department of the Treasury announced Thursday that when it comes to taxes, it will recognize same-sex couples' marriages even if they live in a state that does not.
The decision, which was prompted by the U.S. Supreme Court’s ruling to overturn the Defense of Marriage Act, marks the latest political progress for the lesbian, gay, bisexual and transgender community.
Prior to this spring, the Internal Revenue Service did not recognize same-sex married couples pursuant to section 3 of DOMA. Once DOMA was overturned in June, the question became: What about same-sex married couples who moved to a state that didn’t recognize their marriage (a couple married in Massachusetts who moved to Arkansas, for example)?
Thursday’s ruling by Treasury Secretary Jacob Lew provides a uniform policy for the IRS; the state of celebration -- where the wedding took place -- now trumps the state of residency when it comes to federal tax status for same-sex married couples.
“Today’s ruling provides certainty and clear, coherent tax filing guidance for all legally married same-sex couples nationwide. It provides access to benefits, responsibilities and protections under federal tax law that all Americans deserve,” Lew said in a statement. “This ruling also assures legally married same-sex couples that they can move freely throughout the country knowing that their federal filing status will not change.”
The new policy, which was first shared by Lew in a conference call that included LGBT advocates, holds a bit of political significance. It was the burden of federal tax law on same-sex couples, after all, that prompted the legal challenge to DOMA in the first place.
Edie Windsor, the plaintiff in the DOMA case, sued the government after being forced to pay estate taxes following the death of her wife, Thea Spyer. Had they been a heterosexual couple, Windsor's tax burden would have been zero. After DOMA was overturned, it was reported that the IRS owed Windsor $363,053.
Under the new Treasury policy, all federal tax provisions where marriage is a factor, including filing status, employee benefits, IRA contributions, earned income, child tax credits, and income, gift and estate taxes, will apply to same sex couples regardless of where they live. On the flip side, gay couples also will now be subjected to the so-called marriage penalty, in which some (usually upper-middle class) joint filers incur a higher tax burden than they would if they filed as single people.
The policy only applies to married couples, and not those in domestic partnerships or same-sex unions.
“With today’s ruling, committed and loving gay and lesbian married couples will now be treated equally under our nation’s federal tax laws, regardless of what state they call home,” said Human Rights Campaign President Chad Griffin. “These families finally have access to crucial tax benefits and protections previously denied to them under the discriminatory Defense of Marriage Act.”
The Treasury’s actions on Thursday are just the latest in a set of LGBT policies offered by agencies within the Obama administration following the DOMA ruling. The Federal Election Commission, and Departments of Health and Human Services and Homeland Security, also extended federal benefits to gay couples in states that don’t recognize their marriages.
UPDATE: Commenting on the Treasury Department's new policy, Edie Windsor hailed the decision as the precise remedy that she sought when she challenged the constitutionality of DOMA.",conservative
Mo Cowan Senate: Deval Patrick Names Former Chief Of Staff To Replace John Kerry,"Mo Cowan Senate: Deval Patrick Names Former Chief Of Staff To Replace John Kerry
WASHINGTON -- Massachusetts Gov. Deval Patrick (D) on Wednesday appointed William ""Mo"" Cowan to the Senate seat vacated by newly confirmed Secretary of State John Kerry. Cowan will hold the seat in an interim capacity until an election in June.
Patrick, Cowan and Lt. Governor Tim Murray were all smiles as they walked into a news conference to announce the appointment.
""He's cool,"" Murray said of Cowan. ""Tom Brady, George Clooney, James Bond, the president have nothing on Mo.""
""It was a private fact, but now known publicly thanks to the lieutenant governor, that he also brought cool,"" Patrick said to laughs. He and Cowan shook hands and hugged.
Cowan, 43, is a former chief of staff and former legal counsel to Patrick. Like Patrick, who grew up on the South Side of Chicago before attending Milton Academy, Harvard and Harvard Law, Cowan came from a poor background to Boston for education and made a career there. After growing up in poverty in rural North Carolina, Cowan went to Duke University and then Northeastern University School of Law. He never left, and became a prominent Boston lawyer.
Cowan's appointment means that there will be two black senators serving together for the first time in American history. Neither was elected -- Sen. Tim Scott (R-S.C.) was appointed in December after former Sen. Jim DeMint (R-S.C.) left the chamber in the middle of his term.
Cowan's selection is a step forward for a state that has a troubled history with race relations, exploding in the South Boston busing riots in the 1970s. Patrick, the state's first African-American governor, said recently on local cable television that it was a priority for him to pick a woman or a person of color for the seat. Cowan will become the second black senator from Massachusetts, after Edward Brooke, who served from 1967 to 1979.
Patrick on Wednesday was asked to reflect on the fact that eight years ago, the highest black official in the state was Suffolk County D.A. Ralph Martin. Patrick said it was important to have black elected officials, adding, ""the commonwealth and the country [are] changing.""
Cowan said Patrick offered him the job on Tuesday, and he accepted.
He said there would be ""no daylight"" between him and Kerry on policy. When asked about the looming sequester, he said the ""best-case scenario"" was a ""balanced approach"" of spending cuts and tax increases. ""I don't think anyone believes it's in the best interest to do straight across-the-board cuts,"" he said.
Patrick has consistently said that the pick to succeed Kerry should not run in the general election slated for June 25. Cowan embraced the temporary appointment Wednesday, repeating over and over that his stint would be short. Asked about his political future, he said, ""I am not running for office; I am not a candidate in the future.""
The late Sen. Ted Kennedy (D-Mass.) requested in a letter written before his death that the interim pick to replace him not run in the general election, a principle that Patrick honored after Kennedy died by picking Kennedy's longtime chief of staff, Paul Kirk.
Former Rep. Barney Frank (D-Mass.) was the only person to publicly campaign for the interim appointment, announcing his desire to fill the seat on MSNBC and doing subsequent interviews about it. Frank promised that he would not run in the June election if appointed, and he endorsed Rep. Edward Markey (D-Mass.) for Senate, though the two fought over the redistricting process that Frank blamed for his exit from the House of Representatives. Progressive groups lined up to rally support for Frank, but Patrick reportedly bristled at his public pursuit of the seat.
Frank praised Cowan in a brief statement Wednesday. ""I know Mr. Cowan is committed to working hard and in a socially fair and economically efficient manner toward solving pending budget issues,"" he said. “I now look forward to working for the election of Ed Markey to continue this work, and to providing President Obama the support he deserves in carrying out the mandate he received in November."" A Frank representative did not respond to interview requests from The Huffington Post.
The only announced candidate for the general election is Markey, who has received a flood of endorsements from Democrats -- including Kerry -- and has a $3.1 million war chest. Rep. Stephen Lynch (D-Mass.) is expected to announce his bid Thursday for the seat. Lynch holds more conservative positions than Markey; he opposes abortion rights and voted against President Barack Obama's health care law.
Former Sen. Scott Brown (R-Mass.) has not said what he will do, but the Associated Press reported Tuesday that he was ""leaning strongly"" towards a run and would likely announce his candidacy early next week. Brown has kept a low public profile since leaving the Senate in January, other than lashing out at his Twitter critics in a string of messages early Saturday morning.",conservative
White House Releases Benghazi Emails,"WASHINGTON –- The White House on Wednesday released the full set of emails surrounding the Obama administration’s development of talking points describing the Sept. 11, 2012, attack on the U.S. outpost in Benghazi, Libya, in response to continuing charges from congressional Republicans that there was a massive political “cover-up” of what transpired there. Nothing in the emails supports theories that the talking points were changed in order to influence the 2012 election.
In a briefing with reporters at the White House on Wednesday afternoon, senior administration officials used the 100 pages of emails to show that a number of government agencies, not just the State Department, drove many of the changes to the talking points that were ultimately used by U.N. Ambassador Susan Rice.
The cache of emails paint a fuller picture than did an email leaked earlier this week, which portrayed a State Department concerned about its public image.
Republican lawmakers have argued that the State Department and the White House were attempting to alter the talking points for political reasons and ignored suggestions and language put forward by the CIA. In particular, they pointed to the fact that references to al Qaeda and previous security warnings were removed. But senior administration officials stressed on Wednesday that such language in fact was taken out at the request of the CIA.
Critics have said the role of State Department spokeswoman Victoria Nuland in revising the talking points in particular shows an administration trying to protect its reputation as being tough on terrorism. They have criticized Nuland for requesting to remove a line from the final draft noting that there had been ""at least five other attacks against foreign interests in Benghazi by unidentified assailants.""
Nuland said in a Sept. 14 email that she didn't want that information included because it ""could be abused by members [of Congress] to beat up the State Department for not paying attention to warnings, so why would we want to feed that either? Concerned ...""
But senior administration officials on Wednesday said that Michael J. Morell, then the deputy director of the CIA, also wanted that line removed, separately from Nuland. Morell believed it was irrelevant to the message of the talking points -- what happened in Benghazi -- and unprofessional to include those warnings but not allow State Department officials to include how they had responded to them.
Separate from Wednesday's document release, the CIA recently conducted an internal review of how and why the talking points were changed -- a move that also came in response to the continuing questions from Congress. That review showed that many changes were made to the original talking points -- drafted by a senior officer -- over concerns about accuracy, an FBI investigation and other bureaucratic matters. A U.S. intelligence official told The Huffington Post the review was completed ""early this year.""
Senior administration officials, discussing that internal review, relayed that some CIA officials didn't like that the original draft of the talking points said the government ""know[s] that Islamic extremists with ties to al-Qa'ida participated in the attack,"" because at that time it was premature to name those responsible for the attacks.
Their concerns at other times were more mundane. For example, CIA officials also decided to change the phrase ""attacks in Benghazi ... evolved into a direct assault against the US Consulate"" to ""demonstrations in Benghazi"" because they believed ""attacks"" and ""assault"" were synonymous, making the phrase illogical.
CIA officers also removed the reference to al Qaeda in order to avoid prejudging the outcome of a FBI investigation into the incident. A reference to another terrorist group, Ansar al-Sharia, was left in, but later removed at the request of the State Department; the CIA agreed with that decision, again so as not to hinder the FBI investigation.
The timing of the White House's document release raises its own set of questions. Why, for example, did the administration choose to make the emails public now, after months of enduring criticism and requests for more information? If the material was too sensitive to share publicly months, weeks or days ago, what changed on Wednesday?
While the document dump does soften some of the more critical theories that have arisen with respect to the White House's handling of the events in Benghazi, it could also embolden critics who now see an administration willing to accommodate demands for documents.
In a response shortly after the emails were made public on Wednesday, Brendan Buck, spokesman for House Speaker John Boehner (R-Ohio), said just that.
""The House interim report found that 'senior State Department officials requested the talking points be changed to avoid criticism for ignoring the threat environment in Benghazi' and that those changes were ultimately made,"" said Buck. ""Those findings are confirmed by the emails released today, and they contradict statements made by the White House that it and the State Department only changed one word in the talking points. The seemingly political nature of the State Department’s concerns raises questions about the motivations behind these changes and who at the State Department was seeking them.""
UPDATE: 9 p.m. -- White House spokesman Eric Schultz said he hoped Wednesday's disclosure would put to rest the Benghazi issue.
“Despite the fact that e-mails relating to the Benghazi talking points were made available to members of Congress several months ago, in recent days these e-mails have been selectively and inaccurately read out to the media. To make clear what is and is not in these e-mails, today the White House took the extraordinary step of releasing these e-mails,"" Schultz said. ""You can now see what the Congress has seen -- collectively these emails make clear that the interagency process, including the White House's interactions, were focused on providing the facts as we knew them based on the best information available at the time and protecting an ongoing investigation. After 11 hearings, 25,000 pages of documents, and now this release, we can hopefully spend our time working on what’s important – what we can do together to ensure those serving their nation overseas are better protected than they were last September.”",conservative
Mary Cheney: Sister Is 'Dead Wrong' On Gay Marriage,"Mary Cheney, the younger sister of Wyoming U.S Senate candidate Liz Cheney (R) and daughter of former Vice President Dick Cheney, criticized her sister's opposition to same-sex marriage in a Friday Facebook post, the New York Times reports.
According to the Times, Mary Cheney, who is openly gay and married her partner, Heather Poe, in Washington, DC last year, took to Facebook to rebuke her sister's remarks.
“For the record, I love my sister, but she is dead wrong on the issue of marriage,"" she wrote.
""Freedom means freedom for everyone,"" she continued. ""That means that all families — regardless of how they look or how they are made — all families are entitled to the same rights, privileges and protections as every other.""
On Friday, Liz Cheney issued a statement voicing her opposition to same-sex marriage.
""I am strongly pro-life and I am not pro-gay marriage,"" she said. “I believe the issue of marriage must be decided by the states, and by the people in the states, not by judges and not even by legislators, but by the people themselves.""
The elder Cheney daughter is challenging Sen. Mike Enzi (R-Wyo.) in next year's Republican primary. Previously, she had spoken out against the military's former ""don't ask, don't tell"" policy.
According to The Hill, Cheney sought to clarify her position after an alleged poll in Wyoming said she ""supports abortion and aggressively promotes gay marriage.""
Her opposition also puts her at odds with her father, who offered support for gay marriage in 2009.
""I think that freedom means freedom for everyone,"" the former vice president said. ""As many of you know, one of my daughters is gay and it is something we have lived with for a long time in our family. I think people ought to be free to enter into any kind of union they wish.""",conservative
"Obama Gun Control Proposals Unveiled, Marking Biggest Legislative Effort In A Generation","Obama Gun Control Proposals Unveiled, Marking Biggest Legislative Effort In A Generation
WASHINGTON -- In a bold and potentially historic attempt to stem the increase in mass gun violence, President Barack Obama unveiled on Wednesday the most sweeping effort at gun control policy reform in a generation.
""This is our first task as a society: keeping our children safe. This is how we will be judged,"" Obama said. “We can’t put this off any longer.""
The proposal, which comes at the end of a month-long review process spearheaded by Vice President Joe Biden, is broken down into four key subsections: law enforcement, the availability of dangerous firearms and ammunition, school safety and mental health.
In an effort to touch on all four of those elements, the president recommended requiring criminal background checks for all gun sales; reinstating the assault weapons ban; restoring a 10-round limit on ammunition magazines; eliminating armor-piercing bullets; providing mental health services in schools; allocating funds to hire more police officers; and instituting a federal gun trafficking statute, among other policies. The cost of the package, senior officials estimated, would be roughly $500 million, some of which could come from already budgeted funds.
Because these recommendations require congressional approval, the administration is supplementing its proposal with 23 executive actions that will be taken immediately. Those actions include requiring federal agencies to hand over relevant data for a background check system; providing law enforcement officials, first responders and school officials with better training for active shooting situations; directing the Centers for Disease Control to research the causes and prevention of gun violence; and many more.
""I intend to use whatever weight this office holds to make them a reality,"" said the president, speaking about his full set of recommendations. ""If there's even one life that can be saved, then we've got an obligation to try.""
The approach is so sweeping that what would have otherwise been a headline-grabbing announcement received second billing. The president on Wednesday will nominate Byron Todd Jones, the acting director of the Bureau of Alcohol, Tobacco, Firearms and Explosives, to take over the post permanently.
In total, the proposal goes beyond what most gun control advocates were hoping for at the start of Biden's review process, during which he held 22 different meetings with 229 different organizations and 31 elected officials.
""This is a monumental moment. It's a long time coming and we're thrilled the president's putting the full weight of his office behind this,"" said Josh Horowitz, executive director of the Coalition to Stop Gun Violence. ""We're ready to push this thing through.""
But putting together ideas is the easy part. Selling them on the Hill will take a bit of legislative craft.
Seasoned political observers have questioned whether it makes more sense to break the package into separate bills or push for one comprehensive proposal. A senior administration official said that the president's proposal shouldn't be considered finalized legislative language, but rather a series of recommendations for Congress to consider. The president would be working with lawmakers to move the process forward, the official added, and would be trying to build up public opinion as well.
""I will put everything I've got into this and so will Joe [Biden]. But I tell you, the only way we can change is if the American people demand it,"" said Obama. ""We are going to need voices in those areas and congressional districts where the tradition of gun ownership is strong.""
""It can't just be the usual suspects,"" he continued. ""This will not happen unless the American people demand it.""
The gun-rights lobby has already signaled that it will try to block the administration's effort. A spokesman for the National Rifle Association did not immediately respond to requests for comment on the president's proposal. But the organization has already harshly criticized the Obama administration for overreach.
""It is unfortunate that this administration continues to insist on pushing failed solutions to our nation's most pressing problems,"" the NRA said after meeting with Biden last week. ""We will not allow law-abiding gun owners to be blamed for the acts of criminals and madmen.""
The group continued its offensive this week, launching an advertising campaign attacking Obama as an ""elitist hypocrite"" for opposing the NRA's widely-criticized proposal, made after the Newtown, Conn. shooting, to place armed guards in all of the nation's schools.
But that attack appeared a bit premature. As part of its policy recommendations, the White House called on Congress to act on an old administration proposal to spend $4 billion to keep 15,000 cops on the streets. In addition, the president is proposing a new initiative that would incentivize police departments to hire more school resource officers and encourage schools to hire more mental health professionals. The president's plan also calls on Congress to allocate resources to help schools, other educational institutions and houses of worship develop emergency management plans.
The White House proposals, even officials there admit, are not a cure-all for mass shootings. Among the suggested recommendations on the gun-policy front, only the ban on high-capacity magazines could have had a tangible impact on the shooting in Newtown, and it's unclear what, exactly, the effect would have been.
Moreover, the administration is pointedly not going after those weapons and ammunition magazines that are currently and lawfully owned. The proposal would instead affect the future production and sale of military-style weapons or high-capacity magazines.
""We are not going to go after existing stock of weapons or magazines,"" said a senior administration official. ""We are going to limit it to the manufacturing of assault weapons and clips going forward.""
The White House nevertheless insists that its package of proposals has teeth. It would provide law enforcement with the mechanisms needed to go after the illegal transfer of weapons and help prevent those weapons from falling into the wrong hands. It would also stem the use of military-style weapons -- the White House says its proposal would improve on the 1994 Assault Weapons Ban, which was riddled with loopholes -- and give schools and communities resources to address violence when it occurs.
The question, in some respects, is not what's missing from the set of ideas, but what took the administration so long to get to this point.
""It is not as though we had this whole policy paper sitting on the shelf somewhere,"" said a senior administration official. ""[We worked] 24/7 for the past month. And we met with a lot of groups and we learned a lot of ideas that came as a result of this process. We tried to be as comprehensive as possible. We are hoping that as the process goes on and as the debate goes on, we might come up with some other ideas.""",conservative
Jesse Jackson Jr. Pleads Guilty in Campaign Money Case,"WASHINGTON — Jesse L. Jackson Jr., the former Democratic representative from Illinois, pleaded guilty on Wednesday to one felony fraud count in connection with his use of $750,000 in campaign money to pay for living expenses and buy items like stuffed animals, elk heads and fur capes.
As part of a plea agreement, prosecutors recommended that Mr. Jackson receive a sentence of 46 to 57 months in prison. The federal judge overseeing the case, Robert L. Wilkins, is scheduled to sentence Mr. Jackson on June 28.
“For years I lived off my campaign,” Mr. Jackson, 47, said in response to questions from the judge about the plea. “I used money I shouldn’t have used for personal purposes.”
At one point during the hearing, the judge stopped his questioning of Mr. Jackson, who was crying, so that he could be given a tissue.
“Guilty, Your Honor — I misled the American people,” Mr. Jackson said when asked whether he would accept the plea deal. Mr. Jackson’s father, the Rev. Jesse L. Jackson, his mother and several brothers and sisters accompanied him to the hearing.
Mr. Jackson’s wife, Sandi, also accompanied him, and later in the day she pleaded guilty to a charge that she filed false income tax statements during the time that Mr. Jackson was dipping into his campaign treasury. Prosecutors said they would seek to have her sentenced to 18 to 24 months.
Mr. Jackson’s plea was yet another chapter in the downward spiral of his career. Elected to Congress in 1995 at the age of 30 from a district that includes part of the South Side of Chicago, Mr. Jackson was once one of the most prominent young black politicians in the country, working on issues related to health care and education for the poor.
But as the federal authorities investigated Gov. Rod R. Blagojevich of Illinois over his efforts to sell the Senate seat that President Obama vacated in 2008, they uncovered evidence that one of Mr. Jackson’s friends had offered to make a contribution to Mr. Blagojevich’s campaign in exchange for the seat. Since then, Mr. Jackson, who has said he had no knowledge of the offer, has been dogged by questions about his ethics.
Last summer, Mr. Jackson took a medical leave from Congress and was later treated for bipolar disorder. After winning re-election in November, he resigned, citing his health and the federal investigation into his use of campaign money.
After the hearing, Mr. Jackson’s lawyer, Reid H. Weingarten, said his client had “come to terms with his misconduct.”
Mr. Weingarten said that Mr. Jackson had serious health issues that “directly related” to his conduct.
“That’s not an excuse, it’s just a fact,” Mr. Weingarten said.
Court papers released by federal prosecutors on Wednesday provided new details about how Mr. Jackson and his wife used the $750,000 in campaign money to finance their lavish lifestyle.
From 2007 to 2011, Mr. Jackson bought $10,977.74 worth of televisions, DVD players and DVDs at Best Buy, according to the documents. In 2008, Mr. Jackson used the money for things like a $466.30 dinner at CityZen in the Mandarin Oriental in Washington and a $5,587.75 vacation at the Martha’s Vineyard Holistic Retreat, the document said.
On at least two instances, Mr. Jackson and his wife used campaign money at Build-A-Bear Workshop, a store where patrons can create stuffed animals. From December 2007 through December 2008, the Jacksons spent $313.89 on “stuffed animals and accessories for stuffed animals” from Build-A-Bear, according to the documents.
One of the more exotic items they bought was an elk head from a taxidermist in Montana. According to the documents, Mr. Jackson arranged in March 2011 to have $7,000 paid to the taxidermist, with much of the money coming from a campaign account, and it was shipped a month later to Mr. Jackson’s Congressional office.
A year later, Mr. Jackson’s wife, knowing that the elk head had been bought with campaign money, had it moved from Washington to Chicago, and she asked a Congressional staff member to sell it, the documents say.
In August 2012, the staff member sold the elk head for $5,300 to an interior designer and had the money wired to one of Mr. Jackson’s accounts. What the staff member did not know was that the interior designer was actually an undercover F.B.I. employee who was investigating the Jacksons, the documents say.
Documents released on Friday showed how Mr. Jackson used his campaign money to buy items like fur capes, celebrity memorabilia and expensive furniture.
Among those items were a $5,000 football signed by American presidents and two hats that once belonged to Michael Jackson, including a $4,600 fedora.",conservative
Obama administration defends 2nd mass surveillance project,"The Obama administration found itself defending -- and beginning to explain -- yet another surveillance effort after leaked documents revealed information about two secret National Security Agency intelligence-gathering programs.
On top of a Guardian newspaper report that revealed how authorities were collecting phone records from millions, a Washington Post report detailed another program that scours major Internet companies including Google and Facebook for data. A former senior NSA official confirmed to Fox News that the program was started in 2007 by the FBI and NSA and allows them to tap into top U.S. Internet companies to pull audio, video and other data.
While civil liberties groups cried foul over the program, Director of National Intelligence James Clapper issued a statement late Thursday decrying the leak of the materials. He called the disclosure of the program that allows the NSA to collect communications data from Internet companies ""reprehensible"" and said the phone-records monitoring leak could cause harm to the nation's intelligence gathering activities.
At the same time, he took the rare step of moving to declassify information about the programs as he sought to defend them against criticism.
“The article omits key information regarding how a classified intelligence collection program is used to prevent terrorist attacks and the numerous safeguards that protect privacy and civil liberties,"" he said of the Guardian story.
Clapper also said the government was ""prohibited from indiscriminately sifting through the telephony metadata acquired under the program.” All information acquired, he said, “is subject to strict, court-imposed restrictions on review and handling. The court only allows the data to be queried when there is a reasonable suspicion, based on specific facts, that the particular basis for the query is associated with a foreign terrorist organization.“
Several hours earlier, a senior administration official also pushed back, saying the Guardian article and Washington Post article about the Internet mining refers to collection under a law that ""does not allow the targeting of any U.S. citizen or of any person located within the United States.”
It was not immediately clear how the official defined “targeting.”
“The program is subject to oversight by the Foreign Intelligence Surveillance Court, the Executive Branch, and Congress,” the official said. “It involves extensive procedures, specifically approved by the court, to ensure that only non-U.S. persons outside the U.S. are targeted, and that minimize the acquisition, retention and dissemination of incidentally acquired information about U.S. persons.”
A former NSA official told Fox News the FBI and National Security Agency (NSA) have been tapping into leading U.S. Internet companies to pull audio, video and photographs.
According to the official, the program began in 2007 and is in the second phase. Metadata from the companies is used to identify suspicious individuals and the secondary search goes into content. The official told Fox News that the Utah Data Center is likely a repository for this material.
The classified program is code-named PRISM, the Washington Post reported, and has not been disclosed publicly before. Members of Congress who are aware of the program were reportedly bound by oath to keep it confidential.
According to slides from an internal presentation intended for NSA senior analysts and obtained by the Washington Post, the program accounts for nearly one in seven intelligence reports.
The companies that participate knowingly in the program are Microsoft, Yahoo, Google, Facebook, PalTalk, AOL, Skype, YouTube and Apple, the Washington Post reports.
A number of the Internet companies issued statements Thursday night saying they only complied when legally bound to do so.
""Even when the system works just as advertised, with no American singled out for targeting, the NSA routinely collects a great deal of American content,"" the Washington Post report said. ""That is described as ""incidental,"" and it is inherent in contact chaining, one of the basic tools of the trade.""
To be immune from lawsuits, companies like Yahoo and AOL are reportedly obliged to accept a directive from the attorney general and national intelligence director to open their service to the FBI's Data Intercept Technology Unit, which acts as a liaison between the companies and the NSA.
According to the slides, there has been “continued exponential growth in tasking to Facebook and Skype.""
""With a few clicks and an affirmation that the subject is believed to be engaged in terrorism, espionage or nuclear proliferation, an analyst obtains full access to Facebook’s 'extensive search and surveillance capabilities against the variety of online social networking services,'"" the Washington Post reports.
Skype can reportedly be monitored for audio when one end of a call is a conventional telephone and also can be monitored for video, chat and file transfers when users connect just by a computer. Google services that can be monitored include Gmail, voice and video chat, Google Drive files, and search terms.
A spokesperson for Google says the company ""cares deeply"" about the security of users' data.
""We disclose user data to government in accordance with the law, and we review all such requests carefully,"" the spokesperson said. ""From time to time, people allege that we have created a government 'back door' into our systems, but Google does not have a 'back door' for the government to access private user data.""
""Protecting the privacy of our users and their data is a top priority for Facebook,"" the company's chief security officer Joe Sullivan said in a statement. ""We do not provide any government organization with direct access to Facebook servers. When Facebook is asked for data or information about specific individuals, we carefully scrutinize any such request for compliance with all applicable laws, and provide information only to the extent required by law.""
A Microsoft spokesperson said that the company only provides customer data after receiving a legally binding order or subpoena.
""In addition we only ever comply with orders for requests about specific accounts or identifiers,"" the spokesperson said. ""If the government has a broader voluntary national security program to gather customer data we don't participate in it.""",conservative
"Obama Defends NSA Programs, Says Congress Knew About Surveillance","WASHINGTON -- President Barack Obama on Friday forcefully defended revelations that the National Security Agency is collecting phone records and electronic communications, saying that Congress was fully briefed and the programs are limited in scope.
""The programs are secret in the sense that they are classified. They are not secret, in that every member of Congress has been briefed,"" he said during a speech in San Jose, Calif. ""These are programs that have been authored by large bipartisan majorities repeatedly since 2006.""
""Your duly elected representatives have consistently been informed,"" he said.
News outlets revealed this week that vast spying programs began under President George W. Bush and have continued under Obama. The Guardian reported Wednesday that the National Security Agency had obtained a court order to collect phone records from Verizon Wireless customers, while The Washington Post reported Thursday of the existence of a program launched in 2007 called PRISM, which tracks information from nine leading U.S. Internet companies: Microsoft, Yahoo, Google, Facebook, AOL, YouTube, Apple, PalTalk and Skype.
In response to a question after his speech, Obama defended the programs as essential to combating terrorist threats. ""They may identify potential leads with respect to folks who might engage in terrorism,"" he said.
He also argued that some have overstated the impact of the programs. ""Some of the hype we've been hearing over the past day or so -- nobody has listened to the content of people's phone calls,"" he said.
""I welcome this debate and I think it's healthy for our democracy,"" he continued. ""I think it's a sign of maturity, because probably five years ago, six years ago, we might not have been having this debate.""
Obama portrayed the programs as a trade-off between security and civil liberties. ""I think it's important to recognize that you can't have 100 percent security, and also then have 100 percent privacy and zero inconvenience. We're going to have to make some choices as a society,"" he said.
He also expressed his displeasure that the domestic spying programs' existence was leaked to the press. ""I don't welcome leaks,"" he said. ""There's a reason these programs are classified.""
The president's full-throated defense of the programs, albeit with the qualification that he welcomes debate, is unlikely to quell the outrage over the revelations. Obama ran as an antidote to Bush's policies in 2008, but the reports reveal that he has continued many of them, leading to concerns over the reach of the national security state.
Obama went on to defend those who operated the programs as ""professionals."" ""In the abstract, you can complain about 'Big Brother' and how this is a potential program run amok. But when you actually look at the details, then I think we've struck the right balance,"" he said.",conservative
Jackson pleads guilty over illegal campaign spending spree,"Former Rep. Jesse Jackson Jr. pleaded guilty Wednesday in federal court to charges that he spent $750,000 in campaign cash on personal items.
The Illinois Democrat faces up to five years in prison, but guidelines recommend slightly less. Sentencing has been set for June 28.
“I truly understand the consequences of my actions and of the preceding,” Jackson said through tears. “I did these things. … I used money that should have been used for my campaign.”
Federal prosecutors say Jackson, who resigned from Congress in November amid the investigation and health issues, used campaign money to buy items including a $43,350 gold-plated men's Rolex watch and $9,587.64 worth of children's furniture.
He and his wife, Sandra, had agreed to plead guilty in deals with federal prosecutors. Jackson's guilty plea was to a conspiracy charge.
His wife later pleaded guilty Wednesday to a charge of filing false joint federal income tax returns for the years 2006 through 2011 that knowingly understated the income the couple received.
Jackson told the judge that he had been hospitalized for psychological issues. The whole hearing lasted about 50 minutes.
""Not a proud day,"" he said. ""I'm sorry I let everybody down.""
The Jacksons were appearing separately before U.S. District Judge Robert L. Wilkins in Washington, D.C. Jackson's wife spent $5,150 on fur capes and parkas, court documents said.
When prosecutors charged the couple last Friday, the ex-congressman said he fully accepts the responsibility for the improper decisions and mistakes he has made. Tom Kirsch, an attorney for Jackson's wife, said she has signed a plea agreement with federal prosecutors and would plead guilty to one tax count.
The conspiracy charge against the former congressman carries a maximum statutory penalty of up to five years in prison, a fine of up to $250,000, and other penalties.
The charge against Sandra Jackson carries a maximum of three years in prison. However, one of her lawyers, Tom Kirsch, says the plea agreement ""does not contemplate a sentence of that length."" Sandra Jackson was a Chicago alderman before she resigned last month during the federal investigation.
In court papers filed against Jackson on Friday, prosecutors said that upon conviction he must forfeit $750,000, plus tens of thousands of dollars' worth of memorabilia items and furs. The memorabilia includes a football signed by U.S. presidents, a Michael Jackson fedora, and memorabilia of Martin Luther King Jr., Malcolm X, Jimi Hendrix and Bruce Lee -- all from a company called Antiquities of Nevada.
As the hearing for Jackson got under way Wednesday, newly filed court papers disclosed that the judge had offered to disqualify himself from handling the cases against Jackson and his wife.
As a Harvard Law School student, Wilkins said he had supported the presidential campaign of Jackson's father, civil rights leader Rev. Jesse Jackson, and that as an attorney in 1999, Wilkins had been a guest on a show hosted by Jackson's father.
In the newly filed court papers, prosecutors and lawyers for both Jesse Jackson Jr. and Sandra Jackson said they were willing to proceed with the cases with Wilkins presiding. Judicial ethics require that a judge disqualify himself if his impartiality might reasonably be questioned.",conservative
"IRS official who refused to testify facing more scrutiny over scandal, past","The IRS official who refused to testify at a House hearing Wednesday has become a key focus of the congressional investigations into the IRS practice of singling out conservative groups.
Now under the protection of her lawyers and the Fifth Amendment, Lois Lerner is facing a maelstrom of controversy.
Members of Congress are calling her evasive, and question why she didn't reveal the program sooner -- plus her history at the Federal Elections Commission is coming under scrutiny.
Lerner touched off the public controversy when, at an American Bar Association conference earlier this month, she apologized for the IRS' practice of targeting conservative organizations for additional scrutiny. It was the first time the agency acknowledged the practice.
""They used names like Tea Party or patriots ... and they selected cases simply because the application had those names in the title,"" she admitted.
She said she hadn't revealed the information sooner, because she was never asked. But just two days before the ABA conference, Lerner was specifically asked about the investigation.
Rep. Joseph Crowley, D-N.Y., asked her if she could ""comment briefly on the status on the IRS investigation into these political not-for-profits.""
She said: ""Well there's a questionnaire that began this discussion and there's also a questionnaire out there that is seeking info from 501 c3,4,5 organizations.""
Crowley later called her answer evasive.
""The bottom line is you cannot lie to Congress, and you cannot be evasive, you cannot try to mislead Congress,"" he said.
In the 1990's, Lerner also served as chief of enforcement at the Federal Elections Commission.
Under her direction, the FEC undertook the largest enforcement action in its history -- suing the Christian Coalition for violating campaign laws. The Christian Coalition won, but in one deposition, FEC lawyers asked a defendant if televangelist Pat Robertson prayed for him.
James Bopp, the Christian Coalition's lawyer, said he was ""shocked and appalled"" by that.
""Both political activity and religious activity are specifically protected by the First Amendment,"" he said.
When Bopp learned years later that Lerner had been promoted to an IRS position, he became concerned.
""She was in effect being promoted for what she had done at the Federal Election Commission and now was going to be expected ... to replicate that at the IRS and now we know that's exactly what happened,"" he said.
Lerner is represented by lawyer William W. Taylor, who is noted for winning a dismissal of all charges against former IMF director Dominique Strauss-Kahn in a high-profile sexual assault case.
Lerner said at Wednesday's hearing that she had done nothing wrong.
""I have not done anything wrong,"" she said. ""I have not broken any laws. I have not violated any IRS rules or regulations, and I have not provided false information to this or any other congressional committee.""",conservative
"Obama urges new restrictions on assault weapons, magazines as part of gun control plan","Obama urges new restrictions on assault weapons, magazines as part of gun control plan
President Obama called Wednesday for a new and tougher assault-weapons ban and a 10-round limit on magazines, as part of a comprehensive plan to curb gun violence that includes 23 steps he took without congressional action.
Already facing stiff opposition from gun-rights advocates and Republican lawmakers, the president called on Congress to pass several major changes to the country's current gun laws -- some of which are already being considered like the restrictions on semi-automatic weapons and high-capacity magazines.
Obama called as well for legislation to bar the possession and importation of armor-piercing bullets and to require criminal background checks for nearly all gun sales. The president, speaking at the White House, said he would use ""whatever weight this office holds"" to get the proposals passed.
""If there's even one life that can be saved, then we've got an obligation to try,"" Obama said. ""When it comes to protecting the most vulnerable among us, we must act now. ... Let's do the right thing.""
The president was joined by four children who wrote to the White House about gun violence following the Connecticut mass shooting in which 20 children were killed. Though the administration faced some criticism for involving children in the program, they were positioned off to the side while Obama spoke.
Despite discussions earlier about addressing the pervasive violence in the entertainment and video game industries, the president's plan did not address those issues in depth. The plan, though, does call for a range of measures to improve access to mental health services and improve safety at America's schools.
The president, immediately after making his remarks, signed nearly two-dozen executive actions -- a step that has stirred objections from lawmakers who have warned Obama not to overstep his bounds.
Unilaterally, Obama on Wednesday directed federal agencies to share information with the federal background check system; proposed new rules to let law enforcement run full background checks before returning a seized gun; ordered the Centers for Disease Control to research causes of gun violence; required law enforcement to trace guns from criminal investigations; and took other steps. Plus Obama is nominating ATF Acting Director Todd Jones to officially lead the agency
The most controversial elements of the president's plan, though, continue to be the proposals he wants Congress to pass.
The call for universal background checks would extend to gun shows and private sales, with ""limited"" exemptions for ""certain transfers"" among family members and other situations. The administration plans to give private sellers guidance on how to run background checks as soon as possible.
Plus the president wants to commit $4 billion to hiring more police officers, and to pass new gun trafficking laws to explicitly prohibit straw purchasing.
The plan was already earning a mixed response from lawmakers.
Sen. Marco Rubio, R-Fla., accused Obama of trying to ""undermine Americans' constitutional right to bear arms"" without doing enough to focus on keeping guns out of the hands of criminals and the mentally ill.
""Nothing the president is proposing would have stopped the massacre at Sandy Hook. President Obama is targeting the 2nd Amendment rights of law-abiding citizens instead of seriously addressing the real underlying causes of such violence,"" he said.
Senate Democratic Leader Harry Reid said ""all options should be on the table.""
Texas Gov. Rick Perry, in a written statement, said: ""Guns require a finger to pull the trigger. The sad young man who did that in Newtown was clearly haunted by demons and no gun law could have saved the children in Sandy Hook Elementary from his terror.""
Gun-rights groups say the effort to impose more gun control measures is misguided, noting in particular that most killings in America are committed with handguns and not the assault weapons the administration intends to target. Some local officials have vowed to resist federal action.
The National Rifle Association also plans to launch a major ad campaign. The group's first ad called Obama an ""elitist hypocrite"" for his daughters' security detail. Obama has been critical of the NRA's plan to install armed security in every school.
The White House plan does address school security, urging Congress to help schools complete emergency plans; proposing an initiative to help schools hire up to 1,000 resource officers and mental health professionals; and proposing new training for teachers to recognize mental health issues among young people. Obama also plans to beef up mental health coverage via executive action.
House Speaker John Boehner declined to weigh in on the merits of the president's proposals Wednesday.
""House committees of jurisdiction will review these recommendations. And if the Senate passes a bill, we will also take a look at that,"" Boehner spokesman Michael Steel said.",conservative
Elizabeth Cheney blasted by older sister over gay-marriage stance,"Call it Cheney versus Cheney.
Mary Cheney, one of ex-Vice President Dick Cheney’s two daughters, has taken to Facebook to blast her older sibling, Elizabeth, a Wyoming Senate candidate, for the latter’s stance on same-sex marriage, The New York Times is reporting.
Mary Cheney, openly lesbian and married to Heather Poe since 2012, reportedly posted to her personal page on the social media site: “For the record, I love my sister, but she is dead wrong on the issue of marriage.
“Freedom means freedom for everyone. That means that all families — regardless of how they look or how they are made — all families are entitled to the same rights, privileges and protections as every other.”
The Times reports Liz Cheney on Friday first articulated her position on the controversial subject, saying it should be something for voters to decide on a state-by-state basis, and not a matter for “judges” or “legislators.”
“I am not pro-gay marriage,” Liz Cheney reportedly said. “I believe the issue of marriage must be decided by the states, and by the people in the states, not by judges and not even by legislators, but by the people themselves.”
Her sister replied by pulling no punches.
“It’s not something to be decided by a show of hands,” Mary Cheney reportedly wrote on her personal Facebook page, concluding her internecine post by saying, “Please like and share if you agree.”
Elizabeth Cheney declared in July she plans to challenge incumbent Senator Mike Enzi, also a Republican, in the state’s Republican primary. The election is slated for 2014.
Former Vice President Cheney has publicly voiced support for same-sex marriage and, mirroring Elizabeth’s stance, has reportedly said the matter should be decided on a state-by-state basis.",conservative
Jan Brewer Announces Veto Of Arizona Anti-Gay Bill,"WASHINGTON -- Arizona Gov. Jan Brewer (R) announced her decision to veto legislation on Wednesday that would have allowed businesses to legally refuse service to anyone on ""religious freedom"" grounds, effectively allowing them to discriminate against same-sex couples.
Brewer said the bill had ""the potential to create more problems than it purports to solve.""
""Senate Bill 1062 does not address a specific or present concern related to religious liberty in Arizona,"" she said. ""I have not heard one example where business owners' religious liberty has been violated.""
The state legislature passed the bill, known as SB 1062, last week. But in recent days, it has come under intense criticism from activists, lawmakers and business interests both in Arizona and nationally. The state's two Republican senators, Jeff Flake and John McCain, called on Brewer to veto it, and major corporations like Marriott, Apple and American Airlines all wrote to the governor and expressed their opposition.
Businesses in the Phoenix area were also especially worried, with the Super Bowl set to be held in Glendale, Ariz. in 2015. On Monday, the Arizona Super Bowl Host Committee came out against SB 1062, stating, ""[W]e have heard loud and clear from our various stakeholders that adoption of this legislation would not only run contrary to that goal but deal a significant blow to the state's economic growth potential. We do not support this legislation.""
Arizona hasn't been the only state pushing a bill that would allow open discrimination against same-sex couples; similar bills have been popping up in states including Tennessee, Kansas, South Dakota and Maine.
CORRECTION: This article originally said the Super Bowl is set to be held in Tempe, Ariz. It will be held in Glendale, Ariz.",conservative
Who is Dave Brat?,"House Majority Leader Eric Cantor was beaten Tuesday night by a political novice who is currently working as an economics professor at a small Virginia college.
So who is Dave Brat, and how did he pull off such a stunning win?
The 49-year-old teaches at Randolph-Macon College, a small liberal arts school north of Richmond. He raised just over $200,000 for his campaign, while Cantor spent more than $1 million in April and May alone to try to beat back his challenge.
However, Brat offset the cash disadvantage with endorsements from conservative activists like radio host Laura Ingraham and with help from local Tea Party activists angry at Cantor.
Brat cast the congressman as a Washington insider who isn't conservative enough. Last month, a feisty crowd of Brat supporters booed Cantor in front of his family at a local party convention.
Brat received his doctorate from American University, his master's from Princeton Theological Seminary and his bachelor's from Hope College. In addition to teaching, he has served on the state Joint Advisory Board of Economists and served as the president of the Virginia Association of Economists.
He also states on his website that he is active in his local Republican party, and has often served as commentator on economic issues for local media.
Brat is married and has two children, an 11-year-old daughter and a 15-year-old son.",conservative
Colorado's top cop defends pot law after challenges from neighboring states ,"Colorado's top cop defends pot law after challenges from neighboring states
Denver (AP) – Colorado's top law enforcement official promises to vigorously defend the state's historic law legalizing marijuana after Nebraska and Oklahoma asked the U.S. Supreme Court to declare it unconstitutional, saying the drug is freely flowing into neighboring states.
The two states filed a lawsuit seeking a court order to prevent Colorado from enforcing the measure known as Amendment 64, which was approved by voters in 2012 and allows recreational marijuana for adults over 21. The complaint says the measure runs afoul of federal law and therefore violates the Constitution's supremacy clause, which says federal laws trump state laws.
Colorado Attorney General John Suthers said the lawsuit was without merit.
""Because neighboring states have expressed concern about Colorado-grown marijuana coming into their states, we are not entirely surprised by this action,"" he said. ""However, it appears the plaintiffs' primary grievance stems from non-enforcement of federal laws regarding marijuana, as opposed to choices made by the voters of Colorado.""
The lawsuit says Colorado marijuana flows into neighboring states undermining their efforts to enforce their anti-marijuana laws.
""This contraband has been heavily trafficked into our state,"" Nebraska Attorney General Jon Bruning said at a news conference in Lincoln. ""While Colorado reaps millions from the sale of pot, Nebraska taxpayers have to bear the cost.""
Colorado has raised more than $60 million in taxes, licenses and fees from medical and recreational marijuana, which has been sold in stores since January.
The lawsuit says the sales have strained Nebraska and Oklahoma's finances and legal systems. Police are spending more time and money making arrests, housing inmates, impounding vehicles, seizing drugs and handling other problems related to Colorado pot.
Bruning, a Republican, blamed U.S. Attorney General Eric Holder for failing to enforce the federal law's ban on drugs in Colorado.
In a policy statement last year, the U.S. Justice Department noted it doesn't have the resources to police all violations of federal marijuana law. It laid out eight federal law enforcement priorities that states need to protect if they want to authorize ""marijuana-related conduct."" They include keeping marijuana in-state — something Oklahoma and Nebraska says Colorado has failed to do. The suit doesn't contain statistics to support the claim.
Law enforcement agencies have long said anecdotally that they are feeling the impacts of Colorado's legal weed, making more marijuana arrests and seizing more of the drug.
But there's no way to know exactly how much legal pot is leaving Colorado.
The Rocky Mountain High Intensity Drug Trafficking Area wrote in a recent report that the amount of Colorado pot seized on highways increased from an annual average of 2,763 pounds between 2005 and 2008 to a yearly average of 3,690 pounds from 2009 to 2013. The weed was headed for at least 40 different states.
Scotts Bluff County Sheriff Mark Overman, in western Nebraska, said Colorado marijuana is extra potent, making it worth more in his region and giving sellers a greater financial incentive to do business there.
""I think this is overdue, and I think other states should jump on board,"" Overman said of the lawsuit. ""I'm very frustrated. I take an oath of office, as does every other police officer in this country. I don't just get to pick and choose which laws I enforce.""
Colorado Gov. John Hickenlooper told The Denver Post he spoke with Nebraska and Oklahoma officials about their concerns.
""I'm not sure filing a lawsuit is the most constructive way to find a solution to whatever issues they are,"" he said.
Legal scholars say it's too early to know how the Supreme Court might handle the case or if it will even accept it.
""Right now, these regulations exist in legal no-man's-land,"" said Sam Kamin, a University of Denver law professor. ""It's incredibly unusual for a state to be suing another state. (The lawsuit) certainly was a surprise to me given the movement at the federal level, which seems to be in favor of allowing states to experiment.""
It was unclear if other neighboring states would take similar action. Attorneys general in Utah and New Mexico said they had no immediate plans to join the suit.
Brian Vicente, a Colorado attorney and legalization advocate who wrote Amendment 64, said the challenge is ""political grandstanding"" without merit. He said 23 states have enacted medical marijuana laws, and none have been overturned because of federal law.
""I think it shows they are on the wrong side of history,"" Vicente said. ""Colorado voters passed this measure, and more and more states are passing these laws. If the attorney general has a problem with how federal laws are being enforced he should bring that up with the U.S. attorney.""",conservative
Man Who Defeated Cantor Calls His Big Win 'A Miracle',"Dave Brat celebrated his stunning victory over House Majority Leader Eric Cantor (R-Va.) for the Republican nomination on Tuesday night in a phone interview with Fox News' Sean Hannity.
The tea party-backed candidate attributed his victory to God and to grassroots efforts, calling the win a ""miracle.""
""If you go door to door knocking, the American people know the country is headed in the wrong direction,"" Brat said. ""I attribute [the win] to God... God acted through the people on my behalf.""
Cantor was expected to defeat Brat by a wide margin, outraising the college professor $5.4 million to $200,000. But Brat unseated the House majority leader with 56 percent of the vote.
""The good news is dollars don't vote, people do,"" Brat told Hannity. ""I think the people are just ready for some major changes in this country.""
Brat shied away from explicitly identifying as a tea party candidate, saying he ran on Republican principles.
""I'm not holding anyone's feet to the fire but it wasn't a contest between the tea party and the Republicans and all this,"" he said. ""Although I have tremendous tea party support and just wonderful people in the tea party and grassroots helping me out, and they're clearly responsible for the win... I ran on the Republican principles.""
""I've been a conservative my whole life,"" he added. ""There's nothing hard right or far right about anything. I just believe in the ideas and that ideas matter in history.""",conservative
Governor of Arizona Is Pressed to Veto Bill,"PHOENIX — As the Arizona Legislature sent a bill to her desk Monday that would grant business owners the right to invoke religion to refuse service to gays and others, Gov. Jan Brewer, a Republican, faced pressure from many corners to veto the measure, which has cast unwanted national attention on Arizona.
Elected officials, civic leaders and business groups spoke out publicly against the measure, which passed both houses of the Legislature on Thursday.
On Twitter, Arizona’s United States senators, John McCain and Jeff Flake, also Republicans, had nearly identical posts, with both of them saying they hoped Ms. Brewer would veto the bill. An executive from Apple Inc., which plans to build a big manufacturing plant in Mesa, called Ms. Brewer to urge her to reject it, and W. Douglas Parker, chairman and chief executive of American Airlines, sent her a letter citing the state’s “economic comeback” and saying, “There is genuine concern throughout the business community that this bill, if signed into law, would jeopardize all that has been accomplished so far.”
Their calls were echoed by three Republican state senators — Adam Driggs, Steve Pierce and Bob Worsley, all members of the party’s conservative camp — who had helped pass the legislation in the first place. “While our sincere intent in voting for this bill was to create a shield for all citizens’ religious liberties, the bill has instead been mischaracterized by its opponents as a sword of religious intolerance,” the senators said in a letter to Ms. Brewer, adding that the matter was “causing our state immeasurable harm.”
The bill’s remaining supporters took to the airwaves and the Internet to defend it. Cathi Herrod, president of the Center for Arizona Policy, an architect of the bill, issued a news release calling attacks on the legislation “politics at its absolute worse,” and saying, “Instead of having an honest discussion about the true meaning of religious liberty, opponents of the bill have hijacked this discussion through lies, personal attacks, and irresponsible reporting.”
Ms. Brewer was in Washington on Monday but was scheduled to return Tuesday to Phoenix, where she will have until the end of the week to act on the bill. Her spokesman, Andrew Wilder, suggested that she would not take that long, but he would not say what she was inclined to do.
The religion bill comes as Arizona prepares to host the Super Bowl next year and struggles to regain its economic vitality. From Washington on Monday, Gov. Jack Markell of Delaware, a Democrat, told Ronan Farrow of MSNBC that if Ms. Brewer signs the measure, “the N.F.L. may be looking, or maybe should be looking, to move the Super Bowl out of the state.”
And Barry Broome, president and chief executive of the Greater Phoenix Economic Council, said that leaders of four companies looking to relocate to Arizona had put his organization on notice, saying they might reconsider if the bill became law. The state’s image is still scarred by a divisive immigration law passed in 2010, which gave police officers the ability to stop people whom they suspected of being in the country illegally, and triggered widespread boycotts.
Among the Republicans vying to succeed Ms. Brewer, who cannot run for re-election because of term limits, there was broad consensus against the measure, which would expand the state’s definition of “exercise of religion” to protect businesses and citizens from lawsuits after denying services on religious grounds.
One candidate, Scott Smith, the mayor of Mesa, who is a Mormon, said that the bill “gives carte blanche for anybody to discriminate under the guise of religion.” Another candidate, Doug Ducey, the state treasurer, qualified his view, saying that he would veto the bill but then “bring together all the interested parties before this legislative session adjourns to forge consensus on acceptable language protecting religious liberty.”
Mr. Wilder, the governor’s spokesman, said Ms. Brewer’s office had received more than 10,000 calls and emails on the matter as of Monday morning.",conservative
"As Tension Eases on Ferguson's Streets, Focus Turns to Investigation","FERGUSON, Mo. — Attorney General Eric H. Holder Jr. arrived in St. Louis on Wednesday, meeting with community leaders and federal investigators even as local law enforcement officials said they were hopeful that they had turned a corner in calming the restive community of Ferguson after 12 days of protests and unrest.
Mr. Holder’s first stop was at a community college, where he met with people who told him about their own personal experiences with the local police, some of which they said helped fuel the rage that was ultimately ignited by the shooting of an unarmed black teenager by a white police officer on Aug. 9.
There were more protests planned throughout the day and into the evening, but Capt. Ronald S. Johnson of the Missouri State Highway Patrol said he believed they had reached “a turning point.”
Captain Johnson, whose agency is overseeing security here, said there were only sporadic problems on Tuesday night, and none of the wide-scale looting and confrontations that had erupted on other nights. Still, the police did make 47 arrests overnight.
As the tension on the street seemed to ease, the focus turned to the investigation into the shooting death of Michael Brown.
A grand jury has been convened and was scheduled to meet Wednesday to begin hearing evidence, said Edward Magee, a spokesman for Robert P. McCulloch, the prosecuting attorney for St. Louis County.
Protesters gathered outside Mr. McCulloch’s office on Wednesday, calling for him to step aside. They argued that he could not be impartial because his father, a police officer, was shot and killed by a black man while on duty when Mr. McCulloch was a child.
Mr. McCulloch, speaking to a local radio station, categorically rejected that notion.
“I know the pain the Brown family is going through right now,” he said.
He said he has only one interest: conducting a fair and thorough investigation. But he acknowledged that Gov. Jay Nixon of Missouri has the power to appoint a new prosecutor.
“Anyone who wants me off the case needs to call up the governor and express their opinion to him,” Mr. McCulloch told KTRS radio.
By failing to act, Mr. McCulloch said, the governor “undermines everything except the cover he has pulled over his head.” He told him to “man up” and make a decision so that the case will not be further delayed.
Mr. Magee cautioned that it could take weeks for the grand jury to consider all of the evidence. He said that Officer Darren Wilson, who shot Mr. Brown, had been interviewed by police investigators and would be given the opportunity to testify.
The Justice Department, meanwhile, has started a separate inquiry. More than 40 F.B.I. agents have been dispatched to Ferguson, and Mr. Holder said they are not only investigating the shooting but also looking for any broad patterns of civil rights violations.
In an open letter to the people of Ferguson, Mr. Holder said he understood the desire of residents for an “independent” inquiry.
“This is my pledge to the people of Ferguson: Our investigation into this matter will be full, it will be fair, and it will be independent,” Mr. Holder wrote in The St. Louis Post-Dispatch. “And beyond the investigation itself, we will work with the police, civil rights leaders, and members of the public to ensure that this tragedy can give rise to new understanding — and robust action — aimed at bridging persistent gaps between law enforcement officials and the communities we serve.”
The frustrations in the community have been fueled in part by the slow pace with which the authorities have released information.
In a sign of just how deep the distrust runs, there were three separate autopsies performed on Mr. Brown’s body: one by the county medical examiner, one by a private pathologist hired by the family, and one by federal authorities.
In addition to the many lingering questions about the shooting, the local authorities have also come under criticism for how they have handled the protests.
Norm Stamper, the former Seattle police chief who was in charge during the protests that rocked that city in 1999, said that the wrong tone was set from the first day in Ferguson.
“The basic perspective that I have over this whole thing, dating back to the shooting incident itself, what we had were largely peaceful vigils and protests that were met with police tactics that were highly aggressive and militaristic,” he said. “That response ignited what we have seen all week.”
He reserved his harshest criticism for the use of tear gas by the police — a mistake he said he made in Seattle and one he regrets to this day.
Since the first day of protests in Ferguson, the authorities shifted their response almost daily, adding to the sense that the situation was out of control.
On one day, protesters were told to gather in one place. Another day, they were told to keep moving. Then a curfew was imposed. The next night, there was no curfew. The local police were in control; then another unit took over. The National Guard was finally brought in to try to temper the unrest, but its role was not exactly clear.
“You get governors and police chiefs and everyone gnashing their teeth,” Mr. Stamper said. “Even the protesters are commenting on that: what are they doing?”
On Tuesday night, however, it seemed that some of that energy had gone from the streets. And the police also seemed more restrained, refraining from using tear gas.
The evening began in a familiar fashion: Demonstrators marched along the street and chanted “Hands up! Don’t shoot!” and other slogans that have become common here since Mr. Brown’s death.
The authorities made at least 47 arrests after demonstrators tossed bottles toward police officers, some of whom used pepper spray to subdue some protesters. In some instances, teams of officers abruptly entered the crowd, detained a single person whom they had apparently focused on, and returned to West Florissant Avenue, where many of the recent confrontations have occurred.
Although law enforcement officers in riot gear eyed the protesters while a police helicopter occasionally circled the city, there were no signs of trouble for long stretches of the evening.
When a demonstration ended shortly before midnight, many of the demonstrators prayed.
“Now that’s what I call a good protest,” Jonathan Smith, 45, said. “Ending in a prayer, no gas in the air.”",conservative
"Indictment Expected for Grimm, Staten Island Congressman","Representative Michael G. Grimm, a former F.B.I. agent and Marine who capitalized on his straight-arrow image to win a seat in Congress, was expected to be indicted on federal fraud charges after a lengthy corruption investigation, people with knowledge of the case said on Friday.
The charges against Mr. Grimm, 44, a Republican who was first elected in 2010 and represents Staten Island and part of Brooklyn, were expected to include mail fraud and wire fraud, and to focus largely on his conduct in connection with a health food restaurant he owned on the Upper East Side of Manhattan after he left the Federal Bureau of Investigation in 2006, two of the people said. He was also expected to be charged with obstruction of justice, for allegedly lying under oath in a federal lawsuit.
The investigation of the second-term congressman, by the F.B.I. and the United States attorney’s office in Brooklyn, began more than two years ago with an examination of Mr. Grimm’s fund-raising for his 2010 race and expanded. Two of his fund-raisers have already been charged. One, Diana Durand of Houston, was charged with illegally funneling more than $10,000 into his campaign. The other, Ofer Biton, pleaded guilty to visa fraud charges.
But on Friday, it did not appear that the indictment would include any campaign finance charges or accusations that the congressman had misused his office, although several of the people noted that the investigation was continuing. They all spoke on the condition of anonymity as the charges had not been formally announced and they were not authorized to discuss the case.
A lawyer for Mr. Grimm, William McGinley of Patton Boggs, confirmed in a statement that prosecutors intended to file criminal charges against his client and said that Mr. Grimm “asserts his innocence” and that the investigation was “a politically driven vendetta.”
“After more than two years of investigation plagued by malicious leaks, violations of grand jury secrecy and strong-arm tactics, the U.S. attorney’s office has disclosed its intent to file criminal charges against Congressman Grimm,” Mr. McGinley said. “When the dust settles, he will be vindicated. Until then, he will continue to serve his constituents with the same dedication and tenacity that has characterized his lifetime of public service as a member of Congress, Marine Corps combat veteran and decorated F.B.I. special agent.”
Spokesmen for the office of the United States attorney in Brooklyn, Loretta E. Lynch, and for the New York F.B.I. office declined to comment.
Mr. Grimm, the only Republican member of New York City’s congressional delegation, is up for re-election in November and faces a potentially formidable challenger in former City Councilman Domenic M. Recchia Jr., a Democrat who headed the Council’s Finance Committee and was Christine C. Quinn’s chief lieutenant when she was Council speaker. Healthalicious, the restaurant that the people said was a focus of the indictment, was on Second Avenue near 83rd Street. The company Mr. Grimm formed to operate it was called Granny Sayz, L.L.C., and was affiliated with a company connected to Mr. Biton, the fund-raiser.
In January 2012, the New York State Workers’ Compensation Board ordered Healthalicious to pay $88,000 for not carrying workers’ compensation insurance. About a year earlier, two former deliverymen hired a lawyer who contacted Mr. Grimm’s congressional office to complain that the restaurant had paid them less than minimum wage, did not pay for work beyond 40 hours per week and paid them in cash to evade scrutiny. Shortly afterward, Mr. Grimm filed papers with the state to dissolve Granny Sayz. The lawyer eventually sued Granny Sayz in federal court.
Mr. Grimm over time developed something of a reputation for being hot-tempered, which did not set him apart from many others in Congress. But this year, during an encounter with a television reporter, he set a new standard for on-air congressional misbehavior and delivered a bizarre threat.
After President Obama’s State of the Union address, NY1’s Washington reporter, Michael Scotto, interviewed the congressman about the speech. When he asked about the federal campaign financing investigation, Mr. Grimm stormed off camera but returned and threatened to throw Mr. Scotto off the balcony. Then, the congressman, speaking in a barely audible whisper as he stood close to the reporter, said Mr. Scotto was “not man enough” and added: “I’ll break you in half. Like a boy.”",conservative
"G.O.P. Aide Quits After Ridiculing Obama’s Daughters, Sasha and Malia","WASHINGTON — A young Republican congressional aide resigned Monday after her Facebook post berating President Obama’s daughters for their attitude and outfits during the annual White House turkey pardon became a sensation on the Internet.
On Friday, the aide, Elizabeth Lauten, 31, who has more than 14,000 followers on Twitter as @DCGopGirl and at the time was a spokeswoman for a little-known congressman from Tennessee, wrote an open letter to Sasha and Malia Obama on her Facebook page, saying they should “try showing a little class” and “dress like you deserve respect, not a spot at a bar.”
By Monday, Ms. Lauten had resigned as communications director to Representative Stephen Fincher, a farmer and gospel singer perhaps best known for his whimsically named hometown, Frog Jump. Ms. Lauten, now a footnote in Mr. Fincher’s career, is the latest cautionary tale about the dangers of social media sniping directed at the country’s most famous offspring.
It started Wednesday with the most innocuous of events: the annual naming of the National Thanksgiving Turkey, when Mr. Obama officially liberated Cheese, a large white bird with impressive plumage, from the Thursday dinner table.
Per tradition, the first daughters were in attendance, this time wearing mostly cheerless expressions and short outfits. Malia, 16, was dressed in a plaid miniskirt, sweater, dark tights and black hiking-style boots. Sasha, 13, wore a maroon dress, a cardigan sweater, a pair of white midcalf-high socks and black ankle boots.
At times, the girls gazed glumly at the floor and threw an occasional eye roll at their father as he compared pardoning Cheese to granting amnesty to unauthorized immigrants. “You want to pet him?” Mr. Obama asked his daughters.
“Nah,” Malia said quickly.
Their teenage disdain drew its fair share of media attention, including a BuzzFeed article titled “The Obama Girls Could Not Be More Bored by Their Dad’s Jokes.”
Enter Ms. Lauten — a former Republican National Committee new media aide who describes herself on Twitter as loving God, cats, the Daughters of the American Revolution “& all things pink, green and pearls!” — whose commentary had a sharper edge.
“I get you’re both in those awful teen years, but you’re a part of the First Family, try showing a little class,” she wrote above a picture of the unenthused Obama daughters. “At least respect the part you play.”
She went on to say that Malia and Sasha were “coming up a little short in the ‘good role model’ department” because their parents “don’t respect their positions very much, or the nation for that matter.”
Ms. Lauten wrote what she thought the daughters should have done: “Rise to the occasion. Act like being in the White House matters to you. Dress like you deserve respect, not a spot at a bar.”
Her views were widely circulated and eventually posted on Twitter by a reporter for The Root, a news, opinion and culture site aimed at African-American audiences. A flood of angry responses quickly followed.
Ms. Lauten, who did not respond to repeated requests for further comment, later posted an apology for her “hurtful” words, saying she had “judged the two young ladies in a way that I would never have wanted to be judged myself as a teenager.”
Josh Earnest, the White House press secretary, told reporters on Monday that he was “taken aback that there was some political operative on Capitol Hill who did use the occasion of a Thanksgiving-themed event to criticize members of the first family.”
Patti Davis, the daughter of Ronald Reagan, could relate. In a letter to Sasha and Malia posted on her website, Ms. Davis recalled being criticized by a reporter decades ago for the outfit she wore to a cocktail reception her parents held for Queen Elizabeth II when Mr. Reagan was president.
“As First Daughters, you can’t win,” Ms. Davis wrote. “And while there isn’t anything normal about the life you are living right now, you still can be.”",conservative
,"WASHINGTON — Representative Raúl R. Labrador, a Republican of Idaho who has barely served two terms in Congress, jumped into the race for House majority leader on Friday, offering himself as the more conservative alternative who could pull the House rightward in the wake of Representative Eric Cantor’s loss in a primary.
“The message from Tuesday is clear — Americans are looking for a change in the status quo,” Mr. Labrador, a former immigration lawyer elected in the Tea Party wave of 2010, said in a statement. “President Obama and the Democrats have had their chance and they have failed. Republicans must be willing to take these challenges head on with new leadership, fresh ideas and a different approach.”
While some of those conservative lawmakers elected in 2010 were hoping that the House leadership elections on Thursday would offer them the chance to reclaim their influence on Capitol Hill, few of them give Mr. Labrador much of a chance against the current House majority whip, Representative Kevin McCarthy of California. Though Tea Party activists provided the energy and votes for Mr. Cantor’s ouster, the elections might be more of a plea for a place at the leadership table.
Supporters of Mr. McCarthy, who confidently traveled home to his district in Bakersfield for the weekend, said Friday that the Californian had all but sewed up the votes he needs.
“We have got to have an alternative,” Representative Louie Gohmert, Republican of Texas, said on Glenn Beck’s conservative radio show. “I mean, for us as a party in Congress to send the message that we didn’t learn a blessed thing from this amazing election result, we aren’t paying attention.”
House conservatives — lacking a rationale to fight Mr. McCarthy, a well-liked member of leadership who has raised millions of dollars for Republican incumbents — have begun protesting that his voting record is actually to the left of Mr. Cantor’s.
FreedomWorks, which has provided financial support for Tea Party candidates, immediately began trying to generate support for Mr. Labrador through its websites and email lists. “Now that grass-roots conservatives FIRED Eric Cantor, we need a new majority leader in the House of Representatives,” FreedomWorks’ website said Friday.
Matt Kibbe, the group’s president and chief executive, said that he did not have great qualms with Mr. McCarthy’s ideology, but that he was more about politics than ideas. “The Republican penchant for just choosing the next guy in line hasn’t proven to be a great strategy, and it hasn’t picked good leadership,” Mr. Kibbe said.
But Mr. Labrador’s path to victory is steep, especially in the few days before House Republicans gather to elect Mr. Cantor’s replacement. Mr. McCarthy has been preparing for months to move up from No. 3 in the Republican leadership to No. 2 in the event that Speaker John A. Boehner of Ohio would retire after the November elections.
Conservative Republicans in the House pleaded Friday for a delay in the voting. Some grumbled that the campaign by the college professor David Brat to unseat Mr. Cantor had ousted the one member of House Republican leadership willing to listen to the House’s most conservative members. Instead, the House will end up elevating a leader with a less conservative record and less patience for the far-right flank.
For his part, Mr. Boehner has remained firm that he wanted to get it done quickly and minimize disruption.
Mr. McCarthy spent much of the day calling members and shoring up support, said a Republican aide close to the majority whip. McCarthy supporters predicted that Mr. Labrador would muster no more than a few dozen votes.
Some lawmakers questioned whether his run was really a quest to win the majority leader’s post or merely to raise his own profile. His decision to jump in was widely seen as proof that more experienced conservative members, like Representatives Jim Jordan of Ohio or Tom Price of Georgia, had rebuffed overtures to run from other conservatives.
Tea Party groups off Capitol Hill may believe Mr. Labrador can win, and they will pressure House conservatives to join the campaign. But ultimately, supporting him could hurt more conservative members with the House leadership.
Mr. Labrador tried on Friday to at least engage the Republican conference in a debate over ideas. He said the party needed to address issues like upward income mobility among the poor and middle-class economic insecurity. Born the son of a single mother in Puerto Rico, he has seen himself as an ambassador to young and minority voters out of reach to traditional Republicans.
“I am running for majority leader because I want to help create a vision of growth and opportunity for everyone and start getting to work for the American people,” he said.
Representative Justin Amash, Republican of Michigan, rushed to champion Mr. Labrador’s candidacy. Mr. Amash, after all, voted last year to make him speaker of the House.
“We can’t respond to a stunning loss by giving a pat on the back and promotion to the same team,” Mr. Amash said of Mr. Cantor’s defeat. “It’s time for someone new, someone conservative, someone who will put forward a fresh agenda, and someone we know is a proven and talented spokesman. That man is Raúl Labrador.”",conservative
House Republicans to Offer Broad Immigration Plan,"WASHINGTON — House Republicans are preparing to unveil their own broad template for overhauling the nation’s immigration system this week, potentially offering a small opening for President Obama and congressional Democrats to pass bipartisan legislation before the end of the year.
Speaker John A. Boehner of Ohio and other Republican leaders are expected to release a one-page statement of immigration principles this week at their annual retreat in Cambridge, Md., according to aides with knowledge of the plan. The document is expected to call for border security and enforcement measures, as well as providing a path to legal status — but not citizenship — for many of the 11 million undocumented immigrants in the country, the aides said.
The Republican effort comes as Mr. Obama is expected to push once again for an overhaul of the immigration system in his State of the Union address Tuesday, and as lawmakers from both parties describe immigration as one of the few potential areas for bipartisan compromise before the end of the current Congress.
“The principles they lay out I’m sure won’t satisfy everybody,” Michael R. Bloomberg, former mayor of New York City, said at an immigration forum on Friday. But, he added, “if we can make some compromises here for the good of the country, I think we have a very good chance for the first time in a long time of changing something that is really damaging all of us.”
The Senate, led by Democrats, passed a broad bipartisan measure in June to overhaul immigration that included a 13-year path to citizenship. But the legislation stalled in the Republican-controlled House, where some of the party’s more conservative members oppose any form of legal status as “amnesty.”
But heading into the three-day Republican retreat, even some of the most ardent conservatives say consensus is forming around an immigration package that would include several separate bills on border security; a clampdown against the hiring of undocumented workers; expanded guest-worker programs; a path to citizenship for illegal immigrants brought to the country as children; and a path to legal status for undocumented workers with family ties to citizens or employer sponsors.
The White House has said it wants a path to citizenship for both children and adults in any new immigration legislation.
“The president’s pathway to citizenship is a stumbling block,” said Representative Andy Harris, a conservative Republican who represents the Maryland district that will host the retreat. “But legalization with no path to citizenship can gain some votes.”
Representative Peter T. King, a Republican of New York and a longtime critic of proposals to change the immigration system, said it was significant that both the third-ranking Republican in the House, Representative Kevin McCarthy of California, and the Judiciary Committee chairman, Representative Robert W. Goodlatte of Virginia, had voiced support in recent days for legal status for some immigrants living in the country illegally — and have taken very little heat for their remarks on either side of the aisle.
But the divisions that have slowed progress in the House have not been entirely mended. Representative Raúl R. Labrador, a Republican of Idaho and once a leading immigration negotiator in the House, said it would be a mistake to push forward.
“The president has shown he’s not willing to work with us on immigration,” Mr. Labrador said. “It’s not worth having a party divided when we have so many issues we can come together on.”
On Thursday, aides to House conservatives who oppose the leadership’s plan gathered in the office of Senator Jeff Sessions, Republican of Alabama and a fierce opponent of the immigration push, to plot a strategy to torpedo it.
Critics worry that House Republican leaders and Senate Democrats are essentially negotiating a final deal, bypassing formal House-Senate negotiations, where conservatives had hoped to derail the process. Senator Charles E. Schumer of New York, one of the Democratic architects of the Senate bill, said: “One thing is certain, just as with the budget, at some point both the House and the Senate will have to sit down and resolve all the contentious issues.”",conservative
U.S. Attorney Subpoenas Christie’s Campaign and New Jersey G.O.P.,"Federal prosecutors in New Jersey have issued grand jury subpoenas to Gov. Chris Christie’s re-election campaign and to the state Republican Party as part of a preliminary inquiry into accusations that aides to Mr. Christie shut down access lanes to the George Washington Bridge as political retribution, the lawyer for the campaign and the party said Thursday.
A person briefed on the matter said the prosecutors had also issued subpoenas to some of the 20 people and entities — including potential witnesses and people who have come under scrutiny in the inquiry — that received subpoenas last week from a New Jersey legislative committee whose investigation largely parallels the federal one.
“We can confirm that the Christie for Governor re-election campaign and the New Jersey Republican State Committee received subpoenas for documents from the U.S. attorney’s office, in addition to the subpoena the campaign previously received from the state legislative committee,” the lawyer, Mark D. Sheridan, said in an email.
Mr. Sheridan is representing the campaign along with Robert D. Luskin; both men are partners at Patton Boggs.
“The campaign and the state party intend to cooperate with the U.S. attorney’s office and the state legislative committee and will respond to the subpoenas accordingly,” Mr. Sheridan said.
According to the person briefed on the matter, the subpoenas, issued by prosecutors in the office of the United States attorney for New Jersey, Paul J. Fishman, seek a broad range of records relating to the lane closings: emails, text messages, other correspondence and memorandums, calendar entries, spreadsheets, voice mail messages.
They also specifically seek records relating to three close aides to Mr. Christie who resigned or were fired when their roles in the lane closings were revealed. They were the governor’s deputy chief of staff, Bridget Anne Kelly, and Bill Baroni and David Wildstein, two senior officials and allies of Mr. Christie at the Port Authority of New York and New Jersey, which operates the bridge.
Federal Bureau of Investigation agents and prosecutors from Mr. Fishman’s office have also undertaken what appears to be an unrelated inquiry. On Saturday, the mayor of Hoboken, Dawn Zimmer, said Mr. Christie’s lieutenant governor and another senior administration official had threatened in May to withhold federal recovery aid for Hurricane Sandy unless she supported a development favored by the Christie administration. On Sunday, Ms. Zimmer issued a statement saying prosecutors in Mr. Fishman’s office had interviewed her about her accusation.
The lieutenant governor, Kim Guadagno, emphatically denied the allegations on Monday. Ms. Zimmer’s account, however, was supported in some measure by two of the mayor’s aides, who were interviewed by F.B.I. agents and told them that Ms. Zimmer had recounted the threat to them around the time she said it occurred, two people briefed on the matter have said. A Hoboken city councilman, David Mello, also said that Ms. Zimmer told him several months later about the encounter with Ms. Guadagno.
The bridge inquiry being conducted by Mr. Fishman’s office was confirmed this month. The office said at the time that it would seek to determine whether any federal laws had been broken. The subpoenas issued this week show that prosecutors have begun taking the necessary steps to answer that question.
A spokeswoman for Mr. Fishman’s office, Rebekah Carmichael, said Thursday afternoon that she could neither confirm nor deny whether any specific investigative steps had been taken. She has declined to comment on Ms. Zimmer’s allegation.
Despite the inquiries, Mr. Christie seemed to be trying to conduct business as usual. The Republican Governors Association announced on Thursday that he would make fund-raising trips to Illinois, Texas, Massachusetts, Georgia, Connecticut and Utah in the coming months.",conservative
Third-Highest Ranking Republican In U.S. House Calls For Legalizing Undocumented Immigrants,"One of the highest-profile Republicans in the House of Representatives – where national immigration reform will live or die this year – said he agrees with giving undocumented immigrants a chance to legalize their status.
Majority Whip Kevin McCarthy, who is the third-ranking Republican in the House, made his comments in an interview with KBFX-TV in Bakersfield, Calif. just as his fellow GOP lawmakers are expected to unveil any day a set of “immigration principles” that reportedly call for a path to legal status for undocumented immigrants.
“The principles aren’t written yet, but in my personal belief, I think it’ll go with legal status that will allow you to work and pay taxes,” he said. “But if you want to become a citizen, you’ll have to go through the path. There won’t be amnesty inside it.”
McCarthy’s district is roughly 35 percent Latino.
The House Republican immigration principles reportedly will cover how the U.S. border should be protected, how immigration laws should be enforced inside the United States, and how many of the country’s estimated 11 million undocumented immigrants can embark on a path to legalize their status, according to various media stories.
The path to legalization’s inclusion in the plan – which House Republican leaders discussed as recently as Wednesday -- is particularly significant given that it is one of the pivotal reasons that plans last year to pass a comprehensive immigration reform law broke down in the House of Representatives after it passed in the Senate in June.
Conservative members of the Republicans in the House, where they hold a majority, had been adamant about not signing off on any measure that called for granting a pathway to legalization for people who are living in the country illegally. They maintain that that giving those immigrants any kind of break would amount to amnesty, or rewarding law-breakers.
That created a fight among Republicans in Congress, with some – including conservatives such as Sen. Marco Rubio, a Tea Party lawmaker from Florida – arguing that deporting all 11 million undocumented immigrants was not a realistic option, and that not doing anything to bring them onto the radar amounted to an amnesty.
Proponents of a pathway to legal status argued that the opportunity would be given only to those undocumented immigrants who earned it by meeting a strict set of criteria including paying fines, learning English, having a clean police record and paying taxes.
Politico, a news site that covers politics, reported that House Speaker John Boehner, who is from Ohio, wants the plan, also referred to as “principles,” completed and made public before President Barack Obama delivers his State of the Union address on Jan. 28.
The plan commits itself to the idea – which is heavily favored by many Republicans – that immigration reform will be handled in a piecemeal fashion, instead of comprehensively, as the Senate did.
Obama told Senate Democrats this week that he believes that Boehner will make sure immigration reform is passed this year, according to The Hill, a a political publication in Washington, D.C.
The president reportedly told the Democrats in a meeting that Republicans need to take action on immigration in order to keep the volatile issue from hurting their chances with Latino voters, as it appears to have done in 2012, when GOP presidential candidate Mitt Romney did extremely poorly with the increasingly important voting bloc.
Obama obtained three quarters of Latino votes cast in 2012, while Romney racked up 27 percent.
Sen. Charles Schumer, a New York Democrat, was quoted in The Hill as saying: “I think our Republican colleagues realize that to be blocking immigration reform is not good for them.”",conservative
Democratic Senate Candidate Faces Harsh Criticism Over Farmer Comments,"Rep. Bruce Braley (D-Iowa), who is running to succeed retiring Sen. Tom Harkin (D-Iowa), faced tough local coverage Tuesday after critical comments he made about Sen. Chuck Grassley (R-Iowa) were made public.
At a January fundraiser in Texas, Braley urged the attorneys present to contribute to his campaign and contrasted his background with Grassley's.
""If you help me win this race, you may have someone with your background, your experience, your voice ... on the Senate Judiciary Committee,"" Braley said. ""Or you might have a farmer from Iowa who never went to law school, never practiced law, serving as the next chair of the Senate Judiciary Committee,"" he continued, referring to Grassley.
Braley's remarks were released Tuesday by America Rising, a conservative political action committee which conducts opposition research on Democrats.
One of the Republican primary field's leading candidates, businessman Mark Jacobs, immediately released a radio ad in an attempt to capitalize on the negative attention focused on Braley.
Both the Des Moines Register and the Quad-City Times featured the backlash over Braley’s comments on their front pages.
Braley apologized to Grassley in person on Tuesday after state Republican Party leaders and a number of Braley's potential Republican general election opponents condemned his remarks.
The representative also posted a statement Tuesday in which he apologized and emphasized that he has farmers in his family.
“I apologize to Sen. Grassley and anyone I may have offended,” Braley wrote. “My parents both grew up on Iowa farms during the Great Depression. It deeply influenced who they are and who I am, and gave me a profound appreciation for what farmers do for the world.”
Grassley, who owns a farm, often notes in Senate Judiciary Committee hearings that he is the only non-lawyer on the panel, which oversees the judicial nominations process.
Braley went to the University of Iowa's law school and worked as a lawyer in private practice before he was elected to the House of Representatives in 2006. His race is one of a handful across the country that will determine control of the Senate.",conservative
Raul Labrador To Run for House Majority Leader,"A two-term Republican congressman from Idaho with a track record of challenging the House Republican leadership said Friday he would run for the No. 2 job in the chamber.
Raul Labrador, a 46-year-old Mormon father of five, tea party congressman and Puerto Rican-born only child of a single mother, will challenge House Majority Whip Kevin McCarthy (R-Calif.) for the position of House majority leader.
It's a long shot bid. McCarthy, 49, began gathering commitments from other House Republicans on Wednesday, the day after then-Majority Leader Eric Cantor (R-Va.) suffered a stunning loss in the primary for his seat.
In his current role as whip, McCarthy's job is to round up votes from other Republicans. The election is Thursday -- leaving little time for Labrador to build momentum and peel off votes from McCarthy.
The former immigration attorney stepped forward to run after a number of other conservative House Republicans declined to.
“I was stunned when Eric Cantor lost his primary election earlier this week. Eric is a good friend and I have tremendous respect for him. But the message from Tuesday is clear -- Americans are looking for a change in the status quo,"" Labrador said in a statement.
He also said that he would run for majority leader in hopes of creating ""a leadership team that can bring the Republican conference together."" It's a reference to the fact that Labrador is generally respected by both the House leadership and back-bench tea party legislators.
Since the 2010 midterm tea party wave election, the House GOP has contained a bloc of members who have opposed the establishment leadership time and time again. The tea party group has pulled other legislators to the right on a host of issues, including many related to government spending and debt.
When Cantor lost his seat in a shock result Tuesday, conservatives in the House were not prepared to unite behind a standard-bearer, much less wage an organized effort to whip up votes in support of a candidate for majority leader. Rep. Jeb Hensarling (R-Texas) was considered a front-runner to challenge McCarthy. But Hensarling pondered his options for a full day Wednesday, while McCarthy moved quickly to generate support.
On Friday, the Washington Post reported that Hensarling does not plan to run, according to three people familiar with his plans.
Rep. Pete Sessions (R-Texas) was the other conservative alternate to McCarthy, though he is almost as much an establishment character as anyone else in leadership. He too declined to run, sensing McCarthy's near inevitability. Rep. Jim Jordan (R-Ohio) also demurred.
The situation left House Speaker John Boehner (R-Ohio) and the rest of the Republican leadership in the House with a problem: The 40 or so hardline tea party members of the House GOP do not want the response to Cantor's loss -- which was driven by grassroots discontent with the establishment -- to simply be more establishment leadership. This discontent may be satisfied if Rep. Steve Scalise (R-La.) wins his race against Rep. Peter Roskam (R-Ill.) for House majority whip, taking McCarthy's spot.
Members of the tea party caucus also want to vote for a majority leader candidate that they believe in, even if he loses. House GOP leadership understands that desire, as does Labrador. A Labrador bid helps all parties regardless of the outcome -- including Labrador himself, since a run will elevate him as a leader inside the House GOP.
There is always a chance that grassroots fervor in support of Labrador could gain a level of intensity that Boehner and McCarthy did not anticipate. However, there's not a lot of time for that to happen before next Thursday's election, and leadership elections generally are dominated by inside baseball politics and arcane political interests. In addition, a few of the most hardline House Republicans, such as Rep. Steve King (R-Iowa) and Rep. Michelle Bachmann (R-Minn.) said Thursday that Labrador was not conservative enough on immigration reform.
Labrador is an ambitious, sometimes savvy politician. He is in Idaho this weekend chairing the state GOP convention. He also appeared Friday at an event with Sen. Rand Paul (R-Ky.), who offered his support for Labrador's candidacy.
“There really is a question what is the message that’s sent when the voters replace someone in leadership. They want someone different. I think Raul brings that,"" Paul told reporters, according to the Spokesman-Review.",conservative
Aide to GOP lawmaker apologizes for Facebook post ripping Obama daughters,"The communications director for a Republican member of Congress had to apologize Saturday for a Facebook post critical of the first daughters during President Barack Obama's Thanksgiving address earlier this week.
Elizabeth Lauten wrote in a now-deleted Facebook post Friday that Malia and Sasha Obama, aged 16 and 13 respectively, should ""try showing a little class"" and described their outfits as more appropriate for ""a spot at the bar.""
""Rise to the occasion. Dress like you deserve respect ... And certainly don’t make faces during televised, public events."" added Lauten, who works for Rep. Stephen Fincher, R-Tenn. The communications pro also took a shot at President Obama and the first lady, writing ""your mother and father don’t respect their positions very much, or the nation for that matter, so I’m guessing you’re coming up a little short in the 'good role model' department.”
The girls accompanied their daughter to Wednesday's ceremony, in which he pardoned two turkeys named Mac and Cheese. The tradition of Thanksgiving turkeys being presented to the president dates back to 1947, with the turkey pardon being permanently instituted in 1989.
Lauten later apologized for her original post, writing ""I quickly judged the two young ladies in a way that I would never have wanted to be judged myself as a teenager. After many hours of prayer, talking to my parents, and re-reading my words online I can see more clearly just how hurtful my words were. ... I pledge to learn and grow (and I assure you I have) from this experience.""
The Washington Post reported that Lauten had confirmed that she had made both Facebook postings attributed to her. Neither the White House nor Fincher made any public comment about the issue Saturday.",conservative
GOP Congressman Expected To Be Indicted,"Rep. Michael Grimm (R-N.Y.) is expected to be indicted by the U.S. attorney for the Eastern District of New York, Grimm's lawyer said Friday.
Politico was first to report the news of the expected indictment. Grimm's lawyer, William McGinley, said in a statement that the U.S. attorney's office ""has disclosed its intent to file criminal charges.""
""We are disappointed by the government’s decision, but hardly surprised,"" he said. ""From the beginning, the government has pursued a politically driven vendetta against Congressman Grimm and not an independent search for the truth. Congressman Grimm asserts his innocence of any wrongdoing.
""When the dust settles, he will be vindicated,"" McGinley added. ""Until then, he will continue to serve his constituents with the same dedication and tenacity that has characterized his lifetime of public service as a Member of Congress, Marine Corps combat veteran, and decorated FBI Special Agent.”
The New York Times reported the charges against Grimm ""will include mail fraud and wire fraud and focus on his conduct in connection with a health food restaurant he owned on the Upper East Side of Manhattan after he left the Federal Bureau of Investigation in 2006,"" citing someone familiar with the case.
The Justice Department began investigating Grimm two years ago on allegations that he filed erroneous campaign finance reports and accepted improper donations during his first congressional campaign.
More recently, Grimm was in the news in January after he physically threatened a reporter in the Capitol.
The second-term congressman represents New York’s 11th District, which includes Staten Island and part of Brooklyn.
The Washington Post reported that Grimm is likely to turn himself in once the indictment is unsealed.
UPDATE: 7:19 p.m. -- The Washington Post now reports that Grimm has already ""been secretly indicted by a federal grand jury in Brooklyn, according to people familiar with the case. The indictment is expected to be unsealed in the coming days.""",conservative
Holder says he understands mistrust of police as Ferguson protests dwindle,"Attorney General Eric Holder said Wednesday that he understands why many black Americans distrust the police as he made a one-day swing through the St. Louis suburb of Ferguson, Mo., where a black teenager was fatally shot by a white police officer almost two weeks earlier.
Holder made the comments during a meeting with about 50 community leaders at the Florissant campus of St. Louis Community College in which he heard about their own issues with law enforcement officials.
Ferguson has endured more than a week of unrest since the August 9 death of 18-year-old Michael Brown, who was shot by Ferguson Police Officer Darren Wilson. The Obama administration intended the trip to underscore its commitment to civil rights in general and the Ferguson case in particular.
""I understand that mistrust,"" Holder said. ""I am the attorney general of the United States. But I am also a black man."" The attorney general then described how he was stopped twice on the New Jersey Turnpike and accused of speeding. Police searched his car, going through the trunk and looking under the seats.
""I remember how humiliating that was and how angry I was and the impact it had on me,"" Holder said.
Holder also described how once, while living in the Georgetown neighborhood of Washington, he was running to catch a movie with his cousin when a squad car rolled up and flashed its lights at the pair. The officer yelled, ""Where are you going? Hold it!"" Holder recalled.
His cousin ""started mouthing off,"" and Holder urged him to be quiet.
""We negotiate the whole thing, and we walk to our movie. At the time that he stopped me, I was a federal prosecutor. I wasn't a kid,"" he said.
While in Ferguson, Holder met with federal officials investigating the case, as well as Brown's parents. He also met with Missouri Highway Patrol Capt. Ron Johnson, who has been in charge of security in Ferguson for nearly a week. The National Guard is also helping to keep the peace.
On Wednesday night, a diminished number of protesters marched around a single block in Ferguson as a thunderstorm filled the sky with lighting and dumped rain. Police still stood guard, but many wore regular uniforms rather than riot gear.
Johnson said there were six arrests Wednesday, compared to 47 the previous night. He called it ""a very good night,"" and said Holder's visit had let people know their voices had been heard.
In nearby Clayton, a grand jury began hearing evidence to determine whether Wilson should be charged in Brown's death. A spokesman for St. Louis County Prosecutor Bob McCulloch said there was no timeline for the process, but it could take weeks.
Outside the St. Louis County Justice Center, where the grand jury convened, two dozen protesters gathered in a circle for a prayer, chanted and held signs urging McCulloch to step aside.
McCulloch's deep family connections to police have been cited by some black leaders who question his ability to be impartial in the case. McCulloch's father, mother, brother, uncle and cousin all worked for the St. Louis Police Department, and his father was killed while responding to a call involving a black suspect.
The prosecutor, who is white, has insisted his background will have no bearing on the handling of the Brown case, which has touched off days of nighttime protests during which authorities used tear gas and rubber bullets to clear the streets.
On Wednesday, police said an officer had been suspended for pointing a semi-automatic assault rifle at demonstrators, then cursing and threatening to kill one of them. A protester captured the exchange on video Tuesday and posted it to YouTube and other websites.",conservative
Eric Holder Hears From The People Of Ferguson Face To Face,"FERGUSON, Mo. -- Attorney General Eric Holder said Wednesday that the “eyes of the nation and the world” are on this small suburb of St. Louis where an unarmed teenager was shot and killed by police earlier this month. The issues raised by Michael Brown's death, Holder said, have simmered “beneath the surface in more communities than just Ferguson.”
On Thursday, he told reporters in Washington that the Justice Department would thoroughly investigate the case, and would ""continue to stand with Ferguson."" He also said that ""few things have affected me as greatly as my trip to Ferguson.""
Before a larger meeting at St. Louis Community College–Florissant Valley on Wednesday, the attorney general met with several students at the local school in what he described as an “opportunity to sit down with some wonderful young people and to hear them talk about the mistrust they have at a young age.”
Dominique McCoy, who attended the smaller meeting, told The Huffington Post that Holder said change wouldn't happen overnight. ""He just let us speak, basically. He semi-voiced his opinion, but we all did the talking. He agreed somewhat to what everyone said,” McCoy added.
A separate attendee, Molyrik Welch, noted to another reporter that her brother had died following an encounter with Ferguson police in 2011.
Holder told the students he understands ""the mistrust"" between some residents and the police.
“I am the attorney general of the United States, but I am also a black man,"" Holder said.
Holder told others at the community college how he had been stopped on the New Jersey Turnpike and accused of speeding twice in the past, with police searching his car.
""I remember how humiliating that was and how angry I was and the impact it had on me,"" Holder said.
""The same kid who got stopped on the New Jersey freeway is now the attorney general of the United States,"" Holder added. ""This country is capable of change. But change doesn't happen by itself.""
After the college events, Holder headed over to Drake's Place restaurant in Ferguson to talk with other community members. Some people were told that they would be meeting with an official from the Justice Department, but not that it was Holder. The owners of the restaurant said they were informed of the event only about an hour ahead of time. The Justice Department’s Community Relations Service had arranged for the gatherings.
Holder was greeted as a star at Drake's Place, posing for selfies and group photos with residents and shaking hands. He settled into a corner booth as residents explained the problems that need to be rectified.
Soon, Capt. Ron Johnson of the Missouri State Highway Patrol, who has earned some praise since he took over policing of Ferguson's nightly protests, stopped by to greet the attorney general.
“My man! You are the man,” Holder said as Johnson walked in.
After the meeting, attendees said they were thankful that Holder and the federal government were paying attention to Ferguson’s problems.
“He told me that he was here because he was concerned about everything that was going on and he wanted us to voice our opinions and what did we want to change, and that he was going back to the White House to report so we can get some funding, so we can get a game plan on how to help our community,” Angela Whitman told HuffPost.
Yvette Townsend-Saunders called the meeting “wonderful” and said she was thankful that Holder had come to the town.
“He said that there needs to be some changes made, things need to be looked into and investigated,” Townsend-Saunders said. “When you were a little boy and you didn’t do something well at school, your mother had to jump in. When the teacher didn’t do something right, the principal had to jump in. I think if you do something right from the bottom, the top doesn’t have to jump in. If things were done right in the beginning, all this wouldn’t have to be.”
“We didn’t know it was Eric Holder [coming],” Rev. John Paul Hopping of Our Lady of Guadalupe, told HuffPost. “They were really nice and they were really listening. They’re looking for solutions and they want to help.”
At the community college, Holder said that they were starting “a good dialogue” but that it was “not enough.”
“We need concrete action to change things in this country,” he said, according to excerpts provided by the Justice Department. ""This dialogue is important. But it can't simply be that we have a conversation that begins based on what happened on August 9 and ends sometime in December, and nothing happens. As I was just telling these young people, change is possible. The same kid who got stopped on the New Jersey freeway is now the attorney general of the United States. This country is capable of change. But change doesn't happen by itself.”
In addition to Ferguson community members, Holder spent Wednesday meeting with officials from the St. Louis-based U.S. attorney's office and the local FBI office investigating Brown's death. He is talking with Brown's parents and with members of the local congressional delegation.",conservative
U.S. Attorney Subpoenas Chris Christie Campaign Documents,"WASHINGTON -- The U.S. Attorney’s office in New Jersey has subpoenaed documents from the reelection campaign of New Jersey Gov. Chris Christie (R) and the New Jersey Republican State Committee, as part of its investigation into the ""Bridgegate"" scandal.
In a statement issued Thursday, Mark Sheridan, a partner with Patton Boggs, said his law firm had been retained to represent both the campaign and the committee in connection with the investigation.
""We can confirm that the Christie for Governor re-election campaign and the New Jersey Republican State Committee received subpoenas for documents from the U.S. Attorney's office, in addition to the subpoena the campaign previously received from the state legislative committee,"" said Sheridan. ""All three subpoenas focus on the closure of lanes on the George Washington Bridge. The campaign and the state party intend to cooperate with the U.S. Attorney's office and the state legislative committee and will respond to the subpoenas accordingly.""
The Christie administration closed down two of the three George Washington Bridge access lanes in Fort Lee, N.J., in September, in what appeared to be a political retribution scheme aimed at the borough's Democratic mayor. The closures, which lasted for four days, caused massive traffic jams. They were orchestrated by a Christie ally at the Port Authority of New York and New Jersey, David Wildstein, along with one of Christie's deputy chiefs of staff, Bridget Kelly, and his then-campaign manager and top political adviser, Bill Stepien.
Christie has maintained that he had no involvement in, or knowledge of, the plan.
The New Jersey state legislature is also investigating the lane closures. The FBI and the Department of Housing and Urban Development, meanwhile, are looking into separate controversies over whether the Christie administration misused Hurricane Sandy relief dollars.",conservative
Representative Apologizes for Criticizing Iowa Senator,"WASHINGTON — It is a lesson politicians never seem to learn from others’ mistakes: The microphone is always on.
The latest candidate to learn the hard way was Representative Bruce Braley, an Iowa Democrat running for Senate this year. Mr. Braley apologized to Senator Charles E. Grassley, Republican of Iowa, and “anyone I may have offended” after video emerged of him warning that “a farmer from Iowa who never went to law school, never practiced law” could become chairman of the Judiciary Committee.
Mr. Braley is not running against Mr. Grassley, who plans to seek a seventh term in 2016. But as the ranking Republican on the Judiciary Committee, Mr. Grassley could assume the chairmanship if his party takes control of the Senate this year. Mr. Braley, speaking at a January fund-raiser in Corpus Christi, Tex., was explaining why he should go to the Senate instead of his Republican opponent.
America Rising, a conservative political action committee that has vowed to use videos and opposition research to attack Democratic candidates, posted the footage on YouTube on Tuesday. Other Republicans quickly criticized Mr. Braley.
Though their numbers are declining, farmers are still a powerful force in the Iowa, which ranks second in the country in total farm sales. Mr. Braley’s apology noted his family’s history with Iowa agriculture, including his own stint “doing farm jobs and working a grain elevator.”
In another appeal to Iowa farmers, Joni Ernst, a candidate in the Republican Senate primary on June 3, announced in an ad that she grew up “castrating hogs on an Iowa farm.” Ms. Ernst said that qualified her to “cut pork” in Washington.",conservative
GOP Smackdown: Rep. Labrador Enters The Race For House Majority Leadership,"In one of the highest-profile showdowns between establishment Republicans and Tea Party conservatives so far this year, Rep. Raul Labrador said Friday that he is challenging Rep. Kevin McCarthy for the House majority leader position that became open this week.
Labrador, of Idaho, would be the Tea Party alternative to McCarthy, who is the whip and is favored by establishment Republicans. Only in Congress since 2010, Labrador would represent several firsts: the first Latino, first Mormon and first Idaho lawmaker to be House majority leader.
Labrador’s foray into the race for majority leader is yet another dramatic turn of events for Republicans, who were stunned by the defeat in Tuesday’s primary in Virginia of Rep. Eric Cantor to a Tea Party candidate who cast the congressman as someone who embraces the status quo of Beltway GOP politics and did not truly represent his constituents.
Americans don’t believe their leaders in Washington are listening and now is the time to change that.
And it upends the June 19 voting by the House Republicans for majority leader. On Friday morning, McCarthy, 49, appeared to be headed toward running unopposed after some rivals dropped out.
“I was stunned when Eric Cantor lost his primary election earlier this week,” Labrador, who is 46, said in his announcement about running for majority leader. “Eric is a good friend and I have tremendous respect for him. But the message from Tuesday is clear – Americans are looking for a change in the status quo.”
Some conservatives in the House were pushing for a postponement of the June 19 election for majority leader, saying they wanted more time to put someone with more right-wing views in the running for the position.
“I want a…leadership team that can bring the Republican conference together,” Labrador said in his statement, “A leadership team that can help unite and grow our party. Americans don’t believe their leaders in Washington are listening and now is the time to change that.”
Some lawmakers pressed Labrador to run, according to several published reports that quoted unnamed sources.
Economics professor Dave Brat, the Tea Party candidate who defeated Cantor, attacked the congressman as soft on border security and on people who come here illegally.
Cantor, who had once been more moderate on immigration issues – particularly on the bitterly divisive aspect of whether to give undocumented immigrants already in the U.S. a chance to legalize their status – shifted sharply to a hard line position, saying he would block any effort in the House to consider proposals to give such immigrants a break.
But some observers said Cantor’s tough stance toward the end of the primary – one he’d seemed confident he’d easily win – was too little too late.
Others say it was Cantor’s lack of popularity in general in his district, and his lackluster campaign, that doomed him.
Nonetheless, many see the next majority leader as potentially influencing the House handling of immigration reform, which stalled as conservative members said they would not support a comprehensive measure for an overhaul of the system, and especially not one that, in their view, would grant amnesty to lawbreakers.
The Senate last year passed a sweeping bipartisan immigration reform bill that both tightened border security and provided a path to legal status for undocumented immigrants who meet a strict set of criteria.
McCarthy, whose district is 35 percent Latino, has expressed support for providing a path to legal status, but only after those applying for it earn it by learning English and paying fines and taxes, among other things.
Labrador, who worked as an immigration attorney before serving in Congress, was part of a bipartisan group in the House that was working on a reform bill. But Labrador famously quit the group because of a disagreement with its other members over whether to entitle undocumented immigrants to some form of healthcare.
Labrador has not been shy about criticizing House Speaker John Boehner of Ohio, saying that he should step down if he allows a vote on an immigration bill this year. The Idaho congressman, echoing other conservatives, has said that Congress should wait until at least 2015 to take up the issue again because President Obama must make a clear attempt to take steps to secure the borders and step up interior enforcement of immigration laws.
He has said he will not back a version of the Senate reform bill, and prefers to deal with the subject in a piecemeal fashion. Labrador supports a path to legal status, but only after evidence that enforcement has been improved, he has said. He also supports expanding foreign worker visa programs.
Labrador says this about himself on his website: “Born to a single mother in Puerto Rico, Raúl Labrador moved with his mother to the mainland U.S. at age 13.”
“His mother worked many different jobs to make ends meet,” it says. “Though times were tough, Raúl’s mother often reminded him that if he studied, worked hard, and played by the rules, he could achieve the American Dream. This encouraged Raúl to never give up on his professional aspirations and personal dreams.”
One of the conservative members in the House who wanted to postpone the June 19 vote for majority leader quickly indicated that for him, Labrador would not do.
Rep. Steve King (R-Iowa), tweeted on Friday ""#Labrador is pro amnesty. If not this year, he has strongly advocated for amnesty next year. No fair trying to redefine amnesty.”",conservative
GOP Staffer Apologizes For Lecturing Obama Daughters To 'Show A Little Class',"A Republican staffer on Friday apologized for a Facebook post that criticized Malia and Sasha Obama's appearance at the annual White House turkey pardon ceremony, one of America's silliest holiday traditions.
Elizabeth Lauten, the communications director for Rep. Stephen Fincher (R-Tenn.), wrote that the two teenagers should ""try showing a little class,"" ""dress like you deserve respect, not a spot at a bar,"" and, most of all, ""don't make faces"" at Very Serious public events.
Read the full rant via Gawker:
Dear Sasha and Malia, I get you’re both in those awful teen years, but you’re a part of the First Family, try showing a little class. At least respect the part you play. Then again your mother and father don’t respect their positions very much, or the nation for that matter, so I’m guessing you’re coming up a little short in the ‘good role model’ department. Nevertheless, stretch yourself. Rise to the occasion. Act like being in the White House matters to you. Dress like you deserve respect, not a spot at a bar. And certainly don’t make faces during televised public events.
The First Daughters join President Obama at the ceremony every year, where they can hardly contain their disdain for the lame dad jokes that predictably follow. Before approaching Mac and Cheese, the two turkeys, the president remarked that it was ""puzzling that I do this every year."" Malia even declined her father's offer to pet one of the pardoned turkeys with a nonchalant, ""Nah.""
Lauten later apologized for rushing to judgment on Facebook.
""I reacted to an article and quickly judged the two young ladies in a way that I would never have wanted to be judged myself as a teenager,"" she said. ""After many hours of prayer, talking to my parents and re-reading my words online, I can see more clearly how hurtful my words were. Please know that these judgmental feelings truly have no place in my heart. Furthermore, I'd like to apologize to all of those who I have hurt and offended with my words, and pledge to learn and grow (and I assure you I have) from this experience.""",conservative
Dem running for Senate in Iowa mocks Grassley as farmer 'who never went to law school',"Iowa Democratic Rep. Bruce Braley is under fire after a video surfaced Tuesday of him mocking Sen. Chuck Grassley, R-Iowa, as a “farmer from Iowa who never went to law school” — in the middle of Braley’s campaign for Senate in the state known for its agriculture industry.
Braley apologized for the remarks in a written statement after the video was released. He said he “respects” Grassley and proclaimed his support for Iowa’s farmers.
“I have tremendous respect for Iowa farmers and appreciate how important they are to our state, and I’m grateful to have the support of hundreds of farmers across Iowa,” he said.
The video, which was posted online by the conservative super PAC America Rising, apparently shows Braley speaking to a group of lawyers at a fundraiser in Texas.
Braley says if elected to the Senate to replace retiring Democratic Sen. Tom Harkin, he would want to serve on the Senate Judiciary Committee. He said Grassley, though, would likely become chairman of that committee if Republicans take the Senate.
“To put this in stark contrast, if you help me win this race you may have someone with your background, your experience, your voice, someone who’s been literally fighting tort reform for thirty years, in a visible or public way, on the Senate Judiciary Committee,” he said. “Or, you might have a farmer from Iowa who never went to law school, never practiced law, serving as the next chair of the Senate Judiciary Committee.”
A spokesperson for Grassley fired back Tuesday, telling FoxNews.com that by Braley’s logic he, as a trial lawyer, would not be eligible to speak out on a number of policy issues like agriculture, energy or health care. The spokesperson also touted Grassley’s “strong record” on the judiciary committee.
“Alongside that, Sen. Grassley’s one of only two working family farmers in the United States Senate, where he brings Iowa common sense to work for ag, anti-trust, transportation, environmental, energy, trade, health care, communications, national security, and tax policy that works for all of America,” the aide said.",conservative
Top House Republican Hints At Immigration Principles,"House Majority Whip Kevin McCarthy (R-Calif.), a longtime target of immigration activists, said Tuesday that he would support allowing undocumented immigrants to stay in the U.S., but stopped short of calling for a path to citizenship.
Advocates are hoping for a plan that would give undocumented immigrants a chance to both remain in the country and eventually become citizens, but House Republicans have indicated that the latter is something most cannot support. Although he's expressed openness to legal status previously, his comments could be a hint at what's to come in the House GOP's plan to soon release its own principles for immigration reform.
""The principles aren't combined, written out yet, but in my personal belief I think it'll go with legal status that will allow you to work and pay your taxes,"" McCarthy told KBFX Eyewitnesses News. ""But if you want to become a citizen, you'll have to go through the path. There won't be amnesty inside it.""
He added later, ""That's a decision that every Republican will have to make in laying out the principles, but that's my personal position.""
McCarthy has previously been more open to immigration reform than many of his House Republican colleagues, and, as TPM notes, his district is 35 percent Latino. Immigration activists have targeted McCarthy specifically due to his high rank in the House GOP.",conservative
"Federal prosecutors subpoena Christie's campaign, NJ GOP committee","Federal prosecutors have subpoenaed New Jersey Gov. Chris Christie's campaign and a state Republican Party committee, escalating their probe into allegations that his aides created traffic jams as political payback.
Mark Sheridan, the attorney representing Christie's campaign, confirmed to Fox News that the campaign and the Republican State Committee received subpoenas relating to the closure of traffic lanes near the George Washington Bridge last year.
""We can confirm that the Christie for Governor re-election campaign and the New Jersey Republican State Committee received subpoenas for documents from the U.S. Attorney's office, in addition to the subpoena the campaign previously received from the state legislative committee,"" he said. ""All three subpoenas focus on the closure of lanes on the George Washington Bridge. The campaign and the state party intend to cooperate with the U.S. Attorney's office and the state legislative committee and will respond to the subpoenas accordingly.""
The subpoenas were disclosed Thursday, the same day the Republican governor's campaign announced it had hired the Washington, D.C., law firm Patton Boggs in the case. Sheridan works for the firm and is general counsel for the state Republican committee.
A state legislative committee investigating the traffic jams has also issued subpoenas to the two organizations.
The federal subpoenas are due Feb. 5. The state committee subpoenas must be returned Feb. 3.
Earlier this month, U.S. Attorney Paul Fishman said only that his office was reviewing the matter ""to determine whether a federal law was implicated.""
The traffic lanes were closed for four days in September, creating traffic gridlock in Fort Lee, the town at the base of the bridge on the New Jersey side. Emails and text messages turned over to legislators suggest it may have been a message to the town's Democratic mayor for not endorsing Christie.",conservative
"Federal prosecutors plan to file charges against Rep. Grimm, attorney says","New York Republican Rep. Michael Grimm's attorney confirmed late Friday that federal prosecutors plan to file criminal charges against the congressman.
The decision follows a two-year FBI investigation into various aspects of Grimm's business and campaign history.
""We are disappointed by the government's decision, but hardly surprised,"" said the statement from Grimm's attorney, William McGinley. ""From the beginning, the government has pursued a politically driven vendetta against Congressman Grimm and not an independent search for the truth.""
The statement said Grimm ""asserts his innocence of any wrongdoing"" and ""will be vindicated.""
""Until then, he will continue to serve his constituents with the same dedication and tenacity that has characterized his lifetime of public service as a Member of Congress, Marine Corps combat veteran, and decorated FBI Special Agent,"" the statement said.
The House Ethics Committee announced in November that Grimm was under investigation for possible campaign finance violations. That committee said it would defer its inquiry because of a separate Department of Justice investigation.
A spokesman for the U.S. attorney in Brooklyn said he could not confirm, deny or comment on the case.
Grimm made headlines in January after confronting a New York City cable news station reporter who tried to question him about a long-running FBI investigation into campaign finance on a balcony in the Capitol.
After reporter Michael Scotto finished his report, Grimm stormed back, leaned into him and said, ""Let me be clear to you. If you ever do that to me again, I'll throw you off this (expletive) balcony.""
Scotto, who was asking about fundraising during Grimm's first campaign, protested, saying he was asking ""a valid question.""
During that race, Grimm has acknowledged receiving $250,000 to $300,000 in contributions from followers of an Israeli rabbi, Yoshiyahu Yosef Pinto. Some members of Pinto's congregation subsequently said they made tens of thousands of dollars in illegal contributions, including gifts passed through straw donors.
Grimm has denied knowledge of any improprieties, and the FBI hasn't accused him of any wrongdoing. The Israeli businessman who had served as Grimm's liaison to Pinto's followers, Ofer Biton, pleaded guilty in August to an immigration fraud charge.
Three days after that guilty plea, the FBI filed a sealed criminal complaint accusing a Houston woman who had been romantically involved with Grimm of using straw donors to make illegal campaign contributions.
In that case, made public this month, the woman was accused of funneling at least $10,000 to Grimm's campaign by passing them through friends who agreed to have the donations listed under their names.
A spokesman in Grimm's Washington office, Nick Iacono, did not immediately return emails or a telephone message seeking comment Friday.",conservative
Nebraska and Oklahoma Sue Colorado Over Marijuana Law,"DENVER — Two heartland states filed the first major court challenge to marijuana legalization on Thursday, saying that Colorado’s growing array of state-regulated recreational marijuana shops was piping marijuana into neighboring states and should be shut down.
The lawsuit was brought by attorneys general in Nebraska and Oklahoma, and asks the United States Supreme Court to strike down key parts of a 2012 voter-approved measure that legalized marijuana in Colorado for adult use and created a new system of stores, taxes and regulations surrounding retail marijuana.
While marijuana remains illegal under federal law, officials have largely allowed Colorado and other states to move ahead with state-run programs allowing medical and recreational marijuana. But the lawsuit from Nebraska and Oklahoma, where marijuana is still outlawed, argues that Colorado has “created a dangerous gap” in the federal drug-control system.
“Marijuana flows from this gap into neighboring states,” the suit says, undermining their marijuana bans, “draining their treasuries, and placing stress on their criminal justice systems.”
For months, some sheriffs and police officers in rural counties bordering Colorado have complained that they have seen more marijuana entering their towns and being transported down their highways since recreational sales began in January. Oklahoma and Nebraska said the influx had led to more arrests, more impounded vehicles and higher jail and court costs. They say it has also forced law-enforcement agencies to spend more time and dedicate more resources to handling marijuana-related arrests.
“We’re seeing a lot of marijuana coming over from Colorado,” said Sheriff Adam Hayward of Deuel County, Neb., who said that he was gratified that the two states were challenging Colorado’s marijuana laws. He has complained that marijuana arrests have strained his jail budget. “For the longest time we were saying, this is becoming a problem for us.”
Colorado’s attorney general, John Suthers, a Republican, said in a statement that the challenge from Nebraska and Oklahoma was “without merit.” Like many elected officials in Colorado, Mr. Suthers had opposed Amendment 64, which legalized marijuana. But on Thursday, he said “we will vigorously defend” against the lawsuit attempting to undo it.
Nebraska and Oklahoma’s challenge is aimed more at the commercial side of marijuana legalization, which created new systems of regulations and taxes as well as recreational stores, dispensaries and production facilities that are monitored and licensed by state officials. The suit does not specifically seek to overturn the portion of Amendment 64 that made marijuana legal for personal use and possession, meaning that portions of legalization could survive even if Nebraska and Oklahoma prevail.
But marijuana advocates said that the challenge — if it succeeds at shutting down marijuana retailers — could boost the black market.
“If Nebraska and Oklahoma succeed, they will put the violent criminal organizations back in charge,” Michael Elliott, the executive director of the Marijuana Industry Group, a Colorado-based trade group, said in a statement.
The lawsuit, which was brought by Nebraska’s attorney general, Jon Bruning, and Oklahoma’s attorney general, Scott Pruitt, accused Colorado officials of participating in a “scheme” that cultivates, packages and distributes marijuana in direct violation of controlled-substances laws while “ignoring every objective embodied in the federal drug control regulation.” It was filed directly with the Supreme Court because it involves a dispute among states.
“The Constitution and the federal antidrug laws do not permit the development of a patchwork of state and local pro-drug policies and licensed distribution schemes throughout the country,” the lawsuit says.
Nebraska and Oklahoma accused Colorado of leaving huge holes in marijuana rules that allowed the plant to flow out of state.
While it is against the law to take legally purchased marijuana across state lines, Nebraska and Oklahoma said that Colorado does not require consumers to smoke or eat their marijuana where they buy it, and said that despite purchasing and possession limits, anyone can easily visit several dispensaries and stock up. Some sheriffs in bordering states say they have pulled over drivers and found edibles and marijuana from multiple Colorado retail outlets.
They also criticized Colorado for not tracking marijuana once it is sold, and for not requiring marijuana buyers to undergo criminal background checks (under Colorado law, anyone 21 or older can legally purchase recreational marijuana). Colorado’s rules have no way to prevent “criminal enterprises, gangs and cartels from acquiring marijuana inventory directly from retail marijuana stores,” the lawsuit says.
Nebraska and Oklahoma complained about a “significant influx of Colorado-sourced marijuana,” but the suit did not mention specific statistics about Colorado-related marijuana arrests or drug seizures. In earlier interviews, some local law-enforcement officers along Colorado’s borders said that they had not seen an increase in marijuana coming from Colorado.",conservative
"Eric Cantor Defeated by David Brat, Tea Party Challenger, in G.O.P. Primary Upset","WASHINGTON — In one of the most stunning primary election upsets in congressional history, the House majority leader, Eric Cantor, was soundly defeated on Tuesday by a Tea Party-backed economics professor who had hammered him for being insufficiently conservative.
The result delivered a major jolt to the Republican Party — Mr. Cantor had widely been considered the top candidate to succeed Speaker John A. Boehner — and it has the potential to change both the debate in Washington on immigration and, possibly, the midterm elections.
With just over $200,000, David Brat, a professor at Randolph-Macon College in Ashland, Va., toppled Mr. Cantor, repeatedly criticizing him for being soft on immigration and contending that he supported what critics call amnesty for immigrants in the country illegally.
During a short concession speech late Tuesday, Mr. Cantor did not try to analyze his defeat or cast blame, saying only that he knew he had disappointed his supporters.
In victory, Mr. Brat said that his candidacy had resonated with voters who believed that politics had been dumbed down by partisan infighting.
“The American people want to pay attention to serious ideas again,” Mr. Brat said, speaking on Fox News. “Our founding was built by people who were political philosophers, and we need to get back to that, away from this kind of cheap political rhetoric of right and left.” He will face Jack Trammell, a Democrat who is also a professor at Randolph-Macon, this fall in the heavily Republican district.
Republicans were so sure that Mr. Cantor would win that most party leaders had been watching for how broad his victory would be. His defeat will reverberate in the capital and could have major implications for any chance of an immigration overhaul.
Mr. Cantor, 51, who is in his seventh term, had sought to counter Mr. Brat’s accusations that he was too willing to compromise on immigration. The majority leader, who had raised $5.4 million for the campaign, blanketed Virginia’s Seventh Congressional District with fliers and television advertisements in which he emphasized that he opposed an “amnesty” policy.
But with significant help from conservative talk radio hosts like Laura Ingraham, Mr. Brat was able to galvanize opposition to Mr. Cantor in one of Virginia’s most conservative congressional districts.
Ms. Ingraham, one of the few high-profile conservatives to put her muscle behind Mr. Brat, said on Fox News on Tuesday night that the primary results were “an absolute repudiation of establishment politics” and that Republican leaders should take note.
“He really just didn’t have very much money, but what he did have was a lot of heart,” she said of Mr. Brat. “I think there will be a lot of people out there saying this could be the beginning of something really big for the Republican Party.”
Mr. Cantor’s loss recalled the defeat of former Speaker Thomas S. Foley, a Democrat who lost to a little-known Republican, George Nethercutt, in the 1994 general elections that delivered control of Congress to the Republicans. It is much rarer for a member of the congressional leadership to lose a primary.
Mr. Brat had little help from national groups that have funded other Tea Party challengers. Instead, he relied mostly on state and local activists.
Larry Nordvig, executive director of the Richmond Tea Party, said the national groups were not aware of “how much activity was going on underneath the surface down here and how large the ABC — Anybody But Cantor — mentality was.”
In a February interview, Mr. Brat spoke of the difficulty he had in rounding up conservative support despite meeting with powerful groups and donors to try to convince them that he was worth the investment. “I met with all of them,” he said. “But it’s tough. Everybody just wants to see the polls, how much money you’ve raised. But they do not know what’s going on on the ground.”
Mr. Cantor had won primaries in his district, which stretches from Richmond to the Washington suburbs, with as much as 79 percent of the vote, and he won the general election race for a seventh term in 2012 with 58 percent.
Within the Republican Party, he was seen as a star, with the ability to tap into the energy of the House’s more conservative members while at the same time not alienating the party’s establishment wing.
In the House, his relationship with Mr. Boehner reflected some of the larger tensions within the party. Mr. Cantor was strongly opposed, for instance, to the so-called grand bargain negotiations on the budget between the speaker and President Obama.
Mr. Boehner said Tuesday that he and Mr. Cantor had “been through a lot together,” making “tough choices that come with governing.”
Mr. Cantor received what amounted to a warning shot from local Republicans at a district convention last month in Henrico County, his political home base, when conservatives ousted one of his loyalists as Republican chairman while he looked on.
Yet he seemed to recognize the seriousness of the threat only in the final weeks of the campaign, when he suddenly shifted his advertising and began sending aides from Washington to his district. At that point, it was too late to stave off defeat.
“There are some very angry people upset with the status quo, and Eric became part of that,” said former Representative Thomas M. Davis III, a Virginia Republican. “He was the only conduit they have to express their anger right now. And when Eric Cantor, a conservative and member of the leadership, is too moderate, it sends a chilling effect to other Republicans and makes it that much harder to cross over and work together.”
As for the prospects of an immigration overhaul now, Mr. Davis said: “How do you get that or anything done now? Eric is too liberal? This was the guy holding Boehner back.”
Many voters also perceived Mr. Cantor as ignoring district concerns as he sought to raise his national profile. He kept a home in suburban Richmond and sent his children to school there, but he spent much of his time in recent years traveling across the country to raise money and campaign for Republican candidates.
It was all part of his ambition to become speaker of the House, having begun his career as the driver to his predecessor, Representative Thomas J. Bliley Jr. Reaching that pinnacle had, of late, seemed as close as ever, with Washington full of speculation that Mr. Boehner would soon retire.
“I’m in shock,” said Representative Patrick T. McHenry, Republican of North Carolina.
Congressional Democrats were ecstatic, and so stunned by Mr. Cantor’s loss that many admitted they did not even know who the Democratic challenger was.
An informal dinner party at the Georgetown apartment of Representative Nancy Pelosi of California, the Democratic leader, turned into a celebration.
“I never thought I’d see the day that Eric Cantor would be losing his primary,” said Representative Louise M. Slaughter of New York, the senior Democrat on the House Rules Committee.
Ms. Pelosi said, “I still can’t even believe it.”",conservative
Prominent Republicans call for Ariz. Gov. Jan Brewer to veto bill allowing denial of service to gays,"Prominent Republicans are calling for Ariz. Gov. Jan Brewer to veto a controversial bill that would allow businesses to deny service over religious beliefs.
The Republican governor returned home Tuesday afternoon to a political climate that is much different from just a week ago when she left for Washington the last five days for a governor's conference.
The Arizona Legislature passed a bill last week allowing businesses whose owners cite sincerely held religious beliefs to deny service to gays. It allows any business, church or person to cite the law as a defense in any action brought by the government or individual claiming discrimination.
The legislation has caused a national uproar. The chorus of opposition has grown each day, with the business community, the state's Super Bowl Committee and both Republican U.S. senators calling for a veto. Former GOP presidential nominee Mitt Romney was the latest prominent voice to weigh in and urge Brewer to veto the bill.
Brewer will likely spend the next day or more pondering Senate Bill 1062 before deciding whether to sign or veto the legislation.
There is widespread speculation that Brewer will veto the bill, but she has not said how she'll act, as is her longtime practice with pending legislation.
Political observers in Arizona cautioned that the governor is deliberate and not prone to act hastily, despite the growing calls from business, politicians of all stripes, and civil rights groups for a veto.
""She's no rookie to these high-profile deals — she gives both sides their due,"" said Doug Cole, a political consultant whose firm has run all of Brewer's campaigns for decades.
""She's going to get a very detailed briefing from her legal team, and give the proponents their best shot, and the opponents their best shot,"" he said. ""Everybody's going to get their say, and they've giving it.""
Some Republican senators who pushed the bill through the Legislature are now calling for a veto as well, but they cite ""inaccurate"" information about the measure for igniting a firestorm. They argue the bill is designed only to protect business owners with strong religious beliefs from discrimination lawsuits that have happened in other states. Some blame the media for blowing the law out of proportion.
Democrats say that argument doesn't wash and call SB1062 ""toxic"" legislation that allows discrimination. They said they warned Republicans who voted for the bill that it was destined for trouble.
""We brought this to their attention five weeks ago,"" said Sen. Steve Gallardo, D-Phoenix. ""We said this is exactly what is going to happen. You have a bill here that's so toxic it's going to divide this Legislature. It's going to be polarizing the entire state. And that's exactly what happened.""
The bill was pushed by the Center for Arizona Policy, a social conservative group that opposes abortion and gay marriage. The group says the proposal simply clarifies existing state law and is needed to protect against increasingly activist federal courts.
The center's president, Cathi Herrod, has been deriding what she called ""fear-mongering"" from the measure's opponents.
""What's happened is our opponents have employed a new political tactic, and it's working,"" she said. ""Throw out the threat of a boycott to attempt to defeat a bill, and you might just be able to be successful.
Herrod added she was surprised and disappointed that ""in America today, false attacks and irresponsible characterizations about a piece of legislation can so intimidate and persuade people to change their opinion about religious liberty.""",conservative
"Nebraska, Oklahoma File Federal Suit Against Colorado Over Marijuana Legalization","Nebraska, Oklahoma File Federal Suit Against Colorado Over Marijuana Legalization
The states of Nebraska and Oklahoma filed a federal lawsuit in the U.S. Supreme Court Thursday, claiming that Colorado's legalization of recreational marijuana is unconstitutional under federal law.
""Federal law undisputedly prohibits the production and sale of marijuana,"" Nebraska Attorney General Jon Bruning said Thursday in a statement. ""Colorado has undermined the United States Constitution, and I hope the U.S. Supreme Court will uphold our constitutional principles.""
But Colorado Attorney General John Suthers isn't backing down. In a statement, he said he intends to defend the state's marijuana laws.
“Because neighboring states have expressed concern about Colorado-grown marijuana coming into their states, we are not entirely surprised by this action,"" Suthers said. ""However, it appears the plaintiffs’ primary grievance stems from non-enforcement of federal laws regarding marijuana, as opposed to choices made by the voters of Colorado. We believe this suit is without merit and we will vigorously defend against it in the U.S. Supreme Court.”
Bruning, along with Oklahoma Attorney General Scott Pruitt, argue that under the U.S. Constitution's Supremacy Clause, Colorado's legalization of recreational marijuana is unconstitutional because marijuana remains illegal under federal law. The clause states that in general, federal law takes precedence over state law.
""The illegal products being distributed in Colorado are being trafficked across state lines thereby injuring neighboring states like Oklahoma and Nebraska,"" Pruitt said in a statement.
The regulation of recreational marijuana -- as seen in programs currently in place in Colorado and Washington state, as well as those that will soon go into effect in Oregon and Alaska -- remains illegal under the 1970 Controlled Substances Act. The states that have legalized marijuana or softened penalties for possession have only been able to do so because of federal guidance urging federal prosecutors to refrain from targeting state-legal marijuana operations.
Colorado voters approved Amendment 64, legalizing recreational marijuana in the state, in 2012. The first retail marijuana shops opened their doors on New Years Day 2014. To date, 23 states and the District of Columbia have legalized marijuana for medical purposes. Four states have legalized recreational marijuana, along with voters in D.C. -- though the D.C. measure is the subject of a congressional Republican effort to block its implementation.
With a majority of Americans now supporting marijuana legalization, and with states continuing to pass legalization laws, it seems unlikely that the federal government would push back against the legalizations. But it's not impossible. If the Supreme Court were to rule in favor of Nebraska and Oklahoma, all state marijuana laws, in any form, could be in jeopardy of being unraveled.
Harvard economist Jeff Miron, a vocal supporter of marijuana policy reform, highlighted the precarious nature of state marijuana laws in a November op-ed for CNN, saying that Congress needs to act now on federal marijuana policy.
""Despite the compelling case for legalization, and progress toward legalization at the state level, ultimate success is not assured,"" Miron wrote. ""Federal law still prohibits marijuana, and existing jurisprudence (Gonzales v. Raich 2005) holds that federal law trumps state law when it comes to marijuana prohibition. So far, the federal government has mostly taken a hands-off approach to state medicalizations and legalizations, but in January 2017, the country will have a new president. That person could order the attorney general to enforce federal prohibition regardless of state law.""
Kevin Sabet, president of anti-legalization group Smart Approaches to Marijuana, applauded the action by Nebraska and Oklahoma.
""We support this action by the attorneys general of Oklahoma and Nebraska because Colorado's decisions regarding marijuana are not without consequences to neighboring states, and indeed all Americans,"" Sabet said. ""The legalization of marijuana is clearly in violation of the federal Controlled Substances Act and is not implemented in a vacuum.""
Mason Tvert, communications director for Marijuana Policy Project, told The Huffington Post that MPP agrees with Suthers' opinion that the suit is ""without merit.""
""Nebraska officials are acting like bullies, and they have no business trying to dictate Colorado's marijuana laws,"" Tvert said to HuffPost. ""They are wasting their taxpayers’ dollars by filing this suit and forcing Coloradans to pick up the bill for defending our state against it. Colorado's top law enforcement officials have better things to do and you’d think Nebraska’s would, as well. These guys are on the wrong side of history.""
Marijuana Industry Group's Mike Elliott echoed Tvert's sentiments, adding that despite the multi-decade federal war on drugs, marijuana remains ""universally available"" -- including in Nebraska and Oklahoma.
""If Nebraska and Oklahoma succeed, they will put the violent criminal organizations back in charge,"" Elliott said.
Rep. Jared Polis (D-Colo.), a vocal supporter of drug policy reform who has sponsored multiple bills seeking protection for state-legal marijuana businesses and advocated full-scale federal legalization of the drug, told HuffPost that Nebraska and Oklahoma attempting to overturn the will of Colorado's voters is ""outrageous.""
""Our federalist system is based on individual states of being able to enact policies that benefit their citizens, without the interference of other states,"" Polis said.",conservative
Marco Rubio Lays Out Hawkish Foreign Policy Doctrine Invoking Kennedy,"NEW YORK -- U.S. Sen. Marco Rubio (R-Fla.) set forth a foreign policy vision Wednesday that invoked President John F. Kennedy in an assertive call to project American power abroad.
In comments delivered at the Council on Foreign Relations, the conservative senator vying for the GOP presidential nomination said the world would be safer if the U.S. military had a bigger budget and America asserted itself more aggressively across the globe.
While the threats facing the United States have changed in the 21st century, America's global influence remains a benevolent force, Rubio said.
""President Kennedy, like most presidents before and since, understood what I believe our current president does not: that American strength is a means of preventing war, not promoting it,” Rubio said. “And that weakness, on the other hand, is the friend of danger and the enemy of peace.""
""Sadly, I believe President Obama often disagrees with that simple truth,"" Rubio added. ""He entered office believing America was too hard on our adversaries, too engaged in too many places, and that if we just took a step back and did some more 'nation building at home' -- ceding leadership to other countries -- America would be better liked and the world better off.""
In laying out what his campaign calls the ""Rubio Doctrine,"" the presidential hopeful said he was guided by three principles: ""American strength,"" ""the protection of the American economy in a globalized world"" and ""moral clarity regarding America’s core values.""
From his seat on the Senate Foreign Relations Committee, Rubio has already played a key role in U.S. foreign policy debates, often staking out positions that directly counter President Barack Obama's administration.
The son of Cuban immigrants, Rubio has challenged Obama's efforts to normalize diplomatic relations with the island, saying that closer ties would only help the communist Castro government keep power. Rubio has also opposed the Obama administration’s negotiations with Iran over its nuclear program, pressed for more support of rebels in Syria and advocated to increase aid to the government of Ukraine to counter Russia's influence in the east of the country.
In Wednesday's speech the senator also took a swipe at Democratic presidential hopeful Hillary Clinton, calling her tenure as secretary of state ""ineffective at best and dangerously negligent at worst.""
Journalist Charlie Rose asked Rubio after the speech whether invoking Kennedy and the Cold War might make him appear backward-looking at a time that Rubio's campaign portrays other U.S. leaders as “trapped in the past."" Rubio responded that the Kennedy statements represented ""timeless"" truths.
Rubio also told Rose he would not have authorized the 2003 invasion of Iraq that toppled Saddam Hussein's regine if he knew Hussein did not have weapons of mass destruction.
“Not only would I have not been in favor of it, but President [George W.] Bush wouldn’t have been in favor of it,” Rubio said.
Bush’s brother Jeb, who has all but formally announced his bid for the Republican presidential nomination, raised eyebrows Monday after telling Fox News he supported the invasion even now that he knows Iraq did not have weapons of mass destruction. Jeb Bush later said he had misunderstood the question.",conservative
"Clinton camp releases candidate's clean bill of health, tax returns","WASHINGTON – Hillary Clinton's presidential campaign on Friday released a statement from her doctor declaring she is in “excellent physical condition and fit to serve as president of the United States,” along with eight years of tax returns showing the Clintons paid tens of millions of dollars in federal taxes.
The release comes on the same day the State Department released thousands of emails relating to her tenure as secretary of state.
In the tax returns, released late Friday afternoon, the documents show the Clintons have paid $43 million in federal taxes since 2007. They also donated $15 million to charity, and paid an additional $13.6 million in state taxes.
The Clintons' effective federal tax rate for 2014 was 35.7 percent, while the effective tax rate for federal, state and local taxes was 45.8 percent.
Meanwhile, the statement on her health, from Dr. Lisa Bardack, an internist and chairman of the Department of Medicine at the Mount Kisco Medical Group in Mount Kisco, New York, said the former secretary of state has seasonal pollen allergies and listed ""deep vein thrombosis,"" an elbow fracture and her 2012 concussion in her recent medical history. Following the concussion, a subsequent blood clot developed in her brain.
As a result, Clinton experienced double vision and wore glasses with a Fresnel prism for two months. During Clinton’s follow-up evaluations, she was found to have a “transverse sinus venous thrombosis” and started “anticoagulation therapy” to dissolve the clot.
In 2013, she tested “negative” for all clotting disorders, though continues a daily anticoagulation as a precaution, Bardack said.
Clinton’s current medications also include Armour Thyroid, which is used to treat underactive thyroids, antihistamines and Vitamin B12.
She doesn’t smoke, drinks occasionally and eats a diet rich in protein. She also exercises regularly, practices yoga, swims, walks and weight trains, her doctor said.
At her most recent physical on March 21, her blood pressure was 100/65 and her heart rate was 72. Her cholesterol came back at 195, with an LDL of 118, HDL of 64 and triglycerides of 69.
“(Clinton’s) cancer screening evaluations are all negative,” Bardack added.. “She is in excellent physical condition and fit to serve as president of the United States.”
Clinton’s camp is touting the fact she is the first 2016 candidate to release any kind of health information, though she only officially released a one-and-a-half-page letter from her doctor.
Both these releases come as the State Department releases thousands of pages of emails from her time running the department. It was the third major release of Clinton’s email records.
The State Department has made available several hundred pages of documents in prior releases related to the 2012 terrorist attacks in Benghazi, Libya, and other issues.",conservative
Mike Huckabee Is Running For President,"Mike Huckabee, the Baptist minister who became Arkansas governor, announced Tuesday he'll run for the 2016 Republican presidential nomination.
Huckabee made the announcement in his hometown of Hope, Arkansas.
""I am a candidate for president of the United States of America,"" he said.
During his announcement, Huckabee said that he would ""conquer Jihadism"" and protect Social Security. He also criticized the Supreme Court for potentially overturning bans on same-sex marriage. He also said that he favored term limits for individuals in all branches of the federal government -- including the judiciary.
""The Supreme Court is not the supreme being,"" he said.
Huckabee, 59, quit his job hosting his own Fox News show, ""Huckabee,"" in January. Last month, he began plotting campaign strategy and hiring staff.
Huckabee ran for president in 2008. He joins an already crowded 2016 Republican field, and will likely enlist support from the party's far right wing, where he faces competition from Sen. Ted Cruz (R-Texas), who has positioned himself as a tea party favorite. Huckabee said on CBS's ""Face the Nation"" last month that he's confident he can broaden his appeal beyond evangelical Christians and social conservatives to reach working-class Republicans concerned about the economy.
""There's a real sense in the Republican Party that there's no one speaking, not only to them, but speaking for them,"" Huckabee said then. ""And if someone can capture both the blue-collar, working-class Republicans, the conservatives, many of them even union members, as well as evangelicals, there's a real pathway to the nomination.""
Huckabee, an ordained Southern Baptist minister, is a celebrated figure among evangelical Christians. He was the longest-serving Arkansas governor, from 1996 to 2007. He made national headlines for losing more than 110 pounds from 2003 to 2006, and he publicly addressed his struggles with weight. His book, ""Quit Digging Your Grave with a Knife and Fork,"" became a bestseller and he made obesity a major policy initiative as governor.
He ran for the GOP presidential nomination in 2008, capturing strong support from evangelical Christians and winning the Iowa caucuses. But Sen. John McCain (R-Ariz.), won most of the subsequent primaries, and Huckabee withdrew from the race that March. His supporters expected him to run again in 2012, but he declined. Since then, he has continued to influence the conservative movement as a charismatic public speaker and radio and television host.
Huckabee's religion has played a prominent role in his political career and shaped him as a staunch social conservative. He wrote in his memoir, ""From Hope to Higher Ground,"" that his work as a pastor helps him understand how politics and policy affect people.
""My experience dealing every day with real people who were genuinely affected by policies created by government gave me a deep understanding of the fragility of the human spirit and vulnerability of so many families who struggled from week to week,"" he wrote. ""I was in the ICU at 2 a.m. with families faced with the decision to disconnect a respirator on their loved one; I counseled fifteen-year-old pregnant girls who were afraid to tell their parents about their condition; I spent hours hearing the grief of women who had been physically and emotionally clobbered by an abusive husband.""
As governor, Huckabee signed a ban on gay marriage (which was overturned by a federal judge last year), and he has been outspoken in his opposition against states legalizing marriage equality. Last year, he argued that he's on ""the right side of the Bible.""
""You've got to understand, this for me is not about the right side or the wrong side of history, this is the right side of the Bible, and unless God rewrites it, edits it, sends it down with his signature on it, it's not my book to change. Folks, that's why I stand where I stand,"" he said.
According to HuffPost Pollster, Huckabee falls behind a few other GOP 2016 candidates, trailing Sens. Rand Paul (Ky.) and Ted Cruz (Texas), and Marco Rubio (Fla.), but slightly edging out former neurosurgeon Ben Carson.",conservative
Susan Rice: Netanyahu Visit 'Destructive' To U.S.-Israel Relationship,"Susan Rice, President Barack Obama's national security adviser, said Israeli Prime Minister Benjamin Netanyahu's planned speech in front of a joint session of Congress will be ""destructive"" to U.S.-Israel relations.
""What has happened over the last several weeks, by virtue of the invitation that was issued by the Speaker [John Boehner] and the acceptance of it by Prime Minister Netanyahu two weeks in advance of his election, is that on both sides, there has now been injected a degree of partisanship, which is not only unfortunate, I think it's destructive of the fabric of the relationship,"" Rice told PBS' Charlie Rose.
""It's always been bipartisan,"" Rice added. ""We need to keep it that way. We want it that way. I think Israel wants it that way. The American people want it that way. When it becomes injected or infused with politics, that's a problem.""
Obama has said he will not meet with Netanyahu ahead of his speech in March, saying it would be ""inappropriate"" to meet with the leader two weeks before the Israeli elections. Netanyahu was invited to speak in front of a joint session of Congress by House Speaker John Boehner (R-Ohio), who did not seek approval from the White House before sending the invitation.
Several lawmakers have spoken out against the speech, saying it could cause additional strain on international talks over Iran's nuclear plans. Sen. Patrick Leahy (D-Vt.) called Netanyahu's speech ""a tawdry and high-handed stunt"" in a statement earlier this month.",conservative
Indiana Governor Says Legislators May Clarify Religious Beliefs Law,"Gov. Mike Pence of Indiana, moving to address a growing political firestorm over a religious freedom law enacted last week, said over the weekend that he would seek legislation to clarify the intent of the law, and rejected assertions that it sanctioned discrimination against gays and lesbians.
The governor, a Republican, told The Indianapolis Star on Saturday that he was taken aback by negative reactions to the state’s Religious Freedom Restoration Act, which he signed into law on Thursday. He told the newspaper that he expected legislation clarifying the law to be introduced in the General Assembly this week, but offered no details.
The law aims to protect individuals or companies from being forced to take actions that impose a substantial burden on their religious beliefs. Proponents say the law should allow Christian vendors to refuse service to same-sex couples without fear of legal reprisals.
“I support religious liberty, and I support this law,” the governor said. “But we are in discussions with legislative leaders this weekend to see if there’s a way to clarify the intent of the law.”
Mr. Pence appeared on ABC’s “This Week” on Sunday, and the host, George Stephanopoulos, asked him whether signing the law was a mistake.
“Absolutely not,” Mr. Pence said, adding later: “I signed the bill. We’re going to continue to explain it to people who don’t understand it, and if possible, we will find a way to amplify what this bill really is in the legislative process.”
But his answers to other questions were less clear. Mr. Pence did not directly answer whether the law might protect, for example, a Christian florist who denied service to a gay couple. Asserting that the legislation was not about discrimination, he said, “The issue here is, you know, is tolerance a two-way street or not?”
On Saturday, thousands of protesters gathered at the Statehouse as businesses and other governments announced a halt to business with the state and the capital, Indianapolis, over the law.
Marc Benioff, the chief executive officer of Salesforce.com, said on Thursday that his company would halt all corporate travel to Indiana. On Saturday, Mayor Ed Murray of Seattle announced a ban on city employees traveling to Indiana for work using city funds.
The same day, Bill Oesterle, the chief executive officer of Angie’s List, said his company would abandon a deal with Indiana and Indianapolis to expand its headquarters. His opposition was seen as an indication of dissatisfaction with the law beyond the liberal political left; he was the campaign director for Mitch Daniels’s successful Republican bid for governor in 2004.
The debate cast a shadow over preparations in Indianapolis for the N.C.A.A. men’s basketball tournament, which will take place in Indianapolis on Saturday and next Monday. In a statement on Thursday, the N.C.A.A. president, Mark Emmert, said the organization was “deeply concerned” about the legislation.
“We intend to closely examine the implications of this bill and how it might affect future events as well as our work force,” he said.
The backlash has been an unexpected political headache for Mr. Pence, who is juggling whether to run for re-election or for president in 2016.
Defending the law in the interviews with The Star and Mr. Stephanopoulos, the governor pointed to its origins in federal legislation signed by President Bill Clinton and adopted by about 19 other states. Indiana’s bill was drafted from a version that President Obama voted for when he was a state senator in Illinois, Mr. Pence said. Critics, however, say the Indiana law includes different wording that could open the door to wider discrimination.
Critics also note that in many of the states with similar laws, including Illinois, sexual orientation is protected under civil rights law. In Indiana, gays and lesbians are not a protected class.
When asked if he would seek those protections, the governor said that he would not. “That’s not on my agenda,” he said on “This Week.”",conservative
Arkansas governor seeks changes in religious freedom bill,"Arkansas Republican Gov. Asa Hutchinson on Wednesday urged state lawmakers to change a controversial religious freedom bill sent to his desk a day earlier, in the face of criticism that it could allow businesses and others to discriminate based on sexual orientation.
Hutchinson had initially said he planned to sign the bill but backed off as his state, overnight, became the new focal point of a nationwide backlash over such legislation. Indiana for days has faced similar criticism for a related religious freedom bill.
During a press conference in the state capital of Little Rock, Hutchinson said he wants to strike the ""right balance."" The governor, amid calls by critics to veto the bill, made clear he still supports the intent of the legislation -- which prohibits state and local governments from infringing upon someone's religious beliefs without a compelling interest. But he said he wants changes made so it more closely mirrors a 1993 federal law.
""I asked that changes be made in the legislation,"" Hutchinson said, urging state lawmakers to ""recall"" the bill -- or pass additional legislation -- to ""remedy"" the issue.
The announcement reflects the intense debate in state capitals across the country where such legislation is being considered. Backers say the intent was to simply replicate the 1993 federal law and similar laws in place in 19 other states. But when Indiana passed a slightly more expansive version which critics said could allow discrimination by businesses, Indiana lawmakers and Gov. Mike Pence later vowed to ""clarify"" the language in response to complaints.
Hutchinson, too, said the country is clearly split on how to balance religious traditions with non-discrimination.
At its heart, he said, ""this bill is not really complicated."" But he cited a ""generational gap."" As evidence, the governor said even his own son had signed a petition urging him to veto the bill.
Hutchinson's chief complaint was that some provisions do not ""precisely mirror"" the federal law, and he wants that addressed. He said he's also working on an executive order to address the issue of tolerance.
Echoing the reaction to Indiana's law, Hutchinson has faced pressure from the state's top employers, including retail giant Wal-Mart, which complained that the measure was discriminatory and would stifle economic development. Little Rock's mayor, the city's Chamber of Commerce and Arkansas-based data services company Acxiom all urged the governor to reject the measure in recent days.
The Human Rights Campaign, the nation's largest lesbian, gay, bisexual and transgender rights group, has run ads in Silicon Valley targeting technology firms Hutchinson hopes to attract to the state.
Prior to the passage Tuesday of the Arkansas bill, the White House repeated its opposition to the Indiana law.
""This kind of public outcry ... is indicative of how this piece of legislation flies in the face of values that people all across America strongly support,"" said White House Press Secretary Josh Earnest. ""Governor Pence falsely tried to suggest the law is the same as the 1993 law. That is not true.""
Earnest also said the Indiana law was a ""significant expansion"" of current law.",conservative
Susan Rice calls Netanyahu's Capitol Hill speech 'destructive' to US-Israel relations,"National Security Adviser Susan Rice warned that Israeli Prime Minister Benjamin Netanyahu’s upcoming Capitol Hill address will be a “destructive” force in long-standing U.S.-Israel relations, adding more political acrimony to the already contentious visit.
Netanyahu was invited by House Speaker John Boehner, the leader of the Republican-controlled chamber, without him first conferring with the White House or State Department.
Such a move is generally considered a diplomatic no-no, but Boehner says he wanted to bring in Netanyahu to address the nuclear threat from Iran amid ongoing negotiations between Washington and Tehran. The visit, though, has further challenged the strained relationship between President Obama and Netanyahu.
""It's destructive to the fabric of the relationship,"" Rice said Tuesday on PBS’s the “Charlie Rose” show. “It’s always been bipartisan. We need to keep it that way.""
Rice's statements were among the Obama administration's toughest on Netanyahu's speech, set for March 3. To date, administration officials had maintained a more low-key stance, voicing concerns about the visit while saying Obama would not meet with his Israeli counterpart strictly out of a desire not to influence Israel's tight elections.
But tensions are rising on all sides.
Rice's comments came as Netanyahu turned down an invitation to meet privately with leading Senate Democrats during his trip to Washington, saying such a session could ""compound the misperception of partisanship"" surrounding his visit.
Netanyahu told Sens. Dick Durbin, of Illinois, and Dianne Feinstein, of California, that he regrets the invitation has been perceived by some to be political or partisan.
""I can assure you that my sole intention in accepting it was to voice Israel's grave concerns about a potential nuclear agreement with Iran that could threaten the survival of my country,"" he told the senators in a letter.
U.S. officials suggest Netanyahu’s trip is aimed primarily at derailing a nuclear deal with Iran, a signature Obama foreign policy objective.
While Netanyahu has long been skeptical of the negotiations, his opposition has increased over what he sees as Obama's willingness to make concessions that would leave Iran on the brink of being able to build a nuclear weapon. U.S. and Iranian officials reported progress in negotiations this week on a deal that would clamp down on Tehran's nuclear activities for at least 10 years but then slowly ease restrictions. Israeli officials warned this week that such a deal would allow Iran to become a nuclear threshold state.
Vice President Biden won't attend the Netanyahu speech. And more than a half-dozen House and Senate Democrats also have said they will skip the event, calling it an affront to Obama and the administration as they negotiate with Iran over its nuclear program.
But Republican Sen. Lindsey Graham, R-S.C., called Biden’s absence “appalling and unacceptable.”
""I don’t know where Joe Biden will be or what he will be doing, but I can’t believe it’s more important than being in the chamber and listening to our best ally in the region -- Israel -- about the biggest threat to mankind, a nuclear-armed Iran. ... It shows complete disrespect, it shows they’re more worried about the politics in Israel than receiving information about a common threat,"" Graham, R-S.C., said Tuesday night on Fox News' ""On the Record with Greta Van Susteren.""
Durbin said he regretted that Netanyahu could not meet with the Democrats.
""We offered the prime minister an opportunity to balance the politically divisive invitation from Speaker Boehner."" Durbin said. ""His refusal to meet is disappointing to those of us who have stood by Israel for decades.""",conservative
Clintons Report Earnings of $139 Million in Seven Years,"Hillary Rodham Clinton on Friday released her most recent eight years of tax returns, showing that she and former President Bill Clinton earned $139 million in adjusted gross income from 2007 to 2014. She also released a list of paid speeches showing that she had earned nearly $10 million in speaking fees in 2013, the year she left the State Department.
The spate of voluntary disclosures on Friday, intended to highlight Mrs. Clinton’s efforts at transparency, came after a week of renewed attention to her use of a private email server while she was secretary of state. Recent polls suggest that the focus on Mrs. Clinton’s email practices has affected the number of voters who see her as “honest” and “trustworthy.”
In a statement, Mrs. Clinton highlighted the millions of dollars she said she and her husband had paid in taxes and given to charity, while lamenting what she called a lopsided tax code that favors wealthy people like them.
The Clintons have grown immensely better off in the 15 years since they left the White House, primarily through book deals, paid speeches and other business ventures involving Mr. Clinton.
Mrs. Clinton has devoted a fair amount of time since April, when she began her second presidential campaign, to showing she understands the needs of working-class Americans, who have not seen their wages grow in years, and those struggling in the post-recession job market.
That effort was made particularly urgent after Mrs. Clinton said last year that she and her husband were “dead broke” when they left the White House. The remark was widely seized upon by Republicans who argued she was out of touch.
The Clintons have previously released their tax returns for the period from 1977, when they entered public life, through 2006.
The new ones show that from 2007 through 2014 the couple paid $43,885,310 in federal taxes, for an effective tax rate of 31.55 percent. They gave nearly $15 million to charity, or an average of 10.8 percent of their earnings. Their charitable deductions ranged from $550,000 in 2008 to more than $3 million in 2007, 2013 and 2014.
All but $190,450 of their personal charitable giving passed through their philanthropic entity, the Clinton Family Foundation, the returns show. The beneficiaries of that foundation, which files a separate tax return, include their larger foundation ($1.865 million in 2014), as well as the Museum for African Art in New York, the Preventive Medicine Research Institute in California and the American Ireland Fund, based in New York.
Among Mrs. Clinton’s disclosures Friday was that she was paid $9.68 million in 2013 for 41 speeches, all in the United States except for two in Toronto. She topped out at $400,000 for a speech to the Jewish United Fund/Jewish Federation of Metropolitan Chicago. Her standard rate was $225,000.
She gave three speeches to Goldman Sachs in 2013 and was paid a total of $675,000 for them; her husband was paid $200,000 by Goldman Sachs for a speech in New York, two days after Mrs. Clinton spoke to the bank in South Carolina, according to an accompanying list of his 2013 speaking fees.
In all, Mr. Clinton earned $13.17 million in 2013, also for 41 speeches, the most lucrative of these, at $750,000, for addressing Handelsbanken Capital Markets in Stockholm that May; Mr. Clinton listed a second payment of $100,000 from the same company the same day. Fifteen of his speeches were abroad.
Besides the royalties from his books and his speaking fees, Mr. Clinton earned nearly $20 million between 2011 and 2014 for advising or consulting companies.
“We’ve come a long way from my days going door to door for the Children’s Defense Fund and earning $16,450 as a young law professor in Arkansas — and we owe it to the opportunities America provides,” Mrs. Clinton said in her statement.
Her aides hope to set up a favorable contrast for her with former Gov. Jeb Bush of Florida, a leading Republican contender, who has argued he is more transparent than she is.
A month ago, when Mr. Bush released his own tax returns, he said: “One fun fact I learned in this process: I have paid a higher tax rate than the Clintons even though I earned less income.”
Mr. Bush said his average federal tax rate was 36 percent, and contrasted that with what he said was the Clintons’ 2014 tax rate: 30 percent. It was unclear where Mr. Bush got the figure.
Mrs. Clinton’s tax return showed that her 2014 federal tax rate was 35.72, and, with city and state income taxes, was a combined rate of 45.8 percent. Florida has no state income tax.",conservative
Marco Rubio to Outline His Approach to Foreign Policy,"The Obama Doctrine is a slightly saltier version of “Don’t Do Stupid Stuff.” The Bush Doctrine argued for preventive strikes in the interest of self-defense and national security.
And on Wednesday, in a speech before the Council on Foreign Relations in New York, Senator Marco Rubio, Republican of Florida and a 2016 presidential candidate, will outline his own approach to foreign policy.
The Rubio approach, according to excerpts from his speech provided by his campaign, has three main pillars — ensuring American strength; protecting the American economy in a globalized world; and preserving the moral clarity of America’s core values.
Mr. Rubio’s first priority will be to “adequately fund” the nation’s military. “This would be a priority even in times of peace and stability, though the world today is neither,” Mr. Rubio is expected to say.
Mr. Rubio, who sits on the Senate Foreign Relations and Senate Intelligence committees, has used his time in Congress to burnish his foreign policy credits and cast himself as a defense hawk: a position that could help him stand out in a crowded primary field.
In his speech, he will promise to use American power “to oppose any violations of international waters, airspace, cyberspace or outer space,” including the “economic disruption caused when one country invades another,” according to excerpts.
And, Mr. Rubio will offer his greater vision of the country’s broader role in the world.
“As president, I will support the spread of economic and political freedom, reinforce our alliances, resist efforts by large powers to subjugate their smaller neighbors, maintain a robust commitment to transparent and effective foreign assistance programs, and advance the rights of the vulnerable, including women and the religious minorities that are so often persecuted, so that the afflicted peoples of the world know the truth: The American people hear their cries, see their suffering and most of all, desire their freedom,” he is expected to say.",conservative
"Clinton, advisers have lots to say on key trade legislation, except where candidate stands","Hillary Clinton said Sunday the problems that Congress has with President Obama’s trade agenda should be an opportunity for the president to ask fellow Democrats about their concerns with the proposal but still declined to say whether she supports or opposes the legislation.
""Let's take the lemons and turn it into lemonade,"" Clinton told about 600 supporters at the Iowa State Fairgrounds, addressing the controversial Trans Pacific Partnership trade proposal that has splintered Obama from House Minority Leader Nancy Pelosi, D-Calif., and rank-and-file Democrats.
The legislation would give the president “fast-track” authority to approve pending trade deals with 11 Pacific Rim nations. The measure also allows Congress to approve or reject such deals, but not amend them.
Courting Iowa voters, Clinton sought to address Democratic opponents of the trade legislation, including liberals and labor unions, who have said the Obama-backed plan will cost U.S. jobs. The agreement has not been finalized or submitted to Congress.
""The president should listen to and work with his allies in Congress, starting with Nancy Pelosi, who had expressed their concerns about the impact that a weak agreement would have on our workers to make sure we get the best strongest deal possible,"" Clinton said. ""And if we don't get it, there should be no deal.""
The White House and Republican leaders in Congress now face long odds in trying to revive the trade legislation after congressional Democrats helped defeat a job retraining program to jeopardize Obama's attempt to secure the fast-track authority.
Clinton appeared to be seeking a middle ground, saying while some support the deal and others vehemently oppose it, ""I kind of fall in the group that says ‘what's in it?’ And ‘let's make it as good as it can be, and then let's make a decision.’ ”
She said Obama had an ""amazing opportunity"" to negotiate better terms and reiterated the criteria of worker protections, wages and national security provisions she would seek in a final deal.
Clinton said any deal should include the scuttled Trade Adjustment Assistance program to help retrain workers.
Trade has emerged as an early divider within the Democratic primary.
Vermont Independent Sen. Bernie Sanders, who was campaigning in Iowa on Sunday, has opposed the trade deal and questioned Clinton's refusal to say where she stood.
""It is a failed trade policy, and I would hope that the Secretary joins Elizabeth Warren, and vast majority of Democrats in the Congress in saying, ‘No, we've got to defeat this piece of legislation,’ ” Sanders said on CBS' ""Face the Nation.""
Former Maryland Gov. Martin O'Malley has also opposed the deal. In a sign of its resonance within the party, his campaign noted in an email to supporters Saturday that Clinton's speech in New York didn't ""weigh in on the secretive TPP deal that could depress American wages and cost American jobs.""
The Obama administration has said it remains confident there are ways to get the trade provisions through Congress.
Republican leaders generally support Obama's trade proposal and have suggested they may try to revive the bill as early as this week.
""Republicans delivered,"" Wisconsin GOP Rep. Paul Ryan, chairman of the House Ways and Means Committee, said on ""Fox News Sunday."" ""The question is: Are the Democrats going to do this to their president?""
While Clinton called the pact the ""gold standard"" of trade agreements while serving as secretary of state, she has refused to take a position on the deal since announcing her candidacy.
That brought criticism from Republican National Committee spokesman Michael Short on Sunday.
""By waffling on a trade deal she helped negotiate and once called a ""gold standard,"" Hillary Clinton continues to show why voters overwhelmingly see her as dishonest and untrustworthy,"" Short said in a statement.
Clinton was spending most of the weekend in Iowa after formally launching her campaign in New York City, seeking to build an organizational edge in the state that tripped up her first presidential campaign against Obama.
Sanders was campaigning across the state and former Virginia Sen. Jim Webb, who is exploring a potential Democratic bid, also was holding events in Iowa on Sunday. O'Malley held a day's events in the state last week.
Earlier in the day, top Clinton advisers, including senior spokeswoman Karen Finney, said that Clinton is waiting to see the final deal and that she has explained her position in recent weeks.
""We’ll see where this process goes,"" Finney told Fox News. ""This is someone who has voted for trade agreements when they have been good for the country and against trade agreements when she thought they were bad for the country.""
Campaign Chairman John Podesta told NBC’s “Meet the Press” that Clinton “has a clear standard that (the deal) has got to be good for American workers or she thinks the United States should walk away from it.”",conservative
Benghazi committee seeks 'transcribed' interview with Clinton over deleted records,"The congressional committee probing the Benghazi attacks has formally requested that Hillary Clinton appear for an interview on her use of a personal email and server for official business while secretary of state, after learning the server had been wiped ""clean.""
Committee Chairman Rep. Trey Gowdy, R-S.C., made the request in a letter sent Tuesday to Clinton's lawyer. Gowdy asked that Clinton agree to a ""transcribed"" interview -- and repeated a March 16 request for her to surrender her server so it can be examined by the State Department’s inspector general.
Gowdy said Friday that Clinton, the presumptive Democratic front-runner in the 2016 presidential race, has yet to adequately respond to the subpoena request for the server. He said the committee learned she had “unilaterally decided” to wipe it clean and permanently delete all emails.
“This committee is left with no alternative but to request Secretary Clinton appear before this committee for a transcribed interview to better understand decisions the secretary made relevant to the creation, maintenance, retention, and ultimately deletion of public records,” Gowdy wrote to Clinton attorney David Kendall on Tuesday.
Earlier this month, Clinton acknowledged that she sent or received roughly 60,000 related emails, turning over roughly half to the State Department and deleting about the same number of “personal” ones.
The South Carolina Republican set a deadline of May 1 for the interview and restated the committee is interested only in the deleted emails relating to Clinton’s response as secretary of state to the 2012 terror attacks on a U.S. outpost in Benghazi, Libya, in which four Americans were killed.
“The committee believes a transcribed interview would best protect Secretary Clinton’s privacy, the security of the information queried, and the public’s interest in ensuring this committee has all information needed to accomplish the task set before it,” Gowdy also wrote in the letter.
Gowdy suggested Monday that he wants to have ""separate conversations"" with Clinton about Benghazi and the emails, in light of her wiping clean the server.
""I need to ask what she did (with the server) and when she did it and importantly why she did it,” he said on Fox News' ""On the Record with Greta Van Susteren.""
He also suggested on the show and in the letter that efforts to get Clinton to comply with the requests might require the full weight of the Republican-led House and that he will confer with House Speaker John Boehner about whether another committee will be involved.
Clinton has not yet announced a presidential bid.",conservative
NJ Gov Chris Christie to Throw His Hat in the Ring for White House Run,"NJ Gov Chris Christie to Throw His Hat in the Ring for White House Run
New Jersey Governor Chris Christie expected to become the latest Republican to throw his hat in the ring for 2016. He’ll make the announcement today at 11am from his hometown of Livingston, New Jersey.
The Governor faces an uphill climb for the nomination with low poll numbers, and a fundraising deficit. The Washington Post reporter Robert Costa writes of Christie today, “his status as the establishment favorite for the GOP nomination has vanished. Dogged by scandals and plummeting popularity in his home state, Christie has seen many of the mega-donors who once toasted him drift toward his rivals, including former Florida governor Jeb Bush.”
But don’t write him off. Maggie Haberman in the New York Times today explains why, “More than any other candidate, Mr. Christie is poised to run a race that sells his personality -- brash, challenging and often combative -- as his main asset. He has become a maestro of the town hall meeting, standing in a suit taking questions from New Jersey residents around the state until none remain, leaving some people enraged but many more laughing, weeping or hoping he would come over and clasp their hand.”",conservative
John McCain Suggests Hillary Clinton's Use Of Personal Email Was Hypocritical,"He may have a personal fondness for her, but Sen. John McCain (R-Ariz.) suggested Thursday that Hillary Clinton’s exclusive use of personal email while serving as secretary of state was hypocritical. 
“This is the same individual that just excoriated the Bush administration for supposedly hiding communications within the administration,” McCain said on MSNBC’s “Andrea Mitchell Reports.”
While serving as a senator from New York in 2007, Clinton criticized the Bush administration for its ""secrecy,"" according to The Hill. ""We know about the secret wiretaps, we know about the secret military tribunals, the secret White House email accounts,"" she said. ""It’s a stunning record of secrecy and corruption, of cronyism run amok.""
Clinton, who is often described as the Democratic presidential frontrunner for 2016, has faced scrutiny since Monday when The New York Times reported that she may have violated federal records law by using a personal email account for all of her work messages as secretary of state. She served in that position from 2009 to 2013.
Democrats came to her defense, and other media outlets soon pointed out that the rules against using personal email were not relayed to government officials until 2014. But likely GOP presidential candidate Jeb Bush suggested that the use of personal email demonstrated a lack of transparency.
Clinton responded to the controversy on Wednesday, tweeting that she had asked the State Department to make her private emails publicly available.
While on Mitchell's show, McCain also raised the concern that there's no way of knowing if all of Clinton's emails have been saved, since they were not originally retained by the government.
""The question that I think's gonna rise over time is, how can we be confident that once she carries out what she tweeted -- that she wants all the emails known -- how are we gonna know that? How are we gonna have verification of that?"" McCain said. ""So I think this is serious. And I'm willing to give her or anyone who defends her the benefit of defending it or explaining it, but on its face, it seems to be rather serious.""",conservative
Chris Christie Announces He's Running For President In 2016,"Chris Christie Announces He's Running For President In 2016
New Jersey Gov. Chris Christie (R) announced he's running for president in 2016.
Christie told supporters of his plans in a phone call Tuesday morning, according to NBC and the AP.
Christie made a public announcement Tuesday afternoon at Livingston High School, his alma mater, in Livingston, New Jersey.
""I am now ready to fight for the people of the United States of America,"" Christie said at the public announcement.
He praised his home state during his speech, sharing how working as governor inspired him to run for president. Christie also took hits at lawmakers in Washington, including President Barack Obama, claiming a lack of productivity from Congress is giving Americans anxiety.
""Both parties have failed our country... both parties have led us to believe that America, a country that was built on compromise -- that compromise is somehow a dirty word,"" Christie said.
""We need to have the courage to choose, we need to have the courage to stand up and say 'enough,'"" Christie added.
Christie, a tough-talking former federal prosecutor whose reputation for political bullying was reinforced by a George Washington Bridge lane-closing scandal last year, has served as New Jersey governor since January 2010, winning election twice in a state where Democrats greatly outnumber Republicans.
He notably led the state during catastrophic damage from Hurricane Sandy in 2012. Christie's favorability rating among voters skyrocketed after he made himself visible through interviews, press conferences and tours of storm damage during the disaster.
Christie focused on his state rather than the presidential election that took place days after New Jersey's shore was ravaged by the storm. HuffPost reported in November 2012 Christie turned down an invitation to appear at an event with Republican presidential candidate Mitt Romney days ahead of the election. Instead, Christie was seen that October praising President Barack Obama for responsiveness and ""leadership"" in the storm's aftermath.
In an October 2012 interview with Fox News, Christie said he didn't ""give a damn about presidential politics"" in the wake of the storm.
""I have got a job to do here in New Jersey that is much bigger than presidential politics. And I could care less about any of that stuff,"" Christie said.
Christie was elected chairman of the Republican Governors Association in November 2013. He worked within that role to raise money and contribute to the campaigns of Republican governors across the U.S., many of whom won in the 2014 midterm elections.
While serving as chair of the governors association, Christie held prep sessions on foreign policy with officials, business leaders and academics in an attempt to ready himself for a White House run, according The Associated Press.
Known for his blunt speaking style, Christie has acknowledged that he can come off brash and confrontational.
""I'm not everybody's cup of tea, but I'm not in this business to get elected to prom king. My job is to lead, and that's what I try to do,"" Christie said in 2014, according to the AP.
His image suffered a major blow in 2014, when it was revealed members of his administration, including his deputy chief of staff, were involved in a plot to cause traffic jams near the George Washington Bridge to retaliate against a mayor who hadn't supported Christie's 2013 re-election. Dubbed ""Bridgegate,"" the controversy caused Christie, who had enjoyed high favorability ratings, to see his negatives rise sharply.
Christie has also faced criticism for reversinghis position recently on Common Core education standards. Christie initially supported the standards but said recently that he no longer supports them because of how they've played out in his state.
According to HuffPost Pollster, Christie is in the middle of the pack of GOP presidential candidates.",conservative
Benghazi Panel Wants To Interview Clinton About Emails,"WASHINGTON -- The House Select Committee on Benghazi sent a formal interview request to Hillary Clinton’s lawyer on Tuesday regarding emails she exchanged during her time as secretary of state.
In a letter to the Clinton’s lawyer, Rep. Trey Gowdy (R-S.C.), the committee chairman, said the committee is not interested in emails relating to personal or private matters, and instead will focus solely on those pertaining to “Libya and Benghazi during the relevant time periods.”
“Toward that end and because of the Secretary’s unique arrangement with herself as it relates to public records during and after her tenure as Secretary of State, this Committee is left with no alternative but to request Secretary Clinton appear before this Committee for a transcribed interview to better understand decisions the Secretary made relevant to the creation, maintenance, retention, and ultimately deletion of public records,” Gowdy stated in the letter.
Gowdy set a May 1 deadline for the interview.
An interview, Gowdy argued, would provide protection for the likely 2016 presidential candidate’s privacy and security for sensitive information.
The request comes after reports revealed Clinton used a private email address and a server located in her New York home during her time as secretary of state. Last week, Gowdy said Clinton did not respond to any of the subpoenas requesting documents in the case, and her lawyer had informed the committee that the server used for emails during her tenure had been wiped clean.
Gowdy said once Clinton is interviewed and all documents related to the 2012 Benghazi attack are shared, the committee will schedule a time for Clinton to testify publicly in a hearing.
“We share the Secretary’s desire these two conversations take place as quickly and efficiently as possible, and are willing to expedite both working with your office, the Secretary’s schedule and our Democrat colleagues on the Committee,” Gowdy said. “What the Committee cannot do is conclude its work without assurances the Committee has all relevant information necessary for us to discharge the duties required of us.”
Gowdy went on to call Clinton’s email situation “highly unusual, if not unprecedented,” and said it “exacerbates” lawmakers’ needs to “understand what the Secretary did.”
Earlier this month, Clinton said she had a private email account because she “thought it would be easier to carry just one device for my work and for my personal emails instead of two.”
She admitted that “looking back,” it would have been better to carry the second phone.
Clinton is not the only government official to use a private email for work. Former Secretary of State Colin Powell said he used a private email during his time in office, as did Jeb Bush when he served as governor of Florida.",conservative
Hillary Clinton: Obama Should Listen To Nancy Pelosi On Trade,"Democratic presidential hopeful Hillary Clinton encouraged President Barack Obama on Sunday to listen to House Minority Leader Nancy Pelosi (D) on trade.
Pelosi took to the House floor Friday to oppose trade legislation Obama had personally lobbied for on Capitol Hill earlier that day.
“We have an opportunity to slow down,” Pelosi said. “Whatever the deal is with other countries, we want a better deal for America’s workers.” Following her speech, House Democrats rejected Obama's trade agenda in overwhelming numbers. Obama spent the weekend lobbying members of his party to switch their votes next week.
At a rally in Iowa, Clinton said that if the president can't come to terms with Pelosi, there should be no deal. ""Here's what I think should happen now,"" Clinton said. ""The president should listen to and work with his allies in Congress, starting with Nancy Pelosi, who have expressed their concerns about the impact that a weak agreement would have on our workers, to make sure we get the best, strongest deal possible and if we don't get it, there should be no deal.""
Clinton said she wants to ""find out what's in it and make it as good as it can be,"" and pushed for more transparency ""so the American people can actually see what will be in a finalized deal.""
House Democrats rejected Obama's trade agenda Friday by blocking a measure that would have granted him the power to fast-track sweeping, secretive international agreements through Congress.
Clinton refrained from mentioning trade in her official campaign kickoff speech that took place at New York City's Roosevelt Island on Saturday. Ahead of her remarks in Iowa on Sunday, her campaign said she would not be taking a position on trade until details of a deal were finalized.
However, Clinton appeared to suggest she would seek to negotiate the trade agreement as president.
""No president would be a tougher negotiator on behalf of American workers, either with our trading partners or Republicans on Capitol Hill, than I would be,"" she said.",conservative
Hillary Clinton Asks State Department to Vet Emails for Release,"WASHINGTON — As State Department lawyers sifted last summer through a new batch of documents related to the Benghazi attacks, they repeatedly saw something that caught their attention: emails sent to and from a personal account for Hillary Rodham Clinton.
The lawyers, according to current and former State Department officials, were working to respond to a request from a specially appointed House committee investigating the 2012 attacks in Libya. But they noticed that among the 15,000 documents they examined, there were no emails to or from an official departmental account for Mrs. Clinton.
“This all raised the question to us: What else are we missing, and what do we need to comply” with the request, said one official briefed on the matter.
Mrs. Clinton’s spokesman and the State Department have cast her decision to hand over her emails as motivated by efforts to update the department’s record management system. “When the department asked former secretaries last year for help ensuring their emails were in fact retained, we immediately said yes,” Nick Merrill, the Clinton spokesman, said on Sunday.
But it was the review of Benghazi-related documents last summer that, within the State Department, set off the chain of events leading to the public disclosure this week of Mrs. Clinton’s use of a private email account, according to the current and former department officials.
The decision to ask Mrs. Clinton for her emails went all the way to Secretary of State John Kerry’s chief of staff, who, along with officials working on the response to the Benghazi requests, signed off on it.
Beginning in August, senior State Department officials held negotiations with Mrs. Clinton’s lawyers and advisers to gain access to her personal email records. At one point, her advisers met face-to-face with department officials in Washington.
In October, the State Department sent a letter to Mrs. Clinton and all former secretaries of state back to Madeleine K. Albright, seeking emails and other documents in their possession that related to their government work.
Finally, in December, dozens of boxes filled with 50,000 pages of printed emails from Mrs. Clinton’s personal account were delivered to the State Department. Those documents were then examined by department lawyers, who found roughly 900 pages pertaining to the Benghazi attacks.
Three weeks ago, the State Department handed over the Benghazi emails to the House Select Committee on Benghazi, which is led by Representative Trey Gowdy, Republican of South Carolina.
Mrs. Clinton’s spokesman, Mr. Merrill, did not respond to an email seeking comment. A senior State Department official said, “It would be oversimplified and inaccurate to draw the conclusion that the preservation of her records was done for one purpose.”
Late Wednesday night, two days after The New York Times first reported that she had exclusively used a personal email account as secretary of state, Mrs. Clinton announced that she had asked the State Department to release those communications.
“I want the public to see my email,” Mrs. Clinton wrote in a Twitter post shortly before midnight, addressing the issue publicly for the first time. “I asked State to release them. They said they will review them for release as soon as possible.”
Mrs. Clinton’s decision leaves it to the State Department to determine whether parts of her correspondence should be redacted if they contain information that could be damaging to national security, or for other reasons.
That process could take several months, officials said, because different parts of the State Department must weigh in on whether information should be redacted. Other government agencies, like the C.I.A. and the Defense Department, may also need to be consulted on any information related to them.
While the State Department has said there does not appear to be any classified material in Mrs. Clinton’s emails, officials said on Thursday that they needed to go through the trove again to determine whether it contained any “sensitive” information.
Sensitive information is different from classified information. It can be personal data, like Social Security numbers, or information on matters that other countries consider classified or important to their national security.
One State Department official said that if many lawyers were dedicated to the project, it could be completed in several weeks.
Since the disclosure that Mrs. Clinton used the private account, a spokeswoman for the State Department has described the request from Mrs. Clinton as part of the department’s larger efforts to improve its record-keeping. The spokeswoman, Marie Harf, was asked on Tuesday whether there was any connection between the requests from Congress and the decision to ask the former secretaries of state for emails from their personal accounts.
“The letter actually went before we got the request from the select committee,” Ms. Harf said of the request to the former secretaries. “It went in October of 2014 — that was before we had gotten a request from the committee — as part of our records-maintenance upgrading and the process we go through.”
Ms. Harf said that Mrs. Clinton was the only secretary of state who had sent back copies of emails.",conservative
Hillary Clinton's use of private email address while secretary of state draws scrutiny,"Former Secretary of State Hillary Clinton used a personal email account to exclusively conduct official business during her time at the State Department, a move that raises questions about access to the full archive of her correspondence, as well as the possibility that she violated federal law requiring official messages to be retained for the record.
The existence of the account was discovered by the House select committee investigating the deadly 2012 attacks on the U.S. Consulate in Benghazi, Libya, and was first reported by The New York Times.
Clinton did not even have a government email address during her tenure as America's top diplomat, which lasted from 2009 to 2013, and The Times reports that her aides took no action to preserve her emails on department servers, as required by the Federal Records Act.
Instead, the paper reports, Clinton's advisers selected which of her emails to turn over to the State Department for archival purposes after going through tens of thousands of pages of correspondence. The department said late Monday that it had received 55,000 pages of Clinton's emails as part of a request made to previous secretaries of state to turn over any official documents they may have had in their possession.
It is not clear how many total emails from that period were in Clinton's personal account, nor is it clear how Clinton's advisers decided which emails to hand over to the State Department.
Nick Merrill, a Clinton spokesman, said the former secretary of state expected that emails to State Department officials -- which she sent to department accounts -- would be preserved. ""When the Department asked former Secretaries last year for help ensuring their emails were in fact retained, we immediately said yes,"" he said. ""Both the letter and spirit of the rules permitted State Department officials to use non-government email, as long as appropriate records were preserved.""
The fate of emails to foreign leaders, private citizens, and non-State Department officials is unclear.
""The State Department has long had access to a wide array of Secretary Clinton's records -- including emails between her and Department officials with state.gov accounts,"" State Department Deputy Spokesperson Marie Harf told Fox News late Monday. Harf added that the department turned over about 300 emails to the Benghazi select committee, and noted that Clinton's successor as secretary of state, John Kerry, ""is the first ... to rely primarily on a state.gov email account.""
According to the Times, however, while past secretaries of state often used personal email, updated regulations required such emails to be preserved.
Clinton and her aides reportedly did not follow that requirement at the time -- until her office turned over documents.
Republicans seized on the developments on Tuesday. Rep. Darrell Issa, R-Calif., former chairman of the House oversight committee, said in a statement that Clinton ""failed"" to follow records law.
""The use of a personal e-mail address to skirt public records laws, aside from failing to meet the security standards one would expect of the nation's top diplomat, enabled Clinton to shield her official communications from scrutiny by the media and the American public,"" he said.
White House Press Secretary Josh Earnest was peppered with questions at Tuesday's briefing.
He said the administration policy is that employees ""should use their official email accounts when they're conducting official government business."" He said personal emails also should be preserved and said Clinton's team responded to the request by the department seeking them.
Earnest would not say whether the White House believes Clinton broke the law.
Records officials interviewed by The Times expressed grave concern over Clinton's practice, saying it represents a severe ethical breach and noting that personal email accounts are far less secure than official ones.
Jason Baron, a former director of litigation at the National Archives, told the paper he found it ""very difficult to conceive of a scenario — short of nuclear winter — where an agency would be justified in allowing its cabinet-level head officer to solely use a private email communications channel for the conduct of government business."" Baron added that the use of private e-mail accounts is meant to be reserved only for emergencies, such as when a department's server is not working or compromised.
However, The Times reports that the imposition of penalties for not complying with federal record-keeping requirements are rare because the National Archives has so few enforcement mechanisms.
The report has drawn heavy criticism from Republicans, including at least one potential challenger in the 2016 presidential race. Former Florida Gov. Jeb Bush, who released 250,000 emails from his gubernatorial tenure this past December, tweeted about the contrast between his disclosures and Clinton's secrecy.
Clinton is widely believed to be the front-runner for the Democratic nomination in 2016. The Wall Street Journal reported late Sunday that she was expected to formally launch her candidacy next month.",conservative
Hillary Clinton Urges Obama to Listen to Democrats on Trade Deal,"DES MOINES – Hillary Rodham Clinton on Sunday urged President Obama to listen to congressional Democrats – particular the House minority leader, Nancy Pelosi – and make changes to the Trans-Pacific Partnership trade deal that reflect their concerns about protecting American jobs and wages.
In her first detailed comments on the trade deal since the House of Representatives refused on Friday to allow Mr. Obama to negotiate it freely, Mrs. Clinton laid out a far more calibrated position on the deal than many Democrats and Republicans have taken. She declined to take sides on the Friday vote itself but instead allied herself with Democratic critics of the deal — without actually opposing it.
She argued that the House vote gave Mr. Obama “this amazing opportunity” to seek concessions from Pacific trading partners to salvage the deal.
“The president should listen to and work with his allies in Congress, starting with Nancy Pelosi, who have expressed their concerns about the impact that a weak agreement would have on our workers to make sure we get the best, strongest deal possible,” Mrs. Clinton said at a rally here.
“And if we don’t get it, there should be no deal,” she added.
Mrs. Clinton indicated that if she were president, she would not abandon the 12-nation Pacific trade deal – as some Democrats want – but would use the opposition in Congress as negotiating leverage.
“I am willing to try now to see whether you can push to get rid of the objectionable parts, to drive a harder bargain on some of the other parts,” Mrs. Clinton said at the rally, her first here as a candidate for the 2016 presidential nomination.
Mrs. Clinton has been criticized by Republicans and some Democrats for saying little about the Trans-Pacific Partnership deal in recent weeks, especially since she had made favorable comments about it as secretary of state. She is facing many Democratic primary voters who have deep misgivings about trade agreements, including the North American Free Trade Agreement, or Nafta, that President Bill Clinton signed, and she faces rivals for the 2016 nomination like Senator Bernie Sanders of Vermont who flatly oppose the Trans-Pacific Partnership.
A few hours before Mrs. Clinton’s remarks, Mr. Sanders repeated his challenge to her to oppose the trade agreement.
“I would hope that the secretary joins Elizabeth Warren, Sherrod Brown and the vast majority of Democrats in the Congress in saying, ‘No, we have got to defeat this piece of legislation,’ ” Mr. Sanders said on CBS’s “Face the Nation,” referring to fellow senators.
Without naming names, Mrs. Clinton sought to distinguish herself from Mr. Sanders and Ms. Warren, as well as from fervent supporters of the deal like some of the Republicans running for president.
“No president would be a tougher negotiator on behalf of American workers with either our trading partners or Republicans on Capitol Hill than I would be,” Mrs. Clinton said. “There are the voices that are for the deal no matter what’s in it, and there are voices that are against the deal no matter what’s in it. I kind of fall in the group that says, ‘Let’s find out what’s in it, and let’s make it as good as it can be before we make the decision.’”
Mrs. Clinton invoked Ms. Pelosi’s name twice during her remarks and appeared to agree with Ms. Pelosi that “there are some specifics in there that could and should be changed.” She said she supported trade adjustment authority to protect American jobs, but otherwise did not delve into details.
“Let’s take the lemons and turn it into lemonade,” she said.
Later on Sunday, at a house party with Democrats in Burlington, Iowa, Mrs. Clinton was more explicit in challenging Mr. Obama by setting expectations for him to work with congressional Democrats on the trade deal. Mrs. Clinton called Ms. Pelosi “as strong a supporter” as Mr. Obama has, and said she hoped Mr. Obama would “seize” the chance to work with Democrats to improve the trade pact.
“My view is the White House should call Nancy and a few other of the Democrats to say, ‘What would it take to get an agreement that would be better and not worse for American workers?’” Mrs. Clinton said, aligning herself with a potential future ally (Ms. Pelosi) over a lame-duck president.
“I have held my peace because I thought it was important for the Congress to have a full debate without thrusting presidential politics and candidates into it,” Mrs. Clinton added. “But now I think the president and his team could have a chance to drive a harder bargain, because they are now in the position of saying to all of these other countries ‘we need to maximize the number of winners.’”",conservative
House Panel Seeks Private Talk With Hillary Clinton About Email,"WASHINGTON — The chairman of the House committee investigating the Benghazi attacks asked Hillary Rodham Clinton on Tuesday to appear for a private interview about her exclusive use of a personal email account when she was secretary of state.
Mrs. Clinton’s “email arrangement with herself is highly unusual, if not unprecedented,” the committee’s chairman, Representative Trey Gowdy, Republican of South Carolina, wrote in a letter to Mrs. Clinton’s lawyer Tuesday morning. He added that Mrs. Clinton’s disclosure last week that all of the emails from the personal account had been deleted “only exacerbates our need to better understand what the secretary did, when she did it and why she did it.”
The emails were on a server at her home in Chappaqua, N.Y. Mr. Gowdy had asked Mrs. Clinton to turn over that server to a neutral third party, like the State Department’s inspector general, to determine which emails were personal and which were government records.
But in a letter to Mr. Gowdy on Friday, a lawyer for Mrs. Clinton said there was no need to turn over the server because an examination of it showed that it had no copies of emails she sent during her time as secretary of state.
In October, the State Department asked former secretaries of state dating back to Madeleine Albright to provide it with any government records — like emails — they might have in their possession. The lawyer for Mrs. Clinton, David Kendall, said that in response to that request, Mrs. Clinton’s representatives had determined which of her roughly 60,000 emails were personal and private. Then, he said, a setting on the email account was changed to retain only messages sent in the previous two months.
Since the report by The New York Times on March 2 that Mrs. Clinton used only a personal email account and did not even have a government account, she seems to have provided two answers about whether she still has copies of her emails.
At a news conference at the United Nations a little more than a week after The Times’s report, Mrs. Clinton first said she “chose not to keep” her private personal emails. But she then said that the server, which contained personal communications of her husband, former President Bill Clinton, “will remain private.”
Mr. Gowdy said the committee believed that “a transcribed interview would best protect Secretary Clinton’s privacy, the security of the information queried and the public’s interest in ensuring this committee has all information needed to accomplish the task set before it.”
But Mrs. Clinton indicated on Tuesday that she wanted to give her testimony in a public setting. In a written statement, a spokesman for her said she had told the committee months ago that she was prepared to testify at a public hearing. “It is by their choice that hasn’t happened,” said the spokesman, Nick Merrill. “To be clear, she remains ready to appear at a hearing open to the American public.”
The committee’s ranking member, Elijah E. Cummings, Democrat of Maryland, said the panel should hold a public hearing instead of a private interview. “Rather than drag out this political charade into 2016 and selectively leak portions of a closed-door interview, the committee should schedule the public hearing, make her records public and refocus its efforts on the attacks in Benghazi,” he said.
Mr. Gowdy has sought to prevent his inquiry into the attacks in 2012 on an American diplomatic compound in Benghazi, Libya — and its burgeoning examination of Mrs. Clinton’s email practices — from being dismissed as a strictly partisan effort to embarrass a likely Democratic nominee for president. But the time frame in which he is asking Mrs. Clinton to submit to questioning — at any time before May 1 — coincides with the period in which she is widely expected to make her candidacy official.
Some Republicans on Capitol Hill — including Mr. Gowdy — are growing frustrated with Reince Priebus, the chairman of the Republican National Committee, who they contend is politicizing the email issue. On Monday, Mr. Priebus said in an appearance on Fox News that Mrs. Clinton’s decision to delete her emails “is criminal in nature.”
“I mean, you cannot just destroy documents when an agency is telling you to turn them over,” Mr. Priebus said on “Fox and Friends.”
“Even Nixon didn’t destroy the tapes,” Mr. Priebus said, referring to the Watergate scandal that ultimately led to President Richard M. Nixon’s resignation. “There are thousands and thousands of emails that are missing.”
In an interview Tuesday, Mr. Gowdy said Mr. Priebus had overstepped his expertise.
“As far as I know, he’s not an expert in federal record-keeping law,” Mr. Gowdy said of Mr. Priebus. “And I’m 100 percent positive he is not a member of the executive branch, which is charged with investigating and prosecuting under the law.”
“We don’t know enough facts, so why speculate?” Mr. Gowdy added. “We should keep our conclusions and speculation to a minimum and follow the facts.”",conservative
"Chris Christie Announces Run, Pledging ‘Truth’ About Nation’s Woes","LIVINGSTON, N.J. — Gov. Chris Christie declared an uphill candidacy for president on Tuesday with New Jersey-style swagger, unconcealed disgust for Washington and a high regard for his own candor, vowing that “there is one thing you will know for sure: I say what I mean and I mean what I say.”
Relying on his biggest, and perhaps his last, remaining advantage in a field of better-financed and better-liked rivals — his personality — Mr. Christie portrayed himself as the only candidate in the Republican field who is forthright and forceful enough to run the country.
“We need strength and decision-making and authority back in the Oval Office,” he said.
Pacing the stage without a prepared text and raising his voice to a shout at times, he vowed to campaign and govern as a colorful teller of difficult truths, even if “it makes you cringe every once in a while.”
“I am not running for president of the United States as surrogate for being elected prom king of America,” Mr. Christie said inside the gymnasium at the high school where he was president of his class all three years.
“I am not going to be the most popular guy who looks into your eye every day and says what you want to hear,” he continued.
Trying to claw his way back to the top of the Republican field, Mr. Christie took a pointed swipe at his rivals who are in the United States Senate, like Marco Rubio and Ted Cruz, who have never run a state government.
“Unlike some people who offer themselves for president in 2016, you won’t have to wonder whether I can do it or not,” he said, invoking the “economic calamity” he said he inherited in 2010 and the “unprecedented natural disaster,” Hurricane Sandy, that he weathered as governor.
But he reserved his deepest disdain for Congress and for the president’s stewardship of foreign affairs, and extended that critique to President Obama’s former secretary of state.
“After seven years of a weak and feckless foreign policy run by Barack Obama, we better not turn it over to his second mate, Hillary Clinton,” Mr. Christie said.
Still, he blamed both parties for dysfunction and gridlock in Washington. “If Washington and Adams and Jefferson believed that compromise was a dirty word, we’d still be under the crown of England,” he said.
Mr. Christie, whose dazzling rise as a national Republican in his first term was matched only by his spectacular loss of stature at home in his second, entered the presidential race bearing little resemblance to the candidate he once expected to be.
The economic recovery he promised has turned into a cascade of ugly credit downgrades and anemic job growth. The state pension system he vowed to fix has descended into a morass of missed payments and lawsuits. The administration he pledged would be a paragon of ethics has instead conspired to mire an entire town in traffic and the governor’s office in scandal.
Three and a half years ago, Mr. Christie seemed such an antidote to all that ailed the Republican brand that senior figures in the party pleaded with him to run for president as a substitute for the eventual nominee, Mitt Romney.
But now, a staggering 55 percent of Republican primary voters say that they cannot envision voting for Mr. Christie, according to an NBC-Wall Street Journal Poll. The only candidate less palatable: Donald J. Trump, the bombastic developer turned reality television star.
With two pillars of his presidential run — his record and his judgment — looking wobbly, Mr. Christie must now build a campaign around his most raw and prodigious asset: his personality, a magnetic mix of quick-witted charm, insult-trading banter, vulnerability, empathy and effrontery.
It was on vivid display Tuesday before hundreds of supporters, including many of Mr. Christie’s oldest friends and most loyal aides. He joked about the need for a new and refined tax code that would finally put his father, a certified public account standing nearby, out of business. He described the decision to enter politics as a “coin toss” between him and his wife, Mary Pat, herself a nimble political mind. And he put an unusual twist on the dilemma facing the financially stretched Social Security system.
“The lying and stealing has already happened, the horse is out of the barn, we need to get it back in, and the only way to do it is by force,” he said.
Mr. Christie, 52, honed his political technique, and developed a YouTube following, during a remarkable run of 137 town-hall-style meetings across New Jersey. Not surprisingly, he plans to put the town hall meeting at the center of his candidacy — and to put his hopes in a state, New Hampshire, that is famed for its own town hall meetings. He is forgoing the customary tour of early-voting states that usually follows a formal announcement, aides said. Instead, Mr. Christie will plant himself in New Hampshire for a week, holding one town hall after another.
Such single-mindedness belies the serious and stubborn vulnerabilities of his campaign.
As a centrist candidate from the Northeast, he would have a difficult path to the Republican presidential nomination under the best circumstances. And circumstances are anything but optimal for him: He faces a wide field of candidates, including several who are better financed and beloved by mainstream donors (Jeb Bush), hold greater appeal to conservative voters who dominate the primary process (Scott Walker), are agile public speakers with persuasive biographies (Mr. Rubio), or are better liked by Republican voters (all of the above).
At his announcement, Mr. Christie sought political rebirth, as he has before, by relying on his powers as a narrator, and mythologizer, of his own story.
Running for president is a new and bigger stage, though, and both Mr. Christie’s stagecraft and his oratory showed room for improvement. The first speaker who preceded him to the stage had no microphone, causing a delay; later on, she was booed when she disclosed that she was a Democrat.
Without a text, Mr. Christie frequently descended into clichés. “The truth will set us free,” he said at one point. “One person can make a difference,” he said at another.
But he also spoke with emotional power, as when he recalled his father’s early job in an ice cream factory in Newark.
“Think about how amazing this country is,” Mr. Christie said. “That one generation removed from that guy who was working on the floor of the Breyers ice cream plant, his son is the two-term governor of the state that he was born and raised in.”
The question for Mr. Christie, after a bruising year of watching his story rewritten by others, may be whether Republican voters, who can choose from among a long and intriguing list of fresher faces, will give him a fighting chance to sell himself anew.",conservative
"In first foreign policy speech, candidate Rubio pushes stronger U.S. leadership","New York – In his first major foreign policy speech since launching his presidential campaign, U.S. Sen. Marco Rubio said if elected, he would prioritize a strong military, take aggressive steps to fight nations that undermine global commerce and ensure that U.S. is a world moral leader.
The Florida Republican, who delivered his speech at the Council on Foreign Relations in Manhattan on Wednesday, said that the United States was losing its place as a world military and moral power because of what he depicted as the Obama administration’s overly cautious responses to crises overseas.
“Since the end of the Cold War, the threats facing America have changed, but the need for American strength has not,” Rubio said. “It has only grown more pressing as the world has grown more interconnected.”
“It takes forethought to design and many years to build the capabilities we may need at a moment’s notice,"" the 43-year-old said. ""So to restore American strength, my first priority will be to adequately fund our military. This would be a priority even in times of peace and stability, though the world today is neither peaceful nor stable.”
Rubio repeated his characterization of Obama as a president so concerned with softening any perception other nations has of the United States as a bully that he erred in acting in the other extreme, eager to acquiesce to foreign governments that have thumbed their noses at the U.S. and international laws.
“[Obama] demonstrated a disregard for our moral purpose that at times flirted with disdain,” said Rubio, the son of Cuban immigrants. “He criticized America for having ‘arrogance’ and the audacity to ‘dictate our terms’ to other nations. From his reset with Russia, to his open hand to Iran, to his unreciprocated opening to Cuba, he has embraced regimes that systematically oppose every principle our nation has long championed.”
Rubio also said that the United States must move decisively when aggressive nations such as China and Iran attempt to undermine the economic interests of the United States as well as other nations.
""Russia, China, Iran or any other nation that attempts to block global commerce will know to expect a response from my administration.”
The Democratic National Committee issued a brief statement shortly after Rubio's speech:
“Okay. So here’s Rubio’s alleged ‘new’ foreign policy. Troops in the Middle East permanently. A Cuba policy that is stuck in the Cold War. Unwillingness to even start a discussion of a two state solution. Keeping Guantanamo Bay open. No plan forward on Iran.""
And it ended with: “Neoconservative meets Cold War: that’s the Rubio doctrine.”
Rubio’s foreign policy agenda – often hawkish in approach – has been a hallmark of his service in the Senate, and now in his campaign. He says that as a member of Senate Foreign Relations Committee, and the Senate Committee on Intelligence, he is privy to information that form the basis of his decision on how the United States must approach foreign policy.
Rubio said Obama ""wasted no time stripping parts from the engine of American strength,"" and cast former Secretary of State Hillary Clinton as his loyal deputy.
""[Clinton] was the chief architect of a foreign policy that was a disaster,"" he said during an interview with Charlie Rose following the speech.
""We simply cannot afford to elect as our next president one of the leading agents of this administration's foreign policy — a leader from yesterday whose tenure as secretary of state was ineffective at best and dangerously negligent at worst,"" Rubio said, according to the prepared text of remarks he was to deliver at the Council on Foreign Relations in New York.
He even has taken tougher stances on foreign policy than some of his Republican colleagues, who have softened their views on diplomatic relations with Cuba – to which Rubio objects – and how to handle the nuclear talks with Iran.
Some in the GOP have called for spending cuts in military spending, with which he disagrees.
As he often has in Senate hearings, Rubio assailed Obama for stressing dialogues and diplomacy over ironclad dealings with heads of foreign governments that have been openly hostile to the United States, and which continue to exercise oppression against political dissidents.
“The world is at its safest when America is at its strongest,” Rubio said. “When America has the mightiest Army, Navy, Air Force, Marine Corps, Coast Guard, and intelligence community in the world, the result is more peace, not more conflict.”
Rubio said, after his speech, in a question-and-answer session with TV host Charlie Rose, that ""Obama has embraced regimes that systematically opposed our principles.""
Rose asked Rubio what he though of Pope Francis's embrace of diplomatic relations between the U.S. and Cuba.
Rubio said his priorities and those of the pope's are by necessity different.
He defended keeping the embargo.
He said having anything to do with Cuba is to avail oneself of properties stolen from Cubans by the Cuban government during the revolution.
Rubio said the embargo is not to blame for Cuba's failed economy.
He said the rest of the world does not have an embargo against Cuba. So why, he asked, does Cuba not have Toyotas or modern goods from other nations?
As for Iran, Rubio said it cannot be trusted.
""Iran has always had a secret component to its nuclear program,"" he said. ""They know once international sanctions are lifted, they can never be reimposed.""",conservative
Arkansas Gov. Signs Amended Religious Freedom Bill,"Arkansas Gov. Asa Hutchinson (R) signed a revised version of the state's Religious Freedom Reformation Act on Thursday, one day after refusing to sign an earlier version of the bill over concerns about discrimination against lesbian, gay, bisexual and transgender individuals.
Earlier Thursday, the Republican-controlled state legislature passed a new version of the bill at the governor's request, amending provisions that would have allowed businesses to discriminate against LGBT customers. The amended legislation mirrors the federal RFRA.
Meanwhile, legislators in Indiana have made changes to the controversial RFRA signed into law by Gov. Mike Pence (R) last week. On Thursday, the state's general assembly passed new language explicitly stating that the law does not allow discrimination based on sexual orientation or gender identity. The changes came amid immense national backlash, with dozens of politicians, business leaders and celebrities speaking out against the bill.
In a Wednesday press conference announcing his opposition to the initial version of the bill, Hutchinson said his son had asked him to veto the legislation.
""My son Seth signed the petition asking me, Dad, the governor, to veto this bill,"" he said. ""And he gave me permission to make that reference, and it shows that families -- and there's a generational difference of opinion on these issues.""
Hutchinson also faced pressure from Walmart, which is headquartered in the state. CEO Doug McMillon called on the governor to veto the bill, which he said ""threatens to undermine the spirit of inclusion.""",conservative
Washington State To Boycott Indiana Over LGBT Discrimination Law,"Washington Gov. Jay Inslee (D) announced Monday that he would ban state-funded travel to Indiana, where a controversial new law could allow businesses to deny service to gay and lesbian individuals for religious reasons.
“I find Indiana’s new law disturbing, particularly at a time when more and more states and people in America are embracing civil rights for everyone,"" Inslee said in a statement. ""Washington will join other states and cities in opposing this law and I will impose an administration-wide ban on state funded travel to Indiana.""
In his statement, Inslee cited the case of a Washington-based florist who was recently ordered to pay a fine for discriminating against a gay couple who sought her services.
""We in Washington stand for equality,"" he said. ""I applaud those companies and organizations that have spoken out against the law and said they would not locate or expand operations in Indiana. I want to invite all those organizations, and anyone interested in a state that promotes equality and opportunity, to come visit Washington. We are open for business, and open to all people.""
Earlier Monday, Connecticut Gov. Dan Malloy (D) took a similar stand against the Religious Freedom Restoration Act, signed into law by Indiana Gov. Mike Pence (R) at a private ceremony last week. The measure has sparked national backlash, with critics warning that the law provides legal justification for discrimination against LGBT individuals.
In addition to Connecticut and Washington, San Francisco and Seattle have also imposed bans on city-funded travel to the state. The mayors of Minnesota's Twin Cities, Minneapolis and St. Paul, have also condemned the measure.
The cities and states are joined by a number of business leaders speaking out against the law. Apple chief Tim Cook called the law ""dangerous"" in a Washington Post op-ed, while Salesforce's Marc Benioff canceled the company's planned events in the state. And on Monday, the executives of nine Indiana-based companies, including Angie's List and Anthem, sent a letter to Pence outlining their concerns.
""Regardless of the original intention of the Religious Freedom Restoration Act, we are deeply concerned about the impact it is having on our employees and on the reputation of our state,"" reads the letter.
Pence has defended his decision to sign the bill, claiming that the measure has been ""grossly misconstrued as a 'license to discriminate.'""
""I abhor discrimination. I believe in the Golden Rule that you should 'do unto others as you would have them do unto you,'"" Pence wrote in a Wall Street Journal op-ed. ""If I saw a restaurant owner refuse to serve a gay couple, I wouldn’t eat there anymore. As governor of Indiana, if I were presented a bill that legalized discrimination against any person or group, I would veto it. Indiana’s new law contains no reference to sexual orientation. It simply mirrors federal law that President Bill Clinton signed in 1993.""
However, the governor and legislative leaders say they will seek to clarify that the law does not protect discrimination.
“It is not the intent of the law to discriminate against anyone, and it will not be allowed to discriminate against anyone,” state Senate President Pro Tem David Long (R) said. “We hope to have a fix very soon.""",conservative
"Huckabee announces 2016 White House bid, with focus on economy and security | Fox News","Former Arkansas Gov. Mike Huckabee announced Tuesday he is running for president, delivering an economy- and security-centered message that he hopes will appeal to everyday Americans and distinguish him from the already-crowded Republican field.
Huckabee, who is embarking on his second presidential run, made the announcement in his hometown of Hope, Ark. In a 30-minute speech that focused on his humble beginnings, Huckabee vowed to end “stagnant wages,” protect Medicare and defeat radical Islamic terrorism.
“Folks cannot seem to get ahead or even stay even,” he said.
Huckabee, a former Baptist minister, ran for president in 2008, winning eight states including the first-in-the-nation Iowa caucuses before running out of money and exiting the race.
“Folks, it’s a long way from a little brick rented house on Second Street in Hope, Arkansas, to the White House,” he said. ""But here in this small town called Hope, I was raised to believe where a person started didn't mean that is where he had to stop. I always believed that kid could go from hope to higher ground.""
The 59-year-old Huckabee has a strong following among the party’s evangelical Christian base but this time will face stiff competition for that vote from such primary candidates as Dr. Ben Carson and Sen. Ted Cruz, of Texas.
He frequently repeated the phrase, “Hope to higher ground,” which appears to be a slogan of sorts for his 2016 campaign.
He also took a swipe at President Obama for declining to recognize the Islamic State group as radical Islamic terrorists and vowed to stop them.
""I wonder if he can watch a Western from the '50s and be able to figure out who the good guy and the bad guys really are,"" Huckabee said. ""As president, I promise you, we will no longer try to contain Jihadism. We will conquer it.”
He also vowed to protect Medicare and give states more of a say in government and education.
Huckabee, who left his job as a Fox News host earlier this year in preparation for a potential 2016 run, was Arkansas governor from 1996 to 2007, serving after Bill Clinton, who also is from Hope. And he was the state’s lieutenant governor from 1993 to 1996.
Even before the speech, Huckabee was trying to position himself as the GOP candidate best equipped to defeat Hillary Clinton, the Democratic frontrunner.
In a recent campaign video, Huckabee argued that in his more than 10 years as governor, he took on Democrats in ""Bill Clinton's Arkansas"" after then-candidate Bill Clinton won election to the White House in 1992.
""Every day in my life in politics was a fight,"" Huckabee says in the video, released as a preview of his Tuesday announcement. ""But any drunken redneck can walk into a bar and start a fight. A leader only starts a fight he's prepared to finish.""
The field of confirmed and potential GOP presidential candidates includes more than a dozen people.
A new NBC/ Wall Street Journal poll of GOP primary voters shows 23 percent picked former Florida Gov. Jeb Bush as their first choice.
Bush is followed in the poll by Florida Sen. Marco Rubio with 18 percent, Wisconsin Gov. Scott Walker with 14 percent, Cruz and Kentucky Sen. Rand Paul with 11 percent, Carson with 7 percent, Huckabee and New Jersey Gov. Chris Christie at 5 percent, former Texas Gov. Rick Perry at 2 percent and former Hewlett-Packard chief executive Carly Fiorina at 1 percent.
Huckabee is the third Republican this week to announce a 2016 White House bid, following Fiorina and Carson, a retired neurosurgeon They join Cruz, Paul and Rubio.
Campaign aides say Huckabee’s path to winning the party nomination this time will be to appeal to working-class cultural conservatives, pitching their candidate as an economic populist and foreign affairs hawk who holds deeply conservative views on social issues such as abortion and gay marriage.
Huckabee advocates a national consumption tax, which is similar to a sales tax, to replace the existing federal taxes on personal income and payrolls. He rejects calls for a minimum wage hike, saying his proposals will yield a ""maximum wage"" for workers.
On immigration, he insists on a secure border and bemoans the presence of millions of people who are living in the country illegally, though he favors a creating a path to citizenship for children of immigrant parents who brought them to the U.S. illegally.
Like other Republican White House hopefuls, Huckabee is sharply critical of Obama's foreign policy. He has called for ""bombing the daylights"" out of Islamic State targets in the Middle East, though he says American troops should be deployed to the region only as part of an international coalition that includes nations such as Saudi Arabia and Jordan.
But whatever the issue, Huckabee, also an author, wraps his appeal as a pitch to everyday Americans who he says ""don't feel like anybody understands or knows who they are, much less cares what's happening to them.""
Evangelical Christian voters helped Huckabee win the Iowa caucuses in 2008 and finish a strong second in South Carolina, the largest of the early-voting states.
He would need to replicate that early success to create an opening to build a wider coalition and compete deep into the primary schedule.",conservative
Hillary Clinton Releases Tax Returns Going Back To 2007,"Hillary and Bill Clinton earned roughly $141 million and paid nearly $44 million in federal income taxes from 2007 to 2014, according to tax returns released Friday.
The former secretary of state and Democratic presidential candidate released the tax returns on her campaign website, along with her health records and a list of paid speeches she and her husband gave. According to the returns, the Clintons earned $140,937,785 over the eight year span, primarily from book sales and speaking fees. The couple paid $43,885,310 in federal taxes and $13,625,777 in state and local taxes, and made $14,959,450 in charitable contributions during that time.
Last year, the Clintons paid an effective federal tax rate of 35.7 percent and donated over 10 percent of their income to charity.
""We’ve come a long way from my days going door to door for the Children’s Defense Fund and earning $16,450 as a young law professor in Arkansas—and we owe it to the opportunities America provides,"" Clinton said in a statement accompanying the returns. ""I want more Americans to have the chance to work hard and get ahead, just like we did. And reforming the tax code can help.""
The Clintons have previously released their tax returns dating back to 1977.
Clinton's release comes about one month after Republican presidential candidate Jeb Bush released 33 years of returns, showing his net worth between $19 and $22 million. Bush paid an effective tax rate of roughly 36 percent over those three decades.
In May, Hillary Clinton filed a disclosure with the Federal Elections Commission showing the couple had earned approximately $30 million from book sales and speeches in 2014 and the first four months of 2015.",conservative
Mike Huckabee on the Issues,"Mike Huckabee, a former Republican governor of Arkansas and preacher who has announced his run for the presidency on Tuesday, has been outspoken on a range of matters, particularly foreign policy and social issues like same-sex marriage. Here are his stances on important issues.
Mr. Huckabee warns that radical Islam is a grave threat to the United States and says President Obama too frequently defends Islam. He supports forceful military action against the Islamic State.
A strong defender of Israel, he has been sharply critical of Mr. Obama’s treatment of Prime Minister Benjamin Netanyahu, and said a proposed nuclear deal with Iran is “terrible” because Iran cannot be trusted. Mr. Huckabee has talked of the possibility of using military force against Iran.
As governor of Arkansas in 2002, he called for lifting the economic embargo of Cuba, which would have helped rice farmers in his state. But he now opposes Mr. Obama’s warming of relations with Havana, calling Cuba’s government tyrannical.
In 2007 Mr. Huckabee was quoted as saying, “Climate change is here, it’s real.” But more recently he has minimized it as a threat, and said he opposes “cap and trade” legislation meant to curtail carbon emissions. “This kind of mandatory energy policy would have a horrible impact on this nation’s job market,” he said.
Mr. Huckabee opposes same-sex marriage, suggesting as recently as February that homosexuality is a lifestyle choice akin to drinking or swearing.
Mr. Huckabee said Mr. Obama exceeded his authority by issuing executive actions shielding millions of undocumented immigrants from deportation. But Mr. Huckabee said the immigrant children whose parents brought them into the country illegally should not be deported because “you don’t punish a child for something his parents did.”
Mr. Huckabee has focused his economic message on what he calls wage stagnation under Mr. Obama. But the former governor has opposed calls for a higher minimum wage, calling it government intrusion, and he has suggested that policies that encourage a dependency on federal benefits have helped hold wages down.
Unlike other Republican candidates, Mr. Huckabee is a strong defender of entitlement programs, opposing plans to raise the retirement age for collecting Social Security and criticizing plans to curtail Medicare. Republicans who back such changes, he said, “are embracing a government that lied to its people — that took money from its people under one pretense and then took it away at the time when they started wanting to actually get what they have paid for all these years.”",conservative
Obama Aide Calls Netanyahu’s Planned Visit ‘Destructive’ to U.S.-Israel Ties,"WASHINGTON — Susan E. Rice, President Obama’s national security adviser, sharply criticized Prime Minister Benjamin Netanyahu of Israel on Tuesday over his plans to address a joint meeting of Congress next week, saying his actions had hurt his nation’s relationship with the United States.
Mr. Netanyahu’s decision to travel to Washington to deliver the speech two weeks before the Israeli elections has “injected a degree of partisanship, which is not only unfortunate, I think it’s destructive of the fabric of the relationship,” Ms. Rice said in an interview on the PBS television program “Charlie Rose.”
Her comments marked the strongest public rebuke to date by the Obama administration since Mr. Netanyahu accepted an invitation from Speaker John A. Boehner to make his case to Congress against a nuclear deal with Iran, which is a priority of Mr. Obama’s. It is also the frankest acknowledgment yet by a top American official of the degree to which the controversy has damaged United States-Israeli relations.
The speech, scheduled for March 3, was arranged by Mr. Boehner and the Israeli ambassador without consulting the White House — a move that Mr. Obama’s team has called a breach of protocol.
The president has said he will not meet with Mr. Netanyahu during his visit to avoid any appearance that he is trying to influence the Israeli elections that are scheduled for mid-March.
The episode is a low point in the tense relationship between Mr. Obama and Mr. Netanyahu and has touched off weeks of mostly anonymous sniping and finger-pointing.
Top administration officials have hinted more openly of their displeasure in recent days.
The White House on Wednesday said that Mr. Obama agreed with Ms. Rice’s assessment, saying he had raised the same concerns several times.
Her comments, said Josh Earnest, the White House press secretary, are “entirely consistent with what the president has already said.”
“Allowing this relationship to be subjected to party politics does weaken the relationship,” Mr. Earnest said.
Mr. Earnest said he did not know whether Mr. Obama and Ms. Rice had talked in advance of the interview about what she would say about Mr. Netanyahu’s visit.
Vice President Joseph R. Biden Jr., who as president of the Senate would be expected to attend, has said he will be traveling abroad. Secretary of State John Kerry said Tuesday that he would be in Switzerland negotiating with the Iranians. The White House has also not committed to sending a representative next week to the American Israel Public Affairs Committee’s conference, where Mr. Netanyahu is also scheduled to appear.
The Israeli prime minister himself has turned down a request by Democratic senators for a private meeting, Senator Richard J. Durbin, Democrat of Illinois, said Tuesday.
“We offered the prime minister an opportunity to balance the politically divisive invitation from Speaker Boehner with a private meeting with Democrats who are committed to keeping the bipartisan support of Israel strong,” Mr. Durbin said in a statement. “His refusal to meet is disappointing to those of us who have stood by Israel for decades.”
In a letter released by Mr. Durbin’s office, Mr. Netanyahu said such a meeting “could compound the misperception of partisanship regarding my upcoming visit.”
Mr. Netanyahu said Tuesday that he was making the trip because it was his obligation to “do everything I can to prevent” a nuclear agreement with Iran.
“Therefore, I will go to Washington to address the American Congress, because the American Congress is likely to be the final brake before the agreement between the major powers and Iran,” he said as he toured a military base in southern Israel.
Ms. Rice demurred when asked whether she believed Mr. Netanyahu was making the speech to gain political favor.
“I’m not going to ascribe motives to the prime minister,” she told Mr. Rose. “The point is, we want the relationship between the United States and Israel to be unquestionably strong, immutable, regardless of political seasons in either country, regardless of which party may be in charge in either country.
“We’ve worked very hard to have that,” she said, “and we will work very hard to maintain that.”",conservative
Arkansas Governor’s Son Thrust Into Spotlight Over Religious Exception Bill,"When Gov. Asa Hutchinson, Republican of Arkansas, spoke on Wednesday about the future of what proponents call the religious freedom bill pending in his state, he disclosed that the proposal had drawn resistance from a particularly noteworthy critic: his son, Seth Hutchinson.
But to people familiar with the Hutchinsons, long one of the most influential families in Arkansas, the news was hardly a bombshell.
“It would be surprising to me if he didn’t do that,” said Shawn Standefer, a childhood friend of the younger Mr. Hutchinson who captained their national championship-winning Quiz Bowl team in high school. “He’s always been concerned with justice, however he’s thought of it.”
And so it was on Saturday, with lawmakers nearing a vote on the legislation that critics said would legalize discrimination against gay people, that the younger Mr. Hutchinson wrote to his father and warned that the proposal could damage Arkansas’s reputation and economy. It was only the latest chapter in a politically complicated relationship between Asa Hutchinson, a former congressman, and Seth Hutchinson, 31, an organizer for the Texas State Employees Union.
“I love my dad, and we have a good, close relationship,” Seth Hutchinson said on Wednesday. “But we disagree a lot on political issues. This is just another one, but a lot of families disagree politically. But we stay close.”
Mr. Hutchinson has not always been what he described as the family’s political “black sheep.”
“I kind of grew up on the campaign trail,” he said. “Having a political opinion just came naturally to me. At first, I pretty much followed the values that my family and my parents laid out for me.”
But, starting when he was about 15 and working as a dishwasher at a diner, Mr. Hutchinson’s views began to change as he shuffled through other jobs, including stints at Chuck E. Cheese’s and Sears. He grew frustrated when he saw older workers enduring financial hardships in low-paying jobs.
“It just showed me that there’s something wrong,” he said, adding that he became interested in gay rights at about the same time, when friends began discussing their sexual orientations and after the arrest of an art teacher, who was gay.
“He was not out,” Mr. Hutchinson said of the teacher. “And he was arrested in a park — I think the official charge was attempting to loiter — and it was obvious he was there because he couldn’t be out and keep his job.”
Mr. Hutchinson had robust political discussions with his father even as a high school student, long before their views diverged so vastly.
“He would defend his views,” Mr. Standefer said. “And as they changed, he tried to stand by his new views.”
Mr. Hutchinson spent a year at Georgetown University before enrolling at the University of Central Arkansas, where he joined groups like the Young Democratic Socialists, and rallied for gay rights during the tenure of another Republican, Gov. Mike Huckabee. He would contact a cousin, Tim C. Hutchinson, who sat in the State House of Representatives, to register his views.
Seth Hutchinson later moved to Texas and became a labor activist, which the governor mentions to left-leaning audiences.
Father and son communicate regularly, Seth Hutchinson said, and the family gathers at least once or twice a year.
“It’s always a lively and engaging conversation,” Mr. Hutchinson said.
On Wednesday, the governor said he would ask lawmakers to either recall or rewrite portions of the bill. Seth Hutchinson, though, refused to take credit.
“I did not sway my dad,” he said. “I think my dad is rethinking this because of the pressure that’s coming at him from all sides.”",conservative
"Washington gov, Seattle mayor ban official travel to Indiana in wake of 'religious freedom' law","The backlash to Indiana's new religious freedom law grew Monday, even as state lawmakers move to clarify the legislation, with Wash. Gov. Jay Inslee and Seattle Mayor Ed Murray banning government-funded travel to Indiana.
The statements are the latest boycott threats to emerge over claims that the law has the potential to discriminate against gays and others.
Murray, a Democrat who is openly gay, issued his ban via executive order over the weekend, and Inslee issued his Monday afternoon.
“I find Indiana’s new law disturbing, particularly at a time when more and more states and people in America are embracing civil rights for everyone,"" Inslee said in a statement. ""Washington will join other states and cities in opposing this law and I will impose an administration-wide ban on state-funded travel to Indiana.""
Murray says the law doesn't reflect Seattle residents’ values. He also has told all city departments to review their contracts to see whether Seattle is doing business with any company whose headquarters is in Indiana.
“Seattleites know that discrimination has no place in our city,” he said in a statement. “That’s just equality 101.”
The primary concern is that the law might allow a business to discriminate against gay residents, such as a baker being allowed refuse an order from a gay couple for a wedding cake.
But state lawmakers and Republican Gov. Mike Pence have been defending and trying to explain the Religious Freedom Restoration Act ever since the governor signed it into law on Thursday. They note that then-President Bill Clinton in 1993 signed similar federal legislation into law, and 19 other states also have similar policies.
However, the Indiana law differs in several ways, primarily in that it allows a business to assert a right to ""the free exercise of religion.""
On Monday, state Senate President Pro Tem David Long and House Speaker Brian Bosma, both Republicans, held a press conference to further explain the law. They said they will swiftly try to ""clarify"" its language.
“The new law does not discriminate,” Long said. “And it will not be allowed. To the extent that we need to clarify through legislative action, we plan to do just that.”
Aside from Indiana, 15 other states have introduced legislation in 2015 to craft or alter their religious freedom laws. Oklahoma, South Carolina and Texas have introduced legislation to amend their laws. Arkansas, Colorado, Georgia, Hawaii, Michigan, Montana, Nevada, North Carolina, South Dakota, Utah, West Virginia and Wyoming are looking to put a similar law on their books.
Bosma acknowledged a major concern is whether businesses will now be legally permitted to deny services to some people, as a result of the law, and that even he is unclear.
“We don’t believe that will be the effect,” he said. “We are looking at options to clarify that that's the case.”
Long and Bosma also conceded they called the press conference because Pence failed to clearly explain the law during an appearance Sunday on ABC’s “This Week.”
Pence said the legislation prohibits Indiana laws that ""substantially burden"" a person's ability to follow his or her religious beliefs, with the definition of ""person"" including religious institutions, businesses and associations.
However, he did not answer directly when asked six times whether, under the law, it would be legal for a merchant to refuse to serve gay customers.
Long on Monday also denied that a clarification of the law would be needed before this weekend’s men’s NCAA Final Four basketball championships, in Indianapolis.
A record-breaking 158,682 people attended the games last year in Texas. And any boycott would have the potential to cut much anticipated revenue for Indianapolis-area hotels, restaurants and other businesses.
The NCAA, whose headquarters is in Indianapolis, also has expressed concern about the law, as figures in corporate America and Hollywood voice their opposition.
“We are especially concerned about how this legislation could affect our student-athletes and employees,” said NCAA President Mark Emmert. “We intend to closely examine the implications of this bill and how it might affect future events as well as our workforce.""
Angie’s List, the business-rating website, this weekend put on hold plans to expand its Indianapolis headquarters.
Actor George Takei is calling for a boycott. And actor Ashton Kutcher recently tweeted: “Indiana are you also going to allow Christian establishments to ban Jews from coming in? Or Vice Versa? Religious freedom??? #OUTRAGE.”",conservative
"Sparks fly as Biden, Ryan face off in feisty vice presidential debate","In a head-to-head battle of proxies, Vice President Biden wasted no time Thursday trying to do what many Democrats felt President Obama failed to against Mitt Romney, going on offense with an often disdainful attack on Paul Ryan -- who stood his ground against a barrage of Biden grins, guffaws, snickers and interruptions.
The dueling running mates turned the lone vice presidential debate into an uncharacteristically feisty affair, scrapping over everything from the economy to Libya to taxes. But it was the vice president who set the aggressive tone, blatantly striving to hit the reset after President Obama was panned for his lackluster performance at last week's opening debate.
If Obama was too cold, Biden at times bordered on too hot, analysts said afterward.
He chuckled and smirked through many of Ryan's responses. But unlike Obama a week ago, he let few points go unchallenged.
Biden went after the Romney/Ryan ticket with a directness that Obama did not. Notably, he hammered Mitt Romney over his secretly videotaped comment in which he said he doesn't have to worry about the ""47 percent"" of Americans who don't pay federal income taxes.
""These people are my mom and dad, the people I grew up with, my neighbors,"" Biden said, adding he's ""had it up to here"" with those kinds of comments.
Ryan shot back, in reference to Biden's tendency to make gaffes: ""As the vice president very well knows ... sometimes the words don't come out of your mouth the right way.""
""But I always say what I mean,"" Biden responded.
Ryan accused Obama of ""projecting weakness"" with his foreign policy, particularly in his response to the terror attack on the U.S. Consulate in Benghazi, Libya. At home, he accused the administration of presiding over a shoddy recovery.
""This is not what a real recovery looks like,"" Ryan said.
Whether the debate will alter the course of the race remains to be seen. There are two more presidential debates on the calendar, and the polls have started to swing in Romney's favor. The tightening was reflected in the candidates' attitude onstage Thursday, each loath to give the other too many seconds of speech-time without a challenge.
The economy, the budget deficit and foreign policy were central. Each candidate made frequent appeals to the middle class, Biden by pledging to protect programs in the federal budget and Ryan by pledging to grow the economy for everybody.
Ryan opened the debate with tough criticism of the Obama administration over its handling of the Libya terror attack.
""What we are watching on our TV screens is the unraveling of the Obama foreign policy,"" Ryan said.
With the moderator, ABC News' Martha Raddatz, opening the debate with a question about the Libya strike, which happened a month ago Thursday, Ryan criticized the administration for waiting more than a week after the strike to call it a coordinated terror attack.
""This is becoming more troubling by the day. They first blamed the YouTube video. Now they're trying to blame the Romney/Ryan ticket for making this an issue,"" he said. Ryan was referring to a claim by an Obama aide earlier Thursday that the only reason the attack had entered the political debate was because of Romney's criticism - a claim Romney rejected.
Biden was quick to retort: ""With all due respect, that's just a bunch of malarkey. ... Not a single thing he said is accurate.""
He added: ""This talk about this weakness, I don't understand what my friend's talking about.""
Biden also criticized Romney for making a ""political statement""on the night of the attack, a reference to Romney's criticism of the U.S. Embassy in Cairo's early response to protests there. On the question of why the administration initially claimed the attack was the result of a protest, Biden explained ""the intelligence community told us that.""
The face-off Thursday night was taking on outsized importance for a vice presidential debate.
After Obama's debate performance last week, the pressure was on Biden to recapture the momentum -- while equally on Ryan to prevent the Obama ticket from blunting Romney's surge.
Ryan referred to the weight on Biden's shoulders about mid-way through, as the two talked over each other on Medicare.
""Mr. vice president, I know you're under a lot of duress to make up for lost ground, but I think people would be better served if we don't keep interrupting each other,"" Ryan said.
On Medicare, Biden charged that the Republican ticket's plan would raise costs for future seniors with a de facto ""voucher"" system. ""Their ideas are old and their ideas are bad and they eliminate the guarantee of Medicare,"" he said.
Ryan shot back: ""They got caught with their hand in the cookie jar turning Medicare into a piggy bank for ObamaCare.""
The debate veered across the spectrum of topics from the campaign trail. On Iran's nuclear program, Biden repeatedly suggested Romney and Ryan would too readily choose the military option to stop it. On abortion, he cautioned that the next president will get to choose one or two justices on the Supreme Court -- ""that's how close Roe v. Wade is.""
Ryan, toward the end of the debate, warned that a ""debt crisis is coming"" and claimed the sitting president offers little more than speeches to address the deficit.
""That's what we get in this administration -- speeches. But we're not getting leadership,"" he said.
In a matter of days, Romney has picked up steam in both battleground and national polls. The latest Fox News national poll of likely voters showed Romney edging Obama, 46 percent to 45 percent.
Obama has acknowledged he had a ""bad night"" in his debate last week, but the campaign indicates it will be more aggressive going forward. After Biden's more feisty performance Thursday, Obama campaign manager Jim Messina quipped that he's a ""happy warrior"" for the middle class.
The final presidential debates will be held Oct. 16 and Oct. 22. The next one will be a town hall format focusing on a range of issues, and the last one will focus exclusively on foreign policy.",conservative
Boehner: '1-in-3 chance' Republicans could lose House in November,"John Boehner is setting expectations high -- but apparently not too high -- for this year's congressional elections, telling Fox News that the Democrats have a chance of retaking the House.
The House speaker, in an interview with Fox News to air Tuesday morning, gave his Republican Party a ""two-in-three chance"" of holding on to control of the House after taking power in the 2010 elections.
""But there's a one-in-three chance we could lose,"" Boehner said. ""I'm being myself -- frank. We've got a big challenge, and we've got work to do.""
Democrats face an uphill battle in their efforts to take back the House, where Republicans hold a 242-190 seat advantage.
And control of the Senate could be up for grabs this year, too, with Democrats clinging to a fragile six-vote majority. The oddsmakers who track congressional races with obsessive dedication project a handful of pickups for Republicans in the Senate -- but not necessarily enough to get to 51.
In the House, a flurry of redistricting decisions appears to be working as of late in the Democrats' favor, though the chaotic process has stung both parties repeatedly.
The Democrats would need 25 seats in the House to regain the majority -- a very steep climb in a year when neither party is particularly popular. However, Democrats are thought to have far more safe seats than Republicans going into November. Earlier this year, the Rothenberg Political Report projected a Democratic pick-up of between five and 12 seats.
In total, 33 Senate seats are in play this year, with 23 currently held by Democrats and 10 held by Republicans. Ten of those 33 seats are open -- again, the state of play is in the Republicans' favor, with seven held by Democrats and three held by Republicans.
But while Republicans have several opportunities to pick off those Democrat-held seats, three races in particular could undermine those potential gains for the GOP. Republican Sens. Scott Brown in Massachusetts and Dean Heller in Nevada, who was appointed to fill the vacancy left by John Ensign, are both considered vulnerable. And Sen. Olympia Snowe, a Republican from Maine, said she wouldn't seek re-election this year.",conservative
John Boehner: '1 In 3 Chance' Republicans Lose Control Of House,"House Speaker John Boehner (R-Ohio) admitted there's a ""1 in 3"" chance that the Republicans will lose their majority in the House of Representatives in an interview Tuesday on Fox News' ""America’s Newsroom.""
""I would say that there is a 2 in 3 chance that we win control of the House again. But there’s a 1 in 3 chance that we could lose. And I’m being myself, frank, we’ve got a big challenge and we’ve got work to do,"" he said to Fox News' Bill Hemmer.
Expanding on tough races, Boehner said, ""We have 50 of our members in tough races; 89 freshmen running for their first re-elections. And we have 32 districts that are in states where there is no presidential campaign going to be run, no big Senate race and we call these orphan districts.""
He went on, ""You take 18 of them -- California, Illinois and New York, where you know we’re not likely to do well at the top of the ticket -- and those districts are frankly pretty vulnerable.""
Boehner also dismissed top Obama campaign strategist David Axelrod's comment on Sunday that House Republicans are under a ""reign of terror"" brought about by the far right of their party. ""That that is just outrageous talk,"" Boehner said. ""They’re trying to make this election, as I said earlier, about anything other than the president’s failed economic policies. And so they’re going to look for every boogeyman known to man,"" he said.
""Listen, if Republicans were walking in lockstep, my job would be a whole lot easier,"" he added.",conservative
Michele Bachmann Chick-Fil-A Visit: GOP Rep Shows Support For Company Amid Controversy,"Rep. Michele Bachmann (R-Minn.) showed her support for Chick-fil-A Wednesday when she tweeted a photo of her visiting the restaurant.
""Have you gone today?"" Bachmann asked her followers on what became an unofficial ""Chick-fil-A Appreciation Day.""
The surge of support for the fast-food chain came after Chick-fil-A president Dan Cathy said the Atlanta-based company was ""guilty as charged"" for backing ""the biblical definition of a family."" As gay rights groups launched boycotts against the company, prominent conservative figures like former Arkansas Gov. Mike Huckabee, Senator Lindsay Graham (R-S.C.) and former Alaska Gov. Sarah Palin began showing their support by visiting the restaurant.
But conservatives weren't the only ones taking sides. House Minority Leader Nancy Pelosi (D-Calif.) tweeted about her opposition to the restaurant, and West Hollywood bar The Abbey introduced a ""Chick-for-Gay"" sandwich as a protest against the chain.",conservative
Obama Boehner Fiscal Cliff Meeting: Grasping For Last-Minute Solution,"WASHINGTON -- President Barack Obama and House Speaker John Boehner (R-Ohio) met for nearly an hour on Thursday evening in their latest attempt to break the impasse on impending tax hikes and spending cuts. True to form, neither said much of anything about what was discussed.
Shortly after the meeting ended, both camps put out identical, banal statements.
""The President and Speaker had a frank meeting in the Oval Office tonight,"" said the statements. ""It lasted approximately 50 minutes. There will be no further readout of the meeting, but lines of communication remain open.""
Boehner was back at the Capitol soon afterward, but said nothing new as he passed reporters eager for a readout. “Nice to see all of you,” he said as he kept walking, CNN’s Deirdre Walsh tweeted. Boehner is heading back to Ohio for the weekend.
A handful of others attended the meeting. Timothy Geithner, the treasury secretary, and Rob Nabors, director of the White House Office of Legislative Affairs, joined Obama, a White House aide confirmed. Boehner’s chief of staff, Mike Sommers, and his policy director, Brett Loper, were also in attendance.
Thursday night’s meeting marks the second time in a week the president and House speaker have met in person, and comes after at least two phone calls in recent days.
The continued dialogue provides some rays of hope to a negotiating process that, in recent days, has shown very little progress. Boehner has refused to budge from his refusal to consider raising tax rates on top earners while arguing that heavy spending cuts are needed. The White House, in contrast, has accused House Republican leadership of being deliberately vague on cuts, while insisting that no deal will end up getting the president's signature without a raising of tax rates.
With the year-end deadline for all rates to expire and $1 trillion in spending cuts to kick in, the prospect of actually failing to find agreement is coming into focus. A top Senate Democratic aide told the Huffington Post on Thursday that Senate Majority Leader Harry Reid (D-Nev.) told his caucus that finalizing a deal by Christmas was now basically impossible.
Boehner, meanwhile, told lawmakers earlier Thursday not to make plans for Christmas, signaling that there may not realistically be a final deal until the very end of the month. White House Press Secretary Jay Carney wouldn’t say whether Obama is also bracing for dragged out negotiations
“I can’t speculate about the time frame,” Carney said at his daily briefing. “What the president is interested in is working with Congress to achieve a deal that avoids the fiscal cliff and, beyond that, addresses our long-term fiscal challenges in a balanced way. He wants to makes sure, first and foremost, that the middle class does not have their taxes go up on January 1st.”",conservative
"Romney Reaffirms Opposition to Marriage, or Unions, for Gay Couples","Like many conservative Republicans, Mitt Romney is opposed not only to same-sex marriage, but also to the civil unions that many states have adopted as an alternative to full marital rights for gay couples.
Now that President Obama, long a supporter of civil unions, has publicly embraced same-sex marriage, the question of precisely what legal status and protections should be granted to gay couples is emerging as an issue of the starkest possible contrast between the two presidential candidates.
In short, both Mr. Romney and Mr. Obama have adopted the favored position of their ideological base on a subject that profoundly animates both of those camps.
On Wednesday, in anticipation of Mr. Obama’s announcement, Mr. Romney laid out his belief that marriage — and anything resembling it — should be restricted to heterosexual couples, even as he acknowledged that it was “a very tender and sensitive topic.”
In doing so, he left open many questions about what his vision of legally recognizable gay unions would encompass, and what it would exclude.
“My view is the same as it’s been from the beginning,” Mr. Romney told a CBS affiliate in Denver. “I don’t favor civil unions if it’s identical to marriage, and I don’t favor marriage between people of the same gender.” Asked why he opposed civil unions, in particular, he explained that in many cases they represent marriage by a different name for gay couples.
“If a civil union is identical to marriage other than with the name, why, I don’t support that,” he said Wednesday.
Nine states, including California, Delaware and New Jersey, now allow civil unions and broad domestic partnerships that most likely fit Mr. Romney’s description of marriage-like arrangements, meaning that they would be in the cross hairs of a President Romney, who supports a constitutional amendment to ban same-sex marriage.
Those states offer an array of different rights to same-sex couples, among them the ability to pool resources for tax purposes, place a spouse on an employee health care plan and inherit property after a death.
Mr. Romney has said that he favors allowing domestic partnerships that bestow certain rights on same-sex couples, like hospital visitation, but he has not delineated them in great detail.
“Benefits of that nature may well be appropriate, and states are able to make a provision for the determination of those kinds of rights,” Mr. Romney said Wednesday.
Republicans and Democrats, in their reactions to the president’s support for same-sex marriage, said they saw a newly wide, and seemingly unbridgeable, gap between the two leaders on the issue.
“We now have a clear choice between Romney and Obama,” said Maggie Gallagher, a founder of the National Organization for Marriage, which opposes same-sex marriage. She called the president’s decision “a huge mistake” that would reward the Republican Party.
Evan Wolfson, the founder of Freedom to Marry, a gay rights organization, said that now “there is absolutely no way that opponents of gay rights can hide behind any unclarity in the president’s position and make the bogus claim that it’s the same as theirs.”
Mr. Romney has, over the years, made it clear that his opposition to same-sex marriage and civil unions is a deeply held moral conviction, and he has not shied from using strong language to describe the offense he has taken to its introduction.
When in 2003 the Massachusetts courts legalized same-sex marriage in the state, Mr. Romney, then governor, complained that the state had become “San Francisco East.” And, speaking with a sense of alarm about gay couples, he warned a conservative audience that “some are actually having children born to them.”
Democrats contend that, like Mr. Obama’s views, Mr. Romney’s feelings about gay rights have evolved, but in the opposite direction: During his campaign for the Senate in 1994, Mr. Romney vowed to seek “full equality” for gays and lesbians, in a letter to the Log Cabin Republicans of Massachusetts.
In that letter he argued that he was more supportive of gay rights than his Democratic opponent at the time, Senator Edward M. Kennedy.
But at the time, same-sex marriage was a little-discussed item on the agenda of national gay rights leaders, and aides say Mr. Romney has consistently opposed both marriage and civil unions that resemble marriage for gay couples.",conservative
"With Abortion in the Spotlight, a Challenge for Romney","HOUSTON — The decision by Republican convention delegates to oppose abortion without explicit exceptions for rape and incest poses a tricky political challenge for Mitt Romney as he prepares to accept the presidential nomination in Tampa, Fla., next week.
The vote puts the Republican Party at odds with Mr. Romney, who supports rape and incest exceptions, at a time that controversial comments by Representative Todd Akin, the Republican Senate candidate in Missouri, have increased national scrutiny on the divisive social issue.
Mr. Akin said over the weekend that women’s bodies will resist getting pregnant from a “legitimate rape,” comments that have been widely condemned, including by Mr. Romney who called for Mr. Akin to withdraw from the race.
“Today, his fellow Missourians urged him to step aside, and I think he should accept their counsel and exit the Senate race,” Mr. Romney said in a statement, citing former Missouri senators like John Ashcroft, Kit Bond, John Danforth and Jim Talent.
But Mr. Akin on Tuesday refused to step down from his race despite loud calls from his party’s leaders to abandon his bid.
Aides to Mr. Romney declined to say on Tuesday whether he would call on the convention delegates to reconsider their position on abortion. Calls and e-mails to a half-dozen advisers on the subject were not returned on Tuesday.
Reince Priebus, the chairman of the Republican National Committee, tried to deflect questions on behalf of Mr. Romney, saying on Fox News that “this is the platform of the Republican Party, it is not the platform of Mitt Romney.”
The reluctance to talk about the platform reflects the delicate position that Mr. Romney is in when it comes to abortion policy.
A supporter of abortion rights early in his political career, Mr. Romney later switched his position. This year, he captured the nomination of a party whose hard-core activists remained suspicious of Mr. Romney’s late-in-life conversion to their cause.
But as he prepares to accept that nomination next week in Tampa, Mr. Romney is once again being forced to carefully navigate between the uncompromising antiabortion positions of his party’s base and the more moderate politics of the swing voters he needs to win over.
The vote on the platform is an important part of the Republican Party’s outreach to its conservative base. Mr. Romney and his aides have worked hard to ensure that social conservatives at the convention — and the voters they represent — do not feel left out.
The party platform — and the positions taken on abortion, same-sex marriage and other social issues — are a key part of that effort.
If Mr. Romney were to reject the party’s tough abortion plank, it would send a politically difficult message to conservatives about how Mr. Romney might govern once he got into the White House.
There could also be a flurry of conservative outrage at the convention, which could distract from the carefully choreographed event Mr. Romney’s strategists are planning.
But Mr. Romney’s campaign is also trying hard to make sure that the convention projects an image that swing voters in battleground states will find appealing. Aides did not expect to be focusing heavily on the party’s abortion positions this week.
The campaign has already chosen in the last several weeks to move off its core message about jobs and the economy. The convention is intended to return the campaign’s message to one of how Mr. Romney will get the nation’s economy back on track.
In the current political environment involving Mr. Akin’s comments, a decision by Mr. Romney to accept the party’s abortion plank will open his campaign to attacks from his rivals that he is out of step with moderate, independent voters.
Democrats have already pounced. Officials with the Democratic National Committee quickly called the Republican abortion position the “Akin plank” and scheduled a news conference to denounce it.
“American women know that Mitt Romney, Paul Ryan and the party they lead are the wrong choice for women and their families,” a statement from the Democratic committee said. “Mitt Romney should do the right thing and denounce this dangerous language.”",conservative
"Obama, Boehner meet on fiscal crisis for first time in weeks","President Obama was heading to Detroit Monday afternoon to continue campaigning for tax hikes on top earners -- a day after a face-to-face meeting with House Speaker John Boehner that offered slight hope the two could be making progress toward a deal.
The president and the speaker met Sunday afternoon at the White House for the first time in weeks. It came after Boehner publicly chided Obama on Friday for the lack of progress to date, accusing the president of having ""wasted another week.""
Both sides were tightlipped about the surprise Sunday afternoon meeting. But instead of emerging from the talks complaining about each other, as was the case following phone calls last week, each side released an identical statement.
""This afternoon, the President and Speaker Boehner met at the White House to discuss efforts to resolve the fiscal cliff. We're not reading out details of the conversation, but the lines of communication remain open,"" the statement released by each office said.
Lawmakers and the White House have three weeks to reach a deal, before a potentially crippling set of tax hikes and spending cuts takes effect.
Boehner last week put a counter-proposal on the table that included $800 billion in revenue increases over the next decade. While Boehner cast that as a significant concession, Obama said it didn't go far enough because it didn't include an increase in tax rates for the top 2 percent.
Boehner, though, is facing some pressure from Republicans to give a little bit more.
The speaker is effectively caught between two competing wings of the Republican Party. Some say Congress should not raise any taxes, and were disappointed he went so far as to put any revenue on the table. However, a growing number of Republicans are suggesting the party should give Obama what he wants on tax rates -- and focus instead on winning entitlement cuts once that is cleared away.
Sen. Bob Corker, R-Tenn., became the latest Republican to open the door to tax rate hikes during an interview on ""Fox News Sunday.""
""There is a growing group of folks that are looking at this and realizing that we don't have a lot of cards as it relates to the tax issue, before year-end. I mean, we have one house, that's it,"" Corker said.
Corker suggested that Republicans instead focus on extracting entitlement cuts as part of the debt-ceiling negotiations.
""Republicans know that they have the debt ceiling that's coming up right around the corner, and the leverage is going to shift, as soon as we get beyond this issue,"" Corker said on ""Fox News Sunday."" ""The leverage is going to shift to our side, where hopefully we'll do the same thing we did last time.""
Corker said that if the president wants to raise the debt limit by $2 trillion, Republicans should press for $2 trillion in spending cuts.
That prospect is sure to infuriate the White House. After the bruising debt-ceiling fight from 2011, Obama recently warned that he will not ""play that game"" again. ""We've got to break that habit before it starts,"" the president said.
The president argues that fights over the debt ceiling merely shake global confidence in the country's ability to pay its bills, and as part of talks over the looming fiscal crisis has called for a de facto permanent increase in the debt limit.
It's unclear whether Obama might drop that demand if he gets what he wants on tax rates.
His campaign-style visit to Detroit, though, threatens to muddy the waters on talks.
Rep. Kevin McCarthy, R-Calif., the No. 3 Republican in the House, suggested Sunday that the president's itinerary has left Republicans to negotiate with themselves.
""He's been to Pennsylvania. Tomorrow he is going to Detroit. It's now time to govern. The election is over,"" he said on NBC's ""Meet the Press.""
Democratic Illinois Sen. Dick Durbin countered that Obama ""is a phone call away and you know it.""",conservative
Romney calls on Rep. Akin to drop Senate bid over 'rape' comments,"Mitt Romney joined several other Republicans Tuesday in calling on Missouri Rep. Todd Akin to give up his bid for Senate over his controversial comments on rape, as the Republican congressman continued to hold his ground and vowed to stay in the race.
Romney added his voice after five past and present Missouri Republican senators urged Akin to step aside. In a statement released Tuesday afternoon, they said his presence does not serve ""the national interest.""
""The issues at stake are too big, and this election is simply too important. The right decision is to step aside,"" they said. The statement came from Missouri Sen. Roy Blunt, and former Sens. John Ashcroft, Kit Bond, John Danforth and Jim Talent
Romney released a statement late Tuesday saying: ""As I said yesterday, Todd Akin's comments were offensive and wrong and he should very seriously consider what course would be in the best interest of our country. Today, his fellow Missourians urged him to step aside, and I think he should accept their counsel and exit the Senate race.""
Akin, though, told Fox News host Mike Huckabee on his radio show Tuesday afternoon that he's staying in.
""I believe that we can win this,"" Akin said, citing a ""tremendous outpouring of support"" from individual donors even as party heavyweights freeze him out.
The Republican congressman is facing a 5 p.m. deadline to withdraw -- after that, he would need a court order to have his name removed from the ballot.
But Akin rebuffed calls late Monday to step aside and let another Republican candidate take his place. Instead, his campaign released a new ad in which Akin looks into the camera and addresses the controversy surrounding his remarks.
""Rape is an evil act. I used the wrong words in the wrong way and for that I apologize,"" he said in the ad. ""As the father of two daughters, I want tough justice for predators. I have a compassionate heart for the victims of sexual assault. And I pray for them. The fact is, rape can lead to pregnancy. The truth is, rape has many victims.
""The mistake I made was in the words I said, not in the heart I hold. I ask for your forgiveness,"" he said. The video was released after Akin canceled a scheduled television interview Monday night.
Akin's ad, and claims Monday that he's ""going to stay in,"" defied Republican Party leaders who are nervous the controversy could imperil their chances of taking control of the Senate after the November elections. Akin is challenging Democratic Missouri Sen. Claire McCaskill in a race considered key to a GOP Senate majority come 2013.
A source within the National Republican Senatorial Committee told Fox News that Sen. John Cornyn, head of the Senate GOP campaign arm, already has told Akin that if he stays in the race, the $5 million set aside for the Missouri race will be withdrawn. Cornyn, according to the source, told him the party is concerned his presence in the race could hurt Republicans' chances of winning the Senate majority.
Akin made the remarks in an interview with Fox affiliate KTVI. He claimed a woman's body can typically fend off pregnancy during a ""legitimate rape,"" as he argued against allowing abortions in cases of rape, claiming such pregnancies are uncommon in the first place.
""It seems to me first of all, from what I understand from doctors, that's really rare,"" Akin told KTVI. ""If it's a legitimate rape, the female body has ways to try to shut that whole thing down.""
Top Senate leaders including Senate Republican Leader Mitch McConnell have condemned Akin's comments.
""What he said is just flat wrong in addition to being wildly offensive to any victim of sexual abuse,"" McConnell said. ""Although Rep. Akin has apologized, I believe he should take time with his family to consider whether this statement will prevent him from effectively representing our party in this critical election.""
Republican Sen. Scott Brown, who's in a tough race against Democrat Elizabeth Warren in Massachusetts, was the first Republican senator to call on Akin to withdraw from the race.
Akin apologized for his remarks Monday. He tweeted Monday afternoon: ""I am in this race to win.""",conservative
Romney: My 'Preference' Is Marriage Between A Man And A Woman,"Republican presidential candidate Mitt Romney on Wednesday reiterated that he opposes same-sex marriage, a few hours after President Barack Obama said for the first time he supports it.
""My view is that marriage itself is a relationship between a man and a woman and that's my own preference,"" Romney told reporters in Oklahoma. ""I know other people have differing views. This is a very tender and sensitive topic, as are many social issues, but I have the same view that I've had since running for office.""
Obama came out in support of same-sex marriage on Wednesday in an interview with ABC. The announcement prompted a flurry of responses, from Democrats praising his statements to Republicans decrying them.
Romney said he supports states' rights to make decisions on domestic partnership benefits, including hospital visitation. Obama, while saying he personally supports same-sex marriage, also said the issue should be left to the states to decide.
Romney's comments were far more measured than some other Republicans, who have openly accused the president of disrespecting religion and using the issue for political gain. Former GOP candidate Rick Santorum, for example, put out a statement shortly after Romney's remarks that claimed Obama ""has consistently fought against protecting the institution of marriage from radical social engineering at both the state and federal level.""
When asked whether Obama flip-flopped on same-sex marriage -- an accusation Romney has some experience with -- the presumptive Republican presidential nominee acknowledged the president's change, but said he'd leave the significance for others to decide.
“I believe that, based upon the interview he gave today on ABC, it said that he had changed his view, but you’re a better judge of that than I am,"" Romney said. “I just saw the reports that he had previously said he opposed same sex marriage and now, according to ABC News, he said that he supports it. So if that’s the case you’ll have to make that determination on your own.""
Romney told a local Denver TV station earlier on Wednesday that he opposes both same-sex marriage and civil unions.
""Well, when these issues were raised in my state of Massachusetts, I indicated my view, which is I do not favor marriage between people of the same gender, and I do not favor civil unions if they are identical to marriage other than by name,"" Romney told Denver Fox affiliate KDVR-TV.",conservative
"Romney reaffirms belief in marriage as between man, woman","Following President Obama's comments in a TV interview expressing his support for same-sex marriage, his likely GOP rival Mitt Romney said Wednedsay he maintains his opposition to it -- the same position he's had since he ""started running for office""
""I have the same view on marriage that I had when I was governor and that I expressed many times. I believe marriage is between a man and a woman,"" he told reporters following an event at the Oklahoma Republican Party headquartersk, where he garnered the endorsement of Oklahoma Gov. Mary Fallin.
Obama made the groundbreaking news in an interview with ABC.
""It is important for me personally to go ahead and affirm that same-sex couples should be able to get married,"" Obama stated. He previously had said he supported equal rights for same-sex couples but stopped short of endorsing gay marriage.
When asked if he believed the president had flip-flopped on the issue, Romney said it's up to the public to be the judge.
“I believe that based upon the interview that he gave today on ABC it said that he had changed his view, but you’re a better judge of that than I,"" Romney said. ""I just saw the reports that he had previously said he opposed same-sex marriage and now according to ABC News he saying that he supports it. If that’s the case then you’ll be able to make that determination on your own.""
Last year Romney had signed a pledge sponsored by the National Organization for Marriage promising to support a federal ammendment defining marriage as the union of one man and one woman. On Wednedsay, though, he said that the rights of domestic partners should be decided by the states.
“States are able to make decisions with regards to domestic partnership benefits such as hospital visitation rights, benefits and so forth of various kinds can be determined state by state,"" Romney said.
Following Romney's news conference, Obama's campaign immediately pounced on the former governor's comments.
Ben Labolt tweeted, ""@MittRomney just refused to say he supports hospital visitation rights at a federal level for gays and lesbians.""",conservative
Mitt To Akin: Drop Out,"Presumptive GOP presidential nominee Mitt Romney on Tuesday joined a chorus of Republicans calling for Rep. Todd Akin (R-Mo.) to drop out of the U.S. Senate race in Missouri.
""As I said yesterday, Todd Akin's comments were offensive and wrong and he should very seriously consider what course would be in the best interest of our country,"" said Romney in a statement. ""Today, his fellow Missourians urged him to step aside, and I think he should accept their counsel and exit the Senate race.""
Akin, however, continued his refusal to step down Tuesday in a subsequent interview on Sean Hannity's radio show.
""It still seems to me that there has to be room … to broaden the scope of what a campaign needs to be about,"" he said, going on to suggest Romney had made a bigger deal of the remark than he needed to.
""Why can't Mitt Romney run his race and I'll run mine?"" Akin continued.
He later confirmed that vice presidential candidate Paul Ryan called him and told him to ""give some thought to stepping down,"" but didn't tell him to get out.
Akin also claimed he would help Romney and the Republican party in November by soldiering on, but admitted that no senator had called him to ask him to stay in the race.
On Sunday, Akin prompted outrage with his response to a question about supporting abortion in the case of rape.
""From what I understand from doctors, that's really rare,"" said Akin said of pregnancies caused by rape. ""If it's a legitimate rape, the female body has ways to try to shut that whole thing down. But let's assume maybe that didn't work or something. I think there should be some punishment, but the punishment ought to be on the rapist.""
Romney had stopped short of calling on Akin to resign in an interview with WMUR Monday.
Other officials in the GOP, including five senior Missouri Republicans, were less forgiving, however, suggesting that Akin had created an irreversible distraction and could no longer run as a viable candidate.
Akin had also vowed to remain in the race earlier Tuesday on the radio show of former Republican presidential candidate Mike Huckabee. During the interview, Akin said he would continue campaigning because he still believed he could win.",conservative
Obama and Boehner Talk Deficits at the White House,"WASHINGTON — With just three weeks left for lawmakers to avert a fiscal crisis, President Obama and Speaker John A. Boehner met privately at the White House on Sunday as a top Republican senator suggested that his party should perhaps accede to Mr. Obama’s demand to raise the top tax rates so that the attention can shift to making serious cuts in benefit programs like Medicare and Medicaid.
Administration officials would not offer details of the discussion between Mr. Obama and Mr. Boehner. But the disclosure of the meeting indicated that private discussions continue in the face of Republican leaders’ public statements deploring the lack of progress and the president’s refusal so far to specify the sort of deep, long-term reductions in spending for social programs that they insist upon as a condition of their support for raising taxes on high earners.
The White House and Mr. Boehner’s office issued identical statements afterward that said “the lines of communication remain open.”
The meeting was the first face-to-face negotiation between the president and the speaker since a session three weeks ago, when they were joined by the House Democratic leader, Nancy Pelosi of California; the Senate Democratic leader, Harry Reid of Nevada; and the Senate Republican leader, Mitch McConnell of Kentucky. They were the first one-on-one deficit talks between Mr. Obama and Mr. Boehner since the summer of 2011, when the search for a “grand bargain” on taxes and spending ultimately failed.
The latest meeting gave rise to renewed optimism that a deal could be reached before the end of the month.
“My guess is still that we will reach a deal, but I do not think that anything is either certain or imminent,” Representative Tom Cole, an Oklahoma Republican and Boehner lieutenant, said Sunday night. “If they reach a deal, I suspect the majority of our conference will support the speaker. I hope the president can command equal support on his side of the aisle.”
Any optimism is a step forward from Friday, when Mr. Boehner told reporters that he did not have a progress report because there was “no progress to report.”
But the ups and downs of the search for a deal to avert a fiscal crisis have been in large measure for public consumption. Between public statements and news conferences, the staffs of the president and the speaker have been in close contact.
Just hours before the White House meeting, Senator Bob Corker, Republican of Tennessee, said on “Fox News Sunday” that a small but growing group of Republicans had begun considering acquiescing on tax rates so that the negotiations could shift to entitlement programs.
Mr. Corker, a member of the Banking Committee who had presented a deficit-reduction plan of his own, said that if Republicans gave in to the president’s chief demand, then “all of a sudden the shift goes back to entitlements, and maybe it puts us in a place where we actually can do something that really saves the nation.”
Republicans have been insisting that the Obama administration agree to substantial savings in entitlement programs as the two sides negotiate how to narrow the country’s huge deficits. But Mr. Corker is part of a group of Republicans who say the party will ultimately have to yield to the Obama demand of higher tax rates for top earners, potentially back to the levels that prevailed under President Bill Clinton.
That group of Republicans, Mr. Corker said on Fox, was beginning to realize “that we don’t have a lot of cards as it relates to the tax issue before year end” — but that a tax-rate concession could be converted, jujitsu style, into a tactical advantage.
Mr. Corker’s comments came as central figures on network news programs mixed cautious words of optimism over the negotiations between the White House and Congressional Republicans with dire warnings about what a failure to act might bring.
Christine Lagarde, the managing director of the International Monetary Fund, warned that such a failure was the gravest threat now facing the still-fragile United States economy — greater than the European debt crisis or any uncertainty in China.
“It would result in the stock market really taking a hit,” Ms. Lagarde said on the CNN program “State of the Union.” The overall result could be zero growth next year, not the 2.1 percent growth rate projected by the I.M.F.
She called for a “balanced” agreement of both revenue increases and spending cuts. That is a word Mr. Obama has often used to describe his preferred outcome. Ms. Lagarde offered a tentative prediction that what she called American “pragmatism” would prevail and avert the worst outcome.",conservative
Boehner Sees One-in-Three Chance G.O.P. Will Lose House,"Speaker John A. Boehner of Ohio said on Monday that Republicans had a one-in-three chance of losing control of the House in November, a surprisingly downbeat assessment from a Republican leader who until now has expressed no fears of losing the gavel.
In an interview with Fox News, to be shown on Tuesday, Mr. Boehner delivered what aides called a wake-up call to his troops.
“I would say that there is a two-in-three chance that we win control of the House again, but there’s a one-in-three chance that we could lose, and I’m being myself, frank,” he said in an interview first posted online by the newspaper The Hill. “We’ve got a big challenge, and we’ve got work to do.”
Mr. Boehner pointed to what aides called “orphan districts” in Democratic-leaning states that would not be a factor in the presidential campaign. Local Republican Party affiliates are less organized in such states and turnout may be depressed.
“We have 50 of our members in tough races, 89 freshmen running for their first re-elections, and we have 32 districts that are in states where there is no presidential campaign going to be run, no big Senate race,” he said. “You take 18 of them, California, Illinois and New York, where you know we’re not likely to do well at the top of the ticket, and those districts are frankly pretty vulnerable.”
House political analysts also have looked at such states, but redistricting in California – run by an independent commission – has been as tough on Democrats as it has been on Republicans. Illinois and New York could be a problem for Mr. Boehner’s party, but Republican-run redistricting in North Carolina and Indiana would appear to counter those Democratic gains.
But Democrats have become bolder on their predictions. An NBC News/Wall Street Journal poll last week found that voters favored a Democratic-controlled Congress over a Republican one 46 percent to 41 percent, a spread that has not changed much all year.
“We’ve got a real challenge,” Mr. Boehner said.",conservative
Biden Takes Off Gloves in Vice-Presidential Debate,"Joe Biden knew Lloyd Bentsen.
Lloyd Bentsen was a friend of Joe Biden’s.
And the vice president made full use of his old Senate colleague’s 1988 debate playbook, shaking his head and scoffing pityingly at Representative Paul D. Ryan, trying to paint his opponent as a latter-day Dan Quayle.
Mr. Ryan was no Dan Quayle, but he did make the mistake of mentioning John F. Kennedy in an argument over whether tax cuts recharge the economy. Mr. Biden flashed a Cheshire Cat grin and said to Ryan, after waiting a beat to let the moment sink in, “So, now you’re Jack Kennedy?”
The vice presidential debate on Tuesday was supposed to be a reboot for the Obama campaign after the president’s dismal performance at his debate with the Republican nominee for president, Mitt Romney, last week. Mr. Biden, clearly delighted to come to President Obama’s rescue, relished his role, addressing his opponent as “my friend” but dismissing his arguments as “malarkey.” He laughed at Mr. Ryan’s remarks so often and so heartily that at times he seemed like a guest at a comedy club roast, not a vice president debating the fate of the nation with his opponent.
It was a sharp and spirited debate, with both candidates delivering some lacerating blows, but Mr. Ryan at times seemed disconcerted by the sheer blowhard intensity Mr. Biden brought to the night. Mr. Ryan tried to be respectful, listening to the vice president with a tilted head, choirboy smile and puppy-dog eyes, but he showed his irritation when Mr. Biden kept interrupting to attack his policy on Medicare. “I know you’re under duress,” he told the vice president, prompting another belly laugh.
For Mr. Biden especially, the night was his chance to relive past debates and unleash his inner barroom brawler. He had to be contained and courteous when he debated Sarah Palin four years ago, lest he look like a bully. This time he let loose. And unlike the courtly Mr. Bentsen in 1988, Mr. Biden turned his temperature up, singeing the young man across the table with patronizing grins, but mostly withering retorts. His interruptive barrage was as relentless as his silent mugging for the camera.
Mr. Ryan held his own, but did look abashed when Mr. Biden mocked him for opposing the Obama stimulus, yet asking for government funds for his own district. “On two occasions, we — we — we advocated for constituents who were applying for grants,” Mr. Ryan said stiffly.
“I love that. I love that,” Mr. Biden said. “This was such a bad program, and he writes me a letter saying — writes the Department of Energy a letter saying, the reason we need this stimulus — it will create growth and jobs.”
When Mr. Biden went after Mr. Romney’s infamous remark at a private fund-raiser about the “47 percent,” Mr. Ryan reminded the vice president of his own propensity for gaffes. “I think the vice president very well knows that sometimes the words don’t come out of your mouth the right way,” he said with a gotcha smile. Mr. Biden was not quite as amused.
Mr. Biden was not the only one in the room intent on rectifying his predecessor’s mistakes. Martha Raddatz of ABC News was the moderator, and she made a point of speaking forcefully, pushing the candidates to be specific and changing subjects abruptly. She seemed determined to be less passive and sleepy than Jim Lehrer of PBS was as moderator of the Obama-Romney debate.
Mr. Ryan made a point of praising Mr. Romney, even trying to soften his image by recounting a time when Mr. Romney gave money and attention to a couple whose children were badly injured in a car accident. It wasn’t the best example to use, because it prompted Mr. Biden to describe his own tragedy, when his wife and young daughter were killed in a car crash.
A version of this article appears in print on October 12, 2012, on page A16 of the New York edition with the headline: Night of Withering Ripostes, Mostly Delivered by Biden.",conservative
Chick-fil-A Draws Huge Crowds for Appreciation Day,"Hundreds of thousands of people across the country headed to Chick-fil-A restaurants on Wednesday, answering a call from Mike Huckabee, the former governor of Arkansas, to show support for the fast-food chain after the company’s president drew criticism for his opposition to same-sex marriage.
Long lines were seen outside Chick-fil-A restaurants nationwide, and many customers documented their visits on social media sites and shared their reasons for eating at the chain.
Many said they showed up because they agreed with the position of Chick-fil-A’s president on same-sex marriage, while others said they wanted to support freedom of expression for business owners.
As my colleagues Kim Severson and Robbie Brown report from Atlanta, where Chick-fil-A began in the 1940s, the president, Dan T. Cathy, made comments last month about the biblical arguments against homosexuality. This prompted calls to boycott Chick-fil-A that were supported by the mayors of Boston and Chicago, along with plans for a same-sex kiss-in at the restaurants on Friday.
Last weekend, Mr. Huckabee used his television and radio programs, as well as Facebook, to help organize an appreciation day for Chick-fil-A on Wednesday.
More than 650,000 people signed up to participate, and tens of thousands “liked” photos of packed restaurants that Mr. Huckabee posted on his Facebook page on Wednesday.
Below are some of the photos shared Wednesday on Twitter from Chick-fil-A restaurants around the country.
Representative Michele Bachmann, Republican of Minnesota, shared a photo from her visit.
Last week, Sarah Palin posted a photo of her visit to a Chick-fil-A in California on her Facebook page.
Mr. Huckabee noted in regular audio updates Wednesday that Chick-fil-A did not participate in organizing the event. And there were no tweets or photos about the appreciation day on the company’s Facebook or Twitter accounts.
In response to the outpouring of support for Chick-fil-A, many people used social media to share their disappointment.
One Facebook user who lives near Austin, Tex., posted this status update:
“It has been really disconcerting how many of my FB friends have stood up on the side of hate and proudly posted their photos of Chick-fil-a — and they all have their little quotes about how they ‘love their gay friends’ but they ‘don’t approve’ of their lifestyles.
So I am asking you kindly to please un-friend me — I have no use for friends like you.”
The Gay and Lesbian Alliance Against Defamation has asked supporters to donate the cost of a meal at a Chick-fil-A, about $6.50, to gay and lesbian rights groups.
Facebook users are also signing up to participate in a “National Same-Sex Kiss Day” planned for Friday at Chick-fil-A restaurants. People are being encouraged to post photos of their kisses.
Others are not waiting until Friday to post their photos.",conservative
"Chick-fil-A Appreciation Day brings out supporters, protesters","It used to be that taking a bite of a chicken sandwich just meant you were hungry. Now it has become a symbol of whether you stand for or against same-sex marriage, or – alternately – the right to express your personal views without fear of retaliation.
At Chick-fil-A locations across the country, people voted with their wallets today, coming out to express support for the fast-food chain after CEO Dan Cathy said in an interview that he is a firm backer of traditional marriage.
“I believe what the Bible says (about marriage),” Chauncy Fields told us after wolfing down a breakfast of chicken and biscuits. “So I came out here to support Chick-fil-A and the movement.”
Chris Johnson sees a double standard. “He (Dan Cathy) said the exact same thing that President Obama said,” Johnson told Fox News -- referring to the president’s past opposition to gay marriage – “And he gets negativity, and Obama gets positivity.”
At one Atlanta location, the restaurant was packed, while the line for the drive-thru looped twice around the building and out into the street.
The backlash across the country against Chick-fil-A has been ferocious. After the mayors of Chicago and Boston heaped scorn upon the company, the mayor of Washington, DC, suggested it was peddling “hate chicken.”
Those comments drew a sharp response from Rev. William Owens of the Coalition of African American Pastors. “Some people are saying that because of the position that Chick-fil-A is taking, they don’t want them in their cities. It is a disgrace. It is the same thing that happened when I was marching for civil rights, when they didn’t want a black to come into their restaurant,"" he told a press conference in Washington, DC.
The Chick-fil-A firestorm has taken on different meanings for different people. For some, it harks to the days of intolerance and segregation. For others, it is about religious views of marriage. But for most people who Fox News spoke to today, it is about free speech.
“I think it comes down to a First Amendment issue. I mean, I do believe in the traditional values of marriage between a man and a woman,” youth pastor Stephen Lenahan told Fox News after a leisurely breakfast with three members of his ministry. He is also puzzled as to why Dan Cathy is such a target, when other corporate CEOs who openly support same-sex marriage are not similarly criticized by conservatives.
Lenahan says he sees a bigger issue at work here. “There is kind of a culture war going on and people aren’t really respecting each other and difference of opinion. There’s no dialogue taking place to get to the heart of what we really believe as a nation and what is truth.”
Chick-fil-A Appreciation Day – as it is being called was the idea of former Arkansas governor and Fox News contributor Mike Huckabee. But as protests against Chick-fil-A swelled across the country, dozens of groups and prominent individuals joined in support of the company.
Among the groups is Project 21, a black conservative activist organization. One of its members, Demetrios Minor, said critics of Dan Cathy have taken his statements completely out of context. “I think liberals are missing a vital point in their blind hatred of Chick-fil-A,” Minor said in a statement sent to Fox News. “Being against gay marriage is not being anti-gay.”
Crtitics of Chick-fil-A argue that the company’s opposition to gay marriage goes well beyond Dan Cathy’s statements. Over the years, its philanthropic wing, WinShape, has donated millions of dollars to outside organizations that actively lobby against efforts to legalize same-sex marriage.
On Friday, supporters of same-sex marriage will have their say. They plan a “kiss-in” at Chick-fil-A restaurants across the country – encouraging gays and lesbians to share a public display of affection at the home of the chicken sandwich.",conservative
Biden-Ryan Debate: All About Joe,"DANVILLE, Ky. –- Joe Biden did everything President Barack Obama did not last week, and a good bit more.
The vice president dominated the spotlight in the only debate between himself and Rep. Paul Ryan (R-Wis.), charging at Republican Mitt Romney's running mate from the get-go and bombarding him with a flurry of eye rolls, interjections and accusations.
What it accomplished among undecided voters, if anything, is hard to tell and will take days to sort out. Two instant surveys of Americans watching the debate -- one by CBS, one by CNN -- showed mixed results. But since vice presidential debates often have a negligible impact on the overall race anyway, Biden's sometimes over-the-top performance probably accomplished what he appeared intent on doing: rallying the Democratic base after Obama's woeful debate performance last week.
Obama, at least, was cheered by the offensive.
""I'm going to make a special point of saying that I thought Joe Biden was terrific tonight,"" the president told reporters after stepping off Air Force One at Andrews Air Force Base in Maryland, on his way back to the White House after a day of campaigning in Florida.
Biden looked as if he could barely stay in his seat for much of the night, interrupting Ryan repeatedly and sometimes making it difficult for the GOP nominee to get out his answers.
“He had his Red Bull. He certainly had his caffeine,” Sen. John Thune (R-S.D.) said after the debate.
It was a performance by the vice president guaranteed to amp up -– and buck up -– worried Democrats, who had fallen into a paralysis of anxiety after the president's debate. No one represented that Democratic angst more than blogger Andrew Sullivan, a supporter of the president.
Obama adviser David Axelrod said ""Andrew is a unique thinker, and I can't speak for how he might react to this. I hope he is [reassured],"" Axelrod said, adding that he had ""high regard for [Sullivan] by the way.""
Sullivan, for the record, called the night ""a solid win for Biden"" and called Ryan ""competent.""
The Obama campaign team, in the spin room after the debate, focused on repeating the theme that, as Axelrod said, Biden showed ""passion"" and that he showed ""a great concern for the middle class."" Passion was the thing Obama lacked last week, and Romney surprised the president and Democrats by talking constantly about how his policies would help the middle class.
By contrast, Romney operatives in the spin room said Ryan clearly won on substance and composure while Biden devolved into fits of laughter and audible groans.
“I think the way the vice president handled himself was condescending,” said Rep. Jason Chaffetz (R-Utah). “He was constantly interrupting and trying to talk over people. When my 11-year-old tries to do that at the dinner table, it’s not tolerated.”
Democrats were intent Thursday night to steal back any edge Romney might have deprived them of in being the party who can appeal to working class and blue-collar voters, and to any voter who considers themselves middle class, which is a large number.
""These guys discovered the phrase 'middle class' during the last six months on the campaign trail,"" said Rep. Chris Van Hollen (D-Md.), who has sparred with Ryan on the House Budget Committee for years and who played Ryan in debate preparation with Biden.
Though it was Biden at the center of attention and who made it hard for Ryan to get in a word edgewise at times, the 42-year-old kept his composure for much of the night and got in some well-aimed shots at the vice president, who at 69 is his senior by 27 years. Ryan seemed focused more on winning over moderate and independent voters who are still making up their minds, less than a month before the election.
The night's 90-minute debate, the only one for the two vice presidential candidates, fluctuated between domestic policy and foreign policy, with ABC's Martha Raddatz, a reporter with vast foreign policy experience, asking numerous questions about events overseas.
But the number one goal for Biden all night was obvious from the outset: push back. Hard. It was the number one thing that Democrats had said Obama should have done last week, and it foreshadowed how the president will approach next Tuesday's debate with Romney, the second of three debates for the two men running for president.
After Ryan finished his opening statement, responding to a question about the death of the U.S. ambassador to Libya in a terrorist attack in Benghazi a month ago, Biden responded: ""That's a bunch of malarkey.""
""Not a single thing he said is accurate,"" Biden said.
At times, Biden repeatedly butted in on Ryan's answers, refusing to let Ryan finish his thought. If it were anyone other than Biden, who is treated by the press as a lovable, half-crazy uncle, he would have been labeled insufferable. Instead, he got the aggressive label.
Republicans thought it was much more than that. Republican National Committee spokesman Tim Miller called Biden “unhinged.”
Romney adviser Eric Fehrnstrom tweeted: “Ryan: serious, sober, steady. Biden: smirking, mocking, immature.”
Some of the more experienced Republicans tried to resist talking about Biden’s behavior, knowing it would come across as complaining.
“Most people probably found the vice president’s performance a little -- well anyway, I think that people will judge for themselves,” said Ed Gillespie, one of the top advisers to Romney and one of the most seasoned Republican operatives in politics.
But not even Gillespie, when he was asked by a reporter where he was going before he cut himself off, could resist getting some digs at Biden.
“I don't know if his staff didn't brief him or not, but somebody should have told him that these debates are split-screen,” Gillespie said.
“There seemed to be some frustration on his part at times, and sometimes I got the impression that he couldn't defend the facts as they were, [so] raise your voice a little louder,” Gillespie said.
The Obama campaign, of course, relished in Republicans’ focus on Biden’s behavior instead of the substance of his remarks.
""Their side is all spending their time talking about laughing and facial tics,"" said Obama campaign manager Jim Messina. ""You're going to do that when you've lost a debate. And that's what happened tonight: they lost the debate.""
Of course, Biden was so demonstrative, so outsized, that it was hard to talk about anything else.
Biden did another thing Obama did not a week ago. He raised the issue of Romney’s comments at a fundraiser in May in which he talked disparagingly about people who receive government benefits, claiming that he could “never convince them they should take personal responsibility and care for their lives.""
One of Ryan’s best one-liners came when he sought to explain these comments.
Ryan first told a humanizing story about Romney caring for a family whose children were in a car crash, a story clearly prepared to push back against the portrait of Romney as out of touch and uncaring. And he then added: “With respect to that quote, I think the vice president very well knows that sometimes the words don't come out of your mouth the right way.”
Although there were extended portions of the debate that focused on Libya, Syria, and Afghanistan, Biden and Ryan did engage in a lengthy back-and-forth in the middle of the debate on Medicare and tax policy.
Ryan was, as usual, knowledgeable and in command of the facts. But Biden, as expected, attempted to plow him over with broadsides.
“Stop talking about how you care about people. Show me something. Show me a policy,” Biden said.
Ryan smiled, and continued to work through a data-filled argument, mentioning the $831 billion stimulus, an 8 percent unemployment rate for 43 months, the 1.3 percent growth rate of the economy, the $90 billion for green energy programs in the stimulus, and the 12 million jobs he and Romney say their economic program would create.
Biden didn’t worry so much about numbers. Biden’s argument on Medicare was aimed at voters’ guts, much more so than minds. He acknowledged that Romney’s Medicare plan would not cost seniors an extra $6,400 a year, despite the claim in a recently launched Obama campaign ad.
The $6,400 figure is based on a study of one of Ryan’s earlier plans for Medicare, which he has since changed to make it more bipartisan.
Biden, aware of this, told voters they should be suspicious somebody “who would actually put in motion a plan that … added $6,400 a year more to the cost of Medicare?”",conservative
"Trump calls Flynn treatment 'unfair,' claims Clinton 'lied many times' with impunity","President Trump on Monday called the criminal case against former national security adviser Michael Flynn “very unfair,” claiming he and Hillary Clinton both “lied” to the FBI but only Flynn faced consequences.
The president’s comments, made to reporters as he left Washington for a policy announcement in Utah, saw Trump wading deeper into the Flynn investigation even after a weekend tweet landed the White House in hot water.
On Monday, Trump said he feels “badly” for Flynn, who pleaded guilty on Friday to giving false statements to the FBI about his Russia contacts.
“Hillary Clinton lied many times to the FBI, nothing happened to her. Flynn lied and they destroyed his life,” Trump said. 
The president, without offering specifics, said his 2016 Democratic rival “lied many times” during her FBI interview in early July.
“Nothing happened to her. Flynn lied and it’s like they ruined his life. Very unfair,” Trump said, echoing a weekend tweet in which he asked whether a “double standard” was at play.
Clinton was interviewed by FBI agents as part of the investigation into her exclusive use of a private email system while secretary of state. 
After that interview, then-FBI Director James Comey called her actions extremely careless without recommending criminal charges.
Trump also noted over the weekend that Clinton was not recorded or under oath during that interview.
On Sunday, Sen. Lindsey Graham, R-S.C., suggested Trump might want to think twice before tweeting and commenting on the Russia case. 
“You tweet and comment regarding ongoing criminal investigations at your own peril,” he said on CBS’ “Face the Nation.”
This was after Trump’s account tweeted Saturday: “I had to fire General Flynn because he lied to the Vice President and the FBI. 
He has pled guilty to those lies. 
It is a shame because his actions during the transition were lawful. 
There was nothing to hide!”
That tweet immediately caused problems for the White House, as some legal experts said it potentially exposed the president to obstruction of justice allegations – since, according to the tweet, he would have known Flynn lied to agents when he allegedly asked Comey to lay off the Flynn investigation and later fired Comey. 
Trump said earlier this year that he fired Flynn only for lying to Vice President Pence about the issue.
Trump’s personal lawyer John Dowd later said he was the one who wrote that tweet, saying he “did not mean to break news.”
Dowd attempted to explain Sunday that the tweet was referring to then-acting Attorney General Sally Yates telling White House Counsel Don McGahn in January that Flynn had “given the agents the same story he gave the vice president.”
He also said the agents seemed to think Flynn was confused. 
“All the president knew was that the department was not accusing him of lying,” Dowd said.
Trump over the weekend denied that he asked Comey to stop investigating Flynn.
Sen. Dianne Feinstein, D-Calif., the top Democrat on the Senate Judiciary Committee, said on NBC’s “Meet the Press” on Sunday that the panel has begun to see ""the putting together of a case of obstruction of justice"" against Trump.
Flynn is now cooperating with Special Counsel Robert Mueller’s investigators in the Russia meddling case, though it’s unclear what exactly he might reveal about Trump and his associates.
",conservative
Senate intel panel subpoenas two Flynn businesses in Russia probe,"The leaders of the Senate intelligence committee said Tuesday they had subpoenaed two of former National Security Adviser Michael Flynn's businesses as part of the ongoing probe into Russian activity during last year's presidential campaign.
Sen. Mark Warner, D-Va., the top Democrat on the committee, identified the businesses as Flynn Intel Group LLC and Flynn Intel Group Inc., both based in Alexandria, Va.
The committee's action comes a day after Flynn’s lawyer notified the committee that his client will invoke his Fifth Amendment protection against self-incrimination and not comply with the committee’s subpoena seeking documents related to its investigation.
""A business does not have the right to take the fifth,"" Warner told reporters.
The investigation focuses on whether Flynn and other Trump associates colluded with Russia to boost the Republican candidate in the 2016 elections.
Trump fired Flynn in February because he misled Vice President Mike Pence about conversations he had with Russia’s ambassador about potentially easing economic sanctions.
Flynn is also being investigated over whether he was fully forthcoming about his foreign contacts and earnings from organizations linked to the governments of Russia and Turkey.
Intelligence committee chairman Sen. Richard Burr, R-N.C., said Tuesday that the panel also sent a letter to Flynn’s lawyer questioning whether his client can indeed invoke the Fifth Amendment to avoid turning over documents.
Burr added that if there is no response from Flynn, the committee may consider pursuing a contempt of Congress charge.
""Everything is on the table,"" Burr said. Everything but immunity, he added.",conservative
"House Intelligence Committee Will Subpoena Flynn, Schiff Says","WASHINGTON — The House Intelligence Committee will issue subpoenas to Michael T. Flynn, President Trump’s first national security adviser, the committee’s senior Democrat said on Wednesday, escalating Mr. Flynn’s troubles with Congress.
The Democrat, Representative Adam B. Schiff of California, said Mr. Flynn had declined the panel’s request for documents and an interview as part of its investigation into Russian meddling in last year’s election.
“Those subpoenas will be designed to maximize our chance of getting the information that we need,” Mr. Schiff told reporters during a breakfast hosted by The Christian Science Monitor. “And I think we need to use whatever compulsory methods are necessary to get the information that he possesses.”
Mr. Schiff said he hoped the committee would issue the subpoenas this week, before Congress leaves for a one-week recess. It was unclear whether the subpoenas would seek documents or Mr. Flynn’s testimony, or both.
The subpoenas could not be issued without at least some support from Republicans, who make up the majority of the committee. A spokeswoman for Representative K. Michael Conaway of Texas, the Republican leading the investigation, did not immediately respond to a request for comment. Mr. Conaway has repeatedly refused to comment on the details of the investigation while it is continuing.
The announcement was made mere hours after the top Republican and Democrat on the Senate Intelligence Committee issued subpoenas Tuesday afternoon to Mr. Flynn’s two firms, seeking information that could shed light on his lobbying work on behalf of Turkish interests last year, among other connections.
On Monday, Mr. Flynn, in a letter from his legal team, rejected a subpoena for documents from the Senate committee, citing the Fifth Amendment’s protections against self-incrimination. He also declined the Senate committee’s invitation for an interview.
Mr. Flynn’s rejection of the subpoena put him at risk of being held in contempt of Congress, a rarely invoked process that, should lawmakers choose to pursue it, could result in a criminal citation.
The Flynn Intel Group was paid more than $500,000 to represent Turkey in a dispute with the United States government while Mr. Flynn was advising the Trump campaign. He belatedly registered as a foreign agent for that work after being forced out of the Trump administration for misrepresenting his communications with the Russian ambassador to Vice President Mike Pence.
Mr. Flynn’s legal troubles have only mounted in recent days. On Monday, it was revealed that he had misled Pentagon investigators about his foreign contacts and sources of income while seeking a renewed security clearance in February 2016. Among the payments he did not disclose was a $45,000 fee from a Russian state-backed news organization for a speech he gave in Moscow two months before. During that trip, he was photographed at a gala sitting next to the Russian president, Vladimir V. Putin.
Lying to federal officials is a felony, punishable by up to five years in prison.
As recently as Monday, in his letter to the Senate committee, Mr. Flynn has reiterated his offer to testify in exchange for immunity from prosecution. Senator Richard M. Burr of North Carolina, the Republican chairman of the committee, has dismissed that option.",conservative
Donald Trump Defends Michael Flynn By Saying Hillary Clinton Is The Real Liar,"WASHINGTON ― President Donald Trump on Monday defended his former national security adviser, Michael Flynn, by invoking his 2016 election opponent, Hillary Clinton.
“I feel very badly for Gen. Flynn,” Trump told reporters before leaving for a trip to Utah, saying that Flynn’s life has been “ruined.”
Trump then pivoted to Clinton, apparently referring to the FBI’s investigation into her use of a private email server.
“Hillary Clinton lied many times to the FBI, and nothing happened to her. Flynn lied, and it destroyed his life, and I think it’s a shame,” Trump said, before again claiming that Clinton “lied many times, [and] nothing happened to her. Flynn lied, and it’s like, it ruined his life. It’s very unfair.”
The president this morning says 'I feel badly for General Flynn.' #MorningJoe pic.twitter.com/tBp5aXWhBj — Morning Joe (@Morning_Joe) December 4, 2017
Flynn pleaded guilty on Friday for lying to the FBI in special counsel Robert Mueller’s investigation into possible collusion between Trump’s campaign and Russia, becoming the first former administration official to face charges in the probe.
Trump and the White House have long claimed that the investigations into the campaign have nothing to do with Trump himself. Flynn’s indictment, however, makes it increasingly difficult for the president to distance himself.
Flynn stepped down in February, saying that he had misled the transition team, including then Vice President-elect Mike Pence, about the extent of his contacts with Russian officials, which included discussing sanctions and the creation of a backchannel with the Kremlin.
Trump and his lawyer, John Dowd, now claim that the president already knew about Flynn lying to the FBI, renewing questions of whether Trump obstructed justice in the investigation.
In May, Trump told NBC’s Lester Holt that he fired then-FBI Director James Comey with “this Russia thing” in mind. The following month, Comey testified before the Senate that Trump had requested that Comey put an end to the agency’s investigation into Flynn.
In an interview with Axios published Monday, Dowd brought out a new defense: Trump isn’t guilty of obstructing justice because he is the president.
The “President cannot obstruct justice because he is the chief law enforcement officer under [the Constitution’s Article II] and has every right to express his view of any case,” Dowd said.",conservative
Donald Trump Jr. Communicated With WikiLeaks During Campaign,"Donald Trump Jr. Communicated With WikiLeaks During Campaign
WASHINGTON — Donald Trump Jr. had multiple online conversations during the 2016 presidential campaign with WikiLeaks, the anti-secrecy group that last year released a hacked trove of Democrats’ emails, according to four congressional officials.
Mr. Trump, the president’s son, in recent weeks handed over Twitter messages he exchanged with WikiLeaks to several congressional committees investigating Russia’s attempts to disrupt the election, according to the officials. In September, Mr. Trump acknowledged in a closed-door interview with the Senate Judiciary Committee that he had corresponded with the group during the campaign, the officials said.
The correspondence, which began weeks before the Nov. 8, 2016, election and continued through much of this year, is the second time it has been publicly revealed that Mr. Trump communicated with people and organizations with ties to the Russian government who were trying to undermine the presidential campaign of Hillary Clinton.
In July, The New York Times reported that Mr. Trump met with Russians in June 2016 who said they had damaging information on Mrs. Clinton, and that the information was part of the Russian government’s support for Mr. Trump.
Mr. Trump on Monday night releasedseveralscreen shots of his messages with WikiLeaks. His lawyer, Alan S. Futerfas, said the documents were “selectively leaked” among the thousands that have been turned over to congressional investigators.
“We can say with confidence that we have no concerns about these documents and any questions raised about them have been easily answered in the appropriate forum,” Mr. Futerfas said in a statement.
By publishing thousands of hacked emails, American intelligence agencies believe WikiLeaks was acting as a conduit for Russian operatives.
The Twitter messages were first reported by The Atlantic, which published copies of the correspondence.
“Hiya, it’d be great if you guys could comment on/push this story,” WikiLeaks said in a message to Mr. Trump on Oct. 3, 2016, that included a quote from Mrs. Clinton in which she said she wanted to “just drone” Julian Assange, the WikiLeaks founder.
“Already did that earlier today,” Mr. Trump said in response. “It’s amazing what she can get away with.”
In a message a week later, WikiLeaks asked Mr. Trump to have his father tweet a link to a site where users could search through hacked emails from Democrats.
“There’s many great stories the press are missing and we’re sure some of your follows will find it,” WikiLeaks said, adding that the group had just released more emails stolen from Mrs. Clinton’s campaign chairman, John D. Podesta.
Mr. Trump did not respond. Fifteen minutes later, however, his father tweeted: “Very little pick-up by the dishonest media of incredible information provided by WikiLeaks. So dishonest! Rigged system!”
Mr. Assange said on Twitter that he could not confirm whether the group had corresponded with Mr. Trump.
“WikiLeaks loves its pending publications and ignores those who ask for details,” Mr. Assange said, adding that thousands of people had asked the group about the emails it had published.
Mark Warner, the top Democrat on the Senate Intelligence Committee, said the messages, if real, are “one more example of Russians, Russian agents — in this case WikiLeaks — reaching out to senior officials in the Trump Organization or Trump campaign.”
The last message Mr. Trump received from WikiLeaks was in July, shortly after The Times reported that he had corresponded with the Russians promising “dirt” on Mrs. Clinton.
“Hi Don. Sorry to hear about your problems,” WikiLeaks said. “We have an idea that may help a little. We are VERY interested in confidentially obtaining and publishing a copy of the email(s) cited in the New York Times today.”
Shortly thereafter, Mr. Trump released the emails himself.",conservative
Donald Trump Jr. Messaged With WikiLeaks During Presidential Campaign,"Donald Trump Jr. Messaged With WikiLeaks During Presidential Campaign
President Donald Trump’s oldest son, Donald Trump Jr., communicated with WikiLeaks over Twitter direct message during the 2016 presidential race, according to a report in The Atlantic published Monday.
According to messages obtained by The Atlantic’s Julia Ioffe, Trump Jr. messaged with the WikiLeaks account between September 2016 and July 2017. The messages were given to congressional investigators probing whether Trump’s presidential campaign colluded with Russian officials to influence the outcome of the 2016 election. (Federal officials believe WikiLeaks published material, including emails from the Democratic National Committee’s servers, that had been obtained via Russian hackers.)
Trump Jr. later on Monday confirmed his correspondence with WikiLeaks, posting several screenshots of the Twitter messages.
The messages are mostly from WikiLeaks to the president’s son, but Trump Jr. did occasionally respond to the messages. The organization made multiple requests of Trump Jr., asking him to provide his father’s tax returns and suggesting the candidate refuse to concede if he lost the election to Democratic opponent Hillary Clinton. (Trump Jr. didn’t respond to either message.)
On one occasion, Trump Jr. tweeted a link to a cache of leaked emails after the WikiLeaks account messaged it to him.
On another, WikiLeaks wrote it was happy to see the elder Trump mentioning the group on the campaign trail. Moments later, Trump tweeted about the organization.
After Trump won the election, Wikileaks suggested that Trump should prod Australia to appoint the site’s founder, Julian Assange, ambassador to the United States.
The White House didn’t immediately respond to a HuffPost request for comment on the report. In a statement to The Atlantic, Trump Jr.’s attorney, Alan Futerfas, said, “We can say with confidence that we have no concerns about these documents and any questions raised about them have been easily answered in the appropriate forum.”
Vice President Mike Pence, who in an Oct. 14, 2016, interview with Fox News claimed the campaign had not been in contact with WikiLeaks, said in a statement late Monday that he had not known about Trump Jr.’s messages.
“The vice president was never aware of anyone associated with the campaign being in contact with WikiLeaks,” said Pence press secretary Alyssa Farah. “He first learned of this news from a published report earlier tonight.”
Weeks before the election, asked if the campaign was “in cahoots” with WikiLeaks, Pence denied it. “Nothing could be further from the truth,” he said. “I think all of us have, you know, have had concerns about WikiLeaks over the years, and it’s just a reality of American life today, and of life in the wider world.”
Trump Jr. became embroiled in the Russia investigation after it was revealed he and other campaign officials met with a Kremlin-backed attorney in June 2016 who had promised damaging information about Clinton. Leaked emails published by The New York Times show Trump Jr. arranged the meeting at Trump Tower in New York.
“To the extent they had information concerning the fitness, character or qualifications of a presidential candidate, I believed that I should at least hear them out,” Trump Jr. said in a statement to the Senate Judiciary Committee, one of the congressional committees probing the campaign’s Russia ties, in September.
He said the meeting did not lead to anything, and has denied colluding with the Russian government.
Trump Jr. is expected to publicly testify before the Senate Judiciary Committee, according to the panel’s top Democrat, Sen. Dianne Feinstein of California.",conservative
Donald Trump Jr. releases messages with WikiLeaks from before election,"President Trump’s eldest son, Donald Trump Jr., corresponded with WikiLeaks before the 2016 presidential election, a dialogue of which the president’s son confirmed Monday night on Twitter.
In a series of tweets, Trump Jr. produced “the entire chain of messages with @wikileaks (with my whopping 3 responses) which one of the congressional committees has chosen to selectively leak. How ironic!”
The Atlantic first reported on Monday that Trump Jr. received a private message from the WikiLeaks Twitter account on September 20, 2016 — a message shown in the tweets produced by the president’s son.
“A PAC run anti-Trump site putintrump.org is about to launch,” WikiLeaks wrote. “The PAC is a recycled pro-Iraq war PAC. We have guessed the password. It is ‘putintrump.’ See ‘About’ for who is behind it. Any comments?”
Trump Jr. replied, “Off the record I don’t know who that is, but I’ll ask around. Thanks.”
In a separate October 2016 exchange, WikiLeaks urged Trump Jr. to “comment on/push this story” about then-Democratic presidential nominee Hillary Clinton wanting to “just drone” Julian Assange, the Wikileaks founder.
“Already did that earlier today,” Trump Jr. later replied. “It’s amazing what she can get away with.”
The messages obtained by The Atlantic were turned over to investigators by Trump Jr.’s attorneys. The House Permanent Select Committee on Intelligence had access to the documents, a source told Fox News.
“Over the last several months, we have worked cooperatively with each of the committees and have voluntarily turned over thousands of documents in response to their requests,” Alan Futerfas, an attorney for Trump Jr., said in a statement.
“Putting aside the question as to why or by whom such documents, provided to Congress under promises of confidentiality, have been selectively leaked, we can say with confidence that we have no concerns about these documents and any questions raised about them have been easily answered in the appropriate forum.”
According to the report, the messages are part of a long correspondence between WikiLeaks and Trump Jr., though Trump Jr. seemed to ignore many of the messages, including some which urged him to release “one or more of your father’s tax returns.”
President Trump’s attorney Ty Cobb told Fox News on Monday that he was not aware that Donald Trump Jr.’s attorneys provided these documents to congressional investigators, but said there is likely no legal issue, from what he knows of the documents.
Wikileaks publisher Julian Assange tweeted about the report on Monday, saying that the organization couldn’t “confirm” the messages with Trump Jr.
Wikileaks “does not keep such records and the Atlantic’s presentation is edited and clearly does not have the full context,” Assange wrote.
“WikiLeaks loves its pending publications and ignores those who ask for details,” Assange continued. “Trump Jr. was rebuffed just like Cambridge Analytica. In both cases WikiLeaks had publicly teased the publications. Thousands of people asked about them. WikiLeaks can be very effective at convincing even high profile people that it is their interest to promote links to its publications.
“WikiLeaks has such chutzpah that it allegedly tried to convince Trump Jr to leak his father’s tax returns & his own “Russian lawyer meeting” emails (he did),” Assange wrote. “WikiLeaks appears to beguile some people into transparency by convincing them that it is in their interest.”
Assange also claimed that the “full text of alleged DMs with context provides a different reading, unsurprisingly.”
This is not the first time that Trump Jr. has been in the spotlight, and has had his actions brought into question amid the larger probe into Russian meddling and potential collusion with Trump campaign associates in the 2016 presidential election.
In June 2016, Trump Jr. accepted a now-highly scrutinized meeting with Russian attorney Natalia Veselnitskaya, after he allegedly was promised “dirt” on Hillary Clinton. The meeting was brokered by music publicist Rob Goldstone who promised the campaign information. Jared Kushner and Paul Manafort, who was charged last month in Special Counsel Robert Mueller’s probe into Russian collusion, also attended the meeting.
Fox News’ Matt Richardson and John Roberts contributed to this report.",conservative
"F.B.I. 'Destroyed' Flynn’s Life for Lying, Trump Says, but 'Nothing Happened' to Clinton","WASHINGTON — President Trump on Monday said the F.B.I. ruined the life of his former national security adviser and said his Democratic opponent for president, Hillary Clinton, suffered no consequences after she lied “many times” to the F.B.I.
Michael T. Flynn, Mr. Trump’s first national security adviser, pleaded guilty on Friday to lying to the F.B.I. when he was questioned early this year about his conversations with the Russian ambassador. He was the fourth person charged in the investigation of Robert S. Mueller III, the special counsel appointed to lead an inquiry into Russia’s influence on the 2016 election and possible ties to Trump associates.
As he left for Utah on Monday, the president said he felt “very badly” for Mr. Flynn, whom he fired in February for lying to the vice president about the content of these conversations.
Mr. Trump’s comments Monday on Mr. Flynn come at a time when the special counsel investigation is focusing intensely on the president’s inner circle. Mr. Trump once encouraged Mr. Flynn to seek an immunity deal. Presidents typically do not weigh in on federal investigations to avoid appearing to influence the outcome.
“I feel badly for General Flynn,” Mr. Trump said on Monday. “I feel very badly. He’s led a very strong life and I feel very badly. Hillary Clinton lied many times to the F.B.I. Nothing happened to her. Flynn lied and they destroyed his life.”
Mr. Trump did not cite specifically what Mrs. Clinton said that he considered a lie.
Mrs. Clinton gave a voluntary interview to the bureau in July 2016 during its investigation into whether she or her aides broke the law by corresponding through a private email server set up for her use as secretary of state. A few days later, the F.B.I. director at the time, James B. Comey, recommended no charges be filed against her in the matter.",conservative
"Top House Intel Dem: Flynn Not Cooperating With Russia Probe, Subpoenas Coming","WASHINGTON ― The House intelligence committee is preparing to issue subpoenas against Michael Flynn after the former national security adviser denied a request to voluntarily turn over documents related to the committee’s Russia probe.
Rep. Adam Schiff (Calif.), the ranking Democrat on the committee, said on Wednesday that the committee is prepared to use “whatever compulsory process we need” to obtain information from Flynn if he does not cooperate with the subpoenas. He added that the committee could issue additional subpoenas if other witnesses fail to cooperate, but did not name additional individuals.
Citing the Fifth Amendment right against self-incrimination, Flynn’s lawyer said on Monday that Flynn would not comply with subpoenas from the Senate intelligence committee, which is conducting its own parallel investigation into Russia’s interference in the election and whether it colluded with President Donald Trump’s associates. The Senate committee responded with two additional subpoenas on Tuesday targeting Flynn’s businesses.
The House committee’s subpoenas “will be designed to maximize our chance of getting the information that we need,” Schiff told reporters at a breakfast hosted by the Christian Science Monitor. “We need to use whatever compulsory mechanism necessary to get the information he possesses … the Fifth Amendment right not to provide materials or documents is limited,” he added.
Schiff said he is “skeptical” that the committee would agree to grant Flynn immunity in the future in exchange for information.
The committee is also looking for ways to obtain documentation of Trump’s conversations with top intelligence and law enforcement officials involved in a separate federal Russia probe.
Trump implied earlier this month that he had “tapes” of discussions with recently fired FBI Director James Comey that would be damaging to Comey. And the Washington Post reported earlier this week that Trump asked Director of National Intelligence Dan Coats and National Security Agency Director Mike Rogers to push back on the FBI’s Russia investigation.
“That could be further evidence of an attempt to interfere with the investigation,” Schiff said of Trump’s reported request to Coats and Rogers. He also referred to past reports that the White House asked allies on Capitol Hill to refute negative press stories about Trump associates’ ties to Russia. “If all of this is part of a pattern by the White House of interference or worse, that’s something that we have to find out about and it’s something we have to stop,” he said.
Despite concerns about Trump interfering with ongoing investigations into his campaign, Schiff warned that it is premature for Democrats on Capitol Hill to push for impeachment.
“There’s a legal standard that needs to be met for impeachment and then there’s a very practical standard that has to be met,” Schiff said. Practically speaking, he continued, impeachment is only possible if Republican lawmakers and the general public believe Trump is unfit for office.
“If the Republicans in Congress or people at large in the country feel this is simply a way to nullify an election that others didn’t agree with, then you’re not going to meet the practical standards necessary,” Schiff said.",conservative
Steele to Announce Decision on R.N.C. Run,"The battle for control of the Republican National Committee will take a new turn on Monday when Michael Steele announces whether he plans to step down as party chairman or will disregard the onslaught of criticism about his oversight of the committee and seek a second term.
Mr. Steele is expected to disclose his intentions during a conference call with committee members on Monday evening. Mr. Steele has lost the backing of many top supporters, but he has not yet said whether he will try to rebuild his frayed coalition and fight for the chance to lead the party into the 2012 election cycle.
Mr. Steele’s tenure has been one of the few blemishes this year for the Republican Party, which scored historic victories in the midterm elections. At least six top Republicans have already taken steps to run for party chairman and several members have withdrawn their support for Mr. Steele, leading many party leaders to conclude that Mr. Steele will not seek reelection.
But Mr. Steele has kept close counsel about his future, Republican officials said Sunday, and his plans were unknown even to several of his own advisers. A spokesman for the R.N.C. did not respond to inquiries about the conference call, which Mr. Steele announced personally in a weekend e-mail message to fellow Republicans.
“Dear Members, Please join me for a private conference call,” Mr. Steele wrote in a message to Republicans, which was provided to the New York Times by a committee member. “Thank you and I look forward to talking to you Monday evening.”
A coordinated effort to replace Mr. Steele has been underway for weeks, with several leading Republicans arguing that the committee needed to urgently improve its fund-raising practices and tighten its organizational structure to prepare for the presidential election. The political director of the committee resigned in protest last month and is among those vying for the job.
Mr. Steele, a former lieutenant governor of Maryland, was elected in January 2009 to lead Republicans at a bleak moment. He has argued that he deserves credit for building the party in all corners of the country and winning control of the House of Representatives last month.
The contenders for the position include: Reince Preibus, chairman of the Wisconsin Republican Party; Ann Wagner of Missouri, an ambassador to Luxembourg in the Bush administration; Maria Cino, a veteran Republican operative who has the support of former Vice President Dick Cheney; Saul Anuzis, former Republican chairman in Michigan; and Gentry Collins, who resigned last month as political director. A former party chairman, Mike Duncan, also is considering a run.
The 168-member committee will elect a chairman during its meeting in January.",conservative
RNC Chairman Steele to Announce Intentions on a Second Term,"Republican National Committee Chairman Michael Steele will speak with RNC members Monday evening in which he is expected to announce a decision about whether to make another run for the party chairmanship. A handful of well-placed and influential RNC insiders tell Fox News they expect Steele to announce he is not running for re-election.
But Steele has been unpredictable, especially over recent weeks, and some close to the GOP chairman say he wants to run for another term and is struggling to find enough support for a second term.
Fox News confirmed Steele sent an e-mail to committee members Saturday night with the subject line, ""conference call.""
In the note, he asked members to join him ""for a private conference call"" Monday evening.
Republicans picked up 63 seats in the House, narrowed the gap in the Senate and picked up 19 state legislative bodies in the November midtem election, but pressure has been mounting all year for Steele to step down from the position.
Critics have described the chairman as gaffe-prone and said he hasn't raised enough money. The criticism has resulted in an array of challenges or potential challenges for Steele's job from Wisconsin Republican Party Chairman Reince Priebus, former RNC Co-Chairwoman Ann Wagner, longtime Republican official Maria Cino, former Michigan Republican Party Chairman Saul Anuzis and former RNC Political Director Gentry Collins.
The fierce competition will end next month with the selection of a chairman for the 2012 election cycle.",conservative
Michael Steele's End Could Be Near,"RNC Chairman Michael Steele is expected by some to announce that he will not seek a second term as the head of the Republican National Committee, according to multiple reports.
Politico reported over the weekend that many of his supporters as well as other GOP operatives believe that a Steele run was looking increasingly doubtful, due in part to the fact that he ""has built no known reelection team or structure, making the prospect of a campaign unlikely in the face of competition that grows fiercer by the day.""
Meanwhile, multiple sources tell Fox News that they believe Steele will drop out of the race.
And while many predict that Steele will call it quits after his current term, his increasing seclusion and detachment from other Republican advisers has made his forthcoming decision difficult to ascertain. At least one GOP insider who had direct contact with Steele told the Washington Post that the chairman would indeed be seeking another term atop the RNC.
Hotline On Call says the nature of the decision is a ""closely guarded secret"" and reports that ""even his top advisors, both inside and outside the committee, say they don't know which direction he will take.""
Steele's gaffe-prone tenure at the helm of the RNC has aided the creation of a significant bloc of GOPers who are intent on seeing his departure next month. While some, such as black conservative group BOND Action, have directly announced their intentions to work toward insuring Steele's termination at the committee, other Republicans have simply lined up behind his growing list of challengers.
Maria Cino, a former Bush official who recently received key backing from former RNC Chairman Ed Gillespie and former Vice President Dick Cheney, became the latest official contender this weekend.
Wisconsin GOP Chairman Reince Preibus, recently resigned RNC political director Gentry Collins, former U.S. ambassador Ann Wagner and former Michigan GOP chairman Saul Anuzis also round out the list. Politico also reports that former Senator Norm Coleman could enter the race if Steele decides not to run.",conservative
Justices Take Up Crucial Issue in Wal-Mart Suit,"WASHINGTON — The Supreme Court appeared closely divided on Tuesday during arguments over the theory put forth by the plaintiffs in an enormous sex discrimination class-action case against Wal-Mart.
Even some justices who seemed sympathetic to the plaintiffs expressed qualms about how to administer a lawsuit involving as many as 1.5 million women seeking back pay that could amount to billions of dollars. Others appeared worried about the consequences for other businesses of a ruling that would allow the case against Wal-Mart to go forward.
The mere certification of a class-action suit can prompt defendants to settle in light of the sums at stake, and the justices struggled to find a way to distinguish between gaps in pay that might have benign explanations and those caused by unlawful discrimination.
The court of Chief Justice John G. Roberts Jr. has recently issued a series of rulings in favor of plaintiffs suing for employment discrimination that cut against the court’s pro-business reputation. The Wal-Mart case dwarfs those rulings in importance. It is the largest employment discrimination class action in history, and the court’s decision, expected by June, will probably be its most important business ruling this term.
The issue before the justices at Tuesday’s arguments was not whether Wal-Mart, the country’s largest retailer and biggest private employer, discriminated against women who worked there. For now, the question in the case, Wal-Mart Stores v. Dukes, No. 10-277, is whether hundreds of thousands of female workers have enough in common to join together in a single lawsuit.
The plaintiffs’ theory is that a centralized companywide policy gave local managers too much discretion in pay and promotion decisions, leaving Wal-Mart vulnerable to gender stereotypes. The plaintiffs have presented sworn statements and statistics to support their claim.
Wal-Mart calls that evidence unrepresentative and unreliable. The company says its policies expressly bar discrimination and promote diversity. In any event, the company says, the plaintiffs — who worked in 3,400 stores in 170 job classifications — do not have enough in common to warrant class-action treatment.
Justice Anthony M. Kennedy said the theory about how the company discriminated — through a central policy conferring local discretion — was internally inconsistent. “Your complaint faces in two directions,” he told a lawyer for the plaintiffs.
But Justice Stephen G. Breyer said Wal-Mart could be held accountable if it failed to take action in the face of reports of discrimination from its stores. “Should central management under the law have withdrawn some of the subjective discretion in order to stop these results?” Justice Breyer asked.
Justice Ruth Bader Ginsburg agreed, saying that companies had a responsibility to make sure that women were treated fairly in local workplaces. And Justice Elena Kagan said that “excessive subjectivity” may be a policy that violates the civil rights laws.
But Justice Antonin Scalia was unconvinced.
“I’m getting whipsawed here,” he told the plaintiffs’ lawyer, Joseph M. Sellers. “On the one hand, you say the problem is that they were utterly subjective, and on the other hand you say there is strong corporate culture that guides all of this. Well, which is it?”
Mr. Sellers responded that “there is this broad discretion given the managers” but that “they do not make their decisions in a vacuum.” Managers, he went on, “are informed by the company about how to exercise that discretion.”
That did not satisfy Justice Scalia. “If somebody tells you how to exercise discretion,” he said, “you don’t have discretion.”
Theodore J. Boutrous Jr., a lawyer for Wal-Mart, said the handful of women named as plaintiffs who seek to represent the entire class did not have typical experiences at the company.
“Each of the plaintiffs have very different stories,” he said. “One of them was promoted into a managerial position. One was terminated for disciplinary violations. One was promoted and then had a disciplinary problem and then was demoted.”
He added that “this class includes at least 544 store managers who are alleged to be discriminators and victims.”
Several justices had practical concerns.
“What seems to me a very serious problem in this case is, how do you work out the back pay?” Justice Ginsburg asked.
Mr. Sellers said the trial court could rely on statistics culled from company databases, which he said were more reliable than the evidence that might be presented in individualized hearings given the available information about particular pay and promotion decisions. Memories have faded, he said, and Wal-Mart did not keep good records.
Given that, Mr. Sellers said, Wal-Mart’s personnel decisions were “standardless” and “recordless.”
Justice Kennedy responded with a point about the suitability of the case for class-action treatment. “If it’s standardless and recordless,” he said, “then why is there commonality?”
Mr. Boutrous said Mr. Sellers was trying to have it both ways.
“The problem here, Mr. Sellers says, is that the records are not available,” Mr. Boutrous said. “Then he says we’re going to have a proceeding where the district judge relies only on the records that he says are inadequate, to allow a reconstruction of the decision. That is not a process known to our jurisprudence. It doesn’t comport with due process.
Several justices voiced concerns about how many companies could be subject to class-action suits if they allowed the case against Wal-Mart to go forward.
“Is it true,” Chief Justice Roberts asked Mr. Sellers, “that Wal-Mart’s pay disparity across the company was less than the national average?”
Mr. Sellers said that was not the appropriate comparison. “The comparison that’s relevant,” he said, “is between men and women and Wal-Mart.” He added later that “Wal-Mart was behind the other large retailers.”
The chief justice also asked Mr. Sellers “how many examples of abuse of the subjective discrimination delegation need to be shown before you can say that flows from the policy rather than from bad actors?” After all, he said, “you’re going to have some bad apples” given Wal-Mart’s thousands of stores.
Mr. Sellers responded that “there is no minimum number” in court decisions.
Justices Kennedy and Samuel A. Alito Jr. said they were concerned about companies whose pay and promotion gaps mirror national numbers where there is no proof of a discriminatory policy.
“So, you have the company that is absolutely typical of the entire American work force,” Justice Alito said. “Then you would say every single company is in violation of Title VII” of the Civil Rights Act?
“That could very well be the case,” Mr. Sellers said.",conservative
"Trump Sends Investigators to Hawaii, Gains in GOP Presidential Primary Poll","WASHINGTON -- Real estate tycoon Donald Trump said Thursday he has doubts about whether President Obama was born in the United States and has sent investigators to Hawaii looking for answers.
The ""Celebrity Apprentice"" star has shot up in the polls as a potential GOP nominee, in part because of his questions about whether Obama is constitutionally allowed to be president if he doesn't prove he is a natural-born citizen of the United States.
""I have people that actually have been studying it and they cannot believe what they're finding,"" Trump told NBC's ""Today"" show on Thursday.
Officials in Hawaii have certified Obama's citizenship, but a segment of society -- labeled ""birthers"" in the vernacular -- have demanded additional proof. Trump said when he started seriously considering a presidential bid a few weeks back, he thought the president was native-born, but now he's not so sure.
""His grandmother in Kenya said he was born in Kenya, and she was there and witnessed the birth. He doesn't have a birth certificate or he hasn't shown it. He has what's called a certificate of live birth. That is something that's easy to get,"" Trump said, arguing that Obama has spent $2 million in legal fees ""to get away from this issue.""
Calling it potentially one of the biggest scams in the history of politics, Trump said he'd like Obama to show his birth certificate.
""And to be honest with you, I hope he can,"" he told ""Today.""
Trump, who placed second in an NBC/ Wall Street Journal poll of potential 2012 Republican candidates, said he will decide by June whether to run, and if he is the GOP nominee, ""I'd like to beat him straight up,"" not on the basis of the question of where Obama was born.
In the poll, former Massachusetts Gov. Mitt Romney leads the would-be group of contenders with 21 percent of Republican primary voters surveyed followed by Trump and former Arkansas Gov. Mike Huckabee at 17 percent each. The Republican primary poll was taken as part of a March 31-April 4 survey of 1,000 adults, but the sample survey of Republican primary voters polled was only 238.
In the poll, former House Speaker Newt Gingrich garnered 11 percent, while former Alaska Gov. Sarah Palin earned 10 percent support. Former Minnesota Gov. Tim Pawlenty earned 6 percent, Minnesota Congresswoman Michele Bachmann got 5 percent, former Pennsylvania Sen. Rick Santorum won 3 percent and Mississippi Gov. Haley Barbour received 1 percent support.
Asked in the interview how genuine his presidential ambition is, Trump, who would have to hand over the reins of his international empire in order to run the country, said, ""I always take things seriously, but I've never taken it seriously like this. I wish I didn't have to do it.""
But speaking on ABC News, New Jersey Republican Gov. Chris Christie, who is insistent he personally is not a candidate for president in 2012, said he wasn't sure his friend Trump would be either.
""Donald's a really good friend of mine, I don't know that Donald really wants to be president,"" Christie said in an interview that aired Wednesday night. Christie: I don't know that he wants that in particular. ... We've spoken about it and all I could say to you is, I’ll believe it when I see it.""
Back on NBC, Trump said he wants Obama to do well, but the presidency is not going that direction.
""I love this country, but this country is going to hell. ... The world laughs at us. They won't be laughing if I'm elected president,"" he said.
Trump accused Obama of conducting a confusing policy on the civil war in Libya, saying ""nobody knows what's happening, and now it looks like (Libyan strongman Muammar) al-Qaddafi is going to beat the United States.""
""I'm only interested in Libya if we get the oil,"" Trump said. He said Obama ""doesn't have a doctrine (on foreign affairs.) Foreign affairs is, we take care of ourselves first.""",conservative
Donald Trump Signals He Has Investigators Looking Into Obama Citizenship Issue In Hawaii,"WASHINGTON — Real estate tycoon Donald Trump said Thursday he hopes questions surrounding Barack Obama’s U.S. citizenship won’t be the defining issue if he’s chosen as the Republican candidate to challenge the president’s re-election.
Trump told NBC News in an interview that plans to decide by June whether to run. He said that if he’s nominated, “I’d like to beat him straight up,” not on the basis of the birth issue.
A national NBC/WSJ poll released yesterday shows Trump tied for 2nd with Mike Huckabee in the 2012 GOP primary field at 17 percent (Mitt Romney leads the pack at 21 percent).
NBC further notes, “Strikingly, Trump . . . finishes first among Tea Party supporters (at 20 percent), followed by Romney (17 percent), Huckabee (14 percent), Palin (12 percent) and Gingrich (9 percent).”
Trump said he didn't introduce the citizenship issue, but was asked about it during an interview a month ago. Since then, he said he's looked into it and believes ""there is a big possibility"" Obama may have violated the Constitution.
""I want to see the birth certificate,"" said Trump in an interview on NBC's ""Today"" show, according to TIME. ""How come his own family doesn't know which hospital he was born in? How come-- forget about birth certificates. Let's say there's no birth certificate. How come in the hospital itself, okay? This is one of the...in the hospital itself, there's no records of his birth. In other words, it doesn't say how much they paid, where is the doctor, here's your room bill.""
Officials in Hawaii have certified that Obama was born in that state. But ""birthers"" have demanded additional proof, asserting he could have been born in Kenya. ""I'm not convinced that he has one,"" Trump said of the birth certificate issue.
""Today"" show host Meredith Vieira asked Trump, ""You've been privy to all of this to know this?"" His response: ""Well, I have people that actually have been studying it and they cannot believe what they're talking.""
The remarks from the potential presidential candidate prompted Vieira to ask Trump if he had people on the ground in Hawaii searching for proof of the president's citizenship. He signaled he did, saying, ""And they cannot believe what they're finding. And I'm serious.""
When asked how genuine his presidential ambition is, Trump said, ""I always take things seriously, but I've never taken it seriously like this.""
""I wish I didn't have to do it,"" he said.
""I wish this was the greatest place in the world,"" Trump said, but he also said jobs are disappearing in the United States and that Obama has given the country ""a terrible presidency.""
Trump said that if the current fight over budget issues forces a shutdown, ""I think the president will be blamed.""
He accused Obama of carrying out a confusing policy on the civil war in Libya, saying ""nobody knows what's happening, and now it looks like (Libyan strongman Moammar) Gadhafi is going to beat the United States.""
""I'm only interested in Libya if we get the oil,"" Trump said. He said Obama ""doesn't have a doctrine (on foreign affairs.) Foreign affairs is, we take care of ourselves first""
Of Obama, he said, ""I want him to do well. ... I love this country, but this country is going to hell. ... The world laughs at us. They won't be laughing if I'm elected president.""",conservative
AARP Willing To Negotiate On Social Security Retirement Age,"WASHINGTON -- The nation's leading advocate for senior citizens says that it hasn't wavered in its opposition to cutting Social Security benefits, though a top official with the group said it is open to a discussion about raising the retirement age and other changes.
The Wall Street Journal reported Friday morning that AARP, one of the most influential lobbying groups in Washington, was softening its opposition to cutting retirement benefits.
AARP initially pushed back against the newspaper's story.
""Stay tuned -- our position has not changed on Social Security,"" an AARP spokeswoman said in an email to HuffPost.
AARP legislative policy director David Certner said on CNN Friday that ""there was some miscommunication with the Wall Street Journal story.""
But then Certner acknowledged that AARP believes the program needs to be changed.
""Everybody knows we need to look at a package of different changes to Social Security to make it strong for the long term,"" he said. ""The reality is, we have more people older and who are living longer, so we need to make changes. Everybody recognizes that. And we're certainly willing to talk about a package of changes that will keep Social Security strong.""
He suggested raising the age at which retirees can receive full benefits -- currently, 66 years old -- would be on the table even though doing so represents ""a massive benefit cut for people.""
The 37 million-member lobbying powerhouse launched a national ad campaign Thursday warning members of Congress not to reduce benefits for recipients of Social Security and Medicare.
Jonathan Cowan, president of centrist think tank Third Way, hailed AARP's apparent reversal, per the Journal story.
""Today marks a watershed moment in American politics,"" Cowan said. ""For decades, AARP has stood against any substantial changes to Social Security. Now that they have opened the door to reform, it is time for lawmakers to walk through it.""
Yet AARP reassured labor groups that it had not changed its position on Social Security, labor officials told HuffPost.
""The AARP has a history of division between the top folks and their base on these issues. The top folks like to be in the inside game,"" one union official said. ""But they are walking backwards now.""
The official said that he and other opponents of benefit cuts had been told that AARP's ""longstanding position"" hadn't changed, but there was some uncertainty about what that position actually is.
If AARP is open to reducing benefits, it would be a major boost for Social Security reformers who say the program is too generous and therefore unaffordable.
Social Security will start paying out more in benefits than it absorbs in taxes this year which will lead the retirement program's trust fund to become exhausted in 2036, according to the latest annual trustees report. After 2036, the program will only be able to pay 77 percent of promised benefits. By 2085, it will be able to pay 74 percent of promised benefits.
As of April, 35 million seniors received Social Security retirement benefits averaging $1,179 a month, according to the program's latest monthly snapshot.
Economists credit the program for drastically reducing poverty among the elderly since its creation in the 1930s. The Center on Budget and Policy Priorities, a progressive Washington think tank, estimates that Social Security keeps 13 million elderly Americans out of poverty.
The Journal reported that AARP policy chief John Rother is pushing the organization to accept benefit cuts as part of a deal to make Social Security solvent. Rother's thinking, according to the paper, is that tax increases alone can't keep the program's $2.6 trillion trust fund from running out of money, so benefit cuts must be included as well.
Social Security's retirement benefits are funded with taxes on incomes up to $106,800, known as the taxable earnings base. The base also effectively serves as a cap on benefits because they are calculated according to a worker's contributions over his or her lifetime.
A September 2010 Congressional Research Service report found that lifting the cap, without also raising benefits, would make the program solvent for the foreseeable future.
""If all earnings were subject to the payroll tax, but the base was retained for benefit calculations, the Social Security Trust Funds would remain solvent for the next 75 years,"" said the report.
""There are dozens of ways modest tax increases on even just the very wealthiest Americans would restore Social Security to long-run actuarial balance, and there would be enough left over to increase benefits,"" said Nancy Altman, co-chair of Strengthen Social Security, a 300-member coalition of national and state organizations opposed to benefit cuts.
The problem with plans to hike taxes is that they're politically unfeasible because of congressional Republicans' adamant opposition to any sort of tax increase, much less a tax increase not accompanied by a spending cut. President Obama's National Commission on Fiscal Responsibility and Reform drafted a plan that would tweak Social Security by increasing taxes and reducing benefits both. That proposal went nowhere.
UPDATE: AARP CEO A. Barry Rand said in a statement, ""It has long been AARP's policy that Social Security should be strengthened to provide adequate benefits and that it is sufficiently financed to ensure solvency with a stable trust fund for the next 75 years."" The statement does not deny that AARP is open to reducing benefits.",conservative
AARP Open to Social Security Cuts,"WASHINGTON — AARP, the powerful lobby for older Americans that has been seen as one of the leading opponents of Social Security benefit cuts, said on Friday that it was open to modest reductions in benefits for future recipients.
The group’s stance, which generated quick reaction from all sides because of its powerful voice on the issue, could provide added ammunition to fiscal conservatives who have sought unsuccessfully to restructure Social Security and chip away at the benefits it promises older Americans.
“Our goal is to limit any changes in benefits,” John Rother, AARP’s policy chief, said in a telephone interview, “but we also want to see the system made solvent.”
Mr. Rother said the group’s stance on possible cuts, which was first reported in The Wall Street Journal in Friday’s editions, should be seen less as a major change in position than as a reflection of the political and financial realities facing the Social Security system and the country as a whole.
“You have to look at all the tradeoffs,” Mr. Rother said, “and what we’re trying to do is engage the American public in that debate.”
He made clear that the group’s willingness to discuss cuts comes with conditions: Reductions in benefits should be “minimal,” they should not affect current recipients and instead should be directed “far off in the future,” and they should be offset by increases in tax-generated revenue.
Nonetheless, the group’s openness to the possibility of unspecified cuts was seen as a significant development by people on all sides of the Social Security question because of AARP’s influence on federal policies affecting older Americans, including Medicare, prescription drugs and many more.
Third Way, a moderate Democratic group in Washington that has favored possible reductions in benefits, called AARP’s position “a watershed moment” in the debate over Social Security.
“Now that they have opened the door to reform, it is time for lawmakers to walk through it,” said Jonathan Cowan, president of Third Way.
But other advocacy groups that are pushing to preserve Social Security benefits accused AARP of effectively abandoning its core constituency.
Max Richtman, executive vice president of the National Committee to Preserve Social Security and Medicare, an advocacy group in Washington, said the timing of AARP’s statements was particularly bad because it came in the midst of deliberations between the Obama administration and Congressional Republicans about the debt ceiling and overall deficit reduction.
AARP insisted that the Social Security trust funds should not be raided to reduce the deficit and that the two issues were separate. But Mr. Richtman said the group’s openness to considering future cuts would no doubt be used by deficit hawks to push for immediate cuts in Social Security benefits as part of the debate over deficit reduction.
“I think it’s tragic that AARP would, wittingly or unwittingly, play into the hands of people who have never really liked Social Security and want to decimate it,” Mr. Richtman said. “AARP is the 800-pound gorilla, but they do not speak for seniors.”
Republican leaders, who have led calls for revamping Social Security, had no immediate comments on AARP’s willingness to consider benefit reductions.
An aide to the Republican-led House Ways and Means Committee, who spoke on condition of anonymity under committee protocol, said AARP’s position was a welcome acknowledgment that Social Security would be unable to pay future benefits at the current rate and that it must be restructured.
“The longer we wait,” the aide said, “the more difficult it will be to protect current beneficiaries and those who rely on Social Security the most.”
The most recent projections from the Social Security Administration, issued last month, indicate that at the current rate, the program’s trust funds will be exhausted by 2036, and that $6.5 trillion in additional money will be needed over a 75-year period to pay all scheduled benefits.
Mr. Rother said AARP expected to hear criticism from some of its members over its position on possible cuts.
“We have such a broad membership, Mr. Rother said. “I’m sure there will be some who will not be happy, but others will be eager to see the program put on a stronger financial footing for the long term.”
While AARP has not issued specific recommendations or figures on how benefit reductions might be carried out, the group’s recent discussions with its members signal support for using increased revenue to fill two-thirds of the projected gap, and benefits reductions for one-third, Mr. Rother said.
As word of AARP’s position set off debate in Washington on Friday, the group’s chief executive, Barry Rand, issued a formal statement saying that the group’s position had not changed in any substantive way and refuting what he described as “misleading” media reports.
“Let me be clear — AARP is as committed as we’ve ever been to fighting to protect Social Security for today’s seniors and strengthening it for future generations,” Mr. Rand said.
While he did not directly address the question of possible cuts in benefits in his statement, Mr. Rand said his group would be working to evaluate any proposed changes in Social Security “to determine how each might — individually or in different combinations — impact the lives of current and future retirees.”",conservative
Supreme Court Hears Argument In Wal-Mart Sex Bias Lawsuit,"WASHINGTON — The Supreme Court appears ready to block a massive sex discrimination lawsuit against Wal-Mart on behalf of up to 1.6 million women, and that could make it harder for other workers nationwide to bring class-action claims against large employers.
The 10-year-old lawsuit, argued in lively exchanges at the court Tuesday, claims that Wal-Mart Stores Inc., the world's largest employer, favors men over women in pay and promotions. Billions of dollars are at stake if it is allowed to go forward.
The case also could affect the future of other class-action lawsuits that pool modest individual claims into a single action that creates the potential for a large judgment and increases the pressure on businesses to settle.
In Tuesday's arguments, several justices suggested they were troubled by the case and lower court decisions against Bentonville, Ark.-based Wal-Mart. Estimates of how many women could be included in the lawsuit run from 500,000 to 1.6 million.
Justice Anthony Kennedy, often a key vote on the high court, said the women's argument points in apparently conflicting directions.
""You said this is a culture where Arkansas knows, the headquarters knows, everything that's going on,"" Kennedy said to Joseph Sellers, the women's lawyer. ""Then in the next breath, you say, well, now these supervisors have too much discretion. It seems to me there's an inconsistency there, and I'm just not sure what the unlawful policy is.""
Sellers said that lower courts had been persuaded by statistical and other evidence put forth so far in the lawsuit. He said Wal-Mart's strong corporate culture stereotypes women as less aggressive than men and that translates into individual pay and promotion decisions at the more than 4,300 Wal-Mart and Sam's Club stores across the country.
""The decisions are informed by the values the company provides,"" Sellers said.
Justice Antonin Scalia said he felt ""whipsawed"" by Sellers' description. ""Well, which is it?"" Scalia asked. Either individual managers are on their own, ""or else a strong corporate culture tells them what to do.""
Justice Ruth Bader Ginsburg said that at this stage of the lawsuit, the issue is not proving discrimination but showing enough evidence to go forward. ""We're talking about getting a foot in the door,"" Ginsburg said, a standard she called not hard to meet.
Ginsburg, who made her name as a lawyer by bringing discrimination claims, said it was possible that Wal-Mart could refute the claims at a trial.
The court's other two female justices, Elena Kagan and Sonia Sotomayor, and Justice Stephen Breyer also appeared inclined to allow the lawsuit to proceed.
But several of their more conservative colleagues appeared to agree with Theodore Boutrous Jr., representing Wal-Mart, that even subjecting the company to a trial would be unfair.
That split among the justices raised the prospect of an ideologically divided ruling by the court this summer.
Boutrous said the class-action nature of the case deprives the company of its legal rights because it is being forced to defend the treatment of female employees regardless of the jobs they hold or where they work.
""There is absolutely no way there can be a fair process here,"" Boutrous said.
He pointed to a group of at least 544 women who serve as store managers who ""are alleged to be both discriminators and victims.""
Two of the named plaintiffs, Christine Kwapnoski and Betty Dukes, attended the argument. Kwapnoski is an assistant manager at a Sam's Club in Concord, Calif. Dukes is a greeter at the Wal-Mart in Pittsburg, Calif.
Their situations were discussed only briefly, with Boutrous noting how different they were as a way to argue they should not be dealt with in the same lawsuit.
Business interests have lined up with Wal-Mart while civil rights, women's and consumer groups have sided with the women plaintiffs.
Both sides have painted the case as extremely consequential. The business community has said that a ruling for the women would lead to a flood of class-action lawsuits based on vague evidence. Supporters of the women say that if the court sides with Wal-Mart, it could remove a valuable weapon for fighting all sorts of discrimination.
David Sanford, who represents plaintiffs in other class-action cases, said after the arguments that the court seemed inclined to rule against the Wal-Mart women. Sanford said such a decision could ""have implications for class actions more generally, making it more difficult for women and minority groups to enjoy equality and fair treatment in the workplace.""
The Obama administration is not taking part in the case, although it was lobbied by both sides.",conservative
Trump Plans Meeting on Arizona Birth Bill ,"Donald Trump is investing more in the conspiracy theories about President Obama’s birth certificate as he explores his own bid for the presidency.
In his latest embrace of the birther strategy, Mr. Trump has invited Tea Party leaders and a legislator from Arizona to his office in Manhattan on Friday morning to discuss a bill moving through the Arizona legislature that would require candidates for president to prove that they are natural born citizens.
The Arizona group said the call from Mr. Trump on Wednesday came unexpectedly, and the group had spent much of the day Thursday scurrying to make travel arrangements to New York.
“Of course I was surprised, who wouldn’t be?” said the legislator, Representative Carl Seel. “I’m honored to get the ability to meet with him and discuss it, and I want to thank him for being such a supporter of this issue.”
In an interview shown Thursday on the “Today” show, Mr. Trump told Meredith Vieira that he had “real doubts” about whether Mr. Obama was born in this country, and that he has sent his own investigators to Hawaii to research the issue. An NBC News/Wall Street Journal poll showed Mr. Trump as the most favored candidate among Republicans who consider themselves Tea Party supporters.
Mr. Obama has shown a certificate of live birth from Hawaii, which is the standard form of birth certificate in the state, and state officials – including the Republican who was governor during the 2008 campaign – have confirmed its authenticity. Several conservatives, including Glenn Beck and Bill O’Reilly, have criticized Mr. Trump for raising questions about it.
But polls show that many Republicans continue to believe that Mr. Obama was not born in this country, and therefore is not eligible to be president.
Kelly Townsend, a founder of the Greater Phoenix Tea Party, said Mr. Trump told them that he was interested in learning more about the legislation in Arizona.
The bill, which has been approved by committees of the House and Senate, allows great latitude to the secretary of state in denying a presidential candidate a spot on the ballot, saying that the secretary can do so if he or she believes that the documents do not prove citizenship.
“It’s not a birther bill,” Ms. Townsend said. “It’s not about Mr. Obama. It’s about preventing any questions from coming up in the future, putting something in place so no one could question it.”
But a release from Mr. Seel’s office about the planned meeting noted that Mr. Trump “has brought the issue of President Barack Obama failing to provide a birth certificate front and center recently.”
Ms. Townsend said she had her own agenda for the meeting at Trump Tower. “I want to invite him to Arizona to talk to people and to meet our leaders,” she said. “I think he’d have a good audience with Tea Partiers.”",conservative
AARP Pushes Back on Claim About Social Security Concessions as Lawmakers Push Reform,"The AARP pushed back Friday on a report claiming the nation's most powerful seniors lobby was dropping its opposition to benefits cuts -- but at the same time acknowledged ""benefit adjustments"" would be necessary to make the system solvent.
The flurry of reports and statements left unclear whether AARP was opening up to new concessions in the debate over Social Security, as several lawmakers place reform proposals on the table.
The Wall Street Journal first reported Friday that the AARP, which opposed President George W. Bush's push to partially privatize Social Security, has decided to accept cuts -- though it would reportedly push for tax hikes to close most of the long-term Social Security shortfall.
AARP CEO Barry Rand later issued a statement calling the article ""misleading"" and claiming ""AARP has not changed its position on Social Security.""
He said AARP remains opposed to cutting Social Security for the sake of deficit reduction and to any privatization plan. ""We are currently fighting proposals to cut Social Security to pay the nation's bills,"" he said.
However, AARP legislative policy director David Certner told Fox News that Social Security needs a ""package of revenue and benefit adjustments ... to make it solvent.""
While the AARP claims its position on strengthening Social Security remains unchanged, others outside the organization detected a shift.
Sen. Kay Bailey Hutchison, R-Texas, who on Thursday unveiled her own Social Security reform package, said Friday that the AARP has marked ""a huge shift in the debate on the solvency of Social Security.""
""AARP's new and welcome position is a positive step towards the type of reforms I've championed, and I look forward to working with the organization to shape the changes in a way that makes the least detrimental impact to present and future retirees,"" she said in a statement.
There is still plenty of space between the kind of plan Hutchison is calling for and what groups like the AARP would accept.
Hutchison's plan does not include tax hikes. Her office claims the bill would cut deficits by $416 billion over the next decade and keep Social Security solvent by instead raising the retirement age to 69 over 16 years and cutting yearly cost-of-living adjustments by 1 percent. Workers who are 58 and older would not be affected.
""Those two things would keep our Social Security system solvent for 75 years with really, I think, minor pain and a big gain,"" she told Fox News on Thursday.
But the AARP has told Fox News that Hutchison's proposal is not acceptable.
Asked about the possibility of Social Security entering budget talks at some point, White House Press Secretary Jay Carney reiterated past statements in saying President Obama does not see Social Security as a ""driver"" of the country's near-term deficits.
""The president supports measures to strengthen Social Security, but he does not support anything that would slash benefits for future generations,"" Carney said Friday.
The back-and-forth comes amid new warnings about the future of Social Security. Trustees of the Social Security and Medicare Trust Fund last week warned the Social Security Trust Fund will be exhausted in 2036 and under current law, seniors would then face a 23 percent across-the-board cut in benefits.
But the president's budget director told Fox News that even when the trust funds run out, both Social Security and Medicare would still have some income.
""We have a little bit of time,"" said Jack Lew, director of the Office of Management and Budget. ""We do have a challenge, but it's not that we fall off of a cliff.""
With AARP potentially backing off its opposition, other groups are poised to take up the fight. A coalition of groups called Strengthen Social Security has railed against cuts to cost-of-living adjustments, recently releasing a report claiming ""even the modest COLA on which Social Security benefits are adjusted isn't safe.""",conservative
Supreme Court Questions Claims in Sex Bias Suit Against Wal-Mart,"A pending class action lawsuit against Wal-Mart that would be the largest of its kind in U.S. history may soon be dismissed, considering the tenor of oral arguments before the Supreme Court Tuesday.
Although she may ultimately side with the plaintiffs, even Justice Ruth Bader Ginsburg, an ardent defender of women's rights, expressed some concerns about the particulars of the sex discrimination lawsuit that covers 1.5 million women and could cost the world's largest retailer billions of dollars.
The key vote for a Wal-Mart victory could belong to Justice Anthony Kennedy, who said he was troubled by what he called an inconsistency in the women's lawsuit.
""Number one, you said this is a culture where Arkansas knows, the headquarters knows, everything that's going on,"" Kennedy told lawyer Joseph Sellers who represents the women. ""Then in the next breath, you say, well, now these (local) supervisors have too much discretion.""
The lawsuit alleges that the company's corporate culture, described in court Tuesday as the ""Wal-Mart Way,"" fosters the advancement of male workers over their female counterparts. It also claims that despite a company policy expressly prohibiting discrimination, local store managers are given too much flexibility in determining salary hikes and job promotions that invariably favor men over women.
This dual argument that confounded Justice Kennedy also drew the ire of Justice Antonin Scalia who said he was whipsawed by the claims. ""If somebody tells you how to exercise discretion, you don't have discretion,"" he said.
Chief Justice John Roberts also offered his doubts about the merits of lawsuit, suggesting that any discriminatory acts at Wal-Mart are no worse than anywhere else.
""Is it true that Wal-Mart's pay disparity across the company was less than the national average?"" he asked.
Sellers said that wasn't a fair comparison because Wal-Mart has an obligation under federal law to make sure its managers do not discriminate.
The case started a decade ago when Wal-Mart worker Betty Dukes said the management at her Pittsburg, Calif., store was bypassing her for promotions. ""I could see the men going forth and the women in the store stayed in the basic positions they were always in,"" Dukes once told an interviewer.
Her discrimination claims were folded into a class action lawsuit covering all current female Wal-Mart employees and any who worked for the company going back to late 1998. Two lower courts said the case could move toward trial. Wal-Mart's appeal is asking the Supreme Court to stop the case from ever getting to a trial judge.
On Tuesday, Dukes walked out of the courthouse full of confidence and poise saying she feels no anger toward her bosses or anyone else. ""Wal-Mart may be a big company and that is no doubt.
But they are not big enough where they can't be challenged in a court of law. If you do wrong, then you should be held accountable. From the least of us to the greatest of us.""
Dukes's case has drawn the attention of the larger business community who fear that if the justices allow the case to proceed, it will open the doors to more class action lawsuits. The U.S. Chamber of Commerce and major corporations including Bank of America, General Electric and Microsoft submitted briefs in the case supporting Wal-Mart.
Much of the hour-long argument delved into the tedious details of class action law and if the Wal-Mart women could properly certify their claims into a single case. Wal-Mart lawyer Theodore Boutrous argued that every member of the class couldn't possibly meet a standard of commonality to justify the lawsuit.
""Our expert's report and testimony showed that at 90 percent of the stores, there was no pay disparity,"" Boutrous told the court. ""And that's the kind of -- and even putting that aside, the plaintiffs needed to come forward with something that showed that there was this miraculous recurrence at every decision across every store of stereotyping, and the evidence simply doesn't show that.""
Another technical concern that appears to work against the women covers the different types of remedies they are seeking. In addition to the punitive damages they want an injunction that would force Wal-Mart to adopt more stringent anti-discrimination policies. But those two remedies require different standards for class certification and Justice Ruth Bader Ginsburg said it was ""a very serious problem"" in the case to try and sue for punitive damages after only obtaining certification under the lower threshold required for the injunction.
It's possible that instead of an outright victory for Wal-Mart, the justices could issue a split decision of sorts and allow only the injunction part of the lawsuit to move forward. That potential ruling would get Wal-Mart off the hook for any financial damages.",conservative
Ted Cruz Accuses Donald Trump Of Planting 'Garbage' Affair Story,"Sen. Ted Cruz (R-Texas) on Friday lashed out at Donald Trump, accusing the billionaire of enlisting ""his friends at the National Enquirer and his political henchmen to do his bidding.""
The tabloid published a story earlier this week claiming that Cruz had extramarital affairs with five women. Cruz vehemently denied the rumors, which rippled through the Washington media establishment on Friday.
""I want to be crystal clear: these attacks are garbage,"" Cruz said Friday in a statement posted on Facebook.
Earlier in the day, the allegations spilled over into an almost surreal exchange on CNN between Cruz's former communications director Amanda Carpenter and Boston Herald columnist Adriana Cohen, in which Cohen accused Carpenter of having an affair with Cruz. ""You’ve been named as well, Amanda,"" Cohen said, referring to the National Enquirer piece.
Trump responded to Cruz's allegations in a statement on Friday afternoon:
“I have no idea whether or not the cover story about Ted Cruz in this week's issue of the National Enquirer is true or not, but I had absolutely nothing to do with it, did not know about it, and have not, as yet, read it. I have nothing to do with the National Enquirer and unlike Lyin' Ted Cruz I do not surround myself with political hacks and henchman (sic) and then pretend total innocence.
Ted Cruz's problem with the National Enquirer is his and his alone, and while they were right about O.J. Simpson, John Edwards, and many others, I certainly hope they are not right about Lyin' Ted Cruz.”
While the Enquirer has an infamous reputation for tabloid journalism, it has also broken a number of major sex scandals over the years, including the extramarital affairs of former Sen. John Edwards (D-N.C.) and golfer Tiger Woods.
Reached for comment, a spokesman for American Media Inc., the Enquirer's parent company, also denied that the story had been influenced by Trump backers.
""No one influences the reporting that The National Enquirer does other than our own reporters and editors. We stand by the integrity of our coverage and remain committed to our aggressive reporting on such an important topic,"" a spokesman said.",conservative
"Cruz blames Trump for affair story, hints he wouldn't support him in general election","Sen. Ted Cruz has laid down the gauntlet in the growing war of words with Donald Trump over the Republican presidential candidates’ wives.
The Texas lawmaker blamed his rival for the National Enquirer story published Friday that alleged Cruz has had extramarital affairs, and after hits from Trump’s campaign about the mental health of his wife, the firebrand senator appears to be backing away from his pledge to support Trump if the billionaire real estate mogul wins the GOP nomination.
“I don’t make a habit out of supporting people who attack my wife and attack my family,” Cruz said at a press conference after a Wisconsin rally, according to The Hill.
He added, “Donald Trump is not going to be the Republican nominee.”
Earlier in the campaign, GOP candidates signed a promise not to run as an independent if they were not nominated. The move was meant to convince voters that Trump would remain faithful to the Republican Party even if he lost.
“It is garbage, complete and utter lies,” Cruz said about the National Enquirer article alleging that he has had multiple affairs. “It is a tabloid smear, and it has come from Donald Trump and his henchmen.”
Trump spokeswoman Katrina Pierson responded to claims that she is one of the mystery women referred to in the article, stating on Twitter that the allegation is “stupidity on all levels.”
“Of course the National Enquirer story is 100 percent false!,” Pierson tweeted.
Of course the National Enquirer story is 100% FALSE!!! I only speak to myself, however.
Earlier this year, the tabloid endorsed Trump for president with an issue that included an article giving ten reasons why the reality TV star is the “only choice for the White House.”
The intensely personal feud between Cruz and Trump began earlier this week when a super PAC that opposes Trump posted a meme-style ad featuring a naked Melania Trump that Trump’s then-girlfriend, a professional model, posed for more that 15 years ago for British GQ.
Make America Awesome PAC paid for the ads and posted them on Facebook and Instagram.
The photo features Mrs. Trump sprawled out naked on a fur rug inside a Boeing 727. The social media posts read, “Meet Melania Trump. Your next First Lady. Or you could support Ted Cruz on Tuesday.”
An angry Trump lashed out at Cruz on Twitter, calling the senator a liar, as he has alleged before in the campaign, and threatening to “spill the beans” about Cruz's wife Heidi.
“Lyin' Ted Cruz just used a picture of Melania from a GQ shoot in his ad,” Trump said on the social media site. “Be careful, Lyin' Ted, or I will spill the beans on your wife!”
Cruz quickly retorted by saying that the ads did not come not from his campaign, and called Trump a “coward” threatening to go after his wife.
“Pic of your wife not from us,” Cruz said. “Donald, if you try to attack Heidi, you're more of a coward than I thought. #classless.”
The lurch into the sort of personal territory that's normally off limits in campaigns occurred as an anti-Trump super PAC began running an ad in primary states featuring women reciting comments made by the billionaire that are derogatory toward women. That ad was produced by Our Principles, a group founded by a former Mitt Romney campaign adviser who is trying to help the GOP appeal to women.
Trump has a substantial lead in the delegate chase for the GOP nomination. Cruz has a stiff challenge trying to catch him in remaining races and may only have a shot at the nomination if the contest spills into the summer convention.",conservative
Arguments Get Personal Between Donald Trump and Ted Cruz,"From his home at Mar-a-Lago, Donald J. Trump stirred up new controversy this week in the Republican presidential primary — and new alarm among party leaders that the front-runner for the nomination will drive away women from candidates running farther down the ballot in the fall.
All week, Mr. Trump has slowly escalated a war of words on Twitter against Senator Ted Cruz of Texas, his main competition in the Republican race, based on an ad by a “super PAC” started by people who want to stop the New York developer from getting the nomination. The spot featured an old nude photo shoot of Mr. Trump’s wife Melania Trump, a former model, posing on his jet.
Mr. Cruz has no affiliation with the super PAC, and he has denounced the ad. But Mr. Trump has continued to express disbelief. After threatening to “spill the beans” on Mr. Cruz’s wife, Heidi Cruz, who suffered a bout of depression years ago, he retweeted a post from someone who made a side-by-side photo comparison of Mrs. Cruz at an unflattering angle, and Mrs. Trump.
On Wednesday, Mr. Cruz repeatedly quoted from the movie “The American President” to defend his wife, as she held an event and faced questions about Mr. Trump’s threats. But that was before Mr. Trump’s Twitter post with the pictures of the two women. And Mr. Cruz had finally had enough.
Calling Mr. Trump a “sniveling coward,” Mr. Cruz told his rival to “leave Heidi the hell alone.”
It’s useful to remember the news media outrage in 2012 when Todd Akin, running as the Republican nominee for Senate in Missouri, defended what he called “legitimate rape,” a remark that was overwhelmingly offensive to women. Under pressure from news outlets, the Republican Party tried to cauterize the wound that Mr. Akin had created by isolating him.
Spouses are generally seen as off limits. And the responses to Mr. Trump’s comments among news media critics, over time, have been far more subdued.",conservative
